lot,phase,wafer_id,product,tool,chamber,process_step,pattern,root_cause,action,die_x,die_y,die_dx,die_dy,status,fail_reason
LOT-A,改善前,W01,28nm MCU,ETCH-07,A,Plasma Etch,edge_ring,边缘环形失效，怀疑静电卡盘温控漂移与边缘等离子体不均匀,校准 ESC 温区并复核边缘 gas flow,12,2,-4.0,-14.0,PASS,pass
LOT-A,改善前,W01,28nm MCU,ETCH-07,A,Plasma Etch,edge_ring,边缘环形失效，怀疑静电卡盘温控漂移与边缘等离子体不均匀,校准 ESC 温区并复核边缘 gas flow,13,2,-3.0,-14.0,PASS,pass
LOT-A,改善前,W01,28nm MCU,ETCH-07,A,Plasma Etch,edge_ring,边缘环形失效，怀疑静电卡盘温控漂移与边缘等离子体不均匀,校准 ESC 温区并复核边缘 gas flow,14,2,-2.0,-14.0,FAIL,edge_ring
LOT-A,改善前,W01,28nm MCU,ETCH-07,A,Plasma Etch,edge_ring,边缘环形失效，怀疑静电卡盘温控漂移与边缘等离子体不均匀,校准 ESC 温区并复核边缘 gas flow,15,2,-1.0,-14.0,FAIL,edge_ring
LOT-A,改善前,W01,28nm MCU,ETCH-07,A,Plasma Etch,edge_ring,边缘环形失效，怀疑静电卡盘温控漂移与边缘等离子体不均匀,校准 ESC 温区并复核边缘 gas flow,16,2,0.0,-14.0,FAIL,edge_ring
LOT-A,改善前,W01,28nm MCU,ETCH-07,A,Plasma Etch,edge_ring,边缘环形失效，怀疑静电卡盘温控漂移与边缘等离子体不均匀,校准 ESC 温区并复核边缘 gas flow,17,2,1.0,-14.0,FAIL,edge_ring
LOT-A,改善前,W01,28nm MCU,ETCH-07,A,Plasma Etch,edge_ring,边缘环形失效，怀疑静电卡盘温控漂移与边缘等离子体不均匀,校准 ESC 温区并复核边缘 gas flow,18,2,2.0,-14.0,PASS,pass
LOT-A,改善前,W01,28nm MCU,ETCH-07,A,Plasma Etch,edge_ring,边缘环形失效，怀疑静电卡盘温控漂移与边缘等离子体不均匀,校准 ESC 温区并复核边缘 gas flow,19,2,3.0,-14.0,FAIL,edge_ring
LOT-A,改善前,W01,28nm MCU,ETCH-07,A,Plasma Etch,edge_ring,边缘环形失效，怀疑静电卡盘温控漂移与边缘等离子体不均匀,校准 ESC 温区并复核边缘 gas flow,20,2,4.0,-14.0,FAIL,edge_ring
LOT-A,改善前,W01,28nm MCU,ETCH-07,A,Plasma Etch,edge_ring,边缘环形失效，怀疑静电卡盘温控漂移与边缘等离子体不均匀,校准 ESC 温区并复核边缘 gas flow,9,3,-7.0,-13.0,PASS,pass
LOT-A,改善前,W01,28nm MCU,ETCH-07,A,Plasma Etch,edge_ring,边缘环形失效，怀疑静电卡盘温控漂移与边缘等离子体不均匀,校准 ESC 温区并复核边缘 gas flow,10,3,-6.0,-13.0,FAIL,edge_ring
LOT-A,改善前,W01,28nm MCU,ETCH-07,A,Plasma Etch,edge_ring,边缘环形失效，怀疑静电卡盘温控漂移与边缘等离子体不均匀,校准 ESC 温区并复核边缘 gas flow,11,3,-5.0,-13.0,FAIL,edge_ring
LOT-A,改善前,W01,28nm MCU,ETCH-07,A,Plasma Etch,edge_ring,边缘环形失效，怀疑静电卡盘温控漂移与边缘等离子体不均匀,校准 ESC 温区并复核边缘 gas flow,12,3,-4.0,-13.0,FAIL,edge_ring
LOT-A,改善前,W01,28nm MCU,ETCH-07,A,Plasma Etch,edge_ring,边缘环形失效，怀疑静电卡盘温控漂移与边缘等离子体不均匀,校准 ESC 温区并复核边缘 gas flow,13,3,-3.0,-13.0,PASS,pass
LOT-A,改善前,W01,28nm MCU,ETCH-07,A,Plasma Etch,edge_ring,边缘环形失效，怀疑静电卡盘温控漂移与边缘等离子体不均匀,校准 ESC 温区并复核边缘 gas flow,14,3,-2.0,-13.0,PASS,pass
LOT-A,改善前,W01,28nm MCU,ETCH-07,A,Plasma Etch,edge_ring,边缘环形失效，怀疑静电卡盘温控漂移与边缘等离子体不均匀,校准 ESC 温区并复核边缘 gas flow,15,3,-1.0,-13.0,FAIL,edge_ring
LOT-A,改善前,W01,28nm MCU,ETCH-07,A,Plasma Etch,edge_ring,边缘环形失效，怀疑静电卡盘温控漂移与边缘等离子体不均匀,校准 ESC 温区并复核边缘 gas flow,16,3,0.0,-13.0,FAIL,edge_ring
LOT-A,改善前,W01,28nm MCU,ETCH-07,A,Plasma Etch,edge_ring,边缘环形失效，怀疑静电卡盘温控漂移与边缘等离子体不均匀,校准 ESC 温区并复核边缘 gas flow,17,3,1.0,-13.0,PASS,pass
LOT-A,改善前,W01,28nm MCU,ETCH-07,A,Plasma Etch,edge_ring,边缘环形失效，怀疑静电卡盘温控漂移与边缘等离子体不均匀,校准 ESC 温区并复核边缘 gas flow,18,3,2.0,-13.0,FAIL,edge_ring
LOT-A,改善前,W01,28nm MCU,ETCH-07,A,Plasma Etch,edge_ring,边缘环形失效，怀疑静电卡盘温控漂移与边缘等离子体不均匀,校准 ESC 温区并复核边缘 gas flow,19,3,3.0,-13.0,FAIL,edge_ring
LOT-A,改善前,W01,28nm MCU,ETCH-07,A,Plasma Etch,edge_ring,边缘环形失效，怀疑静电卡盘温控漂移与边缘等离子体不均匀,校准 ESC 温区并复核边缘 gas flow,20,3,4.0,-13.0,FAIL,edge_ring
LOT-A,改善前,W01,28nm MCU,ETCH-07,A,Plasma Etch,edge_ring,边缘环形失效，怀疑静电卡盘温控漂移与边缘等离子体不均匀,校准 ESC 温区并复核边缘 gas flow,21,3,5.0,-13.0,PASS,pass
LOT-A,改善前,W01,28nm MCU,ETCH-07,A,Plasma Etch,edge_ring,边缘环形失效，怀疑静电卡盘温控漂移与边缘等离子体不均匀,校准 ESC 温区并复核边缘 gas flow,22,3,6.0,-13.0,FAIL,edge_ring
LOT-A,改善前,W01,28nm MCU,ETCH-07,A,Plasma Etch,edge_ring,边缘环形失效，怀疑静电卡盘温控漂移与边缘等离子体不均匀,校准 ESC 温区并复核边缘 gas flow,23,3,7.0,-13.0,FAIL,edge_ring
LOT-A,改善前,W01,28nm MCU,ETCH-07,A,Plasma Etch,edge_ring,边缘环形失效，怀疑静电卡盘温控漂移与边缘等离子体不均匀,校准 ESC 温区并复核边缘 gas flow,8,4,-8.0,-12.0,FAIL,edge_ring
LOT-A,改善前,W01,28nm MCU,ETCH-07,A,Plasma Etch,edge_ring,边缘环形失效，怀疑静电卡盘温控漂移与边缘等离子体不均匀,校准 ESC 温区并复核边缘 gas flow,9,4,-7.0,-12.0,FAIL,edge_ring
LOT-A,改善前,W01,28nm MCU,ETCH-07,A,Plasma Etch,edge_ring,边缘环形失效，怀疑静电卡盘温控漂移与边缘等离子体不均匀,校准 ESC 温区并复核边缘 gas flow,10,4,-6.0,-12.0,PASS,pass
LOT-A,改善前,W01,28nm MCU,ETCH-07,A,Plasma Etch,edge_ring,边缘环形失效，怀疑静电卡盘温控漂移与边缘等离子体不均匀,校准 ESC 温区并复核边缘 gas flow,11,4,-5.0,-12.0,FAIL,edge_ring
LOT-A,改善前,W01,28nm MCU,ETCH-07,A,Plasma Etch,edge_ring,边缘环形失效，怀疑静电卡盘温控漂移与边缘等离子体不均匀,校准 ESC 温区并复核边缘 gas flow,12,4,-4.0,-12.0,FAIL,edge_ring
LOT-A,改善前,W01,28nm MCU,ETCH-07,A,Plasma Etch,edge_ring,边缘环形失效，怀疑静电卡盘温控漂移与边缘等离子体不均匀,校准 ESC 温区并复核边缘 gas flow,13,4,-3.0,-12.0,FAIL,edge_ring
LOT-A,改善前,W01,28nm MCU,ETCH-07,A,Plasma Etch,edge_ring,边缘环形失效，怀疑静电卡盘温控漂移与边缘等离子体不均匀,校准 ESC 温区并复核边缘 gas flow,14,4,-2.0,-12.0,PASS,pass
LOT-A,改善前,W01,28nm MCU,ETCH-07,A,Plasma Etch,edge_ring,边缘环形失效，怀疑静电卡盘温控漂移与边缘等离子体不均匀,校准 ESC 温区并复核边缘 gas flow,15,4,-1.0,-12.0,PASS,pass
LOT-A,改善前,W01,28nm MCU,ETCH-07,A,Plasma Etch,edge_ring,边缘环形失效，怀疑静电卡盘温控漂移与边缘等离子体不均匀,校准 ESC 温区并复核边缘 gas flow,16,4,0.0,-12.0,FAIL,edge_ring
LOT-A,改善前,W01,28nm MCU,ETCH-07,A,Plasma Etch,edge_ring,边缘环形失效，怀疑静电卡盘温控漂移与边缘等离子体不均匀,校准 ESC 温区并复核边缘 gas flow,17,4,1.0,-12.0,PASS,pass
LOT-A,改善前,W01,28nm MCU,ETCH-07,A,Plasma Etch,edge_ring,边缘环形失效，怀疑静电卡盘温控漂移与边缘等离子体不均匀,校准 ESC 温区并复核边缘 gas flow,18,4,2.0,-12.0,FAIL,edge_ring
LOT-A,改善前,W01,28nm MCU,ETCH-07,A,Plasma Etch,edge_ring,边缘环形失效，怀疑静电卡盘温控漂移与边缘等离子体不均匀,校准 ESC 温区并复核边缘 gas flow,19,4,3.0,-12.0,FAIL,edge_ring
LOT-A,改善前,W01,28nm MCU,ETCH-07,A,Plasma Etch,edge_ring,边缘环形失效，怀疑静电卡盘温控漂移与边缘等离子体不均匀,校准 ESC 温区并复核边缘 gas flow,20,4,4.0,-12.0,FAIL,edge_ring
LOT-A,改善前,W01,28nm MCU,ETCH-07,A,Plasma Etch,edge_ring,边缘环形失效，怀疑静电卡盘温控漂移与边缘等离子体不均匀,校准 ESC 温区并复核边缘 gas flow,21,4,5.0,-12.0,FAIL,edge_ring
LOT-A,改善前,W01,28nm MCU,ETCH-07,A,Plasma Etch,edge_ring,边缘环形失效，怀疑静电卡盘温控漂移与边缘等离子体不均匀,校准 ESC 温区并复核边缘 gas flow,22,4,6.0,-12.0,PASS,pass
LOT-A,改善前,W01,28nm MCU,ETCH-07,A,Plasma Etch,edge_ring,边缘环形失效，怀疑静电卡盘温控漂移与边缘等离子体不均匀,校准 ESC 温区并复核边缘 gas flow,23,4,7.0,-12.0,FAIL,edge_ring
LOT-A,改善前,W01,28nm MCU,ETCH-07,A,Plasma Etch,edge_ring,边缘环形失效，怀疑静电卡盘温控漂移与边缘等离子体不均匀,校准 ESC 温区并复核边缘 gas flow,24,4,8.0,-12.0,FAIL,edge_ring
LOT-A,改善前,W01,28nm MCU,ETCH-07,A,Plasma Etch,edge_ring,边缘环形失效，怀疑静电卡盘温控漂移与边缘等离子体不均匀,校准 ESC 温区并复核边缘 gas flow,7,5,-9.0,-11.0,FAIL,edge_ring
LOT-A,改善前,W01,28nm MCU,ETCH-07,A,Plasma Etch,edge_ring,边缘环形失效，怀疑静电卡盘温控漂移与边缘等离子体不均匀,校准 ESC 温区并复核边缘 gas flow,8,5,-8.0,-11.0,FAIL,edge_ring
LOT-A,改善前,W01,28nm MCU,ETCH-07,A,Plasma Etch,edge_ring,边缘环形失效，怀疑静电卡盘温控漂移与边缘等离子体不均匀,校准 ESC 温区并复核边缘 gas flow,9,5,-7.0,-11.0,FAIL,edge_ring
LOT-A,改善前,W01,28nm MCU,ETCH-07,A,Plasma Etch,edge_ring,边缘环形失效，怀疑静电卡盘温控漂移与边缘等离子体不均匀,校准 ESC 温区并复核边缘 gas flow,10,5,-6.0,-11.0,PASS,pass
LOT-A,改善前,W01,28nm MCU,ETCH-07,A,Plasma Etch,edge_ring,边缘环形失效，怀疑静电卡盘温控漂移与边缘等离子体不均匀,校准 ESC 温区并复核边缘 gas flow,11,5,-5.0,-11.0,FAIL,edge_ring
LOT-A,改善前,W01,28nm MCU,ETCH-07,A,Plasma Etch,edge_ring,边缘环形失效，怀疑静电卡盘温控漂移与边缘等离子体不均匀,校准 ESC 温区并复核边缘 gas flow,12,5,-4.0,-11.0,PASS,pass
LOT-A,改善前,W01,28nm MCU,ETCH-07,A,Plasma Etch,edge_ring,边缘环形失效，怀疑静电卡盘温控漂移与边缘等离子体不均匀,校准 ESC 温区并复核边缘 gas flow,13,5,-3.0,-11.0,PASS,pass
LOT-A,改善前,W01,28nm MCU,ETCH-07,A,Plasma Etch,edge_ring,边缘环形失效，怀疑静电卡盘温控漂移与边缘等离子体不均匀,校准 ESC 温区并复核边缘 gas flow,14,5,-2.0,-11.0,PASS,pass
LOT-A,改善前,W01,28nm MCU,ETCH-07,A,Plasma Etch,edge_ring,边缘环形失效，怀疑静电卡盘温控漂移与边缘等离子体不均匀,校准 ESC 温区并复核边缘 gas flow,15,5,-1.0,-11.0,PASS,pass
LOT-A,改善前,W01,28nm MCU,ETCH-07,A,Plasma Etch,edge_ring,边缘环形失效，怀疑静电卡盘温控漂移与边缘等离子体不均匀,校准 ESC 温区并复核边缘 gas flow,16,5,0.0,-11.0,FAIL,edge_ring
LOT-A,改善前,W01,28nm MCU,ETCH-07,A,Plasma Etch,edge_ring,边缘环形失效，怀疑静电卡盘温控漂移与边缘等离子体不均匀,校准 ESC 温区并复核边缘 gas flow,17,5,1.0,-11.0,PASS,pass
LOT-A,改善前,W01,28nm MCU,ETCH-07,A,Plasma Etch,edge_ring,边缘环形失效，怀疑静电卡盘温控漂移与边缘等离子体不均匀,校准 ESC 温区并复核边缘 gas flow,18,5,2.0,-11.0,FAIL,random
LOT-A,改善前,W01,28nm MCU,ETCH-07,A,Plasma Etch,edge_ring,边缘环形失效，怀疑静电卡盘温控漂移与边缘等离子体不均匀,校准 ESC 温区并复核边缘 gas flow,19,5,3.0,-11.0,PASS,pass
LOT-A,改善前,W01,28nm MCU,ETCH-07,A,Plasma Etch,edge_ring,边缘环形失效，怀疑静电卡盘温控漂移与边缘等离子体不均匀,校准 ESC 温区并复核边缘 gas flow,20,5,4.0,-11.0,PASS,pass
LOT-A,改善前,W01,28nm MCU,ETCH-07,A,Plasma Etch,edge_ring,边缘环形失效，怀疑静电卡盘温控漂移与边缘等离子体不均匀,校准 ESC 温区并复核边缘 gas flow,21,5,5.0,-11.0,PASS,pass
LOT-A,改善前,W01,28nm MCU,ETCH-07,A,Plasma Etch,edge_ring,边缘环形失效，怀疑静电卡盘温控漂移与边缘等离子体不均匀,校准 ESC 温区并复核边缘 gas flow,22,5,6.0,-11.0,FAIL,edge_ring
LOT-A,改善前,W01,28nm MCU,ETCH-07,A,Plasma Etch,edge_ring,边缘环形失效，怀疑静电卡盘温控漂移与边缘等离子体不均匀,校准 ESC 温区并复核边缘 gas flow,23,5,7.0,-11.0,PASS,pass
LOT-A,改善前,W01,28nm MCU,ETCH-07,A,Plasma Etch,edge_ring,边缘环形失效，怀疑静电卡盘温控漂移与边缘等离子体不均匀,校准 ESC 温区并复核边缘 gas flow,24,5,8.0,-11.0,FAIL,edge_ring
LOT-A,改善前,W01,28nm MCU,ETCH-07,A,Plasma Etch,edge_ring,边缘环形失效，怀疑静电卡盘温控漂移与边缘等离子体不均匀,校准 ESC 温区并复核边缘 gas flow,25,5,9.0,-11.0,FAIL,edge_ring
LOT-A,改善前,W01,28nm MCU,ETCH-07,A,Plasma Etch,edge_ring,边缘环形失效，怀疑静电卡盘温控漂移与边缘等离子体不均匀,校准 ESC 温区并复核边缘 gas flow,6,6,-10.0,-10.0,FAIL,edge_ring
LOT-A,改善前,W01,28nm MCU,ETCH-07,A,Plasma Etch,edge_ring,边缘环形失效，怀疑静电卡盘温控漂移与边缘等离子体不均匀,校准 ESC 温区并复核边缘 gas flow,7,6,-9.0,-10.0,FAIL,edge_ring
LOT-A,改善前,W01,28nm MCU,ETCH-07,A,Plasma Etch,edge_ring,边缘环形失效，怀疑静电卡盘温控漂移与边缘等离子体不均匀,校准 ESC 温区并复核边缘 gas flow,8,6,-8.0,-10.0,PASS,pass
LOT-A,改善前,W01,28nm MCU,ETCH-07,A,Plasma Etch,edge_ring,边缘环形失效，怀疑静电卡盘温控漂移与边缘等离子体不均匀,校准 ESC 温区并复核边缘 gas flow,9,6,-7.0,-10.0,FAIL,edge_ring
LOT-A,改善前,W01,28nm MCU,ETCH-07,A,Plasma Etch,edge_ring,边缘环形失效，怀疑静电卡盘温控漂移与边缘等离子体不均匀,校准 ESC 温区并复核边缘 gas flow,10,6,-6.0,-10.0,PASS,pass
LOT-A,改善前,W01,28nm MCU,ETCH-07,A,Plasma Etch,edge_ring,边缘环形失效，怀疑静电卡盘温控漂移与边缘等离子体不均匀,校准 ESC 温区并复核边缘 gas flow,11,6,-5.0,-10.0,FAIL,edge_ring
LOT-A,改善前,W01,28nm MCU,ETCH-07,A,Plasma Etch,edge_ring,边缘环形失效，怀疑静电卡盘温控漂移与边缘等离子体不均匀,校准 ESC 温区并复核边缘 gas flow,12,6,-4.0,-10.0,PASS,pass
LOT-A,改善前,W01,28nm MCU,ETCH-07,A,Plasma Etch,edge_ring,边缘环形失效，怀疑静电卡盘温控漂移与边缘等离子体不均匀,校准 ESC 温区并复核边缘 gas flow,13,6,-3.0,-10.0,PASS,pass
LOT-A,改善前,W01,28nm MCU,ETCH-07,A,Plasma Etch,edge_ring,边缘环形失效，怀疑静电卡盘温控漂移与边缘等离子体不均匀,校准 ESC 温区并复核边缘 gas flow,14,6,-2.0,-10.0,PASS,pass
LOT-A,改善前,W01,28nm MCU,ETCH-07,A,Plasma Etch,edge_ring,边缘环形失效，怀疑静电卡盘温控漂移与边缘等离子体不均匀,校准 ESC 温区并复核边缘 gas flow,15,6,-1.0,-10.0,PASS,pass
LOT-A,改善前,W01,28nm MCU,ETCH-07,A,Plasma Etch,edge_ring,边缘环形失效，怀疑静电卡盘温控漂移与边缘等离子体不均匀,校准 ESC 温区并复核边缘 gas flow,16,6,0.0,-10.0,PASS,pass
LOT-A,改善前,W01,28nm MCU,ETCH-07,A,Plasma Etch,edge_ring,边缘环形失效，怀疑静电卡盘温控漂移与边缘等离子体不均匀,校准 ESC 温区并复核边缘 gas flow,17,6,1.0,-10.0,PASS,pass
LOT-A,改善前,W01,28nm MCU,ETCH-07,A,Plasma Etch,edge_ring,边缘环形失效，怀疑静电卡盘温控漂移与边缘等离子体不均匀,校准 ESC 温区并复核边缘 gas flow,18,6,2.0,-10.0,PASS,pass
LOT-A,改善前,W01,28nm MCU,ETCH-07,A,Plasma Etch,edge_ring,边缘环形失效，怀疑静电卡盘温控漂移与边缘等离子体不均匀,校准 ESC 温区并复核边缘 gas flow,19,6,3.0,-10.0,PASS,pass
LOT-A,改善前,W01,28nm MCU,ETCH-07,A,Plasma Etch,edge_ring,边缘环形失效，怀疑静电卡盘温控漂移与边缘等离子体不均匀,校准 ESC 温区并复核边缘 gas flow,20,6,4.0,-10.0,PASS,pass
LOT-A,改善前,W01,28nm MCU,ETCH-07,A,Plasma Etch,edge_ring,边缘环形失效，怀疑静电卡盘温控漂移与边缘等离子体不均匀,校准 ESC 温区并复核边缘 gas flow,21,6,5.0,-10.0,PASS,pass
LOT-A,改善前,W01,28nm MCU,ETCH-07,A,Plasma Etch,edge_ring,边缘环形失效，怀疑静电卡盘温控漂移与边缘等离子体不均匀,校准 ESC 温区并复核边缘 gas flow,22,6,6.0,-10.0,PASS,pass
LOT-A,改善前,W01,28nm MCU,ETCH-07,A,Plasma Etch,edge_ring,边缘环形失效，怀疑静电卡盘温控漂移与边缘等离子体不均匀,校准 ESC 温区并复核边缘 gas flow,23,6,7.0,-10.0,FAIL,edge_ring
LOT-A,改善前,W01,28nm MCU,ETCH-07,A,Plasma Etch,edge_ring,边缘环形失效，怀疑静电卡盘温控漂移与边缘等离子体不均匀,校准 ESC 温区并复核边缘 gas flow,24,6,8.0,-10.0,FAIL,edge_ring
LOT-A,改善前,W01,28nm MCU,ETCH-07,A,Plasma Etch,edge_ring,边缘环形失效，怀疑静电卡盘温控漂移与边缘等离子体不均匀,校准 ESC 温区并复核边缘 gas flow,25,6,9.0,-10.0,PASS,pass
LOT-A,改善前,W01,28nm MCU,ETCH-07,A,Plasma Etch,edge_ring,边缘环形失效，怀疑静电卡盘温控漂移与边缘等离子体不均匀,校准 ESC 温区并复核边缘 gas flow,26,6,10.0,-10.0,FAIL,edge_ring
LOT-A,改善前,W01,28nm MCU,ETCH-07,A,Plasma Etch,edge_ring,边缘环形失效，怀疑静电卡盘温控漂移与边缘等离子体不均匀,校准 ESC 温区并复核边缘 gas flow,5,7,-11.0,-9.0,FAIL,edge_ring
LOT-A,改善前,W01,28nm MCU,ETCH-07,A,Plasma Etch,edge_ring,边缘环形失效，怀疑静电卡盘温控漂移与边缘等离子体不均匀,校准 ESC 温区并复核边缘 gas flow,6,7,-10.0,-9.0,FAIL,edge_ring
LOT-A,改善前,W01,28nm MCU,ETCH-07,A,Plasma Etch,edge_ring,边缘环形失效，怀疑静电卡盘温控漂移与边缘等离子体不均匀,校准 ESC 温区并复核边缘 gas flow,7,7,-9.0,-9.0,FAIL,edge_ring
LOT-A,改善前,W01,28nm MCU,ETCH-07,A,Plasma Etch,edge_ring,边缘环形失效，怀疑静电卡盘温控漂移与边缘等离子体不均匀,校准 ESC 温区并复核边缘 gas flow,8,7,-8.0,-9.0,PASS,pass
LOT-A,改善前,W01,28nm MCU,ETCH-07,A,Plasma Etch,edge_ring,边缘环形失效，怀疑静电卡盘温控漂移与边缘等离子体不均匀,校准 ESC 温区并复核边缘 gas flow,9,7,-7.0,-9.0,PASS,pass
LOT-A,改善前,W01,28nm MCU,ETCH-07,A,Plasma Etch,edge_ring,边缘环形失效，怀疑静电卡盘温控漂移与边缘等离子体不均匀,校准 ESC 温区并复核边缘 gas flow,10,7,-6.0,-9.0,PASS,pass
LOT-A,改善前,W01,28nm MCU,ETCH-07,A,Plasma Etch,edge_ring,边缘环形失效，怀疑静电卡盘温控漂移与边缘等离子体不均匀,校准 ESC 温区并复核边缘 gas flow,11,7,-5.0,-9.0,PASS,pass
LOT-A,改善前,W01,28nm MCU,ETCH-07,A,Plasma Etch,edge_ring,边缘环形失效，怀疑静电卡盘温控漂移与边缘等离子体不均匀,校准 ESC 温区并复核边缘 gas flow,12,7,-4.0,-9.0,PASS,pass
LOT-A,改善前,W01,28nm MCU,ETCH-07,A,Plasma Etch,edge_ring,边缘环形失效，怀疑静电卡盘温控漂移与边缘等离子体不均匀,校准 ESC 温区并复核边缘 gas flow,13,7,-3.0,-9.0,PASS,pass
LOT-A,改善前,W01,28nm MCU,ETCH-07,A,Plasma Etch,edge_ring,边缘环形失效，怀疑静电卡盘温控漂移与边缘等离子体不均匀,校准 ESC 温区并复核边缘 gas flow,14,7,-2.0,-9.0,PASS,pass
LOT-A,改善前,W01,28nm MCU,ETCH-07,A,Plasma Etch,edge_ring,边缘环形失效，怀疑静电卡盘温控漂移与边缘等离子体不均匀,校准 ESC 温区并复核边缘 gas flow,15,7,-1.0,-9.0,PASS,pass
LOT-A,改善前,W01,28nm MCU,ETCH-07,A,Plasma Etch,edge_ring,边缘环形失效，怀疑静电卡盘温控漂移与边缘等离子体不均匀,校准 ESC 温区并复核边缘 gas flow,16,7,0.0,-9.0,PASS,pass
LOT-A,改善前,W01,28nm MCU,ETCH-07,A,Plasma Etch,edge_ring,边缘环形失效，怀疑静电卡盘温控漂移与边缘等离子体不均匀,校准 ESC 温区并复核边缘 gas flow,17,7,1.0,-9.0,PASS,pass
LOT-A,改善前,W01,28nm MCU,ETCH-07,A,Plasma Etch,edge_ring,边缘环形失效，怀疑静电卡盘温控漂移与边缘等离子体不均匀,校准 ESC 温区并复核边缘 gas flow,18,7,2.0,-9.0,PASS,pass
LOT-A,改善前,W01,28nm MCU,ETCH-07,A,Plasma Etch,edge_ring,边缘环形失效，怀疑静电卡盘温控漂移与边缘等离子体不均匀,校准 ESC 温区并复核边缘 gas flow,19,7,3.0,-9.0,PASS,pass
LOT-A,改善前,W01,28nm MCU,ETCH-07,A,Plasma Etch,edge_ring,边缘环形失效，怀疑静电卡盘温控漂移与边缘等离子体不均匀,校准 ESC 温区并复核边缘 gas flow,20,7,4.0,-9.0,PASS,pass
LOT-A,改善前,W01,28nm MCU,ETCH-07,A,Plasma Etch,edge_ring,边缘环形失效，怀疑静电卡盘温控漂移与边缘等离子体不均匀,校准 ESC 温区并复核边缘 gas flow,21,7,5.0,-9.0,PASS,pass
LOT-A,改善前,W01,28nm MCU,ETCH-07,A,Plasma Etch,edge_ring,边缘环形失效，怀疑静电卡盘温控漂移与边缘等离子体不均匀,校准 ESC 温区并复核边缘 gas flow,22,7,6.0,-9.0,PASS,pass
LOT-A,改善前,W01,28nm MCU,ETCH-07,A,Plasma Etch,edge_ring,边缘环形失效，怀疑静电卡盘温控漂移与边缘等离子体不均匀,校准 ESC 温区并复核边缘 gas flow,23,7,7.0,-9.0,PASS,pass
LOT-A,改善前,W01,28nm MCU,ETCH-07,A,Plasma Etch,edge_ring,边缘环形失效，怀疑静电卡盘温控漂移与边缘等离子体不均匀,校准 ESC 温区并复核边缘 gas flow,24,7,8.0,-9.0,PASS,pass
LOT-A,改善前,W01,28nm MCU,ETCH-07,A,Plasma Etch,edge_ring,边缘环形失效，怀疑静电卡盘温控漂移与边缘等离子体不均匀,校准 ESC 温区并复核边缘 gas flow,25,7,9.0,-9.0,FAIL,edge_ring
LOT-A,改善前,W01,28nm MCU,ETCH-07,A,Plasma Etch,edge_ring,边缘环形失效，怀疑静电卡盘温控漂移与边缘等离子体不均匀,校准 ESC 温区并复核边缘 gas flow,26,7,10.0,-9.0,FAIL,edge_ring
LOT-A,改善前,W01,28nm MCU,ETCH-07,A,Plasma Etch,edge_ring,边缘环形失效，怀疑静电卡盘温控漂移与边缘等离子体不均匀,校准 ESC 温区并复核边缘 gas flow,27,7,11.0,-9.0,FAIL,edge_ring
LOT-A,改善前,W01,28nm MCU,ETCH-07,A,Plasma Etch,edge_ring,边缘环形失效，怀疑静电卡盘温控漂移与边缘等离子体不均匀,校准 ESC 温区并复核边缘 gas flow,4,8,-12.0,-8.0,FAIL,edge_ring
LOT-A,改善前,W01,28nm MCU,ETCH-07,A,Plasma Etch,edge_ring,边缘环形失效，怀疑静电卡盘温控漂移与边缘等离子体不均匀,校准 ESC 温区并复核边缘 gas flow,5,8,-11.0,-8.0,PASS,pass
LOT-A,改善前,W01,28nm MCU,ETCH-07,A,Plasma Etch,edge_ring,边缘环形失效，怀疑静电卡盘温控漂移与边缘等离子体不均匀,校准 ESC 温区并复核边缘 gas flow,6,8,-10.0,-8.0,FAIL,edge_ring
LOT-A,改善前,W01,28nm MCU,ETCH-07,A,Plasma Etch,edge_ring,边缘环形失效，怀疑静电卡盘温控漂移与边缘等离子体不均匀,校准 ESC 温区并复核边缘 gas flow,7,8,-9.0,-8.0,PASS,pass
LOT-A,改善前,W01,28nm MCU,ETCH-07,A,Plasma Etch,edge_ring,边缘环形失效，怀疑静电卡盘温控漂移与边缘等离子体不均匀,校准 ESC 温区并复核边缘 gas flow,8,8,-8.0,-8.0,FAIL,edge_ring
LOT-A,改善前,W01,28nm MCU,ETCH-07,A,Plasma Etch,edge_ring,边缘环形失效，怀疑静电卡盘温控漂移与边缘等离子体不均匀,校准 ESC 温区并复核边缘 gas flow,9,8,-7.0,-8.0,PASS,pass
LOT-A,改善前,W01,28nm MCU,ETCH-07,A,Plasma Etch,edge_ring,边缘环形失效，怀疑静电卡盘温控漂移与边缘等离子体不均匀,校准 ESC 温区并复核边缘 gas flow,10,8,-6.0,-8.0,PASS,pass
LOT-A,改善前,W01,28nm MCU,ETCH-07,A,Plasma Etch,edge_ring,边缘环形失效，怀疑静电卡盘温控漂移与边缘等离子体不均匀,校准 ESC 温区并复核边缘 gas flow,11,8,-5.0,-8.0,PASS,pass
LOT-A,改善前,W01,28nm MCU,ETCH-07,A,Plasma Etch,edge_ring,边缘环形失效，怀疑静电卡盘温控漂移与边缘等离子体不均匀,校准 ESC 温区并复核边缘 gas flow,12,8,-4.0,-8.0,PASS,pass
LOT-A,改善前,W01,28nm MCU,ETCH-07,A,Plasma Etch,edge_ring,边缘环形失效，怀疑静电卡盘温控漂移与边缘等离子体不均匀,校准 ESC 温区并复核边缘 gas flow,13,8,-3.0,-8.0,PASS,pass
LOT-A,改善前,W01,28nm MCU,ETCH-07,A,Plasma Etch,edge_ring,边缘环形失效，怀疑静电卡盘温控漂移与边缘等离子体不均匀,校准 ESC 温区并复核边缘 gas flow,14,8,-2.0,-8.0,PASS,pass
LOT-A,改善前,W01,28nm MCU,ETCH-07,A,Plasma Etch,edge_ring,边缘环形失效，怀疑静电卡盘温控漂移与边缘等离子体不均匀,校准 ESC 温区并复核边缘 gas flow,15,8,-1.0,-8.0,PASS,pass
LOT-A,改善前,W01,28nm MCU,ETCH-07,A,Plasma Etch,edge_ring,边缘环形失效，怀疑静电卡盘温控漂移与边缘等离子体不均匀,校准 ESC 温区并复核边缘 gas flow,16,8,0.0,-8.0,FAIL,random
LOT-A,改善前,W01,28nm MCU,ETCH-07,A,Plasma Etch,edge_ring,边缘环形失效，怀疑静电卡盘温控漂移与边缘等离子体不均匀,校准 ESC 温区并复核边缘 gas flow,17,8,1.0,-8.0,PASS,pass
LOT-A,改善前,W01,28nm MCU,ETCH-07,A,Plasma Etch,edge_ring,边缘环形失效，怀疑静电卡盘温控漂移与边缘等离子体不均匀,校准 ESC 温区并复核边缘 gas flow,18,8,2.0,-8.0,PASS,pass
LOT-A,改善前,W01,28nm MCU,ETCH-07,A,Plasma Etch,edge_ring,边缘环形失效，怀疑静电卡盘温控漂移与边缘等离子体不均匀,校准 ESC 温区并复核边缘 gas flow,19,8,3.0,-8.0,PASS,pass
LOT-A,改善前,W01,28nm MCU,ETCH-07,A,Plasma Etch,edge_ring,边缘环形失效，怀疑静电卡盘温控漂移与边缘等离子体不均匀,校准 ESC 温区并复核边缘 gas flow,20,8,4.0,-8.0,PASS,pass
LOT-A,改善前,W01,28nm MCU,ETCH-07,A,Plasma Etch,edge_ring,边缘环形失效，怀疑静电卡盘温控漂移与边缘等离子体不均匀,校准 ESC 温区并复核边缘 gas flow,21,8,5.0,-8.0,PASS,pass
LOT-A,改善前,W01,28nm MCU,ETCH-07,A,Plasma Etch,edge_ring,边缘环形失效，怀疑静电卡盘温控漂移与边缘等离子体不均匀,校准 ESC 温区并复核边缘 gas flow,22,8,6.0,-8.0,PASS,pass
LOT-A,改善前,W01,28nm MCU,ETCH-07,A,Plasma Etch,edge_ring,边缘环形失效，怀疑静电卡盘温控漂移与边缘等离子体不均匀,校准 ESC 温区并复核边缘 gas flow,23,8,7.0,-8.0,PASS,pass
LOT-A,改善前,W01,28nm MCU,ETCH-07,A,Plasma Etch,edge_ring,边缘环形失效，怀疑静电卡盘温控漂移与边缘等离子体不均匀,校准 ESC 温区并复核边缘 gas flow,24,8,8.0,-8.0,PASS,pass
LOT-A,改善前,W01,28nm MCU,ETCH-07,A,Plasma Etch,edge_ring,边缘环形失效，怀疑静电卡盘温控漂移与边缘等离子体不均匀,校准 ESC 温区并复核边缘 gas flow,25,8,9.0,-8.0,PASS,pass
LOT-A,改善前,W01,28nm MCU,ETCH-07,A,Plasma Etch,edge_ring,边缘环形失效，怀疑静电卡盘温控漂移与边缘等离子体不均匀,校准 ESC 温区并复核边缘 gas flow,26,8,10.0,-8.0,FAIL,edge_ring
LOT-A,改善前,W01,28nm MCU,ETCH-07,A,Plasma Etch,edge_ring,边缘环形失效，怀疑静电卡盘温控漂移与边缘等离子体不均匀,校准 ESC 温区并复核边缘 gas flow,27,8,11.0,-8.0,FAIL,edge_ring
LOT-A,改善前,W01,28nm MCU,ETCH-07,A,Plasma Etch,edge_ring,边缘环形失效，怀疑静电卡盘温控漂移与边缘等离子体不均匀,校准 ESC 温区并复核边缘 gas flow,28,8,12.0,-8.0,PASS,pass
LOT-A,改善前,W01,28nm MCU,ETCH-07,A,Plasma Etch,edge_ring,边缘环形失效，怀疑静电卡盘温控漂移与边缘等离子体不均匀,校准 ESC 温区并复核边缘 gas flow,3,9,-13.0,-7.0,FAIL,edge_ring
LOT-A,改善前,W01,28nm MCU,ETCH-07,A,Plasma Etch,edge_ring,边缘环形失效，怀疑静电卡盘温控漂移与边缘等离子体不均匀,校准 ESC 温区并复核边缘 gas flow,4,9,-12.0,-7.0,FAIL,edge_ring
LOT-A,改善前,W01,28nm MCU,ETCH-07,A,Plasma Etch,edge_ring,边缘环形失效，怀疑静电卡盘温控漂移与边缘等离子体不均匀,校准 ESC 温区并复核边缘 gas flow,5,9,-11.0,-7.0,FAIL,edge_ring
LOT-A,改善前,W01,28nm MCU,ETCH-07,A,Plasma Etch,edge_ring,边缘环形失效，怀疑静电卡盘温控漂移与边缘等离子体不均匀,校准 ESC 温区并复核边缘 gas flow,6,9,-10.0,-7.0,FAIL,edge_ring
LOT-A,改善前,W01,28nm MCU,ETCH-07,A,Plasma Etch,edge_ring,边缘环形失效，怀疑静电卡盘温控漂移与边缘等离子体不均匀,校准 ESC 温区并复核边缘 gas flow,7,9,-9.0,-7.0,PASS,pass
LOT-A,改善前,W01,28nm MCU,ETCH-07,A,Plasma Etch,edge_ring,边缘环形失效，怀疑静电卡盘温控漂移与边缘等离子体不均匀,校准 ESC 温区并复核边缘 gas flow,8,9,-8.0,-7.0,PASS,pass
LOT-A,改善前,W01,28nm MCU,ETCH-07,A,Plasma Etch,edge_ring,边缘环形失效，怀疑静电卡盘温控漂移与边缘等离子体不均匀,校准 ESC 温区并复核边缘 gas flow,9,9,-7.0,-7.0,PASS,pass
LOT-A,改善前,W01,28nm MCU,ETCH-07,A,Plasma Etch,edge_ring,边缘环形失效，怀疑静电卡盘温控漂移与边缘等离子体不均匀,校准 ESC 温区并复核边缘 gas flow,10,9,-6.0,-7.0,PASS,pass
LOT-A,改善前,W01,28nm MCU,ETCH-07,A,Plasma Etch,edge_ring,边缘环形失效，怀疑静电卡盘温控漂移与边缘等离子体不均匀,校准 ESC 温区并复核边缘 gas flow,11,9,-5.0,-7.0,PASS,pass
LOT-A,改善前,W01,28nm MCU,ETCH-07,A,Plasma Etch,edge_ring,边缘环形失效，怀疑静电卡盘温控漂移与边缘等离子体不均匀,校准 ESC 温区并复核边缘 gas flow,12,9,-4.0,-7.0,PASS,pass
LOT-A,改善前,W01,28nm MCU,ETCH-07,A,Plasma Etch,edge_ring,边缘环形失效，怀疑静电卡盘温控漂移与边缘等离子体不均匀,校准 ESC 温区并复核边缘 gas flow,13,9,-3.0,-7.0,PASS,pass
LOT-A,改善前,W01,28nm MCU,ETCH-07,A,Plasma Etch,edge_ring,边缘环形失效，怀疑静电卡盘温控漂移与边缘等离子体不均匀,校准 ESC 温区并复核边缘 gas flow,14,9,-2.0,-7.0,PASS,pass
LOT-A,改善前,W01,28nm MCU,ETCH-07,A,Plasma Etch,edge_ring,边缘环形失效，怀疑静电卡盘温控漂移与边缘等离子体不均匀,校准 ESC 温区并复核边缘 gas flow,15,9,-1.0,-7.0,PASS,pass
LOT-A,改善前,W01,28nm MCU,ETCH-07,A,Plasma Etch,edge_ring,边缘环形失效，怀疑静电卡盘温控漂移与边缘等离子体不均匀,校准 ESC 温区并复核边缘 gas flow,16,9,0.0,-7.0,FAIL,random
LOT-A,改善前,W01,28nm MCU,ETCH-07,A,Plasma Etch,edge_ring,边缘环形失效，怀疑静电卡盘温控漂移与边缘等离子体不均匀,校准 ESC 温区并复核边缘 gas flow,17,9,1.0,-7.0,PASS,pass
LOT-A,改善前,W01,28nm MCU,ETCH-07,A,Plasma Etch,edge_ring,边缘环形失效，怀疑静电卡盘温控漂移与边缘等离子体不均匀,校准 ESC 温区并复核边缘 gas flow,18,9,2.0,-7.0,PASS,pass
LOT-A,改善前,W01,28nm MCU,ETCH-07,A,Plasma Etch,edge_ring,边缘环形失效，怀疑静电卡盘温控漂移与边缘等离子体不均匀,校准 ESC 温区并复核边缘 gas flow,19,9,3.0,-7.0,PASS,pass
LOT-A,改善前,W01,28nm MCU,ETCH-07,A,Plasma Etch,edge_ring,边缘环形失效，怀疑静电卡盘温控漂移与边缘等离子体不均匀,校准 ESC 温区并复核边缘 gas flow,20,9,4.0,-7.0,PASS,pass
LOT-A,改善前,W01,28nm MCU,ETCH-07,A,Plasma Etch,edge_ring,边缘环形失效，怀疑静电卡盘温控漂移与边缘等离子体不均匀,校准 ESC 温区并复核边缘 gas flow,21,9,5.0,-7.0,PASS,pass
LOT-A,改善前,W01,28nm MCU,ETCH-07,A,Plasma Etch,edge_ring,边缘环形失效，怀疑静电卡盘温控漂移与边缘等离子体不均匀,校准 ESC 温区并复核边缘 gas flow,22,9,6.0,-7.0,PASS,pass
LOT-A,改善前,W01,28nm MCU,ETCH-07,A,Plasma Etch,edge_ring,边缘环形失效，怀疑静电卡盘温控漂移与边缘等离子体不均匀,校准 ESC 温区并复核边缘 gas flow,23,9,7.0,-7.0,PASS,pass
LOT-A,改善前,W01,28nm MCU,ETCH-07,A,Plasma Etch,edge_ring,边缘环形失效，怀疑静电卡盘温控漂移与边缘等离子体不均匀,校准 ESC 温区并复核边缘 gas flow,24,9,8.0,-7.0,PASS,pass
LOT-A,改善前,W01,28nm MCU,ETCH-07,A,Plasma Etch,edge_ring,边缘环形失效，怀疑静电卡盘温控漂移与边缘等离子体不均匀,校准 ESC 温区并复核边缘 gas flow,25,9,9.0,-7.0,PASS,pass
LOT-A,改善前,W01,28nm MCU,ETCH-07,A,Plasma Etch,edge_ring,边缘环形失效，怀疑静电卡盘温控漂移与边缘等离子体不均匀,校准 ESC 温区并复核边缘 gas flow,26,9,10.0,-7.0,FAIL,edge_ring
LOT-A,改善前,W01,28nm MCU,ETCH-07,A,Plasma Etch,edge_ring,边缘环形失效，怀疑静电卡盘温控漂移与边缘等离子体不均匀,校准 ESC 温区并复核边缘 gas flow,27,9,11.0,-7.0,PASS,pass
LOT-A,改善前,W01,28nm MCU,ETCH-07,A,Plasma Etch,edge_ring,边缘环形失效，怀疑静电卡盘温控漂移与边缘等离子体不均匀,校准 ESC 温区并复核边缘 gas flow,28,9,12.0,-7.0,FAIL,edge_ring
LOT-A,改善前,W01,28nm MCU,ETCH-07,A,Plasma Etch,edge_ring,边缘环形失效，怀疑静电卡盘温控漂移与边缘等离子体不均匀,校准 ESC 温区并复核边缘 gas flow,29,9,13.0,-7.0,FAIL,edge_ring
LOT-A,改善前,W01,28nm MCU,ETCH-07,A,Plasma Etch,edge_ring,边缘环形失效，怀疑静电卡盘温控漂移与边缘等离子体不均匀,校准 ESC 温区并复核边缘 gas flow,3,10,-13.0,-6.0,FAIL,edge_ring
LOT-A,改善前,W01,28nm MCU,ETCH-07,A,Plasma Etch,edge_ring,边缘环形失效，怀疑静电卡盘温控漂移与边缘等离子体不均匀,校准 ESC 温区并复核边缘 gas flow,4,10,-12.0,-6.0,PASS,pass
LOT-A,改善前,W01,28nm MCU,ETCH-07,A,Plasma Etch,edge_ring,边缘环形失效，怀疑静电卡盘温控漂移与边缘等离子体不均匀,校准 ESC 温区并复核边缘 gas flow,5,10,-11.0,-6.0,PASS,pass
LOT-A,改善前,W01,28nm MCU,ETCH-07,A,Plasma Etch,edge_ring,边缘环形失效，怀疑静电卡盘温控漂移与边缘等离子体不均匀,校准 ESC 温区并复核边缘 gas flow,6,10,-10.0,-6.0,PASS,pass
LOT-A,改善前,W01,28nm MCU,ETCH-07,A,Plasma Etch,edge_ring,边缘环形失效，怀疑静电卡盘温控漂移与边缘等离子体不均匀,校准 ESC 温区并复核边缘 gas flow,7,10,-9.0,-6.0,FAIL,random
LOT-A,改善前,W01,28nm MCU,ETCH-07,A,Plasma Etch,edge_ring,边缘环形失效，怀疑静电卡盘温控漂移与边缘等离子体不均匀,校准 ESC 温区并复核边缘 gas flow,8,10,-8.0,-6.0,PASS,pass
LOT-A,改善前,W01,28nm MCU,ETCH-07,A,Plasma Etch,edge_ring,边缘环形失效，怀疑静电卡盘温控漂移与边缘等离子体不均匀,校准 ESC 温区并复核边缘 gas flow,9,10,-7.0,-6.0,PASS,pass
LOT-A,改善前,W01,28nm MCU,ETCH-07,A,Plasma Etch,edge_ring,边缘环形失效，怀疑静电卡盘温控漂移与边缘等离子体不均匀,校准 ESC 温区并复核边缘 gas flow,10,10,-6.0,-6.0,PASS,pass
LOT-A,改善前,W01,28nm MCU,ETCH-07,A,Plasma Etch,edge_ring,边缘环形失效，怀疑静电卡盘温控漂移与边缘等离子体不均匀,校准 ESC 温区并复核边缘 gas flow,11,10,-5.0,-6.0,PASS,pass
LOT-A,改善前,W01,28nm MCU,ETCH-07,A,Plasma Etch,edge_ring,边缘环形失效，怀疑静电卡盘温控漂移与边缘等离子体不均匀,校准 ESC 温区并复核边缘 gas flow,12,10,-4.0,-6.0,PASS,pass
LOT-A,改善前,W01,28nm MCU,ETCH-07,A,Plasma Etch,edge_ring,边缘环形失效，怀疑静电卡盘温控漂移与边缘等离子体不均匀,校准 ESC 温区并复核边缘 gas flow,13,10,-3.0,-6.0,PASS,pass
LOT-A,改善前,W01,28nm MCU,ETCH-07,A,Plasma Etch,edge_ring,边缘环形失效，怀疑静电卡盘温控漂移与边缘等离子体不均匀,校准 ESC 温区并复核边缘 gas flow,14,10,-2.0,-6.0,PASS,pass
LOT-A,改善前,W01,28nm MCU,ETCH-07,A,Plasma Etch,edge_ring,边缘环形失效，怀疑静电卡盘温控漂移与边缘等离子体不均匀,校准 ESC 温区并复核边缘 gas flow,15,10,-1.0,-6.0,PASS,pass
LOT-A,改善前,W01,28nm MCU,ETCH-07,A,Plasma Etch,edge_ring,边缘环形失效，怀疑静电卡盘温控漂移与边缘等离子体不均匀,校准 ESC 温区并复核边缘 gas flow,16,10,0.0,-6.0,PASS,pass
LOT-A,改善前,W01,28nm MCU,ETCH-07,A,Plasma Etch,edge_ring,边缘环形失效，怀疑静电卡盘温控漂移与边缘等离子体不均匀,校准 ESC 温区并复核边缘 gas flow,17,10,1.0,-6.0,PASS,pass
LOT-A,改善前,W01,28nm MCU,ETCH-07,A,Plasma Etch,edge_ring,边缘环形失效，怀疑静电卡盘温控漂移与边缘等离子体不均匀,校准 ESC 温区并复核边缘 gas flow,18,10,2.0,-6.0,PASS,pass
LOT-A,改善前,W01,28nm MCU,ETCH-07,A,Plasma Etch,edge_ring,边缘环形失效，怀疑静电卡盘温控漂移与边缘等离子体不均匀,校准 ESC 温区并复核边缘 gas flow,19,10,3.0,-6.0,PASS,pass
LOT-A,改善前,W01,28nm MCU,ETCH-07,A,Plasma Etch,edge_ring,边缘环形失效，怀疑静电卡盘温控漂移与边缘等离子体不均匀,校准 ESC 温区并复核边缘 gas flow,20,10,4.0,-6.0,PASS,pass
LOT-A,改善前,W01,28nm MCU,ETCH-07,A,Plasma Etch,edge_ring,边缘环形失效，怀疑静电卡盘温控漂移与边缘等离子体不均匀,校准 ESC 温区并复核边缘 gas flow,21,10,5.0,-6.0,PASS,pass
LOT-A,改善前,W01,28nm MCU,ETCH-07,A,Plasma Etch,edge_ring,边缘环形失效，怀疑静电卡盘温控漂移与边缘等离子体不均匀,校准 ESC 温区并复核边缘 gas flow,22,10,6.0,-6.0,PASS,pass
LOT-A,改善前,W01,28nm MCU,ETCH-07,A,Plasma Etch,edge_ring,边缘环形失效，怀疑静电卡盘温控漂移与边缘等离子体不均匀,校准 ESC 温区并复核边缘 gas flow,23,10,7.0,-6.0,PASS,pass
LOT-A,改善前,W01,28nm MCU,ETCH-07,A,Plasma Etch,edge_ring,边缘环形失效，怀疑静电卡盘温控漂移与边缘等离子体不均匀,校准 ESC 温区并复核边缘 gas flow,24,10,8.0,-6.0,PASS,pass
LOT-A,改善前,W01,28nm MCU,ETCH-07,A,Plasma Etch,edge_ring,边缘环形失效，怀疑静电卡盘温控漂移与边缘等离子体不均匀,校准 ESC 温区并复核边缘 gas flow,25,10,9.0,-6.0,PASS,pass
LOT-A,改善前,W01,28nm MCU,ETCH-07,A,Plasma Etch,edge_ring,边缘环形失效，怀疑静电卡盘温控漂移与边缘等离子体不均匀,校准 ESC 温区并复核边缘 gas flow,26,10,10.0,-6.0,PASS,pass
LOT-A,改善前,W01,28nm MCU,ETCH-07,A,Plasma Etch,edge_ring,边缘环形失效，怀疑静电卡盘温控漂移与边缘等离子体不均匀,校准 ESC 温区并复核边缘 gas flow,27,10,11.0,-6.0,FAIL,edge_ring
LOT-A,改善前,W01,28nm MCU,ETCH-07,A,Plasma Etch,edge_ring,边缘环形失效，怀疑静电卡盘温控漂移与边缘等离子体不均匀,校准 ESC 温区并复核边缘 gas flow,28,10,12.0,-6.0,FAIL,edge_ring
LOT-A,改善前,W01,28nm MCU,ETCH-07,A,Plasma Etch,edge_ring,边缘环形失效，怀疑静电卡盘温控漂移与边缘等离子体不均匀,校准 ESC 温区并复核边缘 gas flow,29,10,13.0,-6.0,FAIL,edge_ring
LOT-A,改善前,W01,28nm MCU,ETCH-07,A,Plasma Etch,edge_ring,边缘环形失效，怀疑静电卡盘温控漂移与边缘等离子体不均匀,校准 ESC 温区并复核边缘 gas flow,3,11,-13.0,-5.0,FAIL,edge_ring
LOT-A,改善前,W01,28nm MCU,ETCH-07,A,Plasma Etch,edge_ring,边缘环形失效，怀疑静电卡盘温控漂移与边缘等离子体不均匀,校准 ESC 温区并复核边缘 gas flow,4,11,-12.0,-5.0,FAIL,edge_ring
LOT-A,改善前,W01,28nm MCU,ETCH-07,A,Plasma Etch,edge_ring,边缘环形失效，怀疑静电卡盘温控漂移与边缘等离子体不均匀,校准 ESC 温区并复核边缘 gas flow,5,11,-11.0,-5.0,PASS,pass
LOT-A,改善前,W01,28nm MCU,ETCH-07,A,Plasma Etch,edge_ring,边缘环形失效，怀疑静电卡盘温控漂移与边缘等离子体不均匀,校准 ESC 温区并复核边缘 gas flow,6,11,-10.0,-5.0,FAIL,random
LOT-A,改善前,W01,28nm MCU,ETCH-07,A,Plasma Etch,edge_ring,边缘环形失效，怀疑静电卡盘温控漂移与边缘等离子体不均匀,校准 ESC 温区并复核边缘 gas flow,7,11,-9.0,-5.0,PASS,pass
LOT-A,改善前,W01,28nm MCU,ETCH-07,A,Plasma Etch,edge_ring,边缘环形失效，怀疑静电卡盘温控漂移与边缘等离子体不均匀,校准 ESC 温区并复核边缘 gas flow,8,11,-8.0,-5.0,PASS,pass
LOT-A,改善前,W01,28nm MCU,ETCH-07,A,Plasma Etch,edge_ring,边缘环形失效，怀疑静电卡盘温控漂移与边缘等离子体不均匀,校准 ESC 温区并复核边缘 gas flow,9,11,-7.0,-5.0,PASS,pass
LOT-A,改善前,W01,28nm MCU,ETCH-07,A,Plasma Etch,edge_ring,边缘环形失效，怀疑静电卡盘温控漂移与边缘等离子体不均匀,校准 ESC 温区并复核边缘 gas flow,10,11,-6.0,-5.0,PASS,pass
LOT-A,改善前,W01,28nm MCU,ETCH-07,A,Plasma Etch,edge_ring,边缘环形失效，怀疑静电卡盘温控漂移与边缘等离子体不均匀,校准 ESC 温区并复核边缘 gas flow,11,11,-5.0,-5.0,PASS,pass
LOT-A,改善前,W01,28nm MCU,ETCH-07,A,Plasma Etch,edge_ring,边缘环形失效，怀疑静电卡盘温控漂移与边缘等离子体不均匀,校准 ESC 温区并复核边缘 gas flow,12,11,-4.0,-5.0,PASS,pass
LOT-A,改善前,W01,28nm MCU,ETCH-07,A,Plasma Etch,edge_ring,边缘环形失效，怀疑静电卡盘温控漂移与边缘等离子体不均匀,校准 ESC 温区并复核边缘 gas flow,13,11,-3.0,-5.0,PASS,pass
LOT-A,改善前,W01,28nm MCU,ETCH-07,A,Plasma Etch,edge_ring,边缘环形失效，怀疑静电卡盘温控漂移与边缘等离子体不均匀,校准 ESC 温区并复核边缘 gas flow,14,11,-2.0,-5.0,PASS,pass
LOT-A,改善前,W01,28nm MCU,ETCH-07,A,Plasma Etch,edge_ring,边缘环形失效，怀疑静电卡盘温控漂移与边缘等离子体不均匀,校准 ESC 温区并复核边缘 gas flow,15,11,-1.0,-5.0,PASS,pass
LOT-A,改善前,W01,28nm MCU,ETCH-07,A,Plasma Etch,edge_ring,边缘环形失效，怀疑静电卡盘温控漂移与边缘等离子体不均匀,校准 ESC 温区并复核边缘 gas flow,16,11,0.0,-5.0,PASS,pass
LOT-A,改善前,W01,28nm MCU,ETCH-07,A,Plasma Etch,edge_ring,边缘环形失效，怀疑静电卡盘温控漂移与边缘等离子体不均匀,校准 ESC 温区并复核边缘 gas flow,17,11,1.0,-5.0,PASS,pass
LOT-A,改善前,W01,28nm MCU,ETCH-07,A,Plasma Etch,edge_ring,边缘环形失效，怀疑静电卡盘温控漂移与边缘等离子体不均匀,校准 ESC 温区并复核边缘 gas flow,18,11,2.0,-5.0,PASS,pass
LOT-A,改善前,W01,28nm MCU,ETCH-07,A,Plasma Etch,edge_ring,边缘环形失效，怀疑静电卡盘温控漂移与边缘等离子体不均匀,校准 ESC 温区并复核边缘 gas flow,19,11,3.0,-5.0,PASS,pass
LOT-A,改善前,W01,28nm MCU,ETCH-07,A,Plasma Etch,edge_ring,边缘环形失效，怀疑静电卡盘温控漂移与边缘等离子体不均匀,校准 ESC 温区并复核边缘 gas flow,20,11,4.0,-5.0,PASS,pass
LOT-A,改善前,W01,28nm MCU,ETCH-07,A,Plasma Etch,edge_ring,边缘环形失效，怀疑静电卡盘温控漂移与边缘等离子体不均匀,校准 ESC 温区并复核边缘 gas flow,21,11,5.0,-5.0,PASS,pass
LOT-A,改善前,W01,28nm MCU,ETCH-07,A,Plasma Etch,edge_ring,边缘环形失效，怀疑静电卡盘温控漂移与边缘等离子体不均匀,校准 ESC 温区并复核边缘 gas flow,22,11,6.0,-5.0,PASS,pass
LOT-A,改善前,W01,28nm MCU,ETCH-07,A,Plasma Etch,edge_ring,边缘环形失效，怀疑静电卡盘温控漂移与边缘等离子体不均匀,校准 ESC 温区并复核边缘 gas flow,23,11,7.0,-5.0,PASS,pass
LOT-A,改善前,W01,28nm MCU,ETCH-07,A,Plasma Etch,edge_ring,边缘环形失效，怀疑静电卡盘温控漂移与边缘等离子体不均匀,校准 ESC 温区并复核边缘 gas flow,24,11,8.0,-5.0,PASS,pass
LOT-A,改善前,W01,28nm MCU,ETCH-07,A,Plasma Etch,edge_ring,边缘环形失效，怀疑静电卡盘温控漂移与边缘等离子体不均匀,校准 ESC 温区并复核边缘 gas flow,25,11,9.0,-5.0,PASS,pass
LOT-A,改善前,W01,28nm MCU,ETCH-07,A,Plasma Etch,edge_ring,边缘环形失效，怀疑静电卡盘温控漂移与边缘等离子体不均匀,校准 ESC 温区并复核边缘 gas flow,26,11,10.0,-5.0,PASS,pass
LOT-A,改善前,W01,28nm MCU,ETCH-07,A,Plasma Etch,edge_ring,边缘环形失效，怀疑静电卡盘温控漂移与边缘等离子体不均匀,校准 ESC 温区并复核边缘 gas flow,27,11,11.0,-5.0,FAIL,edge_ring
LOT-A,改善前,W01,28nm MCU,ETCH-07,A,Plasma Etch,edge_ring,边缘环形失效，怀疑静电卡盘温控漂移与边缘等离子体不均匀,校准 ESC 温区并复核边缘 gas flow,28,11,12.0,-5.0,FAIL,edge_ring
LOT-A,改善前,W01,28nm MCU,ETCH-07,A,Plasma Etch,edge_ring,边缘环形失效，怀疑静电卡盘温控漂移与边缘等离子体不均匀,校准 ESC 温区并复核边缘 gas flow,29,11,13.0,-5.0,FAIL,edge_ring
LOT-A,改善前,W01,28nm MCU,ETCH-07,A,Plasma Etch,edge_ring,边缘环形失效，怀疑静电卡盘温控漂移与边缘等离子体不均匀,校准 ESC 温区并复核边缘 gas flow,2,12,-14.0,-4.0,PASS,pass
LOT-A,改善前,W01,28nm MCU,ETCH-07,A,Plasma Etch,edge_ring,边缘环形失效，怀疑静电卡盘温控漂移与边缘等离子体不均匀,校准 ESC 温区并复核边缘 gas flow,3,12,-13.0,-4.0,FAIL,edge_ring
LOT-A,改善前,W01,28nm MCU,ETCH-07,A,Plasma Etch,edge_ring,边缘环形失效，怀疑静电卡盘温控漂移与边缘等离子体不均匀,校准 ESC 温区并复核边缘 gas flow,4,12,-12.0,-4.0,FAIL,edge_ring
LOT-A,改善前,W01,28nm MCU,ETCH-07,A,Plasma Etch,edge_ring,边缘环形失效，怀疑静电卡盘温控漂移与边缘等离子体不均匀,校准 ESC 温区并复核边缘 gas flow,5,12,-11.0,-4.0,PASS,pass
LOT-A,改善前,W01,28nm MCU,ETCH-07,A,Plasma Etch,edge_ring,边缘环形失效，怀疑静电卡盘温控漂移与边缘等离子体不均匀,校准 ESC 温区并复核边缘 gas flow,6,12,-10.0,-4.0,PASS,pass
LOT-A,改善前,W01,28nm MCU,ETCH-07,A,Plasma Etch,edge_ring,边缘环形失效，怀疑静电卡盘温控漂移与边缘等离子体不均匀,校准 ESC 温区并复核边缘 gas flow,7,12,-9.0,-4.0,PASS,pass
LOT-A,改善前,W01,28nm MCU,ETCH-07,A,Plasma Etch,edge_ring,边缘环形失效，怀疑静电卡盘温控漂移与边缘等离子体不均匀,校准 ESC 温区并复核边缘 gas flow,8,12,-8.0,-4.0,PASS,pass
LOT-A,改善前,W01,28nm MCU,ETCH-07,A,Plasma Etch,edge_ring,边缘环形失效，怀疑静电卡盘温控漂移与边缘等离子体不均匀,校准 ESC 温区并复核边缘 gas flow,9,12,-7.0,-4.0,PASS,pass
LOT-A,改善前,W01,28nm MCU,ETCH-07,A,Plasma Etch,edge_ring,边缘环形失效，怀疑静电卡盘温控漂移与边缘等离子体不均匀,校准 ESC 温区并复核边缘 gas flow,10,12,-6.0,-4.0,PASS,pass
LOT-A,改善前,W01,28nm MCU,ETCH-07,A,Plasma Etch,edge_ring,边缘环形失效，怀疑静电卡盘温控漂移与边缘等离子体不均匀,校准 ESC 温区并复核边缘 gas flow,11,12,-5.0,-4.0,PASS,pass
LOT-A,改善前,W01,28nm MCU,ETCH-07,A,Plasma Etch,edge_ring,边缘环形失效，怀疑静电卡盘温控漂移与边缘等离子体不均匀,校准 ESC 温区并复核边缘 gas flow,12,12,-4.0,-4.0,PASS,pass
LOT-A,改善前,W01,28nm MCU,ETCH-07,A,Plasma Etch,edge_ring,边缘环形失效，怀疑静电卡盘温控漂移与边缘等离子体不均匀,校准 ESC 温区并复核边缘 gas flow,13,12,-3.0,-4.0,PASS,pass
LOT-A,改善前,W01,28nm MCU,ETCH-07,A,Plasma Etch,edge_ring,边缘环形失效，怀疑静电卡盘温控漂移与边缘等离子体不均匀,校准 ESC 温区并复核边缘 gas flow,14,12,-2.0,-4.0,PASS,pass
LOT-A,改善前,W01,28nm MCU,ETCH-07,A,Plasma Etch,edge_ring,边缘环形失效，怀疑静电卡盘温控漂移与边缘等离子体不均匀,校准 ESC 温区并复核边缘 gas flow,15,12,-1.0,-4.0,PASS,pass
LOT-A,改善前,W01,28nm MCU,ETCH-07,A,Plasma Etch,edge_ring,边缘环形失效，怀疑静电卡盘温控漂移与边缘等离子体不均匀,校准 ESC 温区并复核边缘 gas flow,16,12,0.0,-4.0,PASS,pass
LOT-A,改善前,W01,28nm MCU,ETCH-07,A,Plasma Etch,edge_ring,边缘环形失效，怀疑静电卡盘温控漂移与边缘等离子体不均匀,校准 ESC 温区并复核边缘 gas flow,17,12,1.0,-4.0,PASS,pass
LOT-A,改善前,W01,28nm MCU,ETCH-07,A,Plasma Etch,edge_ring,边缘环形失效，怀疑静电卡盘温控漂移与边缘等离子体不均匀,校准 ESC 温区并复核边缘 gas flow,18,12,2.0,-4.0,PASS,pass
LOT-A,改善前,W01,28nm MCU,ETCH-07,A,Plasma Etch,edge_ring,边缘环形失效，怀疑静电卡盘温控漂移与边缘等离子体不均匀,校准 ESC 温区并复核边缘 gas flow,19,12,3.0,-4.0,PASS,pass
LOT-A,改善前,W01,28nm MCU,ETCH-07,A,Plasma Etch,edge_ring,边缘环形失效，怀疑静电卡盘温控漂移与边缘等离子体不均匀,校准 ESC 温区并复核边缘 gas flow,20,12,4.0,-4.0,PASS,pass
LOT-A,改善前,W01,28nm MCU,ETCH-07,A,Plasma Etch,edge_ring,边缘环形失效，怀疑静电卡盘温控漂移与边缘等离子体不均匀,校准 ESC 温区并复核边缘 gas flow,21,12,5.0,-4.0,PASS,pass
LOT-A,改善前,W01,28nm MCU,ETCH-07,A,Plasma Etch,edge_ring,边缘环形失效，怀疑静电卡盘温控漂移与边缘等离子体不均匀,校准 ESC 温区并复核边缘 gas flow,22,12,6.0,-4.0,PASS,pass
LOT-A,改善前,W01,28nm MCU,ETCH-07,A,Plasma Etch,edge_ring,边缘环形失效，怀疑静电卡盘温控漂移与边缘等离子体不均匀,校准 ESC 温区并复核边缘 gas flow,23,12,7.0,-4.0,PASS,pass
LOT-A,改善前,W01,28nm MCU,ETCH-07,A,Plasma Etch,edge_ring,边缘环形失效，怀疑静电卡盘温控漂移与边缘等离子体不均匀,校准 ESC 温区并复核边缘 gas flow,24,12,8.0,-4.0,PASS,pass
LOT-A,改善前,W01,28nm MCU,ETCH-07,A,Plasma Etch,edge_ring,边缘环形失效，怀疑静电卡盘温控漂移与边缘等离子体不均匀,校准 ESC 温区并复核边缘 gas flow,25,12,9.0,-4.0,PASS,pass
LOT-A,改善前,W01,28nm MCU,ETCH-07,A,Plasma Etch,edge_ring,边缘环形失效，怀疑静电卡盘温控漂移与边缘等离子体不均匀,校准 ESC 温区并复核边缘 gas flow,26,12,10.0,-4.0,PASS,pass
LOT-A,改善前,W01,28nm MCU,ETCH-07,A,Plasma Etch,edge_ring,边缘环形失效，怀疑静电卡盘温控漂移与边缘等离子体不均匀,校准 ESC 温区并复核边缘 gas flow,27,12,11.0,-4.0,PASS,pass
LOT-A,改善前,W01,28nm MCU,ETCH-07,A,Plasma Etch,edge_ring,边缘环形失效，怀疑静电卡盘温控漂移与边缘等离子体不均匀,校准 ESC 温区并复核边缘 gas flow,28,12,12.0,-4.0,FAIL,edge_ring
LOT-A,改善前,W01,28nm MCU,ETCH-07,A,Plasma Etch,edge_ring,边缘环形失效，怀疑静电卡盘温控漂移与边缘等离子体不均匀,校准 ESC 温区并复核边缘 gas flow,29,12,13.0,-4.0,PASS,pass
LOT-A,改善前,W01,28nm MCU,ETCH-07,A,Plasma Etch,edge_ring,边缘环形失效，怀疑静电卡盘温控漂移与边缘等离子体不均匀,校准 ESC 温区并复核边缘 gas flow,30,12,14.0,-4.0,PASS,pass
LOT-A,改善前,W01,28nm MCU,ETCH-07,A,Plasma Etch,edge_ring,边缘环形失效，怀疑静电卡盘温控漂移与边缘等离子体不均匀,校准 ESC 温区并复核边缘 gas flow,2,13,-14.0,-3.0,FAIL,edge_ring
LOT-A,改善前,W01,28nm MCU,ETCH-07,A,Plasma Etch,edge_ring,边缘环形失效，怀疑静电卡盘温控漂移与边缘等离子体不均匀,校准 ESC 温区并复核边缘 gas flow,3,13,-13.0,-3.0,FAIL,edge_ring
LOT-A,改善前,W01,28nm MCU,ETCH-07,A,Plasma Etch,edge_ring,边缘环形失效，怀疑静电卡盘温控漂移与边缘等离子体不均匀,校准 ESC 温区并复核边缘 gas flow,4,13,-12.0,-3.0,FAIL,edge_ring
LOT-A,改善前,W01,28nm MCU,ETCH-07,A,Plasma Etch,edge_ring,边缘环形失效，怀疑静电卡盘温控漂移与边缘等离子体不均匀,校准 ESC 温区并复核边缘 gas flow,5,13,-11.0,-3.0,PASS,pass
LOT-A,改善前,W01,28nm MCU,ETCH-07,A,Plasma Etch,edge_ring,边缘环形失效，怀疑静电卡盘温控漂移与边缘等离子体不均匀,校准 ESC 温区并复核边缘 gas flow,6,13,-10.0,-3.0,PASS,pass
LOT-A,改善前,W01,28nm MCU,ETCH-07,A,Plasma Etch,edge_ring,边缘环形失效，怀疑静电卡盘温控漂移与边缘等离子体不均匀,校准 ESC 温区并复核边缘 gas flow,7,13,-9.0,-3.0,PASS,pass
LOT-A,改善前,W01,28nm MCU,ETCH-07,A,Plasma Etch,edge_ring,边缘环形失效，怀疑静电卡盘温控漂移与边缘等离子体不均匀,校准 ESC 温区并复核边缘 gas flow,8,13,-8.0,-3.0,PASS,pass
LOT-A,改善前,W01,28nm MCU,ETCH-07,A,Plasma Etch,edge_ring,边缘环形失效，怀疑静电卡盘温控漂移与边缘等离子体不均匀,校准 ESC 温区并复核边缘 gas flow,9,13,-7.0,-3.0,PASS,pass
LOT-A,改善前,W01,28nm MCU,ETCH-07,A,Plasma Etch,edge_ring,边缘环形失效，怀疑静电卡盘温控漂移与边缘等离子体不均匀,校准 ESC 温区并复核边缘 gas flow,10,13,-6.0,-3.0,PASS,pass
LOT-A,改善前,W01,28nm MCU,ETCH-07,A,Plasma Etch,edge_ring,边缘环形失效，怀疑静电卡盘温控漂移与边缘等离子体不均匀,校准 ESC 温区并复核边缘 gas flow,11,13,-5.0,-3.0,PASS,pass
LOT-A,改善前,W01,28nm MCU,ETCH-07,A,Plasma Etch,edge_ring,边缘环形失效，怀疑静电卡盘温控漂移与边缘等离子体不均匀,校准 ESC 温区并复核边缘 gas flow,12,13,-4.0,-3.0,PASS,pass
LOT-A,改善前,W01,28nm MCU,ETCH-07,A,Plasma Etch,edge_ring,边缘环形失效，怀疑静电卡盘温控漂移与边缘等离子体不均匀,校准 ESC 温区并复核边缘 gas flow,13,13,-3.0,-3.0,PASS,pass
LOT-A,改善前,W01,28nm MCU,ETCH-07,A,Plasma Etch,edge_ring,边缘环形失效，怀疑静电卡盘温控漂移与边缘等离子体不均匀,校准 ESC 温区并复核边缘 gas flow,14,13,-2.0,-3.0,PASS,pass
LOT-A,改善前,W01,28nm MCU,ETCH-07,A,Plasma Etch,edge_ring,边缘环形失效，怀疑静电卡盘温控漂移与边缘等离子体不均匀,校准 ESC 温区并复核边缘 gas flow,15,13,-1.0,-3.0,PASS,pass
LOT-A,改善前,W01,28nm MCU,ETCH-07,A,Plasma Etch,edge_ring,边缘环形失效，怀疑静电卡盘温控漂移与边缘等离子体不均匀,校准 ESC 温区并复核边缘 gas flow,16,13,0.0,-3.0,PASS,pass
LOT-A,改善前,W01,28nm MCU,ETCH-07,A,Plasma Etch,edge_ring,边缘环形失效，怀疑静电卡盘温控漂移与边缘等离子体不均匀,校准 ESC 温区并复核边缘 gas flow,17,13,1.0,-3.0,PASS,pass
LOT-A,改善前,W01,28nm MCU,ETCH-07,A,Plasma Etch,edge_ring,边缘环形失效，怀疑静电卡盘温控漂移与边缘等离子体不均匀,校准 ESC 温区并复核边缘 gas flow,18,13,2.0,-3.0,PASS,pass
LOT-A,改善前,W01,28nm MCU,ETCH-07,A,Plasma Etch,edge_ring,边缘环形失效，怀疑静电卡盘温控漂移与边缘等离子体不均匀,校准 ESC 温区并复核边缘 gas flow,19,13,3.0,-3.0,PASS,pass
LOT-A,改善前,W01,28nm MCU,ETCH-07,A,Plasma Etch,edge_ring,边缘环形失效，怀疑静电卡盘温控漂移与边缘等离子体不均匀,校准 ESC 温区并复核边缘 gas flow,20,13,4.0,-3.0,PASS,pass
LOT-A,改善前,W01,28nm MCU,ETCH-07,A,Plasma Etch,edge_ring,边缘环形失效，怀疑静电卡盘温控漂移与边缘等离子体不均匀,校准 ESC 温区并复核边缘 gas flow,21,13,5.0,-3.0,PASS,pass
LOT-A,改善前,W01,28nm MCU,ETCH-07,A,Plasma Etch,edge_ring,边缘环形失效，怀疑静电卡盘温控漂移与边缘等离子体不均匀,校准 ESC 温区并复核边缘 gas flow,22,13,6.0,-3.0,PASS,pass
LOT-A,改善前,W01,28nm MCU,ETCH-07,A,Plasma Etch,edge_ring,边缘环形失效，怀疑静电卡盘温控漂移与边缘等离子体不均匀,校准 ESC 温区并复核边缘 gas flow,23,13,7.0,-3.0,PASS,pass
LOT-A,改善前,W01,28nm MCU,ETCH-07,A,Plasma Etch,edge_ring,边缘环形失效，怀疑静电卡盘温控漂移与边缘等离子体不均匀,校准 ESC 温区并复核边缘 gas flow,24,13,8.0,-3.0,PASS,pass
LOT-A,改善前,W01,28nm MCU,ETCH-07,A,Plasma Etch,edge_ring,边缘环形失效，怀疑静电卡盘温控漂移与边缘等离子体不均匀,校准 ESC 温区并复核边缘 gas flow,25,13,9.0,-3.0,PASS,pass
LOT-A,改善前,W01,28nm MCU,ETCH-07,A,Plasma Etch,edge_ring,边缘环形失效，怀疑静电卡盘温控漂移与边缘等离子体不均匀,校准 ESC 温区并复核边缘 gas flow,26,13,10.0,-3.0,PASS,pass
LOT-A,改善前,W01,28nm MCU,ETCH-07,A,Plasma Etch,edge_ring,边缘环形失效，怀疑静电卡盘温控漂移与边缘等离子体不均匀,校准 ESC 温区并复核边缘 gas flow,27,13,11.0,-3.0,PASS,pass
LOT-A,改善前,W01,28nm MCU,ETCH-07,A,Plasma Etch,edge_ring,边缘环形失效，怀疑静电卡盘温控漂移与边缘等离子体不均匀,校准 ESC 温区并复核边缘 gas flow,28,13,12.0,-3.0,FAIL,edge_ring
LOT-A,改善前,W01,28nm MCU,ETCH-07,A,Plasma Etch,edge_ring,边缘环形失效，怀疑静电卡盘温控漂移与边缘等离子体不均匀,校准 ESC 温区并复核边缘 gas flow,29,13,13.0,-3.0,PASS,pass
LOT-A,改善前,W01,28nm MCU,ETCH-07,A,Plasma Etch,edge_ring,边缘环形失效，怀疑静电卡盘温控漂移与边缘等离子体不均匀,校准 ESC 温区并复核边缘 gas flow,30,13,14.0,-3.0,PASS,pass
LOT-A,改善前,W01,28nm MCU,ETCH-07,A,Plasma Etch,edge_ring,边缘环形失效，怀疑静电卡盘温控漂移与边缘等离子体不均匀,校准 ESC 温区并复核边缘 gas flow,2,14,-14.0,-2.0,FAIL,edge_ring
LOT-A,改善前,W01,28nm MCU,ETCH-07,A,Plasma Etch,edge_ring,边缘环形失效，怀疑静电卡盘温控漂移与边缘等离子体不均匀,校准 ESC 温区并复核边缘 gas flow,3,14,-13.0,-2.0,PASS,pass
LOT-A,改善前,W01,28nm MCU,ETCH-07,A,Plasma Etch,edge_ring,边缘环形失效，怀疑静电卡盘温控漂移与边缘等离子体不均匀,校准 ESC 温区并复核边缘 gas flow,4,14,-12.0,-2.0,PASS,pass
LOT-A,改善前,W01,28nm MCU,ETCH-07,A,Plasma Etch,edge_ring,边缘环形失效，怀疑静电卡盘温控漂移与边缘等离子体不均匀,校准 ESC 温区并复核边缘 gas flow,5,14,-11.0,-2.0,PASS,pass
LOT-A,改善前,W01,28nm MCU,ETCH-07,A,Plasma Etch,edge_ring,边缘环形失效，怀疑静电卡盘温控漂移与边缘等离子体不均匀,校准 ESC 温区并复核边缘 gas flow,6,14,-10.0,-2.0,PASS,pass
LOT-A,改善前,W01,28nm MCU,ETCH-07,A,Plasma Etch,edge_ring,边缘环形失效，怀疑静电卡盘温控漂移与边缘等离子体不均匀,校准 ESC 温区并复核边缘 gas flow,7,14,-9.0,-2.0,PASS,pass
LOT-A,改善前,W01,28nm MCU,ETCH-07,A,Plasma Etch,edge_ring,边缘环形失效，怀疑静电卡盘温控漂移与边缘等离子体不均匀,校准 ESC 温区并复核边缘 gas flow,8,14,-8.0,-2.0,PASS,pass
LOT-A,改善前,W01,28nm MCU,ETCH-07,A,Plasma Etch,edge_ring,边缘环形失效，怀疑静电卡盘温控漂移与边缘等离子体不均匀,校准 ESC 温区并复核边缘 gas flow,9,14,-7.0,-2.0,PASS,pass
LOT-A,改善前,W01,28nm MCU,ETCH-07,A,Plasma Etch,edge_ring,边缘环形失效，怀疑静电卡盘温控漂移与边缘等离子体不均匀,校准 ESC 温区并复核边缘 gas flow,10,14,-6.0,-2.0,PASS,pass
LOT-A,改善前,W01,28nm MCU,ETCH-07,A,Plasma Etch,edge_ring,边缘环形失效，怀疑静电卡盘温控漂移与边缘等离子体不均匀,校准 ESC 温区并复核边缘 gas flow,11,14,-5.0,-2.0,PASS,pass
LOT-A,改善前,W01,28nm MCU,ETCH-07,A,Plasma Etch,edge_ring,边缘环形失效，怀疑静电卡盘温控漂移与边缘等离子体不均匀,校准 ESC 温区并复核边缘 gas flow,12,14,-4.0,-2.0,PASS,pass
LOT-A,改善前,W01,28nm MCU,ETCH-07,A,Plasma Etch,edge_ring,边缘环形失效，怀疑静电卡盘温控漂移与边缘等离子体不均匀,校准 ESC 温区并复核边缘 gas flow,13,14,-3.0,-2.0,PASS,pass
LOT-A,改善前,W01,28nm MCU,ETCH-07,A,Plasma Etch,edge_ring,边缘环形失效，怀疑静电卡盘温控漂移与边缘等离子体不均匀,校准 ESC 温区并复核边缘 gas flow,14,14,-2.0,-2.0,PASS,pass
LOT-A,改善前,W01,28nm MCU,ETCH-07,A,Plasma Etch,edge_ring,边缘环形失效，怀疑静电卡盘温控漂移与边缘等离子体不均匀,校准 ESC 温区并复核边缘 gas flow,15,14,-1.0,-2.0,PASS,pass
LOT-A,改善前,W01,28nm MCU,ETCH-07,A,Plasma Etch,edge_ring,边缘环形失效，怀疑静电卡盘温控漂移与边缘等离子体不均匀,校准 ESC 温区并复核边缘 gas flow,16,14,0.0,-2.0,PASS,pass
LOT-A,改善前,W01,28nm MCU,ETCH-07,A,Plasma Etch,edge_ring,边缘环形失效，怀疑静电卡盘温控漂移与边缘等离子体不均匀,校准 ESC 温区并复核边缘 gas flow,17,14,1.0,-2.0,PASS,pass
LOT-A,改善前,W01,28nm MCU,ETCH-07,A,Plasma Etch,edge_ring,边缘环形失效，怀疑静电卡盘温控漂移与边缘等离子体不均匀,校准 ESC 温区并复核边缘 gas flow,18,14,2.0,-2.0,FAIL,random
LOT-A,改善前,W01,28nm MCU,ETCH-07,A,Plasma Etch,edge_ring,边缘环形失效，怀疑静电卡盘温控漂移与边缘等离子体不均匀,校准 ESC 温区并复核边缘 gas flow,19,14,3.0,-2.0,PASS,pass
LOT-A,改善前,W01,28nm MCU,ETCH-07,A,Plasma Etch,edge_ring,边缘环形失效，怀疑静电卡盘温控漂移与边缘等离子体不均匀,校准 ESC 温区并复核边缘 gas flow,20,14,4.0,-2.0,PASS,pass
LOT-A,改善前,W01,28nm MCU,ETCH-07,A,Plasma Etch,edge_ring,边缘环形失效，怀疑静电卡盘温控漂移与边缘等离子体不均匀,校准 ESC 温区并复核边缘 gas flow,21,14,5.0,-2.0,PASS,pass
LOT-A,改善前,W01,28nm MCU,ETCH-07,A,Plasma Etch,edge_ring,边缘环形失效，怀疑静电卡盘温控漂移与边缘等离子体不均匀,校准 ESC 温区并复核边缘 gas flow,22,14,6.0,-2.0,PASS,pass
LOT-A,改善前,W01,28nm MCU,ETCH-07,A,Plasma Etch,edge_ring,边缘环形失效，怀疑静电卡盘温控漂移与边缘等离子体不均匀,校准 ESC 温区并复核边缘 gas flow,23,14,7.0,-2.0,PASS,pass
LOT-A,改善前,W01,28nm MCU,ETCH-07,A,Plasma Etch,edge_ring,边缘环形失效，怀疑静电卡盘温控漂移与边缘等离子体不均匀,校准 ESC 温区并复核边缘 gas flow,24,14,8.0,-2.0,PASS,pass
LOT-A,改善前,W01,28nm MCU,ETCH-07,A,Plasma Etch,edge_ring,边缘环形失效，怀疑静电卡盘温控漂移与边缘等离子体不均匀,校准 ESC 温区并复核边缘 gas flow,25,14,9.0,-2.0,PASS,pass
LOT-A,改善前,W01,28nm MCU,ETCH-07,A,Plasma Etch,edge_ring,边缘环形失效，怀疑静电卡盘温控漂移与边缘等离子体不均匀,校准 ESC 温区并复核边缘 gas flow,26,14,10.0,-2.0,PASS,pass
LOT-A,改善前,W01,28nm MCU,ETCH-07,A,Plasma Etch,edge_ring,边缘环形失效，怀疑静电卡盘温控漂移与边缘等离子体不均匀,校准 ESC 温区并复核边缘 gas flow,27,14,11.0,-2.0,PASS,pass
LOT-A,改善前,W01,28nm MCU,ETCH-07,A,Plasma Etch,edge_ring,边缘环形失效，怀疑静电卡盘温控漂移与边缘等离子体不均匀,校准 ESC 温区并复核边缘 gas flow,28,14,12.0,-2.0,FAIL,edge_ring
LOT-A,改善前,W01,28nm MCU,ETCH-07,A,Plasma Etch,edge_ring,边缘环形失效，怀疑静电卡盘温控漂移与边缘等离子体不均匀,校准 ESC 温区并复核边缘 gas flow,29,14,13.0,-2.0,FAIL,edge_ring
LOT-A,改善前,W01,28nm MCU,ETCH-07,A,Plasma Etch,edge_ring,边缘环形失效，怀疑静电卡盘温控漂移与边缘等离子体不均匀,校准 ESC 温区并复核边缘 gas flow,30,14,14.0,-2.0,FAIL,edge_ring
LOT-A,改善前,W01,28nm MCU,ETCH-07,A,Plasma Etch,edge_ring,边缘环形失效，怀疑静电卡盘温控漂移与边缘等离子体不均匀,校准 ESC 温区并复核边缘 gas flow,2,15,-14.0,-1.0,FAIL,edge_ring
LOT-A,改善前,W01,28nm MCU,ETCH-07,A,Plasma Etch,edge_ring,边缘环形失效，怀疑静电卡盘温控漂移与边缘等离子体不均匀,校准 ESC 温区并复核边缘 gas flow,3,15,-13.0,-1.0,FAIL,edge_ring
LOT-A,改善前,W01,28nm MCU,ETCH-07,A,Plasma Etch,edge_ring,边缘环形失效，怀疑静电卡盘温控漂移与边缘等离子体不均匀,校准 ESC 温区并复核边缘 gas flow,4,15,-12.0,-1.0,FAIL,edge_ring
LOT-A,改善前,W01,28nm MCU,ETCH-07,A,Plasma Etch,edge_ring,边缘环形失效，怀疑静电卡盘温控漂移与边缘等离子体不均匀,校准 ESC 温区并复核边缘 gas flow,5,15,-11.0,-1.0,PASS,pass
LOT-A,改善前,W01,28nm MCU,ETCH-07,A,Plasma Etch,edge_ring,边缘环形失效，怀疑静电卡盘温控漂移与边缘等离子体不均匀,校准 ESC 温区并复核边缘 gas flow,6,15,-10.0,-1.0,PASS,pass
LOT-A,改善前,W01,28nm MCU,ETCH-07,A,Plasma Etch,edge_ring,边缘环形失效，怀疑静电卡盘温控漂移与边缘等离子体不均匀,校准 ESC 温区并复核边缘 gas flow,7,15,-9.0,-1.0,PASS,pass
LOT-A,改善前,W01,28nm MCU,ETCH-07,A,Plasma Etch,edge_ring,边缘环形失效，怀疑静电卡盘温控漂移与边缘等离子体不均匀,校准 ESC 温区并复核边缘 gas flow,8,15,-8.0,-1.0,FAIL,random
LOT-A,改善前,W01,28nm MCU,ETCH-07,A,Plasma Etch,edge_ring,边缘环形失效，怀疑静电卡盘温控漂移与边缘等离子体不均匀,校准 ESC 温区并复核边缘 gas flow,9,15,-7.0,-1.0,PASS,pass
LOT-A,改善前,W01,28nm MCU,ETCH-07,A,Plasma Etch,edge_ring,边缘环形失效，怀疑静电卡盘温控漂移与边缘等离子体不均匀,校准 ESC 温区并复核边缘 gas flow,10,15,-6.0,-1.0,PASS,pass
LOT-A,改善前,W01,28nm MCU,ETCH-07,A,Plasma Etch,edge_ring,边缘环形失效，怀疑静电卡盘温控漂移与边缘等离子体不均匀,校准 ESC 温区并复核边缘 gas flow,11,15,-5.0,-1.0,PASS,pass
LOT-A,改善前,W01,28nm MCU,ETCH-07,A,Plasma Etch,edge_ring,边缘环形失效，怀疑静电卡盘温控漂移与边缘等离子体不均匀,校准 ESC 温区并复核边缘 gas flow,12,15,-4.0,-1.0,PASS,pass
LOT-A,改善前,W01,28nm MCU,ETCH-07,A,Plasma Etch,edge_ring,边缘环形失效，怀疑静电卡盘温控漂移与边缘等离子体不均匀,校准 ESC 温区并复核边缘 gas flow,13,15,-3.0,-1.0,PASS,pass
LOT-A,改善前,W01,28nm MCU,ETCH-07,A,Plasma Etch,edge_ring,边缘环形失效，怀疑静电卡盘温控漂移与边缘等离子体不均匀,校准 ESC 温区并复核边缘 gas flow,14,15,-2.0,-1.0,PASS,pass
LOT-A,改善前,W01,28nm MCU,ETCH-07,A,Plasma Etch,edge_ring,边缘环形失效，怀疑静电卡盘温控漂移与边缘等离子体不均匀,校准 ESC 温区并复核边缘 gas flow,15,15,-1.0,-1.0,PASS,pass
LOT-A,改善前,W01,28nm MCU,ETCH-07,A,Plasma Etch,edge_ring,边缘环形失效，怀疑静电卡盘温控漂移与边缘等离子体不均匀,校准 ESC 温区并复核边缘 gas flow,16,15,0.0,-1.0,PASS,pass
LOT-A,改善前,W01,28nm MCU,ETCH-07,A,Plasma Etch,edge_ring,边缘环形失效，怀疑静电卡盘温控漂移与边缘等离子体不均匀,校准 ESC 温区并复核边缘 gas flow,17,15,1.0,-1.0,PASS,pass
LOT-A,改善前,W01,28nm MCU,ETCH-07,A,Plasma Etch,edge_ring,边缘环形失效，怀疑静电卡盘温控漂移与边缘等离子体不均匀,校准 ESC 温区并复核边缘 gas flow,18,15,2.0,-1.0,PASS,pass
LOT-A,改善前,W01,28nm MCU,ETCH-07,A,Plasma Etch,edge_ring,边缘环形失效，怀疑静电卡盘温控漂移与边缘等离子体不均匀,校准 ESC 温区并复核边缘 gas flow,19,15,3.0,-1.0,PASS,pass
LOT-A,改善前,W01,28nm MCU,ETCH-07,A,Plasma Etch,edge_ring,边缘环形失效，怀疑静电卡盘温控漂移与边缘等离子体不均匀,校准 ESC 温区并复核边缘 gas flow,20,15,4.0,-1.0,PASS,pass
LOT-A,改善前,W01,28nm MCU,ETCH-07,A,Plasma Etch,edge_ring,边缘环形失效，怀疑静电卡盘温控漂移与边缘等离子体不均匀,校准 ESC 温区并复核边缘 gas flow,21,15,5.0,-1.0,PASS,pass
LOT-A,改善前,W01,28nm MCU,ETCH-07,A,Plasma Etch,edge_ring,边缘环形失效，怀疑静电卡盘温控漂移与边缘等离子体不均匀,校准 ESC 温区并复核边缘 gas flow,22,15,6.0,-1.0,PASS,pass
LOT-A,改善前,W01,28nm MCU,ETCH-07,A,Plasma Etch,edge_ring,边缘环形失效，怀疑静电卡盘温控漂移与边缘等离子体不均匀,校准 ESC 温区并复核边缘 gas flow,23,15,7.0,-1.0,PASS,pass
LOT-A,改善前,W01,28nm MCU,ETCH-07,A,Plasma Etch,edge_ring,边缘环形失效，怀疑静电卡盘温控漂移与边缘等离子体不均匀,校准 ESC 温区并复核边缘 gas flow,24,15,8.0,-1.0,PASS,pass
LOT-A,改善前,W01,28nm MCU,ETCH-07,A,Plasma Etch,edge_ring,边缘环形失效，怀疑静电卡盘温控漂移与边缘等离子体不均匀,校准 ESC 温区并复核边缘 gas flow,25,15,9.0,-1.0,PASS,pass
LOT-A,改善前,W01,28nm MCU,ETCH-07,A,Plasma Etch,edge_ring,边缘环形失效，怀疑静电卡盘温控漂移与边缘等离子体不均匀,校准 ESC 温区并复核边缘 gas flow,26,15,10.0,-1.0,PASS,pass
LOT-A,改善前,W01,28nm MCU,ETCH-07,A,Plasma Etch,edge_ring,边缘环形失效，怀疑静电卡盘温控漂移与边缘等离子体不均匀,校准 ESC 温区并复核边缘 gas flow,27,15,11.0,-1.0,PASS,pass
LOT-A,改善前,W01,28nm MCU,ETCH-07,A,Plasma Etch,edge_ring,边缘环形失效，怀疑静电卡盘温控漂移与边缘等离子体不均匀,校准 ESC 温区并复核边缘 gas flow,28,15,12.0,-1.0,PASS,pass
LOT-A,改善前,W01,28nm MCU,ETCH-07,A,Plasma Etch,edge_ring,边缘环形失效，怀疑静电卡盘温控漂移与边缘等离子体不均匀,校准 ESC 温区并复核边缘 gas flow,29,15,13.0,-1.0,FAIL,edge_ring
LOT-A,改善前,W01,28nm MCU,ETCH-07,A,Plasma Etch,edge_ring,边缘环形失效，怀疑静电卡盘温控漂移与边缘等离子体不均匀,校准 ESC 温区并复核边缘 gas flow,30,15,14.0,-1.0,PASS,pass
LOT-A,改善前,W01,28nm MCU,ETCH-07,A,Plasma Etch,edge_ring,边缘环形失效，怀疑静电卡盘温控漂移与边缘等离子体不均匀,校准 ESC 温区并复核边缘 gas flow,2,16,-14.0,0.0,PASS,pass
LOT-A,改善前,W01,28nm MCU,ETCH-07,A,Plasma Etch,edge_ring,边缘环形失效，怀疑静电卡盘温控漂移与边缘等离子体不均匀,校准 ESC 温区并复核边缘 gas flow,3,16,-13.0,0.0,FAIL,edge_ring
LOT-A,改善前,W01,28nm MCU,ETCH-07,A,Plasma Etch,edge_ring,边缘环形失效，怀疑静电卡盘温控漂移与边缘等离子体不均匀,校准 ESC 温区并复核边缘 gas flow,4,16,-12.0,0.0,PASS,pass
LOT-A,改善前,W01,28nm MCU,ETCH-07,A,Plasma Etch,edge_ring,边缘环形失效，怀疑静电卡盘温控漂移与边缘等离子体不均匀,校准 ESC 温区并复核边缘 gas flow,5,16,-11.0,0.0,PASS,pass
LOT-A,改善前,W01,28nm MCU,ETCH-07,A,Plasma Etch,edge_ring,边缘环形失效，怀疑静电卡盘温控漂移与边缘等离子体不均匀,校准 ESC 温区并复核边缘 gas flow,6,16,-10.0,0.0,PASS,pass
LOT-A,改善前,W01,28nm MCU,ETCH-07,A,Plasma Etch,edge_ring,边缘环形失效，怀疑静电卡盘温控漂移与边缘等离子体不均匀,校准 ESC 温区并复核边缘 gas flow,7,16,-9.0,0.0,PASS,pass
LOT-A,改善前,W01,28nm MCU,ETCH-07,A,Plasma Etch,edge_ring,边缘环形失效，怀疑静电卡盘温控漂移与边缘等离子体不均匀,校准 ESC 温区并复核边缘 gas flow,8,16,-8.0,0.0,PASS,pass
LOT-A,改善前,W01,28nm MCU,ETCH-07,A,Plasma Etch,edge_ring,边缘环形失效，怀疑静电卡盘温控漂移与边缘等离子体不均匀,校准 ESC 温区并复核边缘 gas flow,9,16,-7.0,0.0,PASS,pass
LOT-A,改善前,W01,28nm MCU,ETCH-07,A,Plasma Etch,edge_ring,边缘环形失效，怀疑静电卡盘温控漂移与边缘等离子体不均匀,校准 ESC 温区并复核边缘 gas flow,10,16,-6.0,0.0,PASS,pass
LOT-A,改善前,W01,28nm MCU,ETCH-07,A,Plasma Etch,edge_ring,边缘环形失效，怀疑静电卡盘温控漂移与边缘等离子体不均匀,校准 ESC 温区并复核边缘 gas flow,11,16,-5.0,0.0,PASS,pass
LOT-A,改善前,W01,28nm MCU,ETCH-07,A,Plasma Etch,edge_ring,边缘环形失效，怀疑静电卡盘温控漂移与边缘等离子体不均匀,校准 ESC 温区并复核边缘 gas flow,12,16,-4.0,0.0,PASS,pass
LOT-A,改善前,W01,28nm MCU,ETCH-07,A,Plasma Etch,edge_ring,边缘环形失效，怀疑静电卡盘温控漂移与边缘等离子体不均匀,校准 ESC 温区并复核边缘 gas flow,13,16,-3.0,0.0,PASS,pass
LOT-A,改善前,W01,28nm MCU,ETCH-07,A,Plasma Etch,edge_ring,边缘环形失效，怀疑静电卡盘温控漂移与边缘等离子体不均匀,校准 ESC 温区并复核边缘 gas flow,14,16,-2.0,0.0,PASS,pass
LOT-A,改善前,W01,28nm MCU,ETCH-07,A,Plasma Etch,edge_ring,边缘环形失效，怀疑静电卡盘温控漂移与边缘等离子体不均匀,校准 ESC 温区并复核边缘 gas flow,15,16,-1.0,0.0,PASS,pass
LOT-A,改善前,W01,28nm MCU,ETCH-07,A,Plasma Etch,edge_ring,边缘环形失效，怀疑静电卡盘温控漂移与边缘等离子体不均匀,校准 ESC 温区并复核边缘 gas flow,16,16,0.0,0.0,PASS,pass
LOT-A,改善前,W01,28nm MCU,ETCH-07,A,Plasma Etch,edge_ring,边缘环形失效，怀疑静电卡盘温控漂移与边缘等离子体不均匀,校准 ESC 温区并复核边缘 gas flow,17,16,1.0,0.0,PASS,pass
LOT-A,改善前,W01,28nm MCU,ETCH-07,A,Plasma Etch,edge_ring,边缘环形失效，怀疑静电卡盘温控漂移与边缘等离子体不均匀,校准 ESC 温区并复核边缘 gas flow,18,16,2.0,0.0,PASS,pass
LOT-A,改善前,W01,28nm MCU,ETCH-07,A,Plasma Etch,edge_ring,边缘环形失效，怀疑静电卡盘温控漂移与边缘等离子体不均匀,校准 ESC 温区并复核边缘 gas flow,19,16,3.0,0.0,PASS,pass
LOT-A,改善前,W01,28nm MCU,ETCH-07,A,Plasma Etch,edge_ring,边缘环形失效，怀疑静电卡盘温控漂移与边缘等离子体不均匀,校准 ESC 温区并复核边缘 gas flow,20,16,4.0,0.0,PASS,pass
LOT-A,改善前,W01,28nm MCU,ETCH-07,A,Plasma Etch,edge_ring,边缘环形失效，怀疑静电卡盘温控漂移与边缘等离子体不均匀,校准 ESC 温区并复核边缘 gas flow,21,16,5.0,0.0,PASS,pass
LOT-A,改善前,W01,28nm MCU,ETCH-07,A,Plasma Etch,edge_ring,边缘环形失效，怀疑静电卡盘温控漂移与边缘等离子体不均匀,校准 ESC 温区并复核边缘 gas flow,22,16,6.0,0.0,PASS,pass
LOT-A,改善前,W01,28nm MCU,ETCH-07,A,Plasma Etch,edge_ring,边缘环形失效，怀疑静电卡盘温控漂移与边缘等离子体不均匀,校准 ESC 温区并复核边缘 gas flow,23,16,7.0,0.0,PASS,pass
LOT-A,改善前,W01,28nm MCU,ETCH-07,A,Plasma Etch,edge_ring,边缘环形失效，怀疑静电卡盘温控漂移与边缘等离子体不均匀,校准 ESC 温区并复核边缘 gas flow,24,16,8.0,0.0,PASS,pass
LOT-A,改善前,W01,28nm MCU,ETCH-07,A,Plasma Etch,edge_ring,边缘环形失效，怀疑静电卡盘温控漂移与边缘等离子体不均匀,校准 ESC 温区并复核边缘 gas flow,25,16,9.0,0.0,PASS,pass
LOT-A,改善前,W01,28nm MCU,ETCH-07,A,Plasma Etch,edge_ring,边缘环形失效，怀疑静电卡盘温控漂移与边缘等离子体不均匀,校准 ESC 温区并复核边缘 gas flow,26,16,10.0,0.0,PASS,pass
LOT-A,改善前,W01,28nm MCU,ETCH-07,A,Plasma Etch,edge_ring,边缘环形失效，怀疑静电卡盘温控漂移与边缘等离子体不均匀,校准 ESC 温区并复核边缘 gas flow,27,16,11.0,0.0,FAIL,edge_ring
LOT-A,改善前,W01,28nm MCU,ETCH-07,A,Plasma Etch,edge_ring,边缘环形失效，怀疑静电卡盘温控漂移与边缘等离子体不均匀,校准 ESC 温区并复核边缘 gas flow,28,16,12.0,0.0,PASS,pass
LOT-A,改善前,W01,28nm MCU,ETCH-07,A,Plasma Etch,edge_ring,边缘环形失效，怀疑静电卡盘温控漂移与边缘等离子体不均匀,校准 ESC 温区并复核边缘 gas flow,29,16,13.0,0.0,PASS,pass
LOT-A,改善前,W01,28nm MCU,ETCH-07,A,Plasma Etch,edge_ring,边缘环形失效，怀疑静电卡盘温控漂移与边缘等离子体不均匀,校准 ESC 温区并复核边缘 gas flow,30,16,14.0,0.0,FAIL,edge_ring
LOT-A,改善前,W01,28nm MCU,ETCH-07,A,Plasma Etch,edge_ring,边缘环形失效，怀疑静电卡盘温控漂移与边缘等离子体不均匀,校准 ESC 温区并复核边缘 gas flow,2,17,-14.0,1.0,FAIL,edge_ring
LOT-A,改善前,W01,28nm MCU,ETCH-07,A,Plasma Etch,edge_ring,边缘环形失效，怀疑静电卡盘温控漂移与边缘等离子体不均匀,校准 ESC 温区并复核边缘 gas flow,3,17,-13.0,1.0,FAIL,edge_ring
LOT-A,改善前,W01,28nm MCU,ETCH-07,A,Plasma Etch,edge_ring,边缘环形失效，怀疑静电卡盘温控漂移与边缘等离子体不均匀,校准 ESC 温区并复核边缘 gas flow,4,17,-12.0,1.0,PASS,pass
LOT-A,改善前,W01,28nm MCU,ETCH-07,A,Plasma Etch,edge_ring,边缘环形失效，怀疑静电卡盘温控漂移与边缘等离子体不均匀,校准 ESC 温区并复核边缘 gas flow,5,17,-11.0,1.0,PASS,pass
LOT-A,改善前,W01,28nm MCU,ETCH-07,A,Plasma Etch,edge_ring,边缘环形失效，怀疑静电卡盘温控漂移与边缘等离子体不均匀,校准 ESC 温区并复核边缘 gas flow,6,17,-10.0,1.0,PASS,pass
LOT-A,改善前,W01,28nm MCU,ETCH-07,A,Plasma Etch,edge_ring,边缘环形失效，怀疑静电卡盘温控漂移与边缘等离子体不均匀,校准 ESC 温区并复核边缘 gas flow,7,17,-9.0,1.0,PASS,pass
LOT-A,改善前,W01,28nm MCU,ETCH-07,A,Plasma Etch,edge_ring,边缘环形失效，怀疑静电卡盘温控漂移与边缘等离子体不均匀,校准 ESC 温区并复核边缘 gas flow,8,17,-8.0,1.0,PASS,pass
LOT-A,改善前,W01,28nm MCU,ETCH-07,A,Plasma Etch,edge_ring,边缘环形失效，怀疑静电卡盘温控漂移与边缘等离子体不均匀,校准 ESC 温区并复核边缘 gas flow,9,17,-7.0,1.0,PASS,pass
LOT-A,改善前,W01,28nm MCU,ETCH-07,A,Plasma Etch,edge_ring,边缘环形失效，怀疑静电卡盘温控漂移与边缘等离子体不均匀,校准 ESC 温区并复核边缘 gas flow,10,17,-6.0,1.0,PASS,pass
LOT-A,改善前,W01,28nm MCU,ETCH-07,A,Plasma Etch,edge_ring,边缘环形失效，怀疑静电卡盘温控漂移与边缘等离子体不均匀,校准 ESC 温区并复核边缘 gas flow,11,17,-5.0,1.0,PASS,pass
LOT-A,改善前,W01,28nm MCU,ETCH-07,A,Plasma Etch,edge_ring,边缘环形失效，怀疑静电卡盘温控漂移与边缘等离子体不均匀,校准 ESC 温区并复核边缘 gas flow,12,17,-4.0,1.0,PASS,pass
LOT-A,改善前,W01,28nm MCU,ETCH-07,A,Plasma Etch,edge_ring,边缘环形失效，怀疑静电卡盘温控漂移与边缘等离子体不均匀,校准 ESC 温区并复核边缘 gas flow,13,17,-3.0,1.0,PASS,pass
LOT-A,改善前,W01,28nm MCU,ETCH-07,A,Plasma Etch,edge_ring,边缘环形失效，怀疑静电卡盘温控漂移与边缘等离子体不均匀,校准 ESC 温区并复核边缘 gas flow,14,17,-2.0,1.0,PASS,pass
LOT-A,改善前,W01,28nm MCU,ETCH-07,A,Plasma Etch,edge_ring,边缘环形失效，怀疑静电卡盘温控漂移与边缘等离子体不均匀,校准 ESC 温区并复核边缘 gas flow,15,17,-1.0,1.0,PASS,pass
LOT-A,改善前,W01,28nm MCU,ETCH-07,A,Plasma Etch,edge_ring,边缘环形失效，怀疑静电卡盘温控漂移与边缘等离子体不均匀,校准 ESC 温区并复核边缘 gas flow,16,17,0.0,1.0,PASS,pass
LOT-A,改善前,W01,28nm MCU,ETCH-07,A,Plasma Etch,edge_ring,边缘环形失效，怀疑静电卡盘温控漂移与边缘等离子体不均匀,校准 ESC 温区并复核边缘 gas flow,17,17,1.0,1.0,PASS,pass
LOT-A,改善前,W01,28nm MCU,ETCH-07,A,Plasma Etch,edge_ring,边缘环形失效，怀疑静电卡盘温控漂移与边缘等离子体不均匀,校准 ESC 温区并复核边缘 gas flow,18,17,2.0,1.0,PASS,pass
LOT-A,改善前,W01,28nm MCU,ETCH-07,A,Plasma Etch,edge_ring,边缘环形失效，怀疑静电卡盘温控漂移与边缘等离子体不均匀,校准 ESC 温区并复核边缘 gas flow,19,17,3.0,1.0,PASS,pass
LOT-A,改善前,W01,28nm MCU,ETCH-07,A,Plasma Etch,edge_ring,边缘环形失效，怀疑静电卡盘温控漂移与边缘等离子体不均匀,校准 ESC 温区并复核边缘 gas flow,20,17,4.0,1.0,PASS,pass
LOT-A,改善前,W01,28nm MCU,ETCH-07,A,Plasma Etch,edge_ring,边缘环形失效，怀疑静电卡盘温控漂移与边缘等离子体不均匀,校准 ESC 温区并复核边缘 gas flow,21,17,5.0,1.0,PASS,pass
LOT-A,改善前,W01,28nm MCU,ETCH-07,A,Plasma Etch,edge_ring,边缘环形失效，怀疑静电卡盘温控漂移与边缘等离子体不均匀,校准 ESC 温区并复核边缘 gas flow,22,17,6.0,1.0,PASS,pass
LOT-A,改善前,W01,28nm MCU,ETCH-07,A,Plasma Etch,edge_ring,边缘环形失效，怀疑静电卡盘温控漂移与边缘等离子体不均匀,校准 ESC 温区并复核边缘 gas flow,23,17,7.0,1.0,PASS,pass
LOT-A,改善前,W01,28nm MCU,ETCH-07,A,Plasma Etch,edge_ring,边缘环形失效，怀疑静电卡盘温控漂移与边缘等离子体不均匀,校准 ESC 温区并复核边缘 gas flow,24,17,8.0,1.0,PASS,pass
LOT-A,改善前,W01,28nm MCU,ETCH-07,A,Plasma Etch,edge_ring,边缘环形失效，怀疑静电卡盘温控漂移与边缘等离子体不均匀,校准 ESC 温区并复核边缘 gas flow,25,17,9.0,1.0,PASS,pass
LOT-A,改善前,W01,28nm MCU,ETCH-07,A,Plasma Etch,edge_ring,边缘环形失效，怀疑静电卡盘温控漂移与边缘等离子体不均匀,校准 ESC 温区并复核边缘 gas flow,26,17,10.0,1.0,PASS,pass
LOT-A,改善前,W01,28nm MCU,ETCH-07,A,Plasma Etch,edge_ring,边缘环形失效，怀疑静电卡盘温控漂移与边缘等离子体不均匀,校准 ESC 温区并复核边缘 gas flow,27,17,11.0,1.0,PASS,pass
LOT-A,改善前,W01,28nm MCU,ETCH-07,A,Plasma Etch,edge_ring,边缘环形失效，怀疑静电卡盘温控漂移与边缘等离子体不均匀,校准 ESC 温区并复核边缘 gas flow,28,17,12.0,1.0,PASS,pass
LOT-A,改善前,W01,28nm MCU,ETCH-07,A,Plasma Etch,edge_ring,边缘环形失效，怀疑静电卡盘温控漂移与边缘等离子体不均匀,校准 ESC 温区并复核边缘 gas flow,29,17,13.0,1.0,FAIL,edge_ring
LOT-A,改善前,W01,28nm MCU,ETCH-07,A,Plasma Etch,edge_ring,边缘环形失效，怀疑静电卡盘温控漂移与边缘等离子体不均匀,校准 ESC 温区并复核边缘 gas flow,30,17,14.0,1.0,FAIL,edge_ring
LOT-A,改善前,W01,28nm MCU,ETCH-07,A,Plasma Etch,edge_ring,边缘环形失效，怀疑静电卡盘温控漂移与边缘等离子体不均匀,校准 ESC 温区并复核边缘 gas flow,2,18,-14.0,2.0,FAIL,edge_ring
LOT-A,改善前,W01,28nm MCU,ETCH-07,A,Plasma Etch,edge_ring,边缘环形失效，怀疑静电卡盘温控漂移与边缘等离子体不均匀,校准 ESC 温区并复核边缘 gas flow,3,18,-13.0,2.0,FAIL,edge_ring
LOT-A,改善前,W01,28nm MCU,ETCH-07,A,Plasma Etch,edge_ring,边缘环形失效，怀疑静电卡盘温控漂移与边缘等离子体不均匀,校准 ESC 温区并复核边缘 gas flow,4,18,-12.0,2.0,FAIL,edge_ring
LOT-A,改善前,W01,28nm MCU,ETCH-07,A,Plasma Etch,edge_ring,边缘环形失效，怀疑静电卡盘温控漂移与边缘等离子体不均匀,校准 ESC 温区并复核边缘 gas flow,5,18,-11.0,2.0,PASS,pass
LOT-A,改善前,W01,28nm MCU,ETCH-07,A,Plasma Etch,edge_ring,边缘环形失效，怀疑静电卡盘温控漂移与边缘等离子体不均匀,校准 ESC 温区并复核边缘 gas flow,6,18,-10.0,2.0,PASS,pass
LOT-A,改善前,W01,28nm MCU,ETCH-07,A,Plasma Etch,edge_ring,边缘环形失效，怀疑静电卡盘温控漂移与边缘等离子体不均匀,校准 ESC 温区并复核边缘 gas flow,7,18,-9.0,2.0,PASS,pass
LOT-A,改善前,W01,28nm MCU,ETCH-07,A,Plasma Etch,edge_ring,边缘环形失效，怀疑静电卡盘温控漂移与边缘等离子体不均匀,校准 ESC 温区并复核边缘 gas flow,8,18,-8.0,2.0,PASS,pass
LOT-A,改善前,W01,28nm MCU,ETCH-07,A,Plasma Etch,edge_ring,边缘环形失效，怀疑静电卡盘温控漂移与边缘等离子体不均匀,校准 ESC 温区并复核边缘 gas flow,9,18,-7.0,2.0,PASS,pass
LOT-A,改善前,W01,28nm MCU,ETCH-07,A,Plasma Etch,edge_ring,边缘环形失效，怀疑静电卡盘温控漂移与边缘等离子体不均匀,校准 ESC 温区并复核边缘 gas flow,10,18,-6.0,2.0,PASS,pass
LOT-A,改善前,W01,28nm MCU,ETCH-07,A,Plasma Etch,edge_ring,边缘环形失效，怀疑静电卡盘温控漂移与边缘等离子体不均匀,校准 ESC 温区并复核边缘 gas flow,11,18,-5.0,2.0,PASS,pass
LOT-A,改善前,W01,28nm MCU,ETCH-07,A,Plasma Etch,edge_ring,边缘环形失效，怀疑静电卡盘温控漂移与边缘等离子体不均匀,校准 ESC 温区并复核边缘 gas flow,12,18,-4.0,2.0,PASS,pass
LOT-A,改善前,W01,28nm MCU,ETCH-07,A,Plasma Etch,edge_ring,边缘环形失效，怀疑静电卡盘温控漂移与边缘等离子体不均匀,校准 ESC 温区并复核边缘 gas flow,13,18,-3.0,2.0,PASS,pass
LOT-A,改善前,W01,28nm MCU,ETCH-07,A,Plasma Etch,edge_ring,边缘环形失效，怀疑静电卡盘温控漂移与边缘等离子体不均匀,校准 ESC 温区并复核边缘 gas flow,14,18,-2.0,2.0,PASS,pass
LOT-A,改善前,W01,28nm MCU,ETCH-07,A,Plasma Etch,edge_ring,边缘环形失效，怀疑静电卡盘温控漂移与边缘等离子体不均匀,校准 ESC 温区并复核边缘 gas flow,15,18,-1.0,2.0,PASS,pass
LOT-A,改善前,W01,28nm MCU,ETCH-07,A,Plasma Etch,edge_ring,边缘环形失效，怀疑静电卡盘温控漂移与边缘等离子体不均匀,校准 ESC 温区并复核边缘 gas flow,16,18,0.0,2.0,PASS,pass
LOT-A,改善前,W01,28nm MCU,ETCH-07,A,Plasma Etch,edge_ring,边缘环形失效，怀疑静电卡盘温控漂移与边缘等离子体不均匀,校准 ESC 温区并复核边缘 gas flow,17,18,1.0,2.0,PASS,pass
LOT-A,改善前,W01,28nm MCU,ETCH-07,A,Plasma Etch,edge_ring,边缘环形失效，怀疑静电卡盘温控漂移与边缘等离子体不均匀,校准 ESC 温区并复核边缘 gas flow,18,18,2.0,2.0,PASS,pass
LOT-A,改善前,W01,28nm MCU,ETCH-07,A,Plasma Etch,edge_ring,边缘环形失效，怀疑静电卡盘温控漂移与边缘等离子体不均匀,校准 ESC 温区并复核边缘 gas flow,19,18,3.0,2.0,PASS,pass
LOT-A,改善前,W01,28nm MCU,ETCH-07,A,Plasma Etch,edge_ring,边缘环形失效，怀疑静电卡盘温控漂移与边缘等离子体不均匀,校准 ESC 温区并复核边缘 gas flow,20,18,4.0,2.0,PASS,pass
LOT-A,改善前,W01,28nm MCU,ETCH-07,A,Plasma Etch,edge_ring,边缘环形失效，怀疑静电卡盘温控漂移与边缘等离子体不均匀,校准 ESC 温区并复核边缘 gas flow,21,18,5.0,2.0,PASS,pass
LOT-A,改善前,W01,28nm MCU,ETCH-07,A,Plasma Etch,edge_ring,边缘环形失效，怀疑静电卡盘温控漂移与边缘等离子体不均匀,校准 ESC 温区并复核边缘 gas flow,22,18,6.0,2.0,PASS,pass
LOT-A,改善前,W01,28nm MCU,ETCH-07,A,Plasma Etch,edge_ring,边缘环形失效，怀疑静电卡盘温控漂移与边缘等离子体不均匀,校准 ESC 温区并复核边缘 gas flow,23,18,7.0,2.0,PASS,pass
LOT-A,改善前,W01,28nm MCU,ETCH-07,A,Plasma Etch,edge_ring,边缘环形失效，怀疑静电卡盘温控漂移与边缘等离子体不均匀,校准 ESC 温区并复核边缘 gas flow,24,18,8.0,2.0,PASS,pass
LOT-A,改善前,W01,28nm MCU,ETCH-07,A,Plasma Etch,edge_ring,边缘环形失效，怀疑静电卡盘温控漂移与边缘等离子体不均匀,校准 ESC 温区并复核边缘 gas flow,25,18,9.0,2.0,PASS,pass
LOT-A,改善前,W01,28nm MCU,ETCH-07,A,Plasma Etch,edge_ring,边缘环形失效，怀疑静电卡盘温控漂移与边缘等离子体不均匀,校准 ESC 温区并复核边缘 gas flow,26,18,10.0,2.0,PASS,pass
LOT-A,改善前,W01,28nm MCU,ETCH-07,A,Plasma Etch,edge_ring,边缘环形失效，怀疑静电卡盘温控漂移与边缘等离子体不均匀,校准 ESC 温区并复核边缘 gas flow,27,18,11.0,2.0,FAIL,edge_ring
LOT-A,改善前,W01,28nm MCU,ETCH-07,A,Plasma Etch,edge_ring,边缘环形失效，怀疑静电卡盘温控漂移与边缘等离子体不均匀,校准 ESC 温区并复核边缘 gas flow,28,18,12.0,2.0,PASS,pass
LOT-A,改善前,W01,28nm MCU,ETCH-07,A,Plasma Etch,edge_ring,边缘环形失效，怀疑静电卡盘温控漂移与边缘等离子体不均匀,校准 ESC 温区并复核边缘 gas flow,29,18,13.0,2.0,PASS,pass
LOT-A,改善前,W01,28nm MCU,ETCH-07,A,Plasma Etch,edge_ring,边缘环形失效，怀疑静电卡盘温控漂移与边缘等离子体不均匀,校准 ESC 温区并复核边缘 gas flow,30,18,14.0,2.0,FAIL,edge_ring
LOT-A,改善前,W01,28nm MCU,ETCH-07,A,Plasma Etch,edge_ring,边缘环形失效，怀疑静电卡盘温控漂移与边缘等离子体不均匀,校准 ESC 温区并复核边缘 gas flow,2,19,-14.0,3.0,PASS,pass
LOT-A,改善前,W01,28nm MCU,ETCH-07,A,Plasma Etch,edge_ring,边缘环形失效，怀疑静电卡盘温控漂移与边缘等离子体不均匀,校准 ESC 温区并复核边缘 gas flow,3,19,-13.0,3.0,FAIL,edge_ring
LOT-A,改善前,W01,28nm MCU,ETCH-07,A,Plasma Etch,edge_ring,边缘环形失效，怀疑静电卡盘温控漂移与边缘等离子体不均匀,校准 ESC 温区并复核边缘 gas flow,4,19,-12.0,3.0,FAIL,edge_ring
LOT-A,改善前,W01,28nm MCU,ETCH-07,A,Plasma Etch,edge_ring,边缘环形失效，怀疑静电卡盘温控漂移与边缘等离子体不均匀,校准 ESC 温区并复核边缘 gas flow,5,19,-11.0,3.0,PASS,pass
LOT-A,改善前,W01,28nm MCU,ETCH-07,A,Plasma Etch,edge_ring,边缘环形失效，怀疑静电卡盘温控漂移与边缘等离子体不均匀,校准 ESC 温区并复核边缘 gas flow,6,19,-10.0,3.0,PASS,pass
LOT-A,改善前,W01,28nm MCU,ETCH-07,A,Plasma Etch,edge_ring,边缘环形失效，怀疑静电卡盘温控漂移与边缘等离子体不均匀,校准 ESC 温区并复核边缘 gas flow,7,19,-9.0,3.0,PASS,pass
LOT-A,改善前,W01,28nm MCU,ETCH-07,A,Plasma Etch,edge_ring,边缘环形失效，怀疑静电卡盘温控漂移与边缘等离子体不均匀,校准 ESC 温区并复核边缘 gas flow,8,19,-8.0,3.0,PASS,pass
LOT-A,改善前,W01,28nm MCU,ETCH-07,A,Plasma Etch,edge_ring,边缘环形失效，怀疑静电卡盘温控漂移与边缘等离子体不均匀,校准 ESC 温区并复核边缘 gas flow,9,19,-7.0,3.0,PASS,pass
LOT-A,改善前,W01,28nm MCU,ETCH-07,A,Plasma Etch,edge_ring,边缘环形失效，怀疑静电卡盘温控漂移与边缘等离子体不均匀,校准 ESC 温区并复核边缘 gas flow,10,19,-6.0,3.0,PASS,pass
LOT-A,改善前,W01,28nm MCU,ETCH-07,A,Plasma Etch,edge_ring,边缘环形失效，怀疑静电卡盘温控漂移与边缘等离子体不均匀,校准 ESC 温区并复核边缘 gas flow,11,19,-5.0,3.0,PASS,pass
LOT-A,改善前,W01,28nm MCU,ETCH-07,A,Plasma Etch,edge_ring,边缘环形失效，怀疑静电卡盘温控漂移与边缘等离子体不均匀,校准 ESC 温区并复核边缘 gas flow,12,19,-4.0,3.0,PASS,pass
LOT-A,改善前,W01,28nm MCU,ETCH-07,A,Plasma Etch,edge_ring,边缘环形失效，怀疑静电卡盘温控漂移与边缘等离子体不均匀,校准 ESC 温区并复核边缘 gas flow,13,19,-3.0,3.0,PASS,pass
LOT-A,改善前,W01,28nm MCU,ETCH-07,A,Plasma Etch,edge_ring,边缘环形失效，怀疑静电卡盘温控漂移与边缘等离子体不均匀,校准 ESC 温区并复核边缘 gas flow,14,19,-2.0,3.0,PASS,pass
LOT-A,改善前,W01,28nm MCU,ETCH-07,A,Plasma Etch,edge_ring,边缘环形失效，怀疑静电卡盘温控漂移与边缘等离子体不均匀,校准 ESC 温区并复核边缘 gas flow,15,19,-1.0,3.0,PASS,pass
LOT-A,改善前,W01,28nm MCU,ETCH-07,A,Plasma Etch,edge_ring,边缘环形失效，怀疑静电卡盘温控漂移与边缘等离子体不均匀,校准 ESC 温区并复核边缘 gas flow,16,19,0.0,3.0,PASS,pass
LOT-A,改善前,W01,28nm MCU,ETCH-07,A,Plasma Etch,edge_ring,边缘环形失效，怀疑静电卡盘温控漂移与边缘等离子体不均匀,校准 ESC 温区并复核边缘 gas flow,17,19,1.0,3.0,PASS,pass
LOT-A,改善前,W01,28nm MCU,ETCH-07,A,Plasma Etch,edge_ring,边缘环形失效，怀疑静电卡盘温控漂移与边缘等离子体不均匀,校准 ESC 温区并复核边缘 gas flow,18,19,2.0,3.0,PASS,pass
LOT-A,改善前,W01,28nm MCU,ETCH-07,A,Plasma Etch,edge_ring,边缘环形失效，怀疑静电卡盘温控漂移与边缘等离子体不均匀,校准 ESC 温区并复核边缘 gas flow,19,19,3.0,3.0,PASS,pass
LOT-A,改善前,W01,28nm MCU,ETCH-07,A,Plasma Etch,edge_ring,边缘环形失效，怀疑静电卡盘温控漂移与边缘等离子体不均匀,校准 ESC 温区并复核边缘 gas flow,20,19,4.0,3.0,PASS,pass
LOT-A,改善前,W01,28nm MCU,ETCH-07,A,Plasma Etch,edge_ring,边缘环形失效，怀疑静电卡盘温控漂移与边缘等离子体不均匀,校准 ESC 温区并复核边缘 gas flow,21,19,5.0,3.0,PASS,pass
LOT-A,改善前,W01,28nm MCU,ETCH-07,A,Plasma Etch,edge_ring,边缘环形失效，怀疑静电卡盘温控漂移与边缘等离子体不均匀,校准 ESC 温区并复核边缘 gas flow,22,19,6.0,3.0,PASS,pass
LOT-A,改善前,W01,28nm MCU,ETCH-07,A,Plasma Etch,edge_ring,边缘环形失效，怀疑静电卡盘温控漂移与边缘等离子体不均匀,校准 ESC 温区并复核边缘 gas flow,23,19,7.0,3.0,PASS,pass
LOT-A,改善前,W01,28nm MCU,ETCH-07,A,Plasma Etch,edge_ring,边缘环形失效，怀疑静电卡盘温控漂移与边缘等离子体不均匀,校准 ESC 温区并复核边缘 gas flow,24,19,8.0,3.0,PASS,pass
LOT-A,改善前,W01,28nm MCU,ETCH-07,A,Plasma Etch,edge_ring,边缘环形失效，怀疑静电卡盘温控漂移与边缘等离子体不均匀,校准 ESC 温区并复核边缘 gas flow,25,19,9.0,3.0,PASS,pass
LOT-A,改善前,W01,28nm MCU,ETCH-07,A,Plasma Etch,edge_ring,边缘环形失效，怀疑静电卡盘温控漂移与边缘等离子体不均匀,校准 ESC 温区并复核边缘 gas flow,26,19,10.0,3.0,PASS,pass
LOT-A,改善前,W01,28nm MCU,ETCH-07,A,Plasma Etch,edge_ring,边缘环形失效，怀疑静电卡盘温控漂移与边缘等离子体不均匀,校准 ESC 温区并复核边缘 gas flow,27,19,11.0,3.0,FAIL,edge_ring
LOT-A,改善前,W01,28nm MCU,ETCH-07,A,Plasma Etch,edge_ring,边缘环形失效，怀疑静电卡盘温控漂移与边缘等离子体不均匀,校准 ESC 温区并复核边缘 gas flow,28,19,12.0,3.0,FAIL,edge_ring
LOT-A,改善前,W01,28nm MCU,ETCH-07,A,Plasma Etch,edge_ring,边缘环形失效，怀疑静电卡盘温控漂移与边缘等离子体不均匀,校准 ESC 温区并复核边缘 gas flow,29,19,13.0,3.0,PASS,pass
LOT-A,改善前,W01,28nm MCU,ETCH-07,A,Plasma Etch,edge_ring,边缘环形失效，怀疑静电卡盘温控漂移与边缘等离子体不均匀,校准 ESC 温区并复核边缘 gas flow,30,19,14.0,3.0,FAIL,edge_ring
LOT-A,改善前,W01,28nm MCU,ETCH-07,A,Plasma Etch,edge_ring,边缘环形失效，怀疑静电卡盘温控漂移与边缘等离子体不均匀,校准 ESC 温区并复核边缘 gas flow,2,20,-14.0,4.0,FAIL,edge_ring
LOT-A,改善前,W01,28nm MCU,ETCH-07,A,Plasma Etch,edge_ring,边缘环形失效，怀疑静电卡盘温控漂移与边缘等离子体不均匀,校准 ESC 温区并复核边缘 gas flow,3,20,-13.0,4.0,FAIL,edge_ring
LOT-A,改善前,W01,28nm MCU,ETCH-07,A,Plasma Etch,edge_ring,边缘环形失效，怀疑静电卡盘温控漂移与边缘等离子体不均匀,校准 ESC 温区并复核边缘 gas flow,4,20,-12.0,4.0,FAIL,edge_ring
LOT-A,改善前,W01,28nm MCU,ETCH-07,A,Plasma Etch,edge_ring,边缘环形失效，怀疑静电卡盘温控漂移与边缘等离子体不均匀,校准 ESC 温区并复核边缘 gas flow,5,20,-11.0,4.0,PASS,pass
LOT-A,改善前,W01,28nm MCU,ETCH-07,A,Plasma Etch,edge_ring,边缘环形失效，怀疑静电卡盘温控漂移与边缘等离子体不均匀,校准 ESC 温区并复核边缘 gas flow,6,20,-10.0,4.0,PASS,pass
LOT-A,改善前,W01,28nm MCU,ETCH-07,A,Plasma Etch,edge_ring,边缘环形失效，怀疑静电卡盘温控漂移与边缘等离子体不均匀,校准 ESC 温区并复核边缘 gas flow,7,20,-9.0,4.0,PASS,pass
LOT-A,改善前,W01,28nm MCU,ETCH-07,A,Plasma Etch,edge_ring,边缘环形失效，怀疑静电卡盘温控漂移与边缘等离子体不均匀,校准 ESC 温区并复核边缘 gas flow,8,20,-8.0,4.0,PASS,pass
LOT-A,改善前,W01,28nm MCU,ETCH-07,A,Plasma Etch,edge_ring,边缘环形失效，怀疑静电卡盘温控漂移与边缘等离子体不均匀,校准 ESC 温区并复核边缘 gas flow,9,20,-7.0,4.0,PASS,pass
LOT-A,改善前,W01,28nm MCU,ETCH-07,A,Plasma Etch,edge_ring,边缘环形失效，怀疑静电卡盘温控漂移与边缘等离子体不均匀,校准 ESC 温区并复核边缘 gas flow,10,20,-6.0,4.0,PASS,pass
LOT-A,改善前,W01,28nm MCU,ETCH-07,A,Plasma Etch,edge_ring,边缘环形失效，怀疑静电卡盘温控漂移与边缘等离子体不均匀,校准 ESC 温区并复核边缘 gas flow,11,20,-5.0,4.0,PASS,pass
LOT-A,改善前,W01,28nm MCU,ETCH-07,A,Plasma Etch,edge_ring,边缘环形失效，怀疑静电卡盘温控漂移与边缘等离子体不均匀,校准 ESC 温区并复核边缘 gas flow,12,20,-4.0,4.0,PASS,pass
LOT-A,改善前,W01,28nm MCU,ETCH-07,A,Plasma Etch,edge_ring,边缘环形失效，怀疑静电卡盘温控漂移与边缘等离子体不均匀,校准 ESC 温区并复核边缘 gas flow,13,20,-3.0,4.0,PASS,pass
LOT-A,改善前,W01,28nm MCU,ETCH-07,A,Plasma Etch,edge_ring,边缘环形失效，怀疑静电卡盘温控漂移与边缘等离子体不均匀,校准 ESC 温区并复核边缘 gas flow,14,20,-2.0,4.0,PASS,pass
LOT-A,改善前,W01,28nm MCU,ETCH-07,A,Plasma Etch,edge_ring,边缘环形失效，怀疑静电卡盘温控漂移与边缘等离子体不均匀,校准 ESC 温区并复核边缘 gas flow,15,20,-1.0,4.0,PASS,pass
LOT-A,改善前,W01,28nm MCU,ETCH-07,A,Plasma Etch,edge_ring,边缘环形失效，怀疑静电卡盘温控漂移与边缘等离子体不均匀,校准 ESC 温区并复核边缘 gas flow,16,20,0.0,4.0,PASS,pass
LOT-A,改善前,W01,28nm MCU,ETCH-07,A,Plasma Etch,edge_ring,边缘环形失效，怀疑静电卡盘温控漂移与边缘等离子体不均匀,校准 ESC 温区并复核边缘 gas flow,17,20,1.0,4.0,PASS,pass
LOT-A,改善前,W01,28nm MCU,ETCH-07,A,Plasma Etch,edge_ring,边缘环形失效，怀疑静电卡盘温控漂移与边缘等离子体不均匀,校准 ESC 温区并复核边缘 gas flow,18,20,2.0,4.0,PASS,pass
LOT-A,改善前,W01,28nm MCU,ETCH-07,A,Plasma Etch,edge_ring,边缘环形失效，怀疑静电卡盘温控漂移与边缘等离子体不均匀,校准 ESC 温区并复核边缘 gas flow,19,20,3.0,4.0,PASS,pass
LOT-A,改善前,W01,28nm MCU,ETCH-07,A,Plasma Etch,edge_ring,边缘环形失效，怀疑静电卡盘温控漂移与边缘等离子体不均匀,校准 ESC 温区并复核边缘 gas flow,20,20,4.0,4.0,PASS,pass
LOT-A,改善前,W01,28nm MCU,ETCH-07,A,Plasma Etch,edge_ring,边缘环形失效，怀疑静电卡盘温控漂移与边缘等离子体不均匀,校准 ESC 温区并复核边缘 gas flow,21,20,5.0,4.0,PASS,pass
LOT-A,改善前,W01,28nm MCU,ETCH-07,A,Plasma Etch,edge_ring,边缘环形失效，怀疑静电卡盘温控漂移与边缘等离子体不均匀,校准 ESC 温区并复核边缘 gas flow,22,20,6.0,4.0,PASS,pass
LOT-A,改善前,W01,28nm MCU,ETCH-07,A,Plasma Etch,edge_ring,边缘环形失效，怀疑静电卡盘温控漂移与边缘等离子体不均匀,校准 ESC 温区并复核边缘 gas flow,23,20,7.0,4.0,FAIL,random
LOT-A,改善前,W01,28nm MCU,ETCH-07,A,Plasma Etch,edge_ring,边缘环形失效，怀疑静电卡盘温控漂移与边缘等离子体不均匀,校准 ESC 温区并复核边缘 gas flow,24,20,8.0,4.0,PASS,pass
LOT-A,改善前,W01,28nm MCU,ETCH-07,A,Plasma Etch,edge_ring,边缘环形失效，怀疑静电卡盘温控漂移与边缘等离子体不均匀,校准 ESC 温区并复核边缘 gas flow,25,20,9.0,4.0,PASS,pass
LOT-A,改善前,W01,28nm MCU,ETCH-07,A,Plasma Etch,edge_ring,边缘环形失效，怀疑静电卡盘温控漂移与边缘等离子体不均匀,校准 ESC 温区并复核边缘 gas flow,26,20,10.0,4.0,PASS,pass
LOT-A,改善前,W01,28nm MCU,ETCH-07,A,Plasma Etch,edge_ring,边缘环形失效，怀疑静电卡盘温控漂移与边缘等离子体不均匀,校准 ESC 温区并复核边缘 gas flow,27,20,11.0,4.0,PASS,pass
LOT-A,改善前,W01,28nm MCU,ETCH-07,A,Plasma Etch,edge_ring,边缘环形失效，怀疑静电卡盘温控漂移与边缘等离子体不均匀,校准 ESC 温区并复核边缘 gas flow,28,20,12.0,4.0,FAIL,edge_ring
LOT-A,改善前,W01,28nm MCU,ETCH-07,A,Plasma Etch,edge_ring,边缘环形失效，怀疑静电卡盘温控漂移与边缘等离子体不均匀,校准 ESC 温区并复核边缘 gas flow,29,20,13.0,4.0,PASS,pass
LOT-A,改善前,W01,28nm MCU,ETCH-07,A,Plasma Etch,edge_ring,边缘环形失效，怀疑静电卡盘温控漂移与边缘等离子体不均匀,校准 ESC 温区并复核边缘 gas flow,30,20,14.0,4.0,PASS,pass
LOT-A,改善前,W01,28nm MCU,ETCH-07,A,Plasma Etch,edge_ring,边缘环形失效，怀疑静电卡盘温控漂移与边缘等离子体不均匀,校准 ESC 温区并复核边缘 gas flow,3,21,-13.0,5.0,FAIL,edge_ring
LOT-A,改善前,W01,28nm MCU,ETCH-07,A,Plasma Etch,edge_ring,边缘环形失效，怀疑静电卡盘温控漂移与边缘等离子体不均匀,校准 ESC 温区并复核边缘 gas flow,4,21,-12.0,5.0,FAIL,edge_ring
LOT-A,改善前,W01,28nm MCU,ETCH-07,A,Plasma Etch,edge_ring,边缘环形失效，怀疑静电卡盘温控漂移与边缘等离子体不均匀,校准 ESC 温区并复核边缘 gas flow,5,21,-11.0,5.0,PASS,pass
LOT-A,改善前,W01,28nm MCU,ETCH-07,A,Plasma Etch,edge_ring,边缘环形失效，怀疑静电卡盘温控漂移与边缘等离子体不均匀,校准 ESC 温区并复核边缘 gas flow,6,21,-10.0,5.0,FAIL,edge_ring
LOT-A,改善前,W01,28nm MCU,ETCH-07,A,Plasma Etch,edge_ring,边缘环形失效，怀疑静电卡盘温控漂移与边缘等离子体不均匀,校准 ESC 温区并复核边缘 gas flow,7,21,-9.0,5.0,FAIL,random
LOT-A,改善前,W01,28nm MCU,ETCH-07,A,Plasma Etch,edge_ring,边缘环形失效，怀疑静电卡盘温控漂移与边缘等离子体不均匀,校准 ESC 温区并复核边缘 gas flow,8,21,-8.0,5.0,FAIL,random
LOT-A,改善前,W01,28nm MCU,ETCH-07,A,Plasma Etch,edge_ring,边缘环形失效，怀疑静电卡盘温控漂移与边缘等离子体不均匀,校准 ESC 温区并复核边缘 gas flow,9,21,-7.0,5.0,PASS,pass
LOT-A,改善前,W01,28nm MCU,ETCH-07,A,Plasma Etch,edge_ring,边缘环形失效，怀疑静电卡盘温控漂移与边缘等离子体不均匀,校准 ESC 温区并复核边缘 gas flow,10,21,-6.0,5.0,PASS,pass
LOT-A,改善前,W01,28nm MCU,ETCH-07,A,Plasma Etch,edge_ring,边缘环形失效，怀疑静电卡盘温控漂移与边缘等离子体不均匀,校准 ESC 温区并复核边缘 gas flow,11,21,-5.0,5.0,PASS,pass
LOT-A,改善前,W01,28nm MCU,ETCH-07,A,Plasma Etch,edge_ring,边缘环形失效，怀疑静电卡盘温控漂移与边缘等离子体不均匀,校准 ESC 温区并复核边缘 gas flow,12,21,-4.0,5.0,PASS,pass
LOT-A,改善前,W01,28nm MCU,ETCH-07,A,Plasma Etch,edge_ring,边缘环形失效，怀疑静电卡盘温控漂移与边缘等离子体不均匀,校准 ESC 温区并复核边缘 gas flow,13,21,-3.0,5.0,PASS,pass
LOT-A,改善前,W01,28nm MCU,ETCH-07,A,Plasma Etch,edge_ring,边缘环形失效，怀疑静电卡盘温控漂移与边缘等离子体不均匀,校准 ESC 温区并复核边缘 gas flow,14,21,-2.0,5.0,PASS,pass
LOT-A,改善前,W01,28nm MCU,ETCH-07,A,Plasma Etch,edge_ring,边缘环形失效，怀疑静电卡盘温控漂移与边缘等离子体不均匀,校准 ESC 温区并复核边缘 gas flow,15,21,-1.0,5.0,FAIL,random
LOT-A,改善前,W01,28nm MCU,ETCH-07,A,Plasma Etch,edge_ring,边缘环形失效，怀疑静电卡盘温控漂移与边缘等离子体不均匀,校准 ESC 温区并复核边缘 gas flow,16,21,0.0,5.0,PASS,pass
LOT-A,改善前,W01,28nm MCU,ETCH-07,A,Plasma Etch,edge_ring,边缘环形失效，怀疑静电卡盘温控漂移与边缘等离子体不均匀,校准 ESC 温区并复核边缘 gas flow,17,21,1.0,5.0,PASS,pass
LOT-A,改善前,W01,28nm MCU,ETCH-07,A,Plasma Etch,edge_ring,边缘环形失效，怀疑静电卡盘温控漂移与边缘等离子体不均匀,校准 ESC 温区并复核边缘 gas flow,18,21,2.0,5.0,PASS,pass
LOT-A,改善前,W01,28nm MCU,ETCH-07,A,Plasma Etch,edge_ring,边缘环形失效，怀疑静电卡盘温控漂移与边缘等离子体不均匀,校准 ESC 温区并复核边缘 gas flow,19,21,3.0,5.0,PASS,pass
LOT-A,改善前,W01,28nm MCU,ETCH-07,A,Plasma Etch,edge_ring,边缘环形失效，怀疑静电卡盘温控漂移与边缘等离子体不均匀,校准 ESC 温区并复核边缘 gas flow,20,21,4.0,5.0,PASS,pass
LOT-A,改善前,W01,28nm MCU,ETCH-07,A,Plasma Etch,edge_ring,边缘环形失效，怀疑静电卡盘温控漂移与边缘等离子体不均匀,校准 ESC 温区并复核边缘 gas flow,21,21,5.0,5.0,PASS,pass
LOT-A,改善前,W01,28nm MCU,ETCH-07,A,Plasma Etch,edge_ring,边缘环形失效，怀疑静电卡盘温控漂移与边缘等离子体不均匀,校准 ESC 温区并复核边缘 gas flow,22,21,6.0,5.0,PASS,pass
LOT-A,改善前,W01,28nm MCU,ETCH-07,A,Plasma Etch,edge_ring,边缘环形失效，怀疑静电卡盘温控漂移与边缘等离子体不均匀,校准 ESC 温区并复核边缘 gas flow,23,21,7.0,5.0,PASS,pass
LOT-A,改善前,W01,28nm MCU,ETCH-07,A,Plasma Etch,edge_ring,边缘环形失效，怀疑静电卡盘温控漂移与边缘等离子体不均匀,校准 ESC 温区并复核边缘 gas flow,24,21,8.0,5.0,PASS,pass
LOT-A,改善前,W01,28nm MCU,ETCH-07,A,Plasma Etch,edge_ring,边缘环形失效，怀疑静电卡盘温控漂移与边缘等离子体不均匀,校准 ESC 温区并复核边缘 gas flow,25,21,9.0,5.0,PASS,pass
LOT-A,改善前,W01,28nm MCU,ETCH-07,A,Plasma Etch,edge_ring,边缘环形失效，怀疑静电卡盘温控漂移与边缘等离子体不均匀,校准 ESC 温区并复核边缘 gas flow,26,21,10.0,5.0,FAIL,edge_ring
LOT-A,改善前,W01,28nm MCU,ETCH-07,A,Plasma Etch,edge_ring,边缘环形失效，怀疑静电卡盘温控漂移与边缘等离子体不均匀,校准 ESC 温区并复核边缘 gas flow,27,21,11.0,5.0,FAIL,edge_ring
LOT-A,改善前,W01,28nm MCU,ETCH-07,A,Plasma Etch,edge_ring,边缘环形失效，怀疑静电卡盘温控漂移与边缘等离子体不均匀,校准 ESC 温区并复核边缘 gas flow,28,21,12.0,5.0,FAIL,edge_ring
LOT-A,改善前,W01,28nm MCU,ETCH-07,A,Plasma Etch,edge_ring,边缘环形失效，怀疑静电卡盘温控漂移与边缘等离子体不均匀,校准 ESC 温区并复核边缘 gas flow,29,21,13.0,5.0,PASS,pass
LOT-A,改善前,W01,28nm MCU,ETCH-07,A,Plasma Etch,edge_ring,边缘环形失效，怀疑静电卡盘温控漂移与边缘等离子体不均匀,校准 ESC 温区并复核边缘 gas flow,3,22,-13.0,6.0,FAIL,edge_ring
LOT-A,改善前,W01,28nm MCU,ETCH-07,A,Plasma Etch,edge_ring,边缘环形失效，怀疑静电卡盘温控漂移与边缘等离子体不均匀,校准 ESC 温区并复核边缘 gas flow,4,22,-12.0,6.0,FAIL,edge_ring
LOT-A,改善前,W01,28nm MCU,ETCH-07,A,Plasma Etch,edge_ring,边缘环形失效，怀疑静电卡盘温控漂移与边缘等离子体不均匀,校准 ESC 温区并复核边缘 gas flow,5,22,-11.0,6.0,PASS,pass
LOT-A,改善前,W01,28nm MCU,ETCH-07,A,Plasma Etch,edge_ring,边缘环形失效，怀疑静电卡盘温控漂移与边缘等离子体不均匀,校准 ESC 温区并复核边缘 gas flow,6,22,-10.0,6.0,PASS,pass
LOT-A,改善前,W01,28nm MCU,ETCH-07,A,Plasma Etch,edge_ring,边缘环形失效，怀疑静电卡盘温控漂移与边缘等离子体不均匀,校准 ESC 温区并复核边缘 gas flow,7,22,-9.0,6.0,PASS,pass
LOT-A,改善前,W01,28nm MCU,ETCH-07,A,Plasma Etch,edge_ring,边缘环形失效，怀疑静电卡盘温控漂移与边缘等离子体不均匀,校准 ESC 温区并复核边缘 gas flow,8,22,-8.0,6.0,PASS,pass
LOT-A,改善前,W01,28nm MCU,ETCH-07,A,Plasma Etch,edge_ring,边缘环形失效，怀疑静电卡盘温控漂移与边缘等离子体不均匀,校准 ESC 温区并复核边缘 gas flow,9,22,-7.0,6.0,PASS,pass
LOT-A,改善前,W01,28nm MCU,ETCH-07,A,Plasma Etch,edge_ring,边缘环形失效，怀疑静电卡盘温控漂移与边缘等离子体不均匀,校准 ESC 温区并复核边缘 gas flow,10,22,-6.0,6.0,PASS,pass
LOT-A,改善前,W01,28nm MCU,ETCH-07,A,Plasma Etch,edge_ring,边缘环形失效，怀疑静电卡盘温控漂移与边缘等离子体不均匀,校准 ESC 温区并复核边缘 gas flow,11,22,-5.0,6.0,PASS,pass
LOT-A,改善前,W01,28nm MCU,ETCH-07,A,Plasma Etch,edge_ring,边缘环形失效，怀疑静电卡盘温控漂移与边缘等离子体不均匀,校准 ESC 温区并复核边缘 gas flow,12,22,-4.0,6.0,PASS,pass
LOT-A,改善前,W01,28nm MCU,ETCH-07,A,Plasma Etch,edge_ring,边缘环形失效，怀疑静电卡盘温控漂移与边缘等离子体不均匀,校准 ESC 温区并复核边缘 gas flow,13,22,-3.0,6.0,PASS,pass
LOT-A,改善前,W01,28nm MCU,ETCH-07,A,Plasma Etch,edge_ring,边缘环形失效，怀疑静电卡盘温控漂移与边缘等离子体不均匀,校准 ESC 温区并复核边缘 gas flow,14,22,-2.0,6.0,PASS,pass
LOT-A,改善前,W01,28nm MCU,ETCH-07,A,Plasma Etch,edge_ring,边缘环形失效，怀疑静电卡盘温控漂移与边缘等离子体不均匀,校准 ESC 温区并复核边缘 gas flow,15,22,-1.0,6.0,PASS,pass
LOT-A,改善前,W01,28nm MCU,ETCH-07,A,Plasma Etch,edge_ring,边缘环形失效，怀疑静电卡盘温控漂移与边缘等离子体不均匀,校准 ESC 温区并复核边缘 gas flow,16,22,0.0,6.0,PASS,pass
LOT-A,改善前,W01,28nm MCU,ETCH-07,A,Plasma Etch,edge_ring,边缘环形失效，怀疑静电卡盘温控漂移与边缘等离子体不均匀,校准 ESC 温区并复核边缘 gas flow,17,22,1.0,6.0,PASS,pass
LOT-A,改善前,W01,28nm MCU,ETCH-07,A,Plasma Etch,edge_ring,边缘环形失效，怀疑静电卡盘温控漂移与边缘等离子体不均匀,校准 ESC 温区并复核边缘 gas flow,18,22,2.0,6.0,PASS,pass
LOT-A,改善前,W01,28nm MCU,ETCH-07,A,Plasma Etch,edge_ring,边缘环形失效，怀疑静电卡盘温控漂移与边缘等离子体不均匀,校准 ESC 温区并复核边缘 gas flow,19,22,3.0,6.0,PASS,pass
LOT-A,改善前,W01,28nm MCU,ETCH-07,A,Plasma Etch,edge_ring,边缘环形失效，怀疑静电卡盘温控漂移与边缘等离子体不均匀,校准 ESC 温区并复核边缘 gas flow,20,22,4.0,6.0,PASS,pass
LOT-A,改善前,W01,28nm MCU,ETCH-07,A,Plasma Etch,edge_ring,边缘环形失效，怀疑静电卡盘温控漂移与边缘等离子体不均匀,校准 ESC 温区并复核边缘 gas flow,21,22,5.0,6.0,PASS,pass
LOT-A,改善前,W01,28nm MCU,ETCH-07,A,Plasma Etch,edge_ring,边缘环形失效，怀疑静电卡盘温控漂移与边缘等离子体不均匀,校准 ESC 温区并复核边缘 gas flow,22,22,6.0,6.0,PASS,pass
LOT-A,改善前,W01,28nm MCU,ETCH-07,A,Plasma Etch,edge_ring,边缘环形失效，怀疑静电卡盘温控漂移与边缘等离子体不均匀,校准 ESC 温区并复核边缘 gas flow,23,22,7.0,6.0,PASS,pass
LOT-A,改善前,W01,28nm MCU,ETCH-07,A,Plasma Etch,edge_ring,边缘环形失效，怀疑静电卡盘温控漂移与边缘等离子体不均匀,校准 ESC 温区并复核边缘 gas flow,24,22,8.0,6.0,PASS,pass
LOT-A,改善前,W01,28nm MCU,ETCH-07,A,Plasma Etch,edge_ring,边缘环形失效，怀疑静电卡盘温控漂移与边缘等离子体不均匀,校准 ESC 温区并复核边缘 gas flow,25,22,9.0,6.0,PASS,pass
LOT-A,改善前,W01,28nm MCU,ETCH-07,A,Plasma Etch,edge_ring,边缘环形失效，怀疑静电卡盘温控漂移与边缘等离子体不均匀,校准 ESC 温区并复核边缘 gas flow,26,22,10.0,6.0,PASS,pass
LOT-A,改善前,W01,28nm MCU,ETCH-07,A,Plasma Etch,edge_ring,边缘环形失效，怀疑静电卡盘温控漂移与边缘等离子体不均匀,校准 ESC 温区并复核边缘 gas flow,27,22,11.0,6.0,FAIL,edge_ring
LOT-A,改善前,W01,28nm MCU,ETCH-07,A,Plasma Etch,edge_ring,边缘环形失效，怀疑静电卡盘温控漂移与边缘等离子体不均匀,校准 ESC 温区并复核边缘 gas flow,28,22,12.0,6.0,FAIL,edge_ring
LOT-A,改善前,W01,28nm MCU,ETCH-07,A,Plasma Etch,edge_ring,边缘环形失效，怀疑静电卡盘温控漂移与边缘等离子体不均匀,校准 ESC 温区并复核边缘 gas flow,29,22,13.0,6.0,PASS,pass
LOT-A,改善前,W01,28nm MCU,ETCH-07,A,Plasma Etch,edge_ring,边缘环形失效，怀疑静电卡盘温控漂移与边缘等离子体不均匀,校准 ESC 温区并复核边缘 gas flow,3,23,-13.0,7.0,FAIL,edge_ring
LOT-A,改善前,W01,28nm MCU,ETCH-07,A,Plasma Etch,edge_ring,边缘环形失效，怀疑静电卡盘温控漂移与边缘等离子体不均匀,校准 ESC 温区并复核边缘 gas flow,4,23,-12.0,7.0,FAIL,edge_ring
LOT-A,改善前,W01,28nm MCU,ETCH-07,A,Plasma Etch,edge_ring,边缘环形失效，怀疑静电卡盘温控漂移与边缘等离子体不均匀,校准 ESC 温区并复核边缘 gas flow,5,23,-11.0,7.0,PASS,pass
LOT-A,改善前,W01,28nm MCU,ETCH-07,A,Plasma Etch,edge_ring,边缘环形失效，怀疑静电卡盘温控漂移与边缘等离子体不均匀,校准 ESC 温区并复核边缘 gas flow,6,23,-10.0,7.0,PASS,pass
LOT-A,改善前,W01,28nm MCU,ETCH-07,A,Plasma Etch,edge_ring,边缘环形失效，怀疑静电卡盘温控漂移与边缘等离子体不均匀,校准 ESC 温区并复核边缘 gas flow,7,23,-9.0,7.0,FAIL,edge_ring
LOT-A,改善前,W01,28nm MCU,ETCH-07,A,Plasma Etch,edge_ring,边缘环形失效，怀疑静电卡盘温控漂移与边缘等离子体不均匀,校准 ESC 温区并复核边缘 gas flow,8,23,-8.0,7.0,PASS,pass
LOT-A,改善前,W01,28nm MCU,ETCH-07,A,Plasma Etch,edge_ring,边缘环形失效，怀疑静电卡盘温控漂移与边缘等离子体不均匀,校准 ESC 温区并复核边缘 gas flow,9,23,-7.0,7.0,PASS,pass
LOT-A,改善前,W01,28nm MCU,ETCH-07,A,Plasma Etch,edge_ring,边缘环形失效，怀疑静电卡盘温控漂移与边缘等离子体不均匀,校准 ESC 温区并复核边缘 gas flow,10,23,-6.0,7.0,PASS,pass
LOT-A,改善前,W01,28nm MCU,ETCH-07,A,Plasma Etch,edge_ring,边缘环形失效，怀疑静电卡盘温控漂移与边缘等离子体不均匀,校准 ESC 温区并复核边缘 gas flow,11,23,-5.0,7.0,PASS,pass
LOT-A,改善前,W01,28nm MCU,ETCH-07,A,Plasma Etch,edge_ring,边缘环形失效，怀疑静电卡盘温控漂移与边缘等离子体不均匀,校准 ESC 温区并复核边缘 gas flow,12,23,-4.0,7.0,PASS,pass
LOT-A,改善前,W01,28nm MCU,ETCH-07,A,Plasma Etch,edge_ring,边缘环形失效，怀疑静电卡盘温控漂移与边缘等离子体不均匀,校准 ESC 温区并复核边缘 gas flow,13,23,-3.0,7.0,PASS,pass
LOT-A,改善前,W01,28nm MCU,ETCH-07,A,Plasma Etch,edge_ring,边缘环形失效，怀疑静电卡盘温控漂移与边缘等离子体不均匀,校准 ESC 温区并复核边缘 gas flow,14,23,-2.0,7.0,PASS,pass
LOT-A,改善前,W01,28nm MCU,ETCH-07,A,Plasma Etch,edge_ring,边缘环形失效，怀疑静电卡盘温控漂移与边缘等离子体不均匀,校准 ESC 温区并复核边缘 gas flow,15,23,-1.0,7.0,PASS,pass
LOT-A,改善前,W01,28nm MCU,ETCH-07,A,Plasma Etch,edge_ring,边缘环形失效，怀疑静电卡盘温控漂移与边缘等离子体不均匀,校准 ESC 温区并复核边缘 gas flow,16,23,0.0,7.0,PASS,pass
LOT-A,改善前,W01,28nm MCU,ETCH-07,A,Plasma Etch,edge_ring,边缘环形失效，怀疑静电卡盘温控漂移与边缘等离子体不均匀,校准 ESC 温区并复核边缘 gas flow,17,23,1.0,7.0,PASS,pass
LOT-A,改善前,W01,28nm MCU,ETCH-07,A,Plasma Etch,edge_ring,边缘环形失效，怀疑静电卡盘温控漂移与边缘等离子体不均匀,校准 ESC 温区并复核边缘 gas flow,18,23,2.0,7.0,PASS,pass
LOT-A,改善前,W01,28nm MCU,ETCH-07,A,Plasma Etch,edge_ring,边缘环形失效，怀疑静电卡盘温控漂移与边缘等离子体不均匀,校准 ESC 温区并复核边缘 gas flow,19,23,3.0,7.0,PASS,pass
LOT-A,改善前,W01,28nm MCU,ETCH-07,A,Plasma Etch,edge_ring,边缘环形失效，怀疑静电卡盘温控漂移与边缘等离子体不均匀,校准 ESC 温区并复核边缘 gas flow,20,23,4.0,7.0,PASS,pass
LOT-A,改善前,W01,28nm MCU,ETCH-07,A,Plasma Etch,edge_ring,边缘环形失效，怀疑静电卡盘温控漂移与边缘等离子体不均匀,校准 ESC 温区并复核边缘 gas flow,21,23,5.0,7.0,PASS,pass
LOT-A,改善前,W01,28nm MCU,ETCH-07,A,Plasma Etch,edge_ring,边缘环形失效，怀疑静电卡盘温控漂移与边缘等离子体不均匀,校准 ESC 温区并复核边缘 gas flow,22,23,6.0,7.0,PASS,pass
LOT-A,改善前,W01,28nm MCU,ETCH-07,A,Plasma Etch,edge_ring,边缘环形失效，怀疑静电卡盘温控漂移与边缘等离子体不均匀,校准 ESC 温区并复核边缘 gas flow,23,23,7.0,7.0,PASS,pass
LOT-A,改善前,W01,28nm MCU,ETCH-07,A,Plasma Etch,edge_ring,边缘环形失效，怀疑静电卡盘温控漂移与边缘等离子体不均匀,校准 ESC 温区并复核边缘 gas flow,24,23,8.0,7.0,PASS,pass
LOT-A,改善前,W01,28nm MCU,ETCH-07,A,Plasma Etch,edge_ring,边缘环形失效，怀疑静电卡盘温控漂移与边缘等离子体不均匀,校准 ESC 温区并复核边缘 gas flow,25,23,9.0,7.0,PASS,pass
LOT-A,改善前,W01,28nm MCU,ETCH-07,A,Plasma Etch,edge_ring,边缘环形失效，怀疑静电卡盘温控漂移与边缘等离子体不均匀,校准 ESC 温区并复核边缘 gas flow,26,23,10.0,7.0,FAIL,edge_ring
LOT-A,改善前,W01,28nm MCU,ETCH-07,A,Plasma Etch,edge_ring,边缘环形失效，怀疑静电卡盘温控漂移与边缘等离子体不均匀,校准 ESC 温区并复核边缘 gas flow,27,23,11.0,7.0,FAIL,edge_ring
LOT-A,改善前,W01,28nm MCU,ETCH-07,A,Plasma Etch,edge_ring,边缘环形失效，怀疑静电卡盘温控漂移与边缘等离子体不均匀,校准 ESC 温区并复核边缘 gas flow,28,23,12.0,7.0,FAIL,edge_ring
LOT-A,改善前,W01,28nm MCU,ETCH-07,A,Plasma Etch,edge_ring,边缘环形失效，怀疑静电卡盘温控漂移与边缘等离子体不均匀,校准 ESC 温区并复核边缘 gas flow,29,23,13.0,7.0,FAIL,edge_ring
LOT-A,改善前,W01,28nm MCU,ETCH-07,A,Plasma Etch,edge_ring,边缘环形失效，怀疑静电卡盘温控漂移与边缘等离子体不均匀,校准 ESC 温区并复核边缘 gas flow,4,24,-12.0,8.0,PASS,pass
LOT-A,改善前,W01,28nm MCU,ETCH-07,A,Plasma Etch,edge_ring,边缘环形失效，怀疑静电卡盘温控漂移与边缘等离子体不均匀,校准 ESC 温区并复核边缘 gas flow,5,24,-11.0,8.0,FAIL,edge_ring
LOT-A,改善前,W01,28nm MCU,ETCH-07,A,Plasma Etch,edge_ring,边缘环形失效，怀疑静电卡盘温控漂移与边缘等离子体不均匀,校准 ESC 温区并复核边缘 gas flow,6,24,-10.0,8.0,FAIL,edge_ring
LOT-A,改善前,W01,28nm MCU,ETCH-07,A,Plasma Etch,edge_ring,边缘环形失效，怀疑静电卡盘温控漂移与边缘等离子体不均匀,校准 ESC 温区并复核边缘 gas flow,7,24,-9.0,8.0,FAIL,edge_ring
LOT-A,改善前,W01,28nm MCU,ETCH-07,A,Plasma Etch,edge_ring,边缘环形失效，怀疑静电卡盘温控漂移与边缘等离子体不均匀,校准 ESC 温区并复核边缘 gas flow,8,24,-8.0,8.0,FAIL,edge_ring
LOT-A,改善前,W01,28nm MCU,ETCH-07,A,Plasma Etch,edge_ring,边缘环形失效，怀疑静电卡盘温控漂移与边缘等离子体不均匀,校准 ESC 温区并复核边缘 gas flow,9,24,-7.0,8.0,PASS,pass
LOT-A,改善前,W01,28nm MCU,ETCH-07,A,Plasma Etch,edge_ring,边缘环形失效，怀疑静电卡盘温控漂移与边缘等离子体不均匀,校准 ESC 温区并复核边缘 gas flow,10,24,-6.0,8.0,PASS,pass
LOT-A,改善前,W01,28nm MCU,ETCH-07,A,Plasma Etch,edge_ring,边缘环形失效，怀疑静电卡盘温控漂移与边缘等离子体不均匀,校准 ESC 温区并复核边缘 gas flow,11,24,-5.0,8.0,PASS,pass
LOT-A,改善前,W01,28nm MCU,ETCH-07,A,Plasma Etch,edge_ring,边缘环形失效，怀疑静电卡盘温控漂移与边缘等离子体不均匀,校准 ESC 温区并复核边缘 gas flow,12,24,-4.0,8.0,PASS,pass
LOT-A,改善前,W01,28nm MCU,ETCH-07,A,Plasma Etch,edge_ring,边缘环形失效，怀疑静电卡盘温控漂移与边缘等离子体不均匀,校准 ESC 温区并复核边缘 gas flow,13,24,-3.0,8.0,PASS,pass
LOT-A,改善前,W01,28nm MCU,ETCH-07,A,Plasma Etch,edge_ring,边缘环形失效，怀疑静电卡盘温控漂移与边缘等离子体不均匀,校准 ESC 温区并复核边缘 gas flow,14,24,-2.0,8.0,PASS,pass
LOT-A,改善前,W01,28nm MCU,ETCH-07,A,Plasma Etch,edge_ring,边缘环形失效，怀疑静电卡盘温控漂移与边缘等离子体不均匀,校准 ESC 温区并复核边缘 gas flow,15,24,-1.0,8.0,PASS,pass
LOT-A,改善前,W01,28nm MCU,ETCH-07,A,Plasma Etch,edge_ring,边缘环形失效，怀疑静电卡盘温控漂移与边缘等离子体不均匀,校准 ESC 温区并复核边缘 gas flow,16,24,0.0,8.0,PASS,pass
LOT-A,改善前,W01,28nm MCU,ETCH-07,A,Plasma Etch,edge_ring,边缘环形失效，怀疑静电卡盘温控漂移与边缘等离子体不均匀,校准 ESC 温区并复核边缘 gas flow,17,24,1.0,8.0,PASS,pass
LOT-A,改善前,W01,28nm MCU,ETCH-07,A,Plasma Etch,edge_ring,边缘环形失效，怀疑静电卡盘温控漂移与边缘等离子体不均匀,校准 ESC 温区并复核边缘 gas flow,18,24,2.0,8.0,PASS,pass
LOT-A,改善前,W01,28nm MCU,ETCH-07,A,Plasma Etch,edge_ring,边缘环形失效，怀疑静电卡盘温控漂移与边缘等离子体不均匀,校准 ESC 温区并复核边缘 gas flow,19,24,3.0,8.0,PASS,pass
LOT-A,改善前,W01,28nm MCU,ETCH-07,A,Plasma Etch,edge_ring,边缘环形失效，怀疑静电卡盘温控漂移与边缘等离子体不均匀,校准 ESC 温区并复核边缘 gas flow,20,24,4.0,8.0,PASS,pass
LOT-A,改善前,W01,28nm MCU,ETCH-07,A,Plasma Etch,edge_ring,边缘环形失效，怀疑静电卡盘温控漂移与边缘等离子体不均匀,校准 ESC 温区并复核边缘 gas flow,21,24,5.0,8.0,PASS,pass
LOT-A,改善前,W01,28nm MCU,ETCH-07,A,Plasma Etch,edge_ring,边缘环形失效，怀疑静电卡盘温控漂移与边缘等离子体不均匀,校准 ESC 温区并复核边缘 gas flow,22,24,6.0,8.0,PASS,pass
LOT-A,改善前,W01,28nm MCU,ETCH-07,A,Plasma Etch,edge_ring,边缘环形失效，怀疑静电卡盘温控漂移与边缘等离子体不均匀,校准 ESC 温区并复核边缘 gas flow,23,24,7.0,8.0,PASS,pass
LOT-A,改善前,W01,28nm MCU,ETCH-07,A,Plasma Etch,edge_ring,边缘环形失效，怀疑静电卡盘温控漂移与边缘等离子体不均匀,校准 ESC 温区并复核边缘 gas flow,24,24,8.0,8.0,PASS,pass
LOT-A,改善前,W01,28nm MCU,ETCH-07,A,Plasma Etch,edge_ring,边缘环形失效，怀疑静电卡盘温控漂移与边缘等离子体不均匀,校准 ESC 温区并复核边缘 gas flow,25,24,9.0,8.0,FAIL,edge_ring
LOT-A,改善前,W01,28nm MCU,ETCH-07,A,Plasma Etch,edge_ring,边缘环形失效，怀疑静电卡盘温控漂移与边缘等离子体不均匀,校准 ESC 温区并复核边缘 gas flow,26,24,10.0,8.0,FAIL,edge_ring
LOT-A,改善前,W01,28nm MCU,ETCH-07,A,Plasma Etch,edge_ring,边缘环形失效，怀疑静电卡盘温控漂移与边缘等离子体不均匀,校准 ESC 温区并复核边缘 gas flow,27,24,11.0,8.0,FAIL,edge_ring
LOT-A,改善前,W01,28nm MCU,ETCH-07,A,Plasma Etch,edge_ring,边缘环形失效，怀疑静电卡盘温控漂移与边缘等离子体不均匀,校准 ESC 温区并复核边缘 gas flow,28,24,12.0,8.0,FAIL,edge_ring
LOT-A,改善前,W01,28nm MCU,ETCH-07,A,Plasma Etch,edge_ring,边缘环形失效，怀疑静电卡盘温控漂移与边缘等离子体不均匀,校准 ESC 温区并复核边缘 gas flow,5,25,-11.0,9.0,FAIL,edge_ring
LOT-A,改善前,W01,28nm MCU,ETCH-07,A,Plasma Etch,edge_ring,边缘环形失效，怀疑静电卡盘温控漂移与边缘等离子体不均匀,校准 ESC 温区并复核边缘 gas flow,6,25,-10.0,9.0,FAIL,edge_ring
LOT-A,改善前,W01,28nm MCU,ETCH-07,A,Plasma Etch,edge_ring,边缘环形失效，怀疑静电卡盘温控漂移与边缘等离子体不均匀,校准 ESC 温区并复核边缘 gas flow,7,25,-9.0,9.0,FAIL,edge_ring
LOT-A,改善前,W01,28nm MCU,ETCH-07,A,Plasma Etch,edge_ring,边缘环形失效，怀疑静电卡盘温控漂移与边缘等离子体不均匀,校准 ESC 温区并复核边缘 gas flow,8,25,-8.0,9.0,FAIL,edge_ring
LOT-A,改善前,W01,28nm MCU,ETCH-07,A,Plasma Etch,edge_ring,边缘环形失效，怀疑静电卡盘温控漂移与边缘等离子体不均匀,校准 ESC 温区并复核边缘 gas flow,9,25,-7.0,9.0,PASS,pass
LOT-A,改善前,W01,28nm MCU,ETCH-07,A,Plasma Etch,edge_ring,边缘环形失效，怀疑静电卡盘温控漂移与边缘等离子体不均匀,校准 ESC 温区并复核边缘 gas flow,10,25,-6.0,9.0,PASS,pass
LOT-A,改善前,W01,28nm MCU,ETCH-07,A,Plasma Etch,edge_ring,边缘环形失效，怀疑静电卡盘温控漂移与边缘等离子体不均匀,校准 ESC 温区并复核边缘 gas flow,11,25,-5.0,9.0,PASS,pass
LOT-A,改善前,W01,28nm MCU,ETCH-07,A,Plasma Etch,edge_ring,边缘环形失效，怀疑静电卡盘温控漂移与边缘等离子体不均匀,校准 ESC 温区并复核边缘 gas flow,12,25,-4.0,9.0,PASS,pass
LOT-A,改善前,W01,28nm MCU,ETCH-07,A,Plasma Etch,edge_ring,边缘环形失效，怀疑静电卡盘温控漂移与边缘等离子体不均匀,校准 ESC 温区并复核边缘 gas flow,13,25,-3.0,9.0,PASS,pass
LOT-A,改善前,W01,28nm MCU,ETCH-07,A,Plasma Etch,edge_ring,边缘环形失效，怀疑静电卡盘温控漂移与边缘等离子体不均匀,校准 ESC 温区并复核边缘 gas flow,14,25,-2.0,9.0,PASS,pass
LOT-A,改善前,W01,28nm MCU,ETCH-07,A,Plasma Etch,edge_ring,边缘环形失效，怀疑静电卡盘温控漂移与边缘等离子体不均匀,校准 ESC 温区并复核边缘 gas flow,15,25,-1.0,9.0,PASS,pass
LOT-A,改善前,W01,28nm MCU,ETCH-07,A,Plasma Etch,edge_ring,边缘环形失效，怀疑静电卡盘温控漂移与边缘等离子体不均匀,校准 ESC 温区并复核边缘 gas flow,16,25,0.0,9.0,PASS,pass
LOT-A,改善前,W01,28nm MCU,ETCH-07,A,Plasma Etch,edge_ring,边缘环形失效，怀疑静电卡盘温控漂移与边缘等离子体不均匀,校准 ESC 温区并复核边缘 gas flow,17,25,1.0,9.0,PASS,pass
LOT-A,改善前,W01,28nm MCU,ETCH-07,A,Plasma Etch,edge_ring,边缘环形失效，怀疑静电卡盘温控漂移与边缘等离子体不均匀,校准 ESC 温区并复核边缘 gas flow,18,25,2.0,9.0,PASS,pass
LOT-A,改善前,W01,28nm MCU,ETCH-07,A,Plasma Etch,edge_ring,边缘环形失效，怀疑静电卡盘温控漂移与边缘等离子体不均匀,校准 ESC 温区并复核边缘 gas flow,19,25,3.0,9.0,PASS,pass
LOT-A,改善前,W01,28nm MCU,ETCH-07,A,Plasma Etch,edge_ring,边缘环形失效，怀疑静电卡盘温控漂移与边缘等离子体不均匀,校准 ESC 温区并复核边缘 gas flow,20,25,4.0,9.0,PASS,pass
LOT-A,改善前,W01,28nm MCU,ETCH-07,A,Plasma Etch,edge_ring,边缘环形失效，怀疑静电卡盘温控漂移与边缘等离子体不均匀,校准 ESC 温区并复核边缘 gas flow,21,25,5.0,9.0,PASS,pass
LOT-A,改善前,W01,28nm MCU,ETCH-07,A,Plasma Etch,edge_ring,边缘环形失效，怀疑静电卡盘温控漂移与边缘等离子体不均匀,校准 ESC 温区并复核边缘 gas flow,22,25,6.0,9.0,PASS,pass
LOT-A,改善前,W01,28nm MCU,ETCH-07,A,Plasma Etch,edge_ring,边缘环形失效，怀疑静电卡盘温控漂移与边缘等离子体不均匀,校准 ESC 温区并复核边缘 gas flow,23,25,7.0,9.0,PASS,pass
LOT-A,改善前,W01,28nm MCU,ETCH-07,A,Plasma Etch,edge_ring,边缘环形失效，怀疑静电卡盘温控漂移与边缘等离子体不均匀,校准 ESC 温区并复核边缘 gas flow,24,25,8.0,9.0,PASS,pass
LOT-A,改善前,W01,28nm MCU,ETCH-07,A,Plasma Etch,edge_ring,边缘环形失效，怀疑静电卡盘温控漂移与边缘等离子体不均匀,校准 ESC 温区并复核边缘 gas flow,25,25,9.0,9.0,FAIL,edge_ring
LOT-A,改善前,W01,28nm MCU,ETCH-07,A,Plasma Etch,edge_ring,边缘环形失效，怀疑静电卡盘温控漂移与边缘等离子体不均匀,校准 ESC 温区并复核边缘 gas flow,26,25,10.0,9.0,FAIL,edge_ring
LOT-A,改善前,W01,28nm MCU,ETCH-07,A,Plasma Etch,edge_ring,边缘环形失效，怀疑静电卡盘温控漂移与边缘等离子体不均匀,校准 ESC 温区并复核边缘 gas flow,27,25,11.0,9.0,FAIL,edge_ring
LOT-A,改善前,W01,28nm MCU,ETCH-07,A,Plasma Etch,edge_ring,边缘环形失效，怀疑静电卡盘温控漂移与边缘等离子体不均匀,校准 ESC 温区并复核边缘 gas flow,6,26,-10.0,10.0,FAIL,edge_ring
LOT-A,改善前,W01,28nm MCU,ETCH-07,A,Plasma Etch,edge_ring,边缘环形失效，怀疑静电卡盘温控漂移与边缘等离子体不均匀,校准 ESC 温区并复核边缘 gas flow,7,26,-9.0,10.0,FAIL,edge_ring
LOT-A,改善前,W01,28nm MCU,ETCH-07,A,Plasma Etch,edge_ring,边缘环形失效，怀疑静电卡盘温控漂移与边缘等离子体不均匀,校准 ESC 温区并复核边缘 gas flow,8,26,-8.0,10.0,PASS,pass
LOT-A,改善前,W01,28nm MCU,ETCH-07,A,Plasma Etch,edge_ring,边缘环形失效，怀疑静电卡盘温控漂移与边缘等离子体不均匀,校准 ESC 温区并复核边缘 gas flow,9,26,-7.0,10.0,FAIL,edge_ring
LOT-A,改善前,W01,28nm MCU,ETCH-07,A,Plasma Etch,edge_ring,边缘环形失效，怀疑静电卡盘温控漂移与边缘等离子体不均匀,校准 ESC 温区并复核边缘 gas flow,10,26,-6.0,10.0,PASS,pass
LOT-A,改善前,W01,28nm MCU,ETCH-07,A,Plasma Etch,edge_ring,边缘环形失效，怀疑静电卡盘温控漂移与边缘等离子体不均匀,校准 ESC 温区并复核边缘 gas flow,11,26,-5.0,10.0,PASS,pass
LOT-A,改善前,W01,28nm MCU,ETCH-07,A,Plasma Etch,edge_ring,边缘环形失效，怀疑静电卡盘温控漂移与边缘等离子体不均匀,校准 ESC 温区并复核边缘 gas flow,12,26,-4.0,10.0,PASS,pass
LOT-A,改善前,W01,28nm MCU,ETCH-07,A,Plasma Etch,edge_ring,边缘环形失效，怀疑静电卡盘温控漂移与边缘等离子体不均匀,校准 ESC 温区并复核边缘 gas flow,13,26,-3.0,10.0,PASS,pass
LOT-A,改善前,W01,28nm MCU,ETCH-07,A,Plasma Etch,edge_ring,边缘环形失效，怀疑静电卡盘温控漂移与边缘等离子体不均匀,校准 ESC 温区并复核边缘 gas flow,14,26,-2.0,10.0,PASS,pass
LOT-A,改善前,W01,28nm MCU,ETCH-07,A,Plasma Etch,edge_ring,边缘环形失效，怀疑静电卡盘温控漂移与边缘等离子体不均匀,校准 ESC 温区并复核边缘 gas flow,15,26,-1.0,10.0,PASS,pass
LOT-A,改善前,W01,28nm MCU,ETCH-07,A,Plasma Etch,edge_ring,边缘环形失效，怀疑静电卡盘温控漂移与边缘等离子体不均匀,校准 ESC 温区并复核边缘 gas flow,16,26,0.0,10.0,PASS,pass
LOT-A,改善前,W01,28nm MCU,ETCH-07,A,Plasma Etch,edge_ring,边缘环形失效，怀疑静电卡盘温控漂移与边缘等离子体不均匀,校准 ESC 温区并复核边缘 gas flow,17,26,1.0,10.0,PASS,pass
LOT-A,改善前,W01,28nm MCU,ETCH-07,A,Plasma Etch,edge_ring,边缘环形失效，怀疑静电卡盘温控漂移与边缘等离子体不均匀,校准 ESC 温区并复核边缘 gas flow,18,26,2.0,10.0,PASS,pass
LOT-A,改善前,W01,28nm MCU,ETCH-07,A,Plasma Etch,edge_ring,边缘环形失效，怀疑静电卡盘温控漂移与边缘等离子体不均匀,校准 ESC 温区并复核边缘 gas flow,19,26,3.0,10.0,PASS,pass
LOT-A,改善前,W01,28nm MCU,ETCH-07,A,Plasma Etch,edge_ring,边缘环形失效，怀疑静电卡盘温控漂移与边缘等离子体不均匀,校准 ESC 温区并复核边缘 gas flow,20,26,4.0,10.0,PASS,pass
LOT-A,改善前,W01,28nm MCU,ETCH-07,A,Plasma Etch,edge_ring,边缘环形失效，怀疑静电卡盘温控漂移与边缘等离子体不均匀,校准 ESC 温区并复核边缘 gas flow,21,26,5.0,10.0,PASS,pass
LOT-A,改善前,W01,28nm MCU,ETCH-07,A,Plasma Etch,edge_ring,边缘环形失效，怀疑静电卡盘温控漂移与边缘等离子体不均匀,校准 ESC 温区并复核边缘 gas flow,22,26,6.0,10.0,FAIL,edge_ring
LOT-A,改善前,W01,28nm MCU,ETCH-07,A,Plasma Etch,edge_ring,边缘环形失效，怀疑静电卡盘温控漂移与边缘等离子体不均匀,校准 ESC 温区并复核边缘 gas flow,23,26,7.0,10.0,FAIL,edge_ring
LOT-A,改善前,W01,28nm MCU,ETCH-07,A,Plasma Etch,edge_ring,边缘环形失效，怀疑静电卡盘温控漂移与边缘等离子体不均匀,校准 ESC 温区并复核边缘 gas flow,24,26,8.0,10.0,FAIL,edge_ring
LOT-A,改善前,W01,28nm MCU,ETCH-07,A,Plasma Etch,edge_ring,边缘环形失效，怀疑静电卡盘温控漂移与边缘等离子体不均匀,校准 ESC 温区并复核边缘 gas flow,25,26,9.0,10.0,PASS,pass
LOT-A,改善前,W01,28nm MCU,ETCH-07,A,Plasma Etch,edge_ring,边缘环形失效，怀疑静电卡盘温控漂移与边缘等离子体不均匀,校准 ESC 温区并复核边缘 gas flow,26,26,10.0,10.0,PASS,pass
LOT-A,改善前,W01,28nm MCU,ETCH-07,A,Plasma Etch,edge_ring,边缘环形失效，怀疑静电卡盘温控漂移与边缘等离子体不均匀,校准 ESC 温区并复核边缘 gas flow,7,27,-9.0,11.0,FAIL,edge_ring
LOT-A,改善前,W01,28nm MCU,ETCH-07,A,Plasma Etch,edge_ring,边缘环形失效，怀疑静电卡盘温控漂移与边缘等离子体不均匀,校准 ESC 温区并复核边缘 gas flow,8,27,-8.0,11.0,FAIL,edge_ring
LOT-A,改善前,W01,28nm MCU,ETCH-07,A,Plasma Etch,edge_ring,边缘环形失效，怀疑静电卡盘温控漂移与边缘等离子体不均匀,校准 ESC 温区并复核边缘 gas flow,9,27,-7.0,11.0,FAIL,edge_ring
LOT-A,改善前,W01,28nm MCU,ETCH-07,A,Plasma Etch,edge_ring,边缘环形失效，怀疑静电卡盘温控漂移与边缘等离子体不均匀,校准 ESC 温区并复核边缘 gas flow,10,27,-6.0,11.0,FAIL,edge_ring
LOT-A,改善前,W01,28nm MCU,ETCH-07,A,Plasma Etch,edge_ring,边缘环形失效，怀疑静电卡盘温控漂移与边缘等离子体不均匀,校准 ESC 温区并复核边缘 gas flow,11,27,-5.0,11.0,PASS,pass
LOT-A,改善前,W01,28nm MCU,ETCH-07,A,Plasma Etch,edge_ring,边缘环形失效，怀疑静电卡盘温控漂移与边缘等离子体不均匀,校准 ESC 温区并复核边缘 gas flow,12,27,-4.0,11.0,FAIL,edge_ring
LOT-A,改善前,W01,28nm MCU,ETCH-07,A,Plasma Etch,edge_ring,边缘环形失效，怀疑静电卡盘温控漂移与边缘等离子体不均匀,校准 ESC 温区并复核边缘 gas flow,13,27,-3.0,11.0,PASS,pass
LOT-A,改善前,W01,28nm MCU,ETCH-07,A,Plasma Etch,edge_ring,边缘环形失效，怀疑静电卡盘温控漂移与边缘等离子体不均匀,校准 ESC 温区并复核边缘 gas flow,14,27,-2.0,11.0,PASS,pass
LOT-A,改善前,W01,28nm MCU,ETCH-07,A,Plasma Etch,edge_ring,边缘环形失效，怀疑静电卡盘温控漂移与边缘等离子体不均匀,校准 ESC 温区并复核边缘 gas flow,15,27,-1.0,11.0,PASS,pass
LOT-A,改善前,W01,28nm MCU,ETCH-07,A,Plasma Etch,edge_ring,边缘环形失效，怀疑静电卡盘温控漂移与边缘等离子体不均匀,校准 ESC 温区并复核边缘 gas flow,16,27,0.0,11.0,PASS,pass
LOT-A,改善前,W01,28nm MCU,ETCH-07,A,Plasma Etch,edge_ring,边缘环形失效，怀疑静电卡盘温控漂移与边缘等离子体不均匀,校准 ESC 温区并复核边缘 gas flow,17,27,1.0,11.0,PASS,pass
LOT-A,改善前,W01,28nm MCU,ETCH-07,A,Plasma Etch,edge_ring,边缘环形失效，怀疑静电卡盘温控漂移与边缘等离子体不均匀,校准 ESC 温区并复核边缘 gas flow,18,27,2.0,11.0,FAIL,edge_ring
LOT-A,改善前,W01,28nm MCU,ETCH-07,A,Plasma Etch,edge_ring,边缘环形失效，怀疑静电卡盘温控漂移与边缘等离子体不均匀,校准 ESC 温区并复核边缘 gas flow,19,27,3.0,11.0,FAIL,edge_ring
LOT-A,改善前,W01,28nm MCU,ETCH-07,A,Plasma Etch,edge_ring,边缘环形失效，怀疑静电卡盘温控漂移与边缘等离子体不均匀,校准 ESC 温区并复核边缘 gas flow,20,27,4.0,11.0,PASS,pass
LOT-A,改善前,W01,28nm MCU,ETCH-07,A,Plasma Etch,edge_ring,边缘环形失效，怀疑静电卡盘温控漂移与边缘等离子体不均匀,校准 ESC 温区并复核边缘 gas flow,21,27,5.0,11.0,FAIL,random
LOT-A,改善前,W01,28nm MCU,ETCH-07,A,Plasma Etch,edge_ring,边缘环形失效，怀疑静电卡盘温控漂移与边缘等离子体不均匀,校准 ESC 温区并复核边缘 gas flow,22,27,6.0,11.0,FAIL,edge_ring
LOT-A,改善前,W01,28nm MCU,ETCH-07,A,Plasma Etch,edge_ring,边缘环形失效，怀疑静电卡盘温控漂移与边缘等离子体不均匀,校准 ESC 温区并复核边缘 gas flow,23,27,7.0,11.0,FAIL,edge_ring
LOT-A,改善前,W01,28nm MCU,ETCH-07,A,Plasma Etch,edge_ring,边缘环形失效，怀疑静电卡盘温控漂移与边缘等离子体不均匀,校准 ESC 温区并复核边缘 gas flow,24,27,8.0,11.0,FAIL,edge_ring
LOT-A,改善前,W01,28nm MCU,ETCH-07,A,Plasma Etch,edge_ring,边缘环形失效，怀疑静电卡盘温控漂移与边缘等离子体不均匀,校准 ESC 温区并复核边缘 gas flow,25,27,9.0,11.0,PASS,pass
LOT-A,改善前,W01,28nm MCU,ETCH-07,A,Plasma Etch,edge_ring,边缘环形失效，怀疑静电卡盘温控漂移与边缘等离子体不均匀,校准 ESC 温区并复核边缘 gas flow,8,28,-8.0,12.0,PASS,pass
LOT-A,改善前,W01,28nm MCU,ETCH-07,A,Plasma Etch,edge_ring,边缘环形失效，怀疑静电卡盘温控漂移与边缘等离子体不均匀,校准 ESC 温区并复核边缘 gas flow,9,28,-7.0,12.0,FAIL,edge_ring
LOT-A,改善前,W01,28nm MCU,ETCH-07,A,Plasma Etch,edge_ring,边缘环形失效，怀疑静电卡盘温控漂移与边缘等离子体不均匀,校准 ESC 温区并复核边缘 gas flow,10,28,-6.0,12.0,PASS,pass
LOT-A,改善前,W01,28nm MCU,ETCH-07,A,Plasma Etch,edge_ring,边缘环形失效，怀疑静电卡盘温控漂移与边缘等离子体不均匀,校准 ESC 温区并复核边缘 gas flow,11,28,-5.0,12.0,FAIL,edge_ring
LOT-A,改善前,W01,28nm MCU,ETCH-07,A,Plasma Etch,edge_ring,边缘环形失效，怀疑静电卡盘温控漂移与边缘等离子体不均匀,校准 ESC 温区并复核边缘 gas flow,12,28,-4.0,12.0,FAIL,edge_ring
LOT-A,改善前,W01,28nm MCU,ETCH-07,A,Plasma Etch,edge_ring,边缘环形失效，怀疑静电卡盘温控漂移与边缘等离子体不均匀,校准 ESC 温区并复核边缘 gas flow,13,28,-3.0,12.0,FAIL,edge_ring
LOT-A,改善前,W01,28nm MCU,ETCH-07,A,Plasma Etch,edge_ring,边缘环形失效，怀疑静电卡盘温控漂移与边缘等离子体不均匀,校准 ESC 温区并复核边缘 gas flow,14,28,-2.0,12.0,PASS,pass
LOT-A,改善前,W01,28nm MCU,ETCH-07,A,Plasma Etch,edge_ring,边缘环形失效，怀疑静电卡盘温控漂移与边缘等离子体不均匀,校准 ESC 温区并复核边缘 gas flow,15,28,-1.0,12.0,FAIL,edge_ring
LOT-A,改善前,W01,28nm MCU,ETCH-07,A,Plasma Etch,edge_ring,边缘环形失效，怀疑静电卡盘温控漂移与边缘等离子体不均匀,校准 ESC 温区并复核边缘 gas flow,16,28,0.0,12.0,PASS,pass
LOT-A,改善前,W01,28nm MCU,ETCH-07,A,Plasma Etch,edge_ring,边缘环形失效，怀疑静电卡盘温控漂移与边缘等离子体不均匀,校准 ESC 温区并复核边缘 gas flow,17,28,1.0,12.0,PASS,pass
LOT-A,改善前,W01,28nm MCU,ETCH-07,A,Plasma Etch,edge_ring,边缘环形失效，怀疑静电卡盘温控漂移与边缘等离子体不均匀,校准 ESC 温区并复核边缘 gas flow,18,28,2.0,12.0,PASS,pass
LOT-A,改善前,W01,28nm MCU,ETCH-07,A,Plasma Etch,edge_ring,边缘环形失效，怀疑静电卡盘温控漂移与边缘等离子体不均匀,校准 ESC 温区并复核边缘 gas flow,19,28,3.0,12.0,PASS,pass
LOT-A,改善前,W01,28nm MCU,ETCH-07,A,Plasma Etch,edge_ring,边缘环形失效，怀疑静电卡盘温控漂移与边缘等离子体不均匀,校准 ESC 温区并复核边缘 gas flow,20,28,4.0,12.0,FAIL,edge_ring
LOT-A,改善前,W01,28nm MCU,ETCH-07,A,Plasma Etch,edge_ring,边缘环形失效，怀疑静电卡盘温控漂移与边缘等离子体不均匀,校准 ESC 温区并复核边缘 gas flow,21,28,5.0,12.0,FAIL,edge_ring
LOT-A,改善前,W01,28nm MCU,ETCH-07,A,Plasma Etch,edge_ring,边缘环形失效，怀疑静电卡盘温控漂移与边缘等离子体不均匀,校准 ESC 温区并复核边缘 gas flow,22,28,6.0,12.0,FAIL,edge_ring
LOT-A,改善前,W01,28nm MCU,ETCH-07,A,Plasma Etch,edge_ring,边缘环形失效，怀疑静电卡盘温控漂移与边缘等离子体不均匀,校准 ESC 温区并复核边缘 gas flow,23,28,7.0,12.0,FAIL,edge_ring
LOT-A,改善前,W01,28nm MCU,ETCH-07,A,Plasma Etch,edge_ring,边缘环形失效，怀疑静电卡盘温控漂移与边缘等离子体不均匀,校准 ESC 温区并复核边缘 gas flow,24,28,8.0,12.0,FAIL,edge_ring
LOT-A,改善前,W01,28nm MCU,ETCH-07,A,Plasma Etch,edge_ring,边缘环形失效，怀疑静电卡盘温控漂移与边缘等离子体不均匀,校准 ESC 温区并复核边缘 gas flow,9,29,-7.0,13.0,FAIL,edge_ring
LOT-A,改善前,W01,28nm MCU,ETCH-07,A,Plasma Etch,edge_ring,边缘环形失效，怀疑静电卡盘温控漂移与边缘等离子体不均匀,校准 ESC 温区并复核边缘 gas flow,10,29,-6.0,13.0,FAIL,edge_ring
LOT-A,改善前,W01,28nm MCU,ETCH-07,A,Plasma Etch,edge_ring,边缘环形失效，怀疑静电卡盘温控漂移与边缘等离子体不均匀,校准 ESC 温区并复核边缘 gas flow,11,29,-5.0,13.0,FAIL,edge_ring
LOT-A,改善前,W01,28nm MCU,ETCH-07,A,Plasma Etch,edge_ring,边缘环形失效，怀疑静电卡盘温控漂移与边缘等离子体不均匀,校准 ESC 温区并复核边缘 gas flow,12,29,-4.0,13.0,FAIL,edge_ring
LOT-A,改善前,W01,28nm MCU,ETCH-07,A,Plasma Etch,edge_ring,边缘环形失效，怀疑静电卡盘温控漂移与边缘等离子体不均匀,校准 ESC 温区并复核边缘 gas flow,13,29,-3.0,13.0,FAIL,edge_ring
LOT-A,改善前,W01,28nm MCU,ETCH-07,A,Plasma Etch,edge_ring,边缘环形失效，怀疑静电卡盘温控漂移与边缘等离子体不均匀,校准 ESC 温区并复核边缘 gas flow,14,29,-2.0,13.0,FAIL,edge_ring
LOT-A,改善前,W01,28nm MCU,ETCH-07,A,Plasma Etch,edge_ring,边缘环形失效，怀疑静电卡盘温控漂移与边缘等离子体不均匀,校准 ESC 温区并复核边缘 gas flow,15,29,-1.0,13.0,FAIL,edge_ring
LOT-A,改善前,W01,28nm MCU,ETCH-07,A,Plasma Etch,edge_ring,边缘环形失效，怀疑静电卡盘温控漂移与边缘等离子体不均匀,校准 ESC 温区并复核边缘 gas flow,16,29,0.0,13.0,FAIL,edge_ring
LOT-A,改善前,W01,28nm MCU,ETCH-07,A,Plasma Etch,edge_ring,边缘环形失效，怀疑静电卡盘温控漂移与边缘等离子体不均匀,校准 ESC 温区并复核边缘 gas flow,17,29,1.0,13.0,FAIL,edge_ring
LOT-A,改善前,W01,28nm MCU,ETCH-07,A,Plasma Etch,edge_ring,边缘环形失效，怀疑静电卡盘温控漂移与边缘等离子体不均匀,校准 ESC 温区并复核边缘 gas flow,18,29,2.0,13.0,PASS,pass
LOT-A,改善前,W01,28nm MCU,ETCH-07,A,Plasma Etch,edge_ring,边缘环形失效，怀疑静电卡盘温控漂移与边缘等离子体不均匀,校准 ESC 温区并复核边缘 gas flow,19,29,3.0,13.0,FAIL,edge_ring
LOT-A,改善前,W01,28nm MCU,ETCH-07,A,Plasma Etch,edge_ring,边缘环形失效，怀疑静电卡盘温控漂移与边缘等离子体不均匀,校准 ESC 温区并复核边缘 gas flow,20,29,4.0,13.0,PASS,pass
LOT-A,改善前,W01,28nm MCU,ETCH-07,A,Plasma Etch,edge_ring,边缘环形失效，怀疑静电卡盘温控漂移与边缘等离子体不均匀,校准 ESC 温区并复核边缘 gas flow,21,29,5.0,13.0,PASS,pass
LOT-A,改善前,W01,28nm MCU,ETCH-07,A,Plasma Etch,edge_ring,边缘环形失效，怀疑静电卡盘温控漂移与边缘等离子体不均匀,校准 ESC 温区并复核边缘 gas flow,22,29,6.0,13.0,FAIL,edge_ring
LOT-A,改善前,W01,28nm MCU,ETCH-07,A,Plasma Etch,edge_ring,边缘环形失效，怀疑静电卡盘温控漂移与边缘等离子体不均匀,校准 ESC 温区并复核边缘 gas flow,23,29,7.0,13.0,FAIL,edge_ring
LOT-A,改善前,W01,28nm MCU,ETCH-07,A,Plasma Etch,edge_ring,边缘环形失效，怀疑静电卡盘温控漂移与边缘等离子体不均匀,校准 ESC 温区并复核边缘 gas flow,12,30,-4.0,14.0,FAIL,edge_ring
LOT-A,改善前,W01,28nm MCU,ETCH-07,A,Plasma Etch,edge_ring,边缘环形失效，怀疑静电卡盘温控漂移与边缘等离子体不均匀,校准 ESC 温区并复核边缘 gas flow,13,30,-3.0,14.0,FAIL,edge_ring
LOT-A,改善前,W01,28nm MCU,ETCH-07,A,Plasma Etch,edge_ring,边缘环形失效，怀疑静电卡盘温控漂移与边缘等离子体不均匀,校准 ESC 温区并复核边缘 gas flow,14,30,-2.0,14.0,FAIL,edge_ring
LOT-A,改善前,W01,28nm MCU,ETCH-07,A,Plasma Etch,edge_ring,边缘环形失效，怀疑静电卡盘温控漂移与边缘等离子体不均匀,校准 ESC 温区并复核边缘 gas flow,15,30,-1.0,14.0,PASS,pass
LOT-A,改善前,W01,28nm MCU,ETCH-07,A,Plasma Etch,edge_ring,边缘环形失效，怀疑静电卡盘温控漂移与边缘等离子体不均匀,校准 ESC 温区并复核边缘 gas flow,16,30,0.0,14.0,FAIL,edge_ring
LOT-A,改善前,W01,28nm MCU,ETCH-07,A,Plasma Etch,edge_ring,边缘环形失效，怀疑静电卡盘温控漂移与边缘等离子体不均匀,校准 ESC 温区并复核边缘 gas flow,17,30,1.0,14.0,FAIL,edge_ring
LOT-A,改善前,W01,28nm MCU,ETCH-07,A,Plasma Etch,edge_ring,边缘环形失效，怀疑静电卡盘温控漂移与边缘等离子体不均匀,校准 ESC 温区并复核边缘 gas flow,18,30,2.0,14.0,PASS,pass
LOT-A,改善前,W01,28nm MCU,ETCH-07,A,Plasma Etch,edge_ring,边缘环形失效，怀疑静电卡盘温控漂移与边缘等离子体不均匀,校准 ESC 温区并复核边缘 gas flow,19,30,3.0,14.0,FAIL,edge_ring
LOT-A,改善前,W01,28nm MCU,ETCH-07,A,Plasma Etch,edge_ring,边缘环形失效，怀疑静电卡盘温控漂移与边缘等离子体不均匀,校准 ESC 温区并复核边缘 gas flow,20,30,4.0,14.0,PASS,pass
LOT-A,改善前,W02,28nm MCU,ETCH-07,A,Plasma Etch,edge_ring,边缘环形失效，怀疑静电卡盘温控漂移与边缘等离子体不均匀,校准 ESC 温区并复核边缘 gas flow,12,2,-4.0,-14.0,FAIL,edge_ring
LOT-A,改善前,W02,28nm MCU,ETCH-07,A,Plasma Etch,edge_ring,边缘环形失效，怀疑静电卡盘温控漂移与边缘等离子体不均匀,校准 ESC 温区并复核边缘 gas flow,13,2,-3.0,-14.0,FAIL,edge_ring
LOT-A,改善前,W02,28nm MCU,ETCH-07,A,Plasma Etch,edge_ring,边缘环形失效，怀疑静电卡盘温控漂移与边缘等离子体不均匀,校准 ESC 温区并复核边缘 gas flow,14,2,-2.0,-14.0,FAIL,edge_ring
LOT-A,改善前,W02,28nm MCU,ETCH-07,A,Plasma Etch,edge_ring,边缘环形失效，怀疑静电卡盘温控漂移与边缘等离子体不均匀,校准 ESC 温区并复核边缘 gas flow,15,2,-1.0,-14.0,FAIL,edge_ring
LOT-A,改善前,W02,28nm MCU,ETCH-07,A,Plasma Etch,edge_ring,边缘环形失效，怀疑静电卡盘温控漂移与边缘等离子体不均匀,校准 ESC 温区并复核边缘 gas flow,16,2,0.0,-14.0,FAIL,edge_ring
LOT-A,改善前,W02,28nm MCU,ETCH-07,A,Plasma Etch,edge_ring,边缘环形失效，怀疑静电卡盘温控漂移与边缘等离子体不均匀,校准 ESC 温区并复核边缘 gas flow,17,2,1.0,-14.0,FAIL,edge_ring
LOT-A,改善前,W02,28nm MCU,ETCH-07,A,Plasma Etch,edge_ring,边缘环形失效，怀疑静电卡盘温控漂移与边缘等离子体不均匀,校准 ESC 温区并复核边缘 gas flow,18,2,2.0,-14.0,PASS,pass
LOT-A,改善前,W02,28nm MCU,ETCH-07,A,Plasma Etch,edge_ring,边缘环形失效，怀疑静电卡盘温控漂移与边缘等离子体不均匀,校准 ESC 温区并复核边缘 gas flow,19,2,3.0,-14.0,FAIL,edge_ring
LOT-A,改善前,W02,28nm MCU,ETCH-07,A,Plasma Etch,edge_ring,边缘环形失效，怀疑静电卡盘温控漂移与边缘等离子体不均匀,校准 ESC 温区并复核边缘 gas flow,20,2,4.0,-14.0,FAIL,edge_ring
LOT-A,改善前,W02,28nm MCU,ETCH-07,A,Plasma Etch,edge_ring,边缘环形失效，怀疑静电卡盘温控漂移与边缘等离子体不均匀,校准 ESC 温区并复核边缘 gas flow,9,3,-7.0,-13.0,FAIL,edge_ring
LOT-A,改善前,W02,28nm MCU,ETCH-07,A,Plasma Etch,edge_ring,边缘环形失效，怀疑静电卡盘温控漂移与边缘等离子体不均匀,校准 ESC 温区并复核边缘 gas flow,10,3,-6.0,-13.0,FAIL,edge_ring
LOT-A,改善前,W02,28nm MCU,ETCH-07,A,Plasma Etch,edge_ring,边缘环形失效，怀疑静电卡盘温控漂移与边缘等离子体不均匀,校准 ESC 温区并复核边缘 gas flow,11,3,-5.0,-13.0,FAIL,edge_ring
LOT-A,改善前,W02,28nm MCU,ETCH-07,A,Plasma Etch,edge_ring,边缘环形失效，怀疑静电卡盘温控漂移与边缘等离子体不均匀,校准 ESC 温区并复核边缘 gas flow,12,3,-4.0,-13.0,FAIL,edge_ring
LOT-A,改善前,W02,28nm MCU,ETCH-07,A,Plasma Etch,edge_ring,边缘环形失效，怀疑静电卡盘温控漂移与边缘等离子体不均匀,校准 ESC 温区并复核边缘 gas flow,13,3,-3.0,-13.0,FAIL,edge_ring
LOT-A,改善前,W02,28nm MCU,ETCH-07,A,Plasma Etch,edge_ring,边缘环形失效，怀疑静电卡盘温控漂移与边缘等离子体不均匀,校准 ESC 温区并复核边缘 gas flow,14,3,-2.0,-13.0,PASS,pass
LOT-A,改善前,W02,28nm MCU,ETCH-07,A,Plasma Etch,edge_ring,边缘环形失效，怀疑静电卡盘温控漂移与边缘等离子体不均匀,校准 ESC 温区并复核边缘 gas flow,15,3,-1.0,-13.0,PASS,pass
LOT-A,改善前,W02,28nm MCU,ETCH-07,A,Plasma Etch,edge_ring,边缘环形失效，怀疑静电卡盘温控漂移与边缘等离子体不均匀,校准 ESC 温区并复核边缘 gas flow,16,3,0.0,-13.0,FAIL,edge_ring
LOT-A,改善前,W02,28nm MCU,ETCH-07,A,Plasma Etch,edge_ring,边缘环形失效，怀疑静电卡盘温控漂移与边缘等离子体不均匀,校准 ESC 温区并复核边缘 gas flow,17,3,1.0,-13.0,FAIL,edge_ring
LOT-A,改善前,W02,28nm MCU,ETCH-07,A,Plasma Etch,edge_ring,边缘环形失效，怀疑静电卡盘温控漂移与边缘等离子体不均匀,校准 ESC 温区并复核边缘 gas flow,18,3,2.0,-13.0,PASS,pass
LOT-A,改善前,W02,28nm MCU,ETCH-07,A,Plasma Etch,edge_ring,边缘环形失效，怀疑静电卡盘温控漂移与边缘等离子体不均匀,校准 ESC 温区并复核边缘 gas flow,19,3,3.0,-13.0,FAIL,edge_ring
LOT-A,改善前,W02,28nm MCU,ETCH-07,A,Plasma Etch,edge_ring,边缘环形失效，怀疑静电卡盘温控漂移与边缘等离子体不均匀,校准 ESC 温区并复核边缘 gas flow,20,3,4.0,-13.0,FAIL,edge_ring
LOT-A,改善前,W02,28nm MCU,ETCH-07,A,Plasma Etch,edge_ring,边缘环形失效，怀疑静电卡盘温控漂移与边缘等离子体不均匀,校准 ESC 温区并复核边缘 gas flow,21,3,5.0,-13.0,FAIL,edge_ring
LOT-A,改善前,W02,28nm MCU,ETCH-07,A,Plasma Etch,edge_ring,边缘环形失效，怀疑静电卡盘温控漂移与边缘等离子体不均匀,校准 ESC 温区并复核边缘 gas flow,22,3,6.0,-13.0,FAIL,edge_ring
LOT-A,改善前,W02,28nm MCU,ETCH-07,A,Plasma Etch,edge_ring,边缘环形失效，怀疑静电卡盘温控漂移与边缘等离子体不均匀,校准 ESC 温区并复核边缘 gas flow,23,3,7.0,-13.0,PASS,pass
LOT-A,改善前,W02,28nm MCU,ETCH-07,A,Plasma Etch,edge_ring,边缘环形失效，怀疑静电卡盘温控漂移与边缘等离子体不均匀,校准 ESC 温区并复核边缘 gas flow,8,4,-8.0,-12.0,PASS,pass
LOT-A,改善前,W02,28nm MCU,ETCH-07,A,Plasma Etch,edge_ring,边缘环形失效，怀疑静电卡盘温控漂移与边缘等离子体不均匀,校准 ESC 温区并复核边缘 gas flow,9,4,-7.0,-12.0,FAIL,edge_ring
LOT-A,改善前,W02,28nm MCU,ETCH-07,A,Plasma Etch,edge_ring,边缘环形失效，怀疑静电卡盘温控漂移与边缘等离子体不均匀,校准 ESC 温区并复核边缘 gas flow,10,4,-6.0,-12.0,FAIL,edge_ring
LOT-A,改善前,W02,28nm MCU,ETCH-07,A,Plasma Etch,edge_ring,边缘环形失效，怀疑静电卡盘温控漂移与边缘等离子体不均匀,校准 ESC 温区并复核边缘 gas flow,11,4,-5.0,-12.0,PASS,pass
LOT-A,改善前,W02,28nm MCU,ETCH-07,A,Plasma Etch,edge_ring,边缘环形失效，怀疑静电卡盘温控漂移与边缘等离子体不均匀,校准 ESC 温区并复核边缘 gas flow,12,4,-4.0,-12.0,PASS,pass
LOT-A,改善前,W02,28nm MCU,ETCH-07,A,Plasma Etch,edge_ring,边缘环形失效，怀疑静电卡盘温控漂移与边缘等离子体不均匀,校准 ESC 温区并复核边缘 gas flow,13,4,-3.0,-12.0,FAIL,edge_ring
LOT-A,改善前,W02,28nm MCU,ETCH-07,A,Plasma Etch,edge_ring,边缘环形失效，怀疑静电卡盘温控漂移与边缘等离子体不均匀,校准 ESC 温区并复核边缘 gas flow,14,4,-2.0,-12.0,PASS,pass
LOT-A,改善前,W02,28nm MCU,ETCH-07,A,Plasma Etch,edge_ring,边缘环形失效，怀疑静电卡盘温控漂移与边缘等离子体不均匀,校准 ESC 温区并复核边缘 gas flow,15,4,-1.0,-12.0,PASS,pass
LOT-A,改善前,W02,28nm MCU,ETCH-07,A,Plasma Etch,edge_ring,边缘环形失效，怀疑静电卡盘温控漂移与边缘等离子体不均匀,校准 ESC 温区并复核边缘 gas flow,16,4,0.0,-12.0,PASS,pass
LOT-A,改善前,W02,28nm MCU,ETCH-07,A,Plasma Etch,edge_ring,边缘环形失效，怀疑静电卡盘温控漂移与边缘等离子体不均匀,校准 ESC 温区并复核边缘 gas flow,17,4,1.0,-12.0,PASS,pass
LOT-A,改善前,W02,28nm MCU,ETCH-07,A,Plasma Etch,edge_ring,边缘环形失效，怀疑静电卡盘温控漂移与边缘等离子体不均匀,校准 ESC 温区并复核边缘 gas flow,18,4,2.0,-12.0,PASS,pass
LOT-A,改善前,W02,28nm MCU,ETCH-07,A,Plasma Etch,edge_ring,边缘环形失效，怀疑静电卡盘温控漂移与边缘等离子体不均匀,校准 ESC 温区并复核边缘 gas flow,19,4,3.0,-12.0,PASS,pass
LOT-A,改善前,W02,28nm MCU,ETCH-07,A,Plasma Etch,edge_ring,边缘环形失效，怀疑静电卡盘温控漂移与边缘等离子体不均匀,校准 ESC 温区并复核边缘 gas flow,20,4,4.0,-12.0,PASS,pass
LOT-A,改善前,W02,28nm MCU,ETCH-07,A,Plasma Etch,edge_ring,边缘环形失效，怀疑静电卡盘温控漂移与边缘等离子体不均匀,校准 ESC 温区并复核边缘 gas flow,21,4,5.0,-12.0,FAIL,edge_ring
LOT-A,改善前,W02,28nm MCU,ETCH-07,A,Plasma Etch,edge_ring,边缘环形失效，怀疑静电卡盘温控漂移与边缘等离子体不均匀,校准 ESC 温区并复核边缘 gas flow,22,4,6.0,-12.0,FAIL,edge_ring
LOT-A,改善前,W02,28nm MCU,ETCH-07,A,Plasma Etch,edge_ring,边缘环形失效，怀疑静电卡盘温控漂移与边缘等离子体不均匀,校准 ESC 温区并复核边缘 gas flow,23,4,7.0,-12.0,FAIL,edge_ring
LOT-A,改善前,W02,28nm MCU,ETCH-07,A,Plasma Etch,edge_ring,边缘环形失效，怀疑静电卡盘温控漂移与边缘等离子体不均匀,校准 ESC 温区并复核边缘 gas flow,24,4,8.0,-12.0,PASS,pass
LOT-A,改善前,W02,28nm MCU,ETCH-07,A,Plasma Etch,edge_ring,边缘环形失效，怀疑静电卡盘温控漂移与边缘等离子体不均匀,校准 ESC 温区并复核边缘 gas flow,7,5,-9.0,-11.0,FAIL,edge_ring
LOT-A,改善前,W02,28nm MCU,ETCH-07,A,Plasma Etch,edge_ring,边缘环形失效，怀疑静电卡盘温控漂移与边缘等离子体不均匀,校准 ESC 温区并复核边缘 gas flow,8,5,-8.0,-11.0,PASS,pass
LOT-A,改善前,W02,28nm MCU,ETCH-07,A,Plasma Etch,edge_ring,边缘环形失效，怀疑静电卡盘温控漂移与边缘等离子体不均匀,校准 ESC 温区并复核边缘 gas flow,9,5,-7.0,-11.0,FAIL,edge_ring
LOT-A,改善前,W02,28nm MCU,ETCH-07,A,Plasma Etch,edge_ring,边缘环形失效，怀疑静电卡盘温控漂移与边缘等离子体不均匀,校准 ESC 温区并复核边缘 gas flow,10,5,-6.0,-11.0,FAIL,edge_ring
LOT-A,改善前,W02,28nm MCU,ETCH-07,A,Plasma Etch,edge_ring,边缘环形失效，怀疑静电卡盘温控漂移与边缘等离子体不均匀,校准 ESC 温区并复核边缘 gas flow,11,5,-5.0,-11.0,FAIL,edge_ring
LOT-A,改善前,W02,28nm MCU,ETCH-07,A,Plasma Etch,edge_ring,边缘环形失效，怀疑静电卡盘温控漂移与边缘等离子体不均匀,校准 ESC 温区并复核边缘 gas flow,12,5,-4.0,-11.0,PASS,pass
LOT-A,改善前,W02,28nm MCU,ETCH-07,A,Plasma Etch,edge_ring,边缘环形失效，怀疑静电卡盘温控漂移与边缘等离子体不均匀,校准 ESC 温区并复核边缘 gas flow,13,5,-3.0,-11.0,PASS,pass
LOT-A,改善前,W02,28nm MCU,ETCH-07,A,Plasma Etch,edge_ring,边缘环形失效，怀疑静电卡盘温控漂移与边缘等离子体不均匀,校准 ESC 温区并复核边缘 gas flow,14,5,-2.0,-11.0,FAIL,edge_ring
LOT-A,改善前,W02,28nm MCU,ETCH-07,A,Plasma Etch,edge_ring,边缘环形失效，怀疑静电卡盘温控漂移与边缘等离子体不均匀,校准 ESC 温区并复核边缘 gas flow,15,5,-1.0,-11.0,PASS,pass
LOT-A,改善前,W02,28nm MCU,ETCH-07,A,Plasma Etch,edge_ring,边缘环形失效，怀疑静电卡盘温控漂移与边缘等离子体不均匀,校准 ESC 温区并复核边缘 gas flow,16,5,0.0,-11.0,FAIL,random
LOT-A,改善前,W02,28nm MCU,ETCH-07,A,Plasma Etch,edge_ring,边缘环形失效，怀疑静电卡盘温控漂移与边缘等离子体不均匀,校准 ESC 温区并复核边缘 gas flow,17,5,1.0,-11.0,PASS,pass
LOT-A,改善前,W02,28nm MCU,ETCH-07,A,Plasma Etch,edge_ring,边缘环形失效，怀疑静电卡盘温控漂移与边缘等离子体不均匀,校准 ESC 温区并复核边缘 gas flow,18,5,2.0,-11.0,PASS,pass
LOT-A,改善前,W02,28nm MCU,ETCH-07,A,Plasma Etch,edge_ring,边缘环形失效，怀疑静电卡盘温控漂移与边缘等离子体不均匀,校准 ESC 温区并复核边缘 gas flow,19,5,3.0,-11.0,PASS,pass
LOT-A,改善前,W02,28nm MCU,ETCH-07,A,Plasma Etch,edge_ring,边缘环形失效，怀疑静电卡盘温控漂移与边缘等离子体不均匀,校准 ESC 温区并复核边缘 gas flow,20,5,4.0,-11.0,PASS,pass
LOT-A,改善前,W02,28nm MCU,ETCH-07,A,Plasma Etch,edge_ring,边缘环形失效，怀疑静电卡盘温控漂移与边缘等离子体不均匀,校准 ESC 温区并复核边缘 gas flow,21,5,5.0,-11.0,PASS,pass
LOT-A,改善前,W02,28nm MCU,ETCH-07,A,Plasma Etch,edge_ring,边缘环形失效，怀疑静电卡盘温控漂移与边缘等离子体不均匀,校准 ESC 温区并复核边缘 gas flow,22,5,6.0,-11.0,FAIL,edge_ring
LOT-A,改善前,W02,28nm MCU,ETCH-07,A,Plasma Etch,edge_ring,边缘环形失效，怀疑静电卡盘温控漂移与边缘等离子体不均匀,校准 ESC 温区并复核边缘 gas flow,23,5,7.0,-11.0,PASS,pass
LOT-A,改善前,W02,28nm MCU,ETCH-07,A,Plasma Etch,edge_ring,边缘环形失效，怀疑静电卡盘温控漂移与边缘等离子体不均匀,校准 ESC 温区并复核边缘 gas flow,24,5,8.0,-11.0,PASS,pass
LOT-A,改善前,W02,28nm MCU,ETCH-07,A,Plasma Etch,edge_ring,边缘环形失效，怀疑静电卡盘温控漂移与边缘等离子体不均匀,校准 ESC 温区并复核边缘 gas flow,25,5,9.0,-11.0,FAIL,edge_ring
LOT-A,改善前,W02,28nm MCU,ETCH-07,A,Plasma Etch,edge_ring,边缘环形失效，怀疑静电卡盘温控漂移与边缘等离子体不均匀,校准 ESC 温区并复核边缘 gas flow,6,6,-10.0,-10.0,FAIL,edge_ring
LOT-A,改善前,W02,28nm MCU,ETCH-07,A,Plasma Etch,edge_ring,边缘环形失效，怀疑静电卡盘温控漂移与边缘等离子体不均匀,校准 ESC 温区并复核边缘 gas flow,7,6,-9.0,-10.0,PASS,pass
LOT-A,改善前,W02,28nm MCU,ETCH-07,A,Plasma Etch,edge_ring,边缘环形失效，怀疑静电卡盘温控漂移与边缘等离子体不均匀,校准 ESC 温区并复核边缘 gas flow,8,6,-8.0,-10.0,FAIL,edge_ring
LOT-A,改善前,W02,28nm MCU,ETCH-07,A,Plasma Etch,edge_ring,边缘环形失效，怀疑静电卡盘温控漂移与边缘等离子体不均匀,校准 ESC 温区并复核边缘 gas flow,9,6,-7.0,-10.0,FAIL,edge_ring
LOT-A,改善前,W02,28nm MCU,ETCH-07,A,Plasma Etch,edge_ring,边缘环形失效，怀疑静电卡盘温控漂移与边缘等离子体不均匀,校准 ESC 温区并复核边缘 gas flow,10,6,-6.0,-10.0,FAIL,edge_ring
LOT-A,改善前,W02,28nm MCU,ETCH-07,A,Plasma Etch,edge_ring,边缘环形失效，怀疑静电卡盘温控漂移与边缘等离子体不均匀,校准 ESC 温区并复核边缘 gas flow,11,6,-5.0,-10.0,PASS,pass
LOT-A,改善前,W02,28nm MCU,ETCH-07,A,Plasma Etch,edge_ring,边缘环形失效，怀疑静电卡盘温控漂移与边缘等离子体不均匀,校准 ESC 温区并复核边缘 gas flow,12,6,-4.0,-10.0,PASS,pass
LOT-A,改善前,W02,28nm MCU,ETCH-07,A,Plasma Etch,edge_ring,边缘环形失效，怀疑静电卡盘温控漂移与边缘等离子体不均匀,校准 ESC 温区并复核边缘 gas flow,13,6,-3.0,-10.0,PASS,pass
LOT-A,改善前,W02,28nm MCU,ETCH-07,A,Plasma Etch,edge_ring,边缘环形失效，怀疑静电卡盘温控漂移与边缘等离子体不均匀,校准 ESC 温区并复核边缘 gas flow,14,6,-2.0,-10.0,PASS,pass
LOT-A,改善前,W02,28nm MCU,ETCH-07,A,Plasma Etch,edge_ring,边缘环形失效，怀疑静电卡盘温控漂移与边缘等离子体不均匀,校准 ESC 温区并复核边缘 gas flow,15,6,-1.0,-10.0,PASS,pass
LOT-A,改善前,W02,28nm MCU,ETCH-07,A,Plasma Etch,edge_ring,边缘环形失效，怀疑静电卡盘温控漂移与边缘等离子体不均匀,校准 ESC 温区并复核边缘 gas flow,16,6,0.0,-10.0,PASS,pass
LOT-A,改善前,W02,28nm MCU,ETCH-07,A,Plasma Etch,edge_ring,边缘环形失效，怀疑静电卡盘温控漂移与边缘等离子体不均匀,校准 ESC 温区并复核边缘 gas flow,17,6,1.0,-10.0,PASS,pass
LOT-A,改善前,W02,28nm MCU,ETCH-07,A,Plasma Etch,edge_ring,边缘环形失效，怀疑静电卡盘温控漂移与边缘等离子体不均匀,校准 ESC 温区并复核边缘 gas flow,18,6,2.0,-10.0,PASS,pass
LOT-A,改善前,W02,28nm MCU,ETCH-07,A,Plasma Etch,edge_ring,边缘环形失效，怀疑静电卡盘温控漂移与边缘等离子体不均匀,校准 ESC 温区并复核边缘 gas flow,19,6,3.0,-10.0,PASS,pass
LOT-A,改善前,W02,28nm MCU,ETCH-07,A,Plasma Etch,edge_ring,边缘环形失效，怀疑静电卡盘温控漂移与边缘等离子体不均匀,校准 ESC 温区并复核边缘 gas flow,20,6,4.0,-10.0,PASS,pass
LOT-A,改善前,W02,28nm MCU,ETCH-07,A,Plasma Etch,edge_ring,边缘环形失效，怀疑静电卡盘温控漂移与边缘等离子体不均匀,校准 ESC 温区并复核边缘 gas flow,21,6,5.0,-10.0,FAIL,edge_ring
LOT-A,改善前,W02,28nm MCU,ETCH-07,A,Plasma Etch,edge_ring,边缘环形失效，怀疑静电卡盘温控漂移与边缘等离子体不均匀,校准 ESC 温区并复核边缘 gas flow,22,6,6.0,-10.0,PASS,pass
LOT-A,改善前,W02,28nm MCU,ETCH-07,A,Plasma Etch,edge_ring,边缘环形失效，怀疑静电卡盘温控漂移与边缘等离子体不均匀,校准 ESC 温区并复核边缘 gas flow,23,6,7.0,-10.0,PASS,pass
LOT-A,改善前,W02,28nm MCU,ETCH-07,A,Plasma Etch,edge_ring,边缘环形失效，怀疑静电卡盘温控漂移与边缘等离子体不均匀,校准 ESC 温区并复核边缘 gas flow,24,6,8.0,-10.0,FAIL,edge_ring
LOT-A,改善前,W02,28nm MCU,ETCH-07,A,Plasma Etch,edge_ring,边缘环形失效，怀疑静电卡盘温控漂移与边缘等离子体不均匀,校准 ESC 温区并复核边缘 gas flow,25,6,9.0,-10.0,FAIL,edge_ring
LOT-A,改善前,W02,28nm MCU,ETCH-07,A,Plasma Etch,edge_ring,边缘环形失效，怀疑静电卡盘温控漂移与边缘等离子体不均匀,校准 ESC 温区并复核边缘 gas flow,26,6,10.0,-10.0,FAIL,edge_ring
LOT-A,改善前,W02,28nm MCU,ETCH-07,A,Plasma Etch,edge_ring,边缘环形失效，怀疑静电卡盘温控漂移与边缘等离子体不均匀,校准 ESC 温区并复核边缘 gas flow,5,7,-11.0,-9.0,FAIL,edge_ring
LOT-A,改善前,W02,28nm MCU,ETCH-07,A,Plasma Etch,edge_ring,边缘环形失效，怀疑静电卡盘温控漂移与边缘等离子体不均匀,校准 ESC 温区并复核边缘 gas flow,6,7,-10.0,-9.0,FAIL,edge_ring
LOT-A,改善前,W02,28nm MCU,ETCH-07,A,Plasma Etch,edge_ring,边缘环形失效，怀疑静电卡盘温控漂移与边缘等离子体不均匀,校准 ESC 温区并复核边缘 gas flow,7,7,-9.0,-9.0,FAIL,edge_ring
LOT-A,改善前,W02,28nm MCU,ETCH-07,A,Plasma Etch,edge_ring,边缘环形失效，怀疑静电卡盘温控漂移与边缘等离子体不均匀,校准 ESC 温区并复核边缘 gas flow,8,7,-8.0,-9.0,FAIL,random
LOT-A,改善前,W02,28nm MCU,ETCH-07,A,Plasma Etch,edge_ring,边缘环形失效，怀疑静电卡盘温控漂移与边缘等离子体不均匀,校准 ESC 温区并复核边缘 gas flow,9,7,-7.0,-9.0,FAIL,edge_ring
LOT-A,改善前,W02,28nm MCU,ETCH-07,A,Plasma Etch,edge_ring,边缘环形失效，怀疑静电卡盘温控漂移与边缘等离子体不均匀,校准 ESC 温区并复核边缘 gas flow,10,7,-6.0,-9.0,PASS,pass
LOT-A,改善前,W02,28nm MCU,ETCH-07,A,Plasma Etch,edge_ring,边缘环形失效，怀疑静电卡盘温控漂移与边缘等离子体不均匀,校准 ESC 温区并复核边缘 gas flow,11,7,-5.0,-9.0,PASS,pass
LOT-A,改善前,W02,28nm MCU,ETCH-07,A,Plasma Etch,edge_ring,边缘环形失效，怀疑静电卡盘温控漂移与边缘等离子体不均匀,校准 ESC 温区并复核边缘 gas flow,12,7,-4.0,-9.0,PASS,pass
LOT-A,改善前,W02,28nm MCU,ETCH-07,A,Plasma Etch,edge_ring,边缘环形失效，怀疑静电卡盘温控漂移与边缘等离子体不均匀,校准 ESC 温区并复核边缘 gas flow,13,7,-3.0,-9.0,PASS,pass
LOT-A,改善前,W02,28nm MCU,ETCH-07,A,Plasma Etch,edge_ring,边缘环形失效，怀疑静电卡盘温控漂移与边缘等离子体不均匀,校准 ESC 温区并复核边缘 gas flow,14,7,-2.0,-9.0,PASS,pass
LOT-A,改善前,W02,28nm MCU,ETCH-07,A,Plasma Etch,edge_ring,边缘环形失效，怀疑静电卡盘温控漂移与边缘等离子体不均匀,校准 ESC 温区并复核边缘 gas flow,15,7,-1.0,-9.0,PASS,pass
LOT-A,改善前,W02,28nm MCU,ETCH-07,A,Plasma Etch,edge_ring,边缘环形失效，怀疑静电卡盘温控漂移与边缘等离子体不均匀,校准 ESC 温区并复核边缘 gas flow,16,7,0.0,-9.0,PASS,pass
LOT-A,改善前,W02,28nm MCU,ETCH-07,A,Plasma Etch,edge_ring,边缘环形失效，怀疑静电卡盘温控漂移与边缘等离子体不均匀,校准 ESC 温区并复核边缘 gas flow,17,7,1.0,-9.0,PASS,pass
LOT-A,改善前,W02,28nm MCU,ETCH-07,A,Plasma Etch,edge_ring,边缘环形失效，怀疑静电卡盘温控漂移与边缘等离子体不均匀,校准 ESC 温区并复核边缘 gas flow,18,7,2.0,-9.0,PASS,pass
LOT-A,改善前,W02,28nm MCU,ETCH-07,A,Plasma Etch,edge_ring,边缘环形失效，怀疑静电卡盘温控漂移与边缘等离子体不均匀,校准 ESC 温区并复核边缘 gas flow,19,7,3.0,-9.0,PASS,pass
LOT-A,改善前,W02,28nm MCU,ETCH-07,A,Plasma Etch,edge_ring,边缘环形失效，怀疑静电卡盘温控漂移与边缘等离子体不均匀,校准 ESC 温区并复核边缘 gas flow,20,7,4.0,-9.0,PASS,pass
LOT-A,改善前,W02,28nm MCU,ETCH-07,A,Plasma Etch,edge_ring,边缘环形失效，怀疑静电卡盘温控漂移与边缘等离子体不均匀,校准 ESC 温区并复核边缘 gas flow,21,7,5.0,-9.0,PASS,pass
LOT-A,改善前,W02,28nm MCU,ETCH-07,A,Plasma Etch,edge_ring,边缘环形失效，怀疑静电卡盘温控漂移与边缘等离子体不均匀,校准 ESC 温区并复核边缘 gas flow,22,7,6.0,-9.0,PASS,pass
LOT-A,改善前,W02,28nm MCU,ETCH-07,A,Plasma Etch,edge_ring,边缘环形失效，怀疑静电卡盘温控漂移与边缘等离子体不均匀,校准 ESC 温区并复核边缘 gas flow,23,7,7.0,-9.0,FAIL,random
LOT-A,改善前,W02,28nm MCU,ETCH-07,A,Plasma Etch,edge_ring,边缘环形失效，怀疑静电卡盘温控漂移与边缘等离子体不均匀,校准 ESC 温区并复核边缘 gas flow,24,7,8.0,-9.0,PASS,pass
LOT-A,改善前,W02,28nm MCU,ETCH-07,A,Plasma Etch,edge_ring,边缘环形失效，怀疑静电卡盘温控漂移与边缘等离子体不均匀,校准 ESC 温区并复核边缘 gas flow,25,7,9.0,-9.0,FAIL,edge_ring
LOT-A,改善前,W02,28nm MCU,ETCH-07,A,Plasma Etch,edge_ring,边缘环形失效，怀疑静电卡盘温控漂移与边缘等离子体不均匀,校准 ESC 温区并复核边缘 gas flow,26,7,10.0,-9.0,PASS,pass
LOT-A,改善前,W02,28nm MCU,ETCH-07,A,Plasma Etch,edge_ring,边缘环形失效，怀疑静电卡盘温控漂移与边缘等离子体不均匀,校准 ESC 温区并复核边缘 gas flow,27,7,11.0,-9.0,FAIL,edge_ring
LOT-A,改善前,W02,28nm MCU,ETCH-07,A,Plasma Etch,edge_ring,边缘环形失效，怀疑静电卡盘温控漂移与边缘等离子体不均匀,校准 ESC 温区并复核边缘 gas flow,4,8,-12.0,-8.0,FAIL,edge_ring
LOT-A,改善前,W02,28nm MCU,ETCH-07,A,Plasma Etch,edge_ring,边缘环形失效，怀疑静电卡盘温控漂移与边缘等离子体不均匀,校准 ESC 温区并复核边缘 gas flow,5,8,-11.0,-8.0,FAIL,edge_ring
LOT-A,改善前,W02,28nm MCU,ETCH-07,A,Plasma Etch,edge_ring,边缘环形失效，怀疑静电卡盘温控漂移与边缘等离子体不均匀,校准 ESC 温区并复核边缘 gas flow,6,8,-10.0,-8.0,PASS,pass
LOT-A,改善前,W02,28nm MCU,ETCH-07,A,Plasma Etch,edge_ring,边缘环形失效，怀疑静电卡盘温控漂移与边缘等离子体不均匀,校准 ESC 温区并复核边缘 gas flow,7,8,-9.0,-8.0,PASS,pass
LOT-A,改善前,W02,28nm MCU,ETCH-07,A,Plasma Etch,edge_ring,边缘环形失效，怀疑静电卡盘温控漂移与边缘等离子体不均匀,校准 ESC 温区并复核边缘 gas flow,8,8,-8.0,-8.0,PASS,pass
LOT-A,改善前,W02,28nm MCU,ETCH-07,A,Plasma Etch,edge_ring,边缘环形失效，怀疑静电卡盘温控漂移与边缘等离子体不均匀,校准 ESC 温区并复核边缘 gas flow,9,8,-7.0,-8.0,PASS,pass
LOT-A,改善前,W02,28nm MCU,ETCH-07,A,Plasma Etch,edge_ring,边缘环形失效，怀疑静电卡盘温控漂移与边缘等离子体不均匀,校准 ESC 温区并复核边缘 gas flow,10,8,-6.0,-8.0,PASS,pass
LOT-A,改善前,W02,28nm MCU,ETCH-07,A,Plasma Etch,edge_ring,边缘环形失效，怀疑静电卡盘温控漂移与边缘等离子体不均匀,校准 ESC 温区并复核边缘 gas flow,11,8,-5.0,-8.0,PASS,pass
LOT-A,改善前,W02,28nm MCU,ETCH-07,A,Plasma Etch,edge_ring,边缘环形失效，怀疑静电卡盘温控漂移与边缘等离子体不均匀,校准 ESC 温区并复核边缘 gas flow,12,8,-4.0,-8.0,PASS,pass
LOT-A,改善前,W02,28nm MCU,ETCH-07,A,Plasma Etch,edge_ring,边缘环形失效，怀疑静电卡盘温控漂移与边缘等离子体不均匀,校准 ESC 温区并复核边缘 gas flow,13,8,-3.0,-8.0,PASS,pass
LOT-A,改善前,W02,28nm MCU,ETCH-07,A,Plasma Etch,edge_ring,边缘环形失效，怀疑静电卡盘温控漂移与边缘等离子体不均匀,校准 ESC 温区并复核边缘 gas flow,14,8,-2.0,-8.0,PASS,pass
LOT-A,改善前,W02,28nm MCU,ETCH-07,A,Plasma Etch,edge_ring,边缘环形失效，怀疑静电卡盘温控漂移与边缘等离子体不均匀,校准 ESC 温区并复核边缘 gas flow,15,8,-1.0,-8.0,PASS,pass
LOT-A,改善前,W02,28nm MCU,ETCH-07,A,Plasma Etch,edge_ring,边缘环形失效，怀疑静电卡盘温控漂移与边缘等离子体不均匀,校准 ESC 温区并复核边缘 gas flow,16,8,0.0,-8.0,PASS,pass
LOT-A,改善前,W02,28nm MCU,ETCH-07,A,Plasma Etch,edge_ring,边缘环形失效，怀疑静电卡盘温控漂移与边缘等离子体不均匀,校准 ESC 温区并复核边缘 gas flow,17,8,1.0,-8.0,PASS,pass
LOT-A,改善前,W02,28nm MCU,ETCH-07,A,Plasma Etch,edge_ring,边缘环形失效，怀疑静电卡盘温控漂移与边缘等离子体不均匀,校准 ESC 温区并复核边缘 gas flow,18,8,2.0,-8.0,PASS,pass
LOT-A,改善前,W02,28nm MCU,ETCH-07,A,Plasma Etch,edge_ring,边缘环形失效，怀疑静电卡盘温控漂移与边缘等离子体不均匀,校准 ESC 温区并复核边缘 gas flow,19,8,3.0,-8.0,PASS,pass
LOT-A,改善前,W02,28nm MCU,ETCH-07,A,Plasma Etch,edge_ring,边缘环形失效，怀疑静电卡盘温控漂移与边缘等离子体不均匀,校准 ESC 温区并复核边缘 gas flow,20,8,4.0,-8.0,PASS,pass
LOT-A,改善前,W02,28nm MCU,ETCH-07,A,Plasma Etch,edge_ring,边缘环形失效，怀疑静电卡盘温控漂移与边缘等离子体不均匀,校准 ESC 温区并复核边缘 gas flow,21,8,5.0,-8.0,PASS,pass
LOT-A,改善前,W02,28nm MCU,ETCH-07,A,Plasma Etch,edge_ring,边缘环形失效，怀疑静电卡盘温控漂移与边缘等离子体不均匀,校准 ESC 温区并复核边缘 gas flow,22,8,6.0,-8.0,PASS,pass
LOT-A,改善前,W02,28nm MCU,ETCH-07,A,Plasma Etch,edge_ring,边缘环形失效，怀疑静电卡盘温控漂移与边缘等离子体不均匀,校准 ESC 温区并复核边缘 gas flow,23,8,7.0,-8.0,PASS,pass
LOT-A,改善前,W02,28nm MCU,ETCH-07,A,Plasma Etch,edge_ring,边缘环形失效，怀疑静电卡盘温控漂移与边缘等离子体不均匀,校准 ESC 温区并复核边缘 gas flow,24,8,8.0,-8.0,FAIL,edge_ring
LOT-A,改善前,W02,28nm MCU,ETCH-07,A,Plasma Etch,edge_ring,边缘环形失效，怀疑静电卡盘温控漂移与边缘等离子体不均匀,校准 ESC 温区并复核边缘 gas flow,25,8,9.0,-8.0,PASS,pass
LOT-A,改善前,W02,28nm MCU,ETCH-07,A,Plasma Etch,edge_ring,边缘环形失效，怀疑静电卡盘温控漂移与边缘等离子体不均匀,校准 ESC 温区并复核边缘 gas flow,26,8,10.0,-8.0,PASS,pass
LOT-A,改善前,W02,28nm MCU,ETCH-07,A,Plasma Etch,edge_ring,边缘环形失效，怀疑静电卡盘温控漂移与边缘等离子体不均匀,校准 ESC 温区并复核边缘 gas flow,27,8,11.0,-8.0,FAIL,edge_ring
LOT-A,改善前,W02,28nm MCU,ETCH-07,A,Plasma Etch,edge_ring,边缘环形失效，怀疑静电卡盘温控漂移与边缘等离子体不均匀,校准 ESC 温区并复核边缘 gas flow,28,8,12.0,-8.0,FAIL,edge_ring
LOT-A,改善前,W02,28nm MCU,ETCH-07,A,Plasma Etch,edge_ring,边缘环形失效，怀疑静电卡盘温控漂移与边缘等离子体不均匀,校准 ESC 温区并复核边缘 gas flow,3,9,-13.0,-7.0,FAIL,edge_ring
LOT-A,改善前,W02,28nm MCU,ETCH-07,A,Plasma Etch,edge_ring,边缘环形失效，怀疑静电卡盘温控漂移与边缘等离子体不均匀,校准 ESC 温区并复核边缘 gas flow,4,9,-12.0,-7.0,PASS,pass
LOT-A,改善前,W02,28nm MCU,ETCH-07,A,Plasma Etch,edge_ring,边缘环形失效，怀疑静电卡盘温控漂移与边缘等离子体不均匀,校准 ESC 温区并复核边缘 gas flow,5,9,-11.0,-7.0,FAIL,edge_ring
LOT-A,改善前,W02,28nm MCU,ETCH-07,A,Plasma Etch,edge_ring,边缘环形失效，怀疑静电卡盘温控漂移与边缘等离子体不均匀,校准 ESC 温区并复核边缘 gas flow,6,9,-10.0,-7.0,FAIL,edge_ring
LOT-A,改善前,W02,28nm MCU,ETCH-07,A,Plasma Etch,edge_ring,边缘环形失效，怀疑静电卡盘温控漂移与边缘等离子体不均匀,校准 ESC 温区并复核边缘 gas flow,7,9,-9.0,-7.0,PASS,pass
LOT-A,改善前,W02,28nm MCU,ETCH-07,A,Plasma Etch,edge_ring,边缘环形失效，怀疑静电卡盘温控漂移与边缘等离子体不均匀,校准 ESC 温区并复核边缘 gas flow,8,9,-8.0,-7.0,PASS,pass
LOT-A,改善前,W02,28nm MCU,ETCH-07,A,Plasma Etch,edge_ring,边缘环形失效，怀疑静电卡盘温控漂移与边缘等离子体不均匀,校准 ESC 温区并复核边缘 gas flow,9,9,-7.0,-7.0,PASS,pass
LOT-A,改善前,W02,28nm MCU,ETCH-07,A,Plasma Etch,edge_ring,边缘环形失效，怀疑静电卡盘温控漂移与边缘等离子体不均匀,校准 ESC 温区并复核边缘 gas flow,10,9,-6.0,-7.0,FAIL,random
LOT-A,改善前,W02,28nm MCU,ETCH-07,A,Plasma Etch,edge_ring,边缘环形失效，怀疑静电卡盘温控漂移与边缘等离子体不均匀,校准 ESC 温区并复核边缘 gas flow,11,9,-5.0,-7.0,PASS,pass
LOT-A,改善前,W02,28nm MCU,ETCH-07,A,Plasma Etch,edge_ring,边缘环形失效，怀疑静电卡盘温控漂移与边缘等离子体不均匀,校准 ESC 温区并复核边缘 gas flow,12,9,-4.0,-7.0,PASS,pass
LOT-A,改善前,W02,28nm MCU,ETCH-07,A,Plasma Etch,edge_ring,边缘环形失效，怀疑静电卡盘温控漂移与边缘等离子体不均匀,校准 ESC 温区并复核边缘 gas flow,13,9,-3.0,-7.0,PASS,pass
LOT-A,改善前,W02,28nm MCU,ETCH-07,A,Plasma Etch,edge_ring,边缘环形失效，怀疑静电卡盘温控漂移与边缘等离子体不均匀,校准 ESC 温区并复核边缘 gas flow,14,9,-2.0,-7.0,PASS,pass
LOT-A,改善前,W02,28nm MCU,ETCH-07,A,Plasma Etch,edge_ring,边缘环形失效，怀疑静电卡盘温控漂移与边缘等离子体不均匀,校准 ESC 温区并复核边缘 gas flow,15,9,-1.0,-7.0,PASS,pass
LOT-A,改善前,W02,28nm MCU,ETCH-07,A,Plasma Etch,edge_ring,边缘环形失效，怀疑静电卡盘温控漂移与边缘等离子体不均匀,校准 ESC 温区并复核边缘 gas flow,16,9,0.0,-7.0,PASS,pass
LOT-A,改善前,W02,28nm MCU,ETCH-07,A,Plasma Etch,edge_ring,边缘环形失效，怀疑静电卡盘温控漂移与边缘等离子体不均匀,校准 ESC 温区并复核边缘 gas flow,17,9,1.0,-7.0,PASS,pass
LOT-A,改善前,W02,28nm MCU,ETCH-07,A,Plasma Etch,edge_ring,边缘环形失效，怀疑静电卡盘温控漂移与边缘等离子体不均匀,校准 ESC 温区并复核边缘 gas flow,18,9,2.0,-7.0,PASS,pass
LOT-A,改善前,W02,28nm MCU,ETCH-07,A,Plasma Etch,edge_ring,边缘环形失效，怀疑静电卡盘温控漂移与边缘等离子体不均匀,校准 ESC 温区并复核边缘 gas flow,19,9,3.0,-7.0,PASS,pass
LOT-A,改善前,W02,28nm MCU,ETCH-07,A,Plasma Etch,edge_ring,边缘环形失效，怀疑静电卡盘温控漂移与边缘等离子体不均匀,校准 ESC 温区并复核边缘 gas flow,20,9,4.0,-7.0,PASS,pass
LOT-A,改善前,W02,28nm MCU,ETCH-07,A,Plasma Etch,edge_ring,边缘环形失效，怀疑静电卡盘温控漂移与边缘等离子体不均匀,校准 ESC 温区并复核边缘 gas flow,21,9,5.0,-7.0,PASS,pass
LOT-A,改善前,W02,28nm MCU,ETCH-07,A,Plasma Etch,edge_ring,边缘环形失效，怀疑静电卡盘温控漂移与边缘等离子体不均匀,校准 ESC 温区并复核边缘 gas flow,22,9,6.0,-7.0,PASS,pass
LOT-A,改善前,W02,28nm MCU,ETCH-07,A,Plasma Etch,edge_ring,边缘环形失效，怀疑静电卡盘温控漂移与边缘等离子体不均匀,校准 ESC 温区并复核边缘 gas flow,23,9,7.0,-7.0,PASS,pass
LOT-A,改善前,W02,28nm MCU,ETCH-07,A,Plasma Etch,edge_ring,边缘环形失效，怀疑静电卡盘温控漂移与边缘等离子体不均匀,校准 ESC 温区并复核边缘 gas flow,24,9,8.0,-7.0,PASS,pass
LOT-A,改善前,W02,28nm MCU,ETCH-07,A,Plasma Etch,edge_ring,边缘环形失效，怀疑静电卡盘温控漂移与边缘等离子体不均匀,校准 ESC 温区并复核边缘 gas flow,25,9,9.0,-7.0,PASS,pass
LOT-A,改善前,W02,28nm MCU,ETCH-07,A,Plasma Etch,edge_ring,边缘环形失效，怀疑静电卡盘温控漂移与边缘等离子体不均匀,校准 ESC 温区并复核边缘 gas flow,26,9,10.0,-7.0,FAIL,edge_ring
LOT-A,改善前,W02,28nm MCU,ETCH-07,A,Plasma Etch,edge_ring,边缘环形失效，怀疑静电卡盘温控漂移与边缘等离子体不均匀,校准 ESC 温区并复核边缘 gas flow,27,9,11.0,-7.0,PASS,pass
LOT-A,改善前,W02,28nm MCU,ETCH-07,A,Plasma Etch,edge_ring,边缘环形失效，怀疑静电卡盘温控漂移与边缘等离子体不均匀,校准 ESC 温区并复核边缘 gas flow,28,9,12.0,-7.0,FAIL,edge_ring
LOT-A,改善前,W02,28nm MCU,ETCH-07,A,Plasma Etch,edge_ring,边缘环形失效，怀疑静电卡盘温控漂移与边缘等离子体不均匀,校准 ESC 温区并复核边缘 gas flow,29,9,13.0,-7.0,PASS,pass
LOT-A,改善前,W02,28nm MCU,ETCH-07,A,Plasma Etch,edge_ring,边缘环形失效，怀疑静电卡盘温控漂移与边缘等离子体不均匀,校准 ESC 温区并复核边缘 gas flow,3,10,-13.0,-6.0,PASS,pass
LOT-A,改善前,W02,28nm MCU,ETCH-07,A,Plasma Etch,edge_ring,边缘环形失效，怀疑静电卡盘温控漂移与边缘等离子体不均匀,校准 ESC 温区并复核边缘 gas flow,4,10,-12.0,-6.0,FAIL,edge_ring
LOT-A,改善前,W02,28nm MCU,ETCH-07,A,Plasma Etch,edge_ring,边缘环形失效，怀疑静电卡盘温控漂移与边缘等离子体不均匀,校准 ESC 温区并复核边缘 gas flow,5,10,-11.0,-6.0,FAIL,edge_ring
LOT-A,改善前,W02,28nm MCU,ETCH-07,A,Plasma Etch,edge_ring,边缘环形失效，怀疑静电卡盘温控漂移与边缘等离子体不均匀,校准 ESC 温区并复核边缘 gas flow,6,10,-10.0,-6.0,FAIL,edge_ring
LOT-A,改善前,W02,28nm MCU,ETCH-07,A,Plasma Etch,edge_ring,边缘环形失效，怀疑静电卡盘温控漂移与边缘等离子体不均匀,校准 ESC 温区并复核边缘 gas flow,7,10,-9.0,-6.0,PASS,pass
LOT-A,改善前,W02,28nm MCU,ETCH-07,A,Plasma Etch,edge_ring,边缘环形失效，怀疑静电卡盘温控漂移与边缘等离子体不均匀,校准 ESC 温区并复核边缘 gas flow,8,10,-8.0,-6.0,PASS,pass
LOT-A,改善前,W02,28nm MCU,ETCH-07,A,Plasma Etch,edge_ring,边缘环形失效，怀疑静电卡盘温控漂移与边缘等离子体不均匀,校准 ESC 温区并复核边缘 gas flow,9,10,-7.0,-6.0,PASS,pass
LOT-A,改善前,W02,28nm MCU,ETCH-07,A,Plasma Etch,edge_ring,边缘环形失效，怀疑静电卡盘温控漂移与边缘等离子体不均匀,校准 ESC 温区并复核边缘 gas flow,10,10,-6.0,-6.0,PASS,pass
LOT-A,改善前,W02,28nm MCU,ETCH-07,A,Plasma Etch,edge_ring,边缘环形失效，怀疑静电卡盘温控漂移与边缘等离子体不均匀,校准 ESC 温区并复核边缘 gas flow,11,10,-5.0,-6.0,PASS,pass
LOT-A,改善前,W02,28nm MCU,ETCH-07,A,Plasma Etch,edge_ring,边缘环形失效，怀疑静电卡盘温控漂移与边缘等离子体不均匀,校准 ESC 温区并复核边缘 gas flow,12,10,-4.0,-6.0,PASS,pass
LOT-A,改善前,W02,28nm MCU,ETCH-07,A,Plasma Etch,edge_ring,边缘环形失效，怀疑静电卡盘温控漂移与边缘等离子体不均匀,校准 ESC 温区并复核边缘 gas flow,13,10,-3.0,-6.0,PASS,pass
LOT-A,改善前,W02,28nm MCU,ETCH-07,A,Plasma Etch,edge_ring,边缘环形失效，怀疑静电卡盘温控漂移与边缘等离子体不均匀,校准 ESC 温区并复核边缘 gas flow,14,10,-2.0,-6.0,PASS,pass
LOT-A,改善前,W02,28nm MCU,ETCH-07,A,Plasma Etch,edge_ring,边缘环形失效，怀疑静电卡盘温控漂移与边缘等离子体不均匀,校准 ESC 温区并复核边缘 gas flow,15,10,-1.0,-6.0,PASS,pass
LOT-A,改善前,W02,28nm MCU,ETCH-07,A,Plasma Etch,edge_ring,边缘环形失效，怀疑静电卡盘温控漂移与边缘等离子体不均匀,校准 ESC 温区并复核边缘 gas flow,16,10,0.0,-6.0,PASS,pass
LOT-A,改善前,W02,28nm MCU,ETCH-07,A,Plasma Etch,edge_ring,边缘环形失效，怀疑静电卡盘温控漂移与边缘等离子体不均匀,校准 ESC 温区并复核边缘 gas flow,17,10,1.0,-6.0,PASS,pass
LOT-A,改善前,W02,28nm MCU,ETCH-07,A,Plasma Etch,edge_ring,边缘环形失效，怀疑静电卡盘温控漂移与边缘等离子体不均匀,校准 ESC 温区并复核边缘 gas flow,18,10,2.0,-6.0,PASS,pass
LOT-A,改善前,W02,28nm MCU,ETCH-07,A,Plasma Etch,edge_ring,边缘环形失效，怀疑静电卡盘温控漂移与边缘等离子体不均匀,校准 ESC 温区并复核边缘 gas flow,19,10,3.0,-6.0,PASS,pass
LOT-A,改善前,W02,28nm MCU,ETCH-07,A,Plasma Etch,edge_ring,边缘环形失效，怀疑静电卡盘温控漂移与边缘等离子体不均匀,校准 ESC 温区并复核边缘 gas flow,20,10,4.0,-6.0,PASS,pass
LOT-A,改善前,W02,28nm MCU,ETCH-07,A,Plasma Etch,edge_ring,边缘环形失效，怀疑静电卡盘温控漂移与边缘等离子体不均匀,校准 ESC 温区并复核边缘 gas flow,21,10,5.0,-6.0,PASS,pass
LOT-A,改善前,W02,28nm MCU,ETCH-07,A,Plasma Etch,edge_ring,边缘环形失效，怀疑静电卡盘温控漂移与边缘等离子体不均匀,校准 ESC 温区并复核边缘 gas flow,22,10,6.0,-6.0,PASS,pass
LOT-A,改善前,W02,28nm MCU,ETCH-07,A,Plasma Etch,edge_ring,边缘环形失效，怀疑静电卡盘温控漂移与边缘等离子体不均匀,校准 ESC 温区并复核边缘 gas flow,23,10,7.0,-6.0,PASS,pass
LOT-A,改善前,W02,28nm MCU,ETCH-07,A,Plasma Etch,edge_ring,边缘环形失效，怀疑静电卡盘温控漂移与边缘等离子体不均匀,校准 ESC 温区并复核边缘 gas flow,24,10,8.0,-6.0,PASS,pass
LOT-A,改善前,W02,28nm MCU,ETCH-07,A,Plasma Etch,edge_ring,边缘环形失效，怀疑静电卡盘温控漂移与边缘等离子体不均匀,校准 ESC 温区并复核边缘 gas flow,25,10,9.0,-6.0,PASS,pass
LOT-A,改善前,W02,28nm MCU,ETCH-07,A,Plasma Etch,edge_ring,边缘环形失效，怀疑静电卡盘温控漂移与边缘等离子体不均匀,校准 ESC 温区并复核边缘 gas flow,26,10,10.0,-6.0,PASS,pass
LOT-A,改善前,W02,28nm MCU,ETCH-07,A,Plasma Etch,edge_ring,边缘环形失效，怀疑静电卡盘温控漂移与边缘等离子体不均匀,校准 ESC 温区并复核边缘 gas flow,27,10,11.0,-6.0,PASS,pass
LOT-A,改善前,W02,28nm MCU,ETCH-07,A,Plasma Etch,edge_ring,边缘环形失效，怀疑静电卡盘温控漂移与边缘等离子体不均匀,校准 ESC 温区并复核边缘 gas flow,28,10,12.0,-6.0,FAIL,edge_ring
LOT-A,改善前,W02,28nm MCU,ETCH-07,A,Plasma Etch,edge_ring,边缘环形失效，怀疑静电卡盘温控漂移与边缘等离子体不均匀,校准 ESC 温区并复核边缘 gas flow,29,10,13.0,-6.0,FAIL,edge_ring
LOT-A,改善前,W02,28nm MCU,ETCH-07,A,Plasma Etch,edge_ring,边缘环形失效，怀疑静电卡盘温控漂移与边缘等离子体不均匀,校准 ESC 温区并复核边缘 gas flow,3,11,-13.0,-5.0,FAIL,edge_ring
LOT-A,改善前,W02,28nm MCU,ETCH-07,A,Plasma Etch,edge_ring,边缘环形失效，怀疑静电卡盘温控漂移与边缘等离子体不均匀,校准 ESC 温区并复核边缘 gas flow,4,11,-12.0,-5.0,FAIL,edge_ring
LOT-A,改善前,W02,28nm MCU,ETCH-07,A,Plasma Etch,edge_ring,边缘环形失效，怀疑静电卡盘温控漂移与边缘等离子体不均匀,校准 ESC 温区并复核边缘 gas flow,5,11,-11.0,-5.0,PASS,pass
LOT-A,改善前,W02,28nm MCU,ETCH-07,A,Plasma Etch,edge_ring,边缘环形失效，怀疑静电卡盘温控漂移与边缘等离子体不均匀,校准 ESC 温区并复核边缘 gas flow,6,11,-10.0,-5.0,PASS,pass
LOT-A,改善前,W02,28nm MCU,ETCH-07,A,Plasma Etch,edge_ring,边缘环形失效，怀疑静电卡盘温控漂移与边缘等离子体不均匀,校准 ESC 温区并复核边缘 gas flow,7,11,-9.0,-5.0,PASS,pass
LOT-A,改善前,W02,28nm MCU,ETCH-07,A,Plasma Etch,edge_ring,边缘环形失效，怀疑静电卡盘温控漂移与边缘等离子体不均匀,校准 ESC 温区并复核边缘 gas flow,8,11,-8.0,-5.0,PASS,pass
LOT-A,改善前,W02,28nm MCU,ETCH-07,A,Plasma Etch,edge_ring,边缘环形失效，怀疑静电卡盘温控漂移与边缘等离子体不均匀,校准 ESC 温区并复核边缘 gas flow,9,11,-7.0,-5.0,PASS,pass
LOT-A,改善前,W02,28nm MCU,ETCH-07,A,Plasma Etch,edge_ring,边缘环形失效，怀疑静电卡盘温控漂移与边缘等离子体不均匀,校准 ESC 温区并复核边缘 gas flow,10,11,-6.0,-5.0,PASS,pass
LOT-A,改善前,W02,28nm MCU,ETCH-07,A,Plasma Etch,edge_ring,边缘环形失效，怀疑静电卡盘温控漂移与边缘等离子体不均匀,校准 ESC 温区并复核边缘 gas flow,11,11,-5.0,-5.0,PASS,pass
LOT-A,改善前,W02,28nm MCU,ETCH-07,A,Plasma Etch,edge_ring,边缘环形失效，怀疑静电卡盘温控漂移与边缘等离子体不均匀,校准 ESC 温区并复核边缘 gas flow,12,11,-4.0,-5.0,PASS,pass
LOT-A,改善前,W02,28nm MCU,ETCH-07,A,Plasma Etch,edge_ring,边缘环形失效，怀疑静电卡盘温控漂移与边缘等离子体不均匀,校准 ESC 温区并复核边缘 gas flow,13,11,-3.0,-5.0,PASS,pass
LOT-A,改善前,W02,28nm MCU,ETCH-07,A,Plasma Etch,edge_ring,边缘环形失效，怀疑静电卡盘温控漂移与边缘等离子体不均匀,校准 ESC 温区并复核边缘 gas flow,14,11,-2.0,-5.0,PASS,pass
LOT-A,改善前,W02,28nm MCU,ETCH-07,A,Plasma Etch,edge_ring,边缘环形失效，怀疑静电卡盘温控漂移与边缘等离子体不均匀,校准 ESC 温区并复核边缘 gas flow,15,11,-1.0,-5.0,PASS,pass
LOT-A,改善前,W02,28nm MCU,ETCH-07,A,Plasma Etch,edge_ring,边缘环形失效，怀疑静电卡盘温控漂移与边缘等离子体不均匀,校准 ESC 温区并复核边缘 gas flow,16,11,0.0,-5.0,PASS,pass
LOT-A,改善前,W02,28nm MCU,ETCH-07,A,Plasma Etch,edge_ring,边缘环形失效，怀疑静电卡盘温控漂移与边缘等离子体不均匀,校准 ESC 温区并复核边缘 gas flow,17,11,1.0,-5.0,PASS,pass
LOT-A,改善前,W02,28nm MCU,ETCH-07,A,Plasma Etch,edge_ring,边缘环形失效，怀疑静电卡盘温控漂移与边缘等离子体不均匀,校准 ESC 温区并复核边缘 gas flow,18,11,2.0,-5.0,PASS,pass
LOT-A,改善前,W02,28nm MCU,ETCH-07,A,Plasma Etch,edge_ring,边缘环形失效，怀疑静电卡盘温控漂移与边缘等离子体不均匀,校准 ESC 温区并复核边缘 gas flow,19,11,3.0,-5.0,PASS,pass
LOT-A,改善前,W02,28nm MCU,ETCH-07,A,Plasma Etch,edge_ring,边缘环形失效，怀疑静电卡盘温控漂移与边缘等离子体不均匀,校准 ESC 温区并复核边缘 gas flow,20,11,4.0,-5.0,PASS,pass
LOT-A,改善前,W02,28nm MCU,ETCH-07,A,Plasma Etch,edge_ring,边缘环形失效，怀疑静电卡盘温控漂移与边缘等离子体不均匀,校准 ESC 温区并复核边缘 gas flow,21,11,5.0,-5.0,PASS,pass
LOT-A,改善前,W02,28nm MCU,ETCH-07,A,Plasma Etch,edge_ring,边缘环形失效，怀疑静电卡盘温控漂移与边缘等离子体不均匀,校准 ESC 温区并复核边缘 gas flow,22,11,6.0,-5.0,PASS,pass
LOT-A,改善前,W02,28nm MCU,ETCH-07,A,Plasma Etch,edge_ring,边缘环形失效，怀疑静电卡盘温控漂移与边缘等离子体不均匀,校准 ESC 温区并复核边缘 gas flow,23,11,7.0,-5.0,PASS,pass
LOT-A,改善前,W02,28nm MCU,ETCH-07,A,Plasma Etch,edge_ring,边缘环形失效，怀疑静电卡盘温控漂移与边缘等离子体不均匀,校准 ESC 温区并复核边缘 gas flow,24,11,8.0,-5.0,PASS,pass
LOT-A,改善前,W02,28nm MCU,ETCH-07,A,Plasma Etch,edge_ring,边缘环形失效，怀疑静电卡盘温控漂移与边缘等离子体不均匀,校准 ESC 温区并复核边缘 gas flow,25,11,9.0,-5.0,PASS,pass
LOT-A,改善前,W02,28nm MCU,ETCH-07,A,Plasma Etch,edge_ring,边缘环形失效，怀疑静电卡盘温控漂移与边缘等离子体不均匀,校准 ESC 温区并复核边缘 gas flow,26,11,10.0,-5.0,PASS,pass
LOT-A,改善前,W02,28nm MCU,ETCH-07,A,Plasma Etch,edge_ring,边缘环形失效，怀疑静电卡盘温控漂移与边缘等离子体不均匀,校准 ESC 温区并复核边缘 gas flow,27,11,11.0,-5.0,PASS,pass
LOT-A,改善前,W02,28nm MCU,ETCH-07,A,Plasma Etch,edge_ring,边缘环形失效，怀疑静电卡盘温控漂移与边缘等离子体不均匀,校准 ESC 温区并复核边缘 gas flow,28,11,12.0,-5.0,FAIL,edge_ring
LOT-A,改善前,W02,28nm MCU,ETCH-07,A,Plasma Etch,edge_ring,边缘环形失效，怀疑静电卡盘温控漂移与边缘等离子体不均匀,校准 ESC 温区并复核边缘 gas flow,29,11,13.0,-5.0,FAIL,edge_ring
LOT-A,改善前,W02,28nm MCU,ETCH-07,A,Plasma Etch,edge_ring,边缘环形失效，怀疑静电卡盘温控漂移与边缘等离子体不均匀,校准 ESC 温区并复核边缘 gas flow,2,12,-14.0,-4.0,PASS,pass
LOT-A,改善前,W02,28nm MCU,ETCH-07,A,Plasma Etch,edge_ring,边缘环形失效，怀疑静电卡盘温控漂移与边缘等离子体不均匀,校准 ESC 温区并复核边缘 gas flow,3,12,-13.0,-4.0,FAIL,edge_ring
LOT-A,改善前,W02,28nm MCU,ETCH-07,A,Plasma Etch,edge_ring,边缘环形失效，怀疑静电卡盘温控漂移与边缘等离子体不均匀,校准 ESC 温区并复核边缘 gas flow,4,12,-12.0,-4.0,PASS,pass
LOT-A,改善前,W02,28nm MCU,ETCH-07,A,Plasma Etch,edge_ring,边缘环形失效，怀疑静电卡盘温控漂移与边缘等离子体不均匀,校准 ESC 温区并复核边缘 gas flow,5,12,-11.0,-4.0,PASS,pass
LOT-A,改善前,W02,28nm MCU,ETCH-07,A,Plasma Etch,edge_ring,边缘环形失效，怀疑静电卡盘温控漂移与边缘等离子体不均匀,校准 ESC 温区并复核边缘 gas flow,6,12,-10.0,-4.0,PASS,pass
LOT-A,改善前,W02,28nm MCU,ETCH-07,A,Plasma Etch,edge_ring,边缘环形失效，怀疑静电卡盘温控漂移与边缘等离子体不均匀,校准 ESC 温区并复核边缘 gas flow,7,12,-9.0,-4.0,PASS,pass
LOT-A,改善前,W02,28nm MCU,ETCH-07,A,Plasma Etch,edge_ring,边缘环形失效，怀疑静电卡盘温控漂移与边缘等离子体不均匀,校准 ESC 温区并复核边缘 gas flow,8,12,-8.0,-4.0,PASS,pass
LOT-A,改善前,W02,28nm MCU,ETCH-07,A,Plasma Etch,edge_ring,边缘环形失效，怀疑静电卡盘温控漂移与边缘等离子体不均匀,校准 ESC 温区并复核边缘 gas flow,9,12,-7.0,-4.0,PASS,pass
LOT-A,改善前,W02,28nm MCU,ETCH-07,A,Plasma Etch,edge_ring,边缘环形失效，怀疑静电卡盘温控漂移与边缘等离子体不均匀,校准 ESC 温区并复核边缘 gas flow,10,12,-6.0,-4.0,PASS,pass
LOT-A,改善前,W02,28nm MCU,ETCH-07,A,Plasma Etch,edge_ring,边缘环形失效，怀疑静电卡盘温控漂移与边缘等离子体不均匀,校准 ESC 温区并复核边缘 gas flow,11,12,-5.0,-4.0,PASS,pass
LOT-A,改善前,W02,28nm MCU,ETCH-07,A,Plasma Etch,edge_ring,边缘环形失效，怀疑静电卡盘温控漂移与边缘等离子体不均匀,校准 ESC 温区并复核边缘 gas flow,12,12,-4.0,-4.0,PASS,pass
LOT-A,改善前,W02,28nm MCU,ETCH-07,A,Plasma Etch,edge_ring,边缘环形失效，怀疑静电卡盘温控漂移与边缘等离子体不均匀,校准 ESC 温区并复核边缘 gas flow,13,12,-3.0,-4.0,PASS,pass
LOT-A,改善前,W02,28nm MCU,ETCH-07,A,Plasma Etch,edge_ring,边缘环形失效，怀疑静电卡盘温控漂移与边缘等离子体不均匀,校准 ESC 温区并复核边缘 gas flow,14,12,-2.0,-4.0,PASS,pass
LOT-A,改善前,W02,28nm MCU,ETCH-07,A,Plasma Etch,edge_ring,边缘环形失效，怀疑静电卡盘温控漂移与边缘等离子体不均匀,校准 ESC 温区并复核边缘 gas flow,15,12,-1.0,-4.0,PASS,pass
LOT-A,改善前,W02,28nm MCU,ETCH-07,A,Plasma Etch,edge_ring,边缘环形失效，怀疑静电卡盘温控漂移与边缘等离子体不均匀,校准 ESC 温区并复核边缘 gas flow,16,12,0.0,-4.0,PASS,pass
LOT-A,改善前,W02,28nm MCU,ETCH-07,A,Plasma Etch,edge_ring,边缘环形失效，怀疑静电卡盘温控漂移与边缘等离子体不均匀,校准 ESC 温区并复核边缘 gas flow,17,12,1.0,-4.0,PASS,pass
LOT-A,改善前,W02,28nm MCU,ETCH-07,A,Plasma Etch,edge_ring,边缘环形失效，怀疑静电卡盘温控漂移与边缘等离子体不均匀,校准 ESC 温区并复核边缘 gas flow,18,12,2.0,-4.0,PASS,pass
LOT-A,改善前,W02,28nm MCU,ETCH-07,A,Plasma Etch,edge_ring,边缘环形失效，怀疑静电卡盘温控漂移与边缘等离子体不均匀,校准 ESC 温区并复核边缘 gas flow,19,12,3.0,-4.0,PASS,pass
LOT-A,改善前,W02,28nm MCU,ETCH-07,A,Plasma Etch,edge_ring,边缘环形失效，怀疑静电卡盘温控漂移与边缘等离子体不均匀,校准 ESC 温区并复核边缘 gas flow,20,12,4.0,-4.0,PASS,pass
LOT-A,改善前,W02,28nm MCU,ETCH-07,A,Plasma Etch,edge_ring,边缘环形失效，怀疑静电卡盘温控漂移与边缘等离子体不均匀,校准 ESC 温区并复核边缘 gas flow,21,12,5.0,-4.0,PASS,pass
LOT-A,改善前,W02,28nm MCU,ETCH-07,A,Plasma Etch,edge_ring,边缘环形失效，怀疑静电卡盘温控漂移与边缘等离子体不均匀,校准 ESC 温区并复核边缘 gas flow,22,12,6.0,-4.0,PASS,pass
LOT-A,改善前,W02,28nm MCU,ETCH-07,A,Plasma Etch,edge_ring,边缘环形失效，怀疑静电卡盘温控漂移与边缘等离子体不均匀,校准 ESC 温区并复核边缘 gas flow,23,12,7.0,-4.0,PASS,pass
LOT-A,改善前,W02,28nm MCU,ETCH-07,A,Plasma Etch,edge_ring,边缘环形失效，怀疑静电卡盘温控漂移与边缘等离子体不均匀,校准 ESC 温区并复核边缘 gas flow,24,12,8.0,-4.0,PASS,pass
LOT-A,改善前,W02,28nm MCU,ETCH-07,A,Plasma Etch,edge_ring,边缘环形失效，怀疑静电卡盘温控漂移与边缘等离子体不均匀,校准 ESC 温区并复核边缘 gas flow,25,12,9.0,-4.0,PASS,pass
LOT-A,改善前,W02,28nm MCU,ETCH-07,A,Plasma Etch,edge_ring,边缘环形失效，怀疑静电卡盘温控漂移与边缘等离子体不均匀,校准 ESC 温区并复核边缘 gas flow,26,12,10.0,-4.0,PASS,pass
LOT-A,改善前,W02,28nm MCU,ETCH-07,A,Plasma Etch,edge_ring,边缘环形失效，怀疑静电卡盘温控漂移与边缘等离子体不均匀,校准 ESC 温区并复核边缘 gas flow,27,12,11.0,-4.0,FAIL,edge_ring
LOT-A,改善前,W02,28nm MCU,ETCH-07,A,Plasma Etch,edge_ring,边缘环形失效，怀疑静电卡盘温控漂移与边缘等离子体不均匀,校准 ESC 温区并复核边缘 gas flow,28,12,12.0,-4.0,FAIL,edge_ring
LOT-A,改善前,W02,28nm MCU,ETCH-07,A,Plasma Etch,edge_ring,边缘环形失效，怀疑静电卡盘温控漂移与边缘等离子体不均匀,校准 ESC 温区并复核边缘 gas flow,29,12,13.0,-4.0,PASS,pass
LOT-A,改善前,W02,28nm MCU,ETCH-07,A,Plasma Etch,edge_ring,边缘环形失效，怀疑静电卡盘温控漂移与边缘等离子体不均匀,校准 ESC 温区并复核边缘 gas flow,30,12,14.0,-4.0,FAIL,edge_ring
LOT-A,改善前,W02,28nm MCU,ETCH-07,A,Plasma Etch,edge_ring,边缘环形失效，怀疑静电卡盘温控漂移与边缘等离子体不均匀,校准 ESC 温区并复核边缘 gas flow,2,13,-14.0,-3.0,PASS,pass
LOT-A,改善前,W02,28nm MCU,ETCH-07,A,Plasma Etch,edge_ring,边缘环形失效，怀疑静电卡盘温控漂移与边缘等离子体不均匀,校准 ESC 温区并复核边缘 gas flow,3,13,-13.0,-3.0,FAIL,edge_ring
LOT-A,改善前,W02,28nm MCU,ETCH-07,A,Plasma Etch,edge_ring,边缘环形失效，怀疑静电卡盘温控漂移与边缘等离子体不均匀,校准 ESC 温区并复核边缘 gas flow,4,13,-12.0,-3.0,FAIL,edge_ring
LOT-A,改善前,W02,28nm MCU,ETCH-07,A,Plasma Etch,edge_ring,边缘环形失效，怀疑静电卡盘温控漂移与边缘等离子体不均匀,校准 ESC 温区并复核边缘 gas flow,5,13,-11.0,-3.0,PASS,pass
LOT-A,改善前,W02,28nm MCU,ETCH-07,A,Plasma Etch,edge_ring,边缘环形失效，怀疑静电卡盘温控漂移与边缘等离子体不均匀,校准 ESC 温区并复核边缘 gas flow,6,13,-10.0,-3.0,PASS,pass
LOT-A,改善前,W02,28nm MCU,ETCH-07,A,Plasma Etch,edge_ring,边缘环形失效，怀疑静电卡盘温控漂移与边缘等离子体不均匀,校准 ESC 温区并复核边缘 gas flow,7,13,-9.0,-3.0,PASS,pass
LOT-A,改善前,W02,28nm MCU,ETCH-07,A,Plasma Etch,edge_ring,边缘环形失效，怀疑静电卡盘温控漂移与边缘等离子体不均匀,校准 ESC 温区并复核边缘 gas flow,8,13,-8.0,-3.0,PASS,pass
LOT-A,改善前,W02,28nm MCU,ETCH-07,A,Plasma Etch,edge_ring,边缘环形失效，怀疑静电卡盘温控漂移与边缘等离子体不均匀,校准 ESC 温区并复核边缘 gas flow,9,13,-7.0,-3.0,PASS,pass
LOT-A,改善前,W02,28nm MCU,ETCH-07,A,Plasma Etch,edge_ring,边缘环形失效，怀疑静电卡盘温控漂移与边缘等离子体不均匀,校准 ESC 温区并复核边缘 gas flow,10,13,-6.0,-3.0,PASS,pass
LOT-A,改善前,W02,28nm MCU,ETCH-07,A,Plasma Etch,edge_ring,边缘环形失效，怀疑静电卡盘温控漂移与边缘等离子体不均匀,校准 ESC 温区并复核边缘 gas flow,11,13,-5.0,-3.0,PASS,pass
LOT-A,改善前,W02,28nm MCU,ETCH-07,A,Plasma Etch,edge_ring,边缘环形失效，怀疑静电卡盘温控漂移与边缘等离子体不均匀,校准 ESC 温区并复核边缘 gas flow,12,13,-4.0,-3.0,PASS,pass
LOT-A,改善前,W02,28nm MCU,ETCH-07,A,Plasma Etch,edge_ring,边缘环形失效，怀疑静电卡盘温控漂移与边缘等离子体不均匀,校准 ESC 温区并复核边缘 gas flow,13,13,-3.0,-3.0,PASS,pass
LOT-A,改善前,W02,28nm MCU,ETCH-07,A,Plasma Etch,edge_ring,边缘环形失效，怀疑静电卡盘温控漂移与边缘等离子体不均匀,校准 ESC 温区并复核边缘 gas flow,14,13,-2.0,-3.0,PASS,pass
LOT-A,改善前,W02,28nm MCU,ETCH-07,A,Plasma Etch,edge_ring,边缘环形失效，怀疑静电卡盘温控漂移与边缘等离子体不均匀,校准 ESC 温区并复核边缘 gas flow,15,13,-1.0,-3.0,PASS,pass
LOT-A,改善前,W02,28nm MCU,ETCH-07,A,Plasma Etch,edge_ring,边缘环形失效，怀疑静电卡盘温控漂移与边缘等离子体不均匀,校准 ESC 温区并复核边缘 gas flow,16,13,0.0,-3.0,PASS,pass
LOT-A,改善前,W02,28nm MCU,ETCH-07,A,Plasma Etch,edge_ring,边缘环形失效，怀疑静电卡盘温控漂移与边缘等离子体不均匀,校准 ESC 温区并复核边缘 gas flow,17,13,1.0,-3.0,PASS,pass
LOT-A,改善前,W02,28nm MCU,ETCH-07,A,Plasma Etch,edge_ring,边缘环形失效，怀疑静电卡盘温控漂移与边缘等离子体不均匀,校准 ESC 温区并复核边缘 gas flow,18,13,2.0,-3.0,PASS,pass
LOT-A,改善前,W02,28nm MCU,ETCH-07,A,Plasma Etch,edge_ring,边缘环形失效，怀疑静电卡盘温控漂移与边缘等离子体不均匀,校准 ESC 温区并复核边缘 gas flow,19,13,3.0,-3.0,PASS,pass
LOT-A,改善前,W02,28nm MCU,ETCH-07,A,Plasma Etch,edge_ring,边缘环形失效，怀疑静电卡盘温控漂移与边缘等离子体不均匀,校准 ESC 温区并复核边缘 gas flow,20,13,4.0,-3.0,PASS,pass
LOT-A,改善前,W02,28nm MCU,ETCH-07,A,Plasma Etch,edge_ring,边缘环形失效，怀疑静电卡盘温控漂移与边缘等离子体不均匀,校准 ESC 温区并复核边缘 gas flow,21,13,5.0,-3.0,PASS,pass
LOT-A,改善前,W02,28nm MCU,ETCH-07,A,Plasma Etch,edge_ring,边缘环形失效，怀疑静电卡盘温控漂移与边缘等离子体不均匀,校准 ESC 温区并复核边缘 gas flow,22,13,6.0,-3.0,PASS,pass
LOT-A,改善前,W02,28nm MCU,ETCH-07,A,Plasma Etch,edge_ring,边缘环形失效，怀疑静电卡盘温控漂移与边缘等离子体不均匀,校准 ESC 温区并复核边缘 gas flow,23,13,7.0,-3.0,PASS,pass
LOT-A,改善前,W02,28nm MCU,ETCH-07,A,Plasma Etch,edge_ring,边缘环形失效，怀疑静电卡盘温控漂移与边缘等离子体不均匀,校准 ESC 温区并复核边缘 gas flow,24,13,8.0,-3.0,PASS,pass
LOT-A,改善前,W02,28nm MCU,ETCH-07,A,Plasma Etch,edge_ring,边缘环形失效，怀疑静电卡盘温控漂移与边缘等离子体不均匀,校准 ESC 温区并复核边缘 gas flow,25,13,9.0,-3.0,PASS,pass
LOT-A,改善前,W02,28nm MCU,ETCH-07,A,Plasma Etch,edge_ring,边缘环形失效，怀疑静电卡盘温控漂移与边缘等离子体不均匀,校准 ESC 温区并复核边缘 gas flow,26,13,10.0,-3.0,PASS,pass
LOT-A,改善前,W02,28nm MCU,ETCH-07,A,Plasma Etch,edge_ring,边缘环形失效，怀疑静电卡盘温控漂移与边缘等离子体不均匀,校准 ESC 温区并复核边缘 gas flow,27,13,11.0,-3.0,PASS,pass
LOT-A,改善前,W02,28nm MCU,ETCH-07,A,Plasma Etch,edge_ring,边缘环形失效，怀疑静电卡盘温控漂移与边缘等离子体不均匀,校准 ESC 温区并复核边缘 gas flow,28,13,12.0,-3.0,FAIL,edge_ring
LOT-A,改善前,W02,28nm MCU,ETCH-07,A,Plasma Etch,edge_ring,边缘环形失效，怀疑静电卡盘温控漂移与边缘等离子体不均匀,校准 ESC 温区并复核边缘 gas flow,29,13,13.0,-3.0,FAIL,edge_ring
LOT-A,改善前,W02,28nm MCU,ETCH-07,A,Plasma Etch,edge_ring,边缘环形失效，怀疑静电卡盘温控漂移与边缘等离子体不均匀,校准 ESC 温区并复核边缘 gas flow,30,13,14.0,-3.0,FAIL,edge_ring
LOT-A,改善前,W02,28nm MCU,ETCH-07,A,Plasma Etch,edge_ring,边缘环形失效，怀疑静电卡盘温控漂移与边缘等离子体不均匀,校准 ESC 温区并复核边缘 gas flow,2,14,-14.0,-2.0,FAIL,edge_ring
LOT-A,改善前,W02,28nm MCU,ETCH-07,A,Plasma Etch,edge_ring,边缘环形失效，怀疑静电卡盘温控漂移与边缘等离子体不均匀,校准 ESC 温区并复核边缘 gas flow,3,14,-13.0,-2.0,FAIL,edge_ring
LOT-A,改善前,W02,28nm MCU,ETCH-07,A,Plasma Etch,edge_ring,边缘环形失效，怀疑静电卡盘温控漂移与边缘等离子体不均匀,校准 ESC 温区并复核边缘 gas flow,4,14,-12.0,-2.0,PASS,pass
LOT-A,改善前,W02,28nm MCU,ETCH-07,A,Plasma Etch,edge_ring,边缘环形失效，怀疑静电卡盘温控漂移与边缘等离子体不均匀,校准 ESC 温区并复核边缘 gas flow,5,14,-11.0,-2.0,PASS,pass
LOT-A,改善前,W02,28nm MCU,ETCH-07,A,Plasma Etch,edge_ring,边缘环形失效，怀疑静电卡盘温控漂移与边缘等离子体不均匀,校准 ESC 温区并复核边缘 gas flow,6,14,-10.0,-2.0,PASS,pass
LOT-A,改善前,W02,28nm MCU,ETCH-07,A,Plasma Etch,edge_ring,边缘环形失效，怀疑静电卡盘温控漂移与边缘等离子体不均匀,校准 ESC 温区并复核边缘 gas flow,7,14,-9.0,-2.0,PASS,pass
LOT-A,改善前,W02,28nm MCU,ETCH-07,A,Plasma Etch,edge_ring,边缘环形失效，怀疑静电卡盘温控漂移与边缘等离子体不均匀,校准 ESC 温区并复核边缘 gas flow,8,14,-8.0,-2.0,FAIL,random
LOT-A,改善前,W02,28nm MCU,ETCH-07,A,Plasma Etch,edge_ring,边缘环形失效，怀疑静电卡盘温控漂移与边缘等离子体不均匀,校准 ESC 温区并复核边缘 gas flow,9,14,-7.0,-2.0,PASS,pass
LOT-A,改善前,W02,28nm MCU,ETCH-07,A,Plasma Etch,edge_ring,边缘环形失效，怀疑静电卡盘温控漂移与边缘等离子体不均匀,校准 ESC 温区并复核边缘 gas flow,10,14,-6.0,-2.0,PASS,pass
LOT-A,改善前,W02,28nm MCU,ETCH-07,A,Plasma Etch,edge_ring,边缘环形失效，怀疑静电卡盘温控漂移与边缘等离子体不均匀,校准 ESC 温区并复核边缘 gas flow,11,14,-5.0,-2.0,PASS,pass
LOT-A,改善前,W02,28nm MCU,ETCH-07,A,Plasma Etch,edge_ring,边缘环形失效，怀疑静电卡盘温控漂移与边缘等离子体不均匀,校准 ESC 温区并复核边缘 gas flow,12,14,-4.0,-2.0,PASS,pass
LOT-A,改善前,W02,28nm MCU,ETCH-07,A,Plasma Etch,edge_ring,边缘环形失效，怀疑静电卡盘温控漂移与边缘等离子体不均匀,校准 ESC 温区并复核边缘 gas flow,13,14,-3.0,-2.0,PASS,pass
LOT-A,改善前,W02,28nm MCU,ETCH-07,A,Plasma Etch,edge_ring,边缘环形失效，怀疑静电卡盘温控漂移与边缘等离子体不均匀,校准 ESC 温区并复核边缘 gas flow,14,14,-2.0,-2.0,PASS,pass
LOT-A,改善前,W02,28nm MCU,ETCH-07,A,Plasma Etch,edge_ring,边缘环形失效，怀疑静电卡盘温控漂移与边缘等离子体不均匀,校准 ESC 温区并复核边缘 gas flow,15,14,-1.0,-2.0,PASS,pass
LOT-A,改善前,W02,28nm MCU,ETCH-07,A,Plasma Etch,edge_ring,边缘环形失效，怀疑静电卡盘温控漂移与边缘等离子体不均匀,校准 ESC 温区并复核边缘 gas flow,16,14,0.0,-2.0,PASS,pass
LOT-A,改善前,W02,28nm MCU,ETCH-07,A,Plasma Etch,edge_ring,边缘环形失效，怀疑静电卡盘温控漂移与边缘等离子体不均匀,校准 ESC 温区并复核边缘 gas flow,17,14,1.0,-2.0,PASS,pass
LOT-A,改善前,W02,28nm MCU,ETCH-07,A,Plasma Etch,edge_ring,边缘环形失效，怀疑静电卡盘温控漂移与边缘等离子体不均匀,校准 ESC 温区并复核边缘 gas flow,18,14,2.0,-2.0,PASS,pass
LOT-A,改善前,W02,28nm MCU,ETCH-07,A,Plasma Etch,edge_ring,边缘环形失效，怀疑静电卡盘温控漂移与边缘等离子体不均匀,校准 ESC 温区并复核边缘 gas flow,19,14,3.0,-2.0,PASS,pass
LOT-A,改善前,W02,28nm MCU,ETCH-07,A,Plasma Etch,edge_ring,边缘环形失效，怀疑静电卡盘温控漂移与边缘等离子体不均匀,校准 ESC 温区并复核边缘 gas flow,20,14,4.0,-2.0,PASS,pass
LOT-A,改善前,W02,28nm MCU,ETCH-07,A,Plasma Etch,edge_ring,边缘环形失效，怀疑静电卡盘温控漂移与边缘等离子体不均匀,校准 ESC 温区并复核边缘 gas flow,21,14,5.0,-2.0,PASS,pass
LOT-A,改善前,W02,28nm MCU,ETCH-07,A,Plasma Etch,edge_ring,边缘环形失效，怀疑静电卡盘温控漂移与边缘等离子体不均匀,校准 ESC 温区并复核边缘 gas flow,22,14,6.0,-2.0,PASS,pass
LOT-A,改善前,W02,28nm MCU,ETCH-07,A,Plasma Etch,edge_ring,边缘环形失效，怀疑静电卡盘温控漂移与边缘等离子体不均匀,校准 ESC 温区并复核边缘 gas flow,23,14,7.0,-2.0,PASS,pass
LOT-A,改善前,W02,28nm MCU,ETCH-07,A,Plasma Etch,edge_ring,边缘环形失效，怀疑静电卡盘温控漂移与边缘等离子体不均匀,校准 ESC 温区并复核边缘 gas flow,24,14,8.0,-2.0,PASS,pass
LOT-A,改善前,W02,28nm MCU,ETCH-07,A,Plasma Etch,edge_ring,边缘环形失效，怀疑静电卡盘温控漂移与边缘等离子体不均匀,校准 ESC 温区并复核边缘 gas flow,25,14,9.0,-2.0,PASS,pass
LOT-A,改善前,W02,28nm MCU,ETCH-07,A,Plasma Etch,edge_ring,边缘环形失效，怀疑静电卡盘温控漂移与边缘等离子体不均匀,校准 ESC 温区并复核边缘 gas flow,26,14,10.0,-2.0,PASS,pass
LOT-A,改善前,W02,28nm MCU,ETCH-07,A,Plasma Etch,edge_ring,边缘环形失效，怀疑静电卡盘温控漂移与边缘等离子体不均匀,校准 ESC 温区并复核边缘 gas flow,27,14,11.0,-2.0,PASS,pass
LOT-A,改善前,W02,28nm MCU,ETCH-07,A,Plasma Etch,edge_ring,边缘环形失效，怀疑静电卡盘温控漂移与边缘等离子体不均匀,校准 ESC 温区并复核边缘 gas flow,28,14,12.0,-2.0,PASS,pass
LOT-A,改善前,W02,28nm MCU,ETCH-07,A,Plasma Etch,edge_ring,边缘环形失效，怀疑静电卡盘温控漂移与边缘等离子体不均匀,校准 ESC 温区并复核边缘 gas flow,29,14,13.0,-2.0,FAIL,edge_ring
LOT-A,改善前,W02,28nm MCU,ETCH-07,A,Plasma Etch,edge_ring,边缘环形失效，怀疑静电卡盘温控漂移与边缘等离子体不均匀,校准 ESC 温区并复核边缘 gas flow,30,14,14.0,-2.0,FAIL,edge_ring
LOT-A,改善前,W02,28nm MCU,ETCH-07,A,Plasma Etch,edge_ring,边缘环形失效，怀疑静电卡盘温控漂移与边缘等离子体不均匀,校准 ESC 温区并复核边缘 gas flow,2,15,-14.0,-1.0,PASS,pass
LOT-A,改善前,W02,28nm MCU,ETCH-07,A,Plasma Etch,edge_ring,边缘环形失效，怀疑静电卡盘温控漂移与边缘等离子体不均匀,校准 ESC 温区并复核边缘 gas flow,3,15,-13.0,-1.0,PASS,pass
LOT-A,改善前,W02,28nm MCU,ETCH-07,A,Plasma Etch,edge_ring,边缘环形失效，怀疑静电卡盘温控漂移与边缘等离子体不均匀,校准 ESC 温区并复核边缘 gas flow,4,15,-12.0,-1.0,PASS,pass
LOT-A,改善前,W02,28nm MCU,ETCH-07,A,Plasma Etch,edge_ring,边缘环形失效，怀疑静电卡盘温控漂移与边缘等离子体不均匀,校准 ESC 温区并复核边缘 gas flow,5,15,-11.0,-1.0,PASS,pass
LOT-A,改善前,W02,28nm MCU,ETCH-07,A,Plasma Etch,edge_ring,边缘环形失效，怀疑静电卡盘温控漂移与边缘等离子体不均匀,校准 ESC 温区并复核边缘 gas flow,6,15,-10.0,-1.0,PASS,pass
LOT-A,改善前,W02,28nm MCU,ETCH-07,A,Plasma Etch,edge_ring,边缘环形失效，怀疑静电卡盘温控漂移与边缘等离子体不均匀,校准 ESC 温区并复核边缘 gas flow,7,15,-9.0,-1.0,PASS,pass
LOT-A,改善前,W02,28nm MCU,ETCH-07,A,Plasma Etch,edge_ring,边缘环形失效，怀疑静电卡盘温控漂移与边缘等离子体不均匀,校准 ESC 温区并复核边缘 gas flow,8,15,-8.0,-1.0,PASS,pass
LOT-A,改善前,W02,28nm MCU,ETCH-07,A,Plasma Etch,edge_ring,边缘环形失效，怀疑静电卡盘温控漂移与边缘等离子体不均匀,校准 ESC 温区并复核边缘 gas flow,9,15,-7.0,-1.0,PASS,pass
LOT-A,改善前,W02,28nm MCU,ETCH-07,A,Plasma Etch,edge_ring,边缘环形失效，怀疑静电卡盘温控漂移与边缘等离子体不均匀,校准 ESC 温区并复核边缘 gas flow,10,15,-6.0,-1.0,PASS,pass
LOT-A,改善前,W02,28nm MCU,ETCH-07,A,Plasma Etch,edge_ring,边缘环形失效，怀疑静电卡盘温控漂移与边缘等离子体不均匀,校准 ESC 温区并复核边缘 gas flow,11,15,-5.0,-1.0,PASS,pass
LOT-A,改善前,W02,28nm MCU,ETCH-07,A,Plasma Etch,edge_ring,边缘环形失效，怀疑静电卡盘温控漂移与边缘等离子体不均匀,校准 ESC 温区并复核边缘 gas flow,12,15,-4.0,-1.0,PASS,pass
LOT-A,改善前,W02,28nm MCU,ETCH-07,A,Plasma Etch,edge_ring,边缘环形失效，怀疑静电卡盘温控漂移与边缘等离子体不均匀,校准 ESC 温区并复核边缘 gas flow,13,15,-3.0,-1.0,PASS,pass
LOT-A,改善前,W02,28nm MCU,ETCH-07,A,Plasma Etch,edge_ring,边缘环形失效，怀疑静电卡盘温控漂移与边缘等离子体不均匀,校准 ESC 温区并复核边缘 gas flow,14,15,-2.0,-1.0,PASS,pass
LOT-A,改善前,W02,28nm MCU,ETCH-07,A,Plasma Etch,edge_ring,边缘环形失效，怀疑静电卡盘温控漂移与边缘等离子体不均匀,校准 ESC 温区并复核边缘 gas flow,15,15,-1.0,-1.0,PASS,pass
LOT-A,改善前,W02,28nm MCU,ETCH-07,A,Plasma Etch,edge_ring,边缘环形失效，怀疑静电卡盘温控漂移与边缘等离子体不均匀,校准 ESC 温区并复核边缘 gas flow,16,15,0.0,-1.0,PASS,pass
LOT-A,改善前,W02,28nm MCU,ETCH-07,A,Plasma Etch,edge_ring,边缘环形失效，怀疑静电卡盘温控漂移与边缘等离子体不均匀,校准 ESC 温区并复核边缘 gas flow,17,15,1.0,-1.0,PASS,pass
LOT-A,改善前,W02,28nm MCU,ETCH-07,A,Plasma Etch,edge_ring,边缘环形失效，怀疑静电卡盘温控漂移与边缘等离子体不均匀,校准 ESC 温区并复核边缘 gas flow,18,15,2.0,-1.0,PASS,pass
LOT-A,改善前,W02,28nm MCU,ETCH-07,A,Plasma Etch,edge_ring,边缘环形失效，怀疑静电卡盘温控漂移与边缘等离子体不均匀,校准 ESC 温区并复核边缘 gas flow,19,15,3.0,-1.0,PASS,pass
LOT-A,改善前,W02,28nm MCU,ETCH-07,A,Plasma Etch,edge_ring,边缘环形失效，怀疑静电卡盘温控漂移与边缘等离子体不均匀,校准 ESC 温区并复核边缘 gas flow,20,15,4.0,-1.0,PASS,pass
LOT-A,改善前,W02,28nm MCU,ETCH-07,A,Plasma Etch,edge_ring,边缘环形失效，怀疑静电卡盘温控漂移与边缘等离子体不均匀,校准 ESC 温区并复核边缘 gas flow,21,15,5.0,-1.0,PASS,pass
LOT-A,改善前,W02,28nm MCU,ETCH-07,A,Plasma Etch,edge_ring,边缘环形失效，怀疑静电卡盘温控漂移与边缘等离子体不均匀,校准 ESC 温区并复核边缘 gas flow,22,15,6.0,-1.0,PASS,pass
LOT-A,改善前,W02,28nm MCU,ETCH-07,A,Plasma Etch,edge_ring,边缘环形失效，怀疑静电卡盘温控漂移与边缘等离子体不均匀,校准 ESC 温区并复核边缘 gas flow,23,15,7.0,-1.0,PASS,pass
LOT-A,改善前,W02,28nm MCU,ETCH-07,A,Plasma Etch,edge_ring,边缘环形失效，怀疑静电卡盘温控漂移与边缘等离子体不均匀,校准 ESC 温区并复核边缘 gas flow,24,15,8.0,-1.0,PASS,pass
LOT-A,改善前,W02,28nm MCU,ETCH-07,A,Plasma Etch,edge_ring,边缘环形失效，怀疑静电卡盘温控漂移与边缘等离子体不均匀,校准 ESC 温区并复核边缘 gas flow,25,15,9.0,-1.0,PASS,pass
LOT-A,改善前,W02,28nm MCU,ETCH-07,A,Plasma Etch,edge_ring,边缘环形失效，怀疑静电卡盘温控漂移与边缘等离子体不均匀,校准 ESC 温区并复核边缘 gas flow,26,15,10.0,-1.0,PASS,pass
LOT-A,改善前,W02,28nm MCU,ETCH-07,A,Plasma Etch,edge_ring,边缘环形失效，怀疑静电卡盘温控漂移与边缘等离子体不均匀,校准 ESC 温区并复核边缘 gas flow,27,15,11.0,-1.0,PASS,pass
LOT-A,改善前,W02,28nm MCU,ETCH-07,A,Plasma Etch,edge_ring,边缘环形失效，怀疑静电卡盘温控漂移与边缘等离子体不均匀,校准 ESC 温区并复核边缘 gas flow,28,15,12.0,-1.0,PASS,pass
LOT-A,改善前,W02,28nm MCU,ETCH-07,A,Plasma Etch,edge_ring,边缘环形失效，怀疑静电卡盘温控漂移与边缘等离子体不均匀,校准 ESC 温区并复核边缘 gas flow,29,15,13.0,-1.0,FAIL,edge_ring
LOT-A,改善前,W02,28nm MCU,ETCH-07,A,Plasma Etch,edge_ring,边缘环形失效，怀疑静电卡盘温控漂移与边缘等离子体不均匀,校准 ESC 温区并复核边缘 gas flow,30,15,14.0,-1.0,PASS,pass
LOT-A,改善前,W02,28nm MCU,ETCH-07,A,Plasma Etch,edge_ring,边缘环形失效，怀疑静电卡盘温控漂移与边缘等离子体不均匀,校准 ESC 温区并复核边缘 gas flow,2,16,-14.0,0.0,PASS,pass
LOT-A,改善前,W02,28nm MCU,ETCH-07,A,Plasma Etch,edge_ring,边缘环形失效，怀疑静电卡盘温控漂移与边缘等离子体不均匀,校准 ESC 温区并复核边缘 gas flow,3,16,-13.0,0.0,FAIL,edge_ring
LOT-A,改善前,W02,28nm MCU,ETCH-07,A,Plasma Etch,edge_ring,边缘环形失效，怀疑静电卡盘温控漂移与边缘等离子体不均匀,校准 ESC 温区并复核边缘 gas flow,4,16,-12.0,0.0,PASS,pass
LOT-A,改善前,W02,28nm MCU,ETCH-07,A,Plasma Etch,edge_ring,边缘环形失效，怀疑静电卡盘温控漂移与边缘等离子体不均匀,校准 ESC 温区并复核边缘 gas flow,5,16,-11.0,0.0,PASS,pass
LOT-A,改善前,W02,28nm MCU,ETCH-07,A,Plasma Etch,edge_ring,边缘环形失效，怀疑静电卡盘温控漂移与边缘等离子体不均匀,校准 ESC 温区并复核边缘 gas flow,6,16,-10.0,0.0,PASS,pass
LOT-A,改善前,W02,28nm MCU,ETCH-07,A,Plasma Etch,edge_ring,边缘环形失效，怀疑静电卡盘温控漂移与边缘等离子体不均匀,校准 ESC 温区并复核边缘 gas flow,7,16,-9.0,0.0,PASS,pass
LOT-A,改善前,W02,28nm MCU,ETCH-07,A,Plasma Etch,edge_ring,边缘环形失效，怀疑静电卡盘温控漂移与边缘等离子体不均匀,校准 ESC 温区并复核边缘 gas flow,8,16,-8.0,0.0,PASS,pass
LOT-A,改善前,W02,28nm MCU,ETCH-07,A,Plasma Etch,edge_ring,边缘环形失效，怀疑静电卡盘温控漂移与边缘等离子体不均匀,校准 ESC 温区并复核边缘 gas flow,9,16,-7.0,0.0,PASS,pass
LOT-A,改善前,W02,28nm MCU,ETCH-07,A,Plasma Etch,edge_ring,边缘环形失效，怀疑静电卡盘温控漂移与边缘等离子体不均匀,校准 ESC 温区并复核边缘 gas flow,10,16,-6.0,0.0,PASS,pass
LOT-A,改善前,W02,28nm MCU,ETCH-07,A,Plasma Etch,edge_ring,边缘环形失效，怀疑静电卡盘温控漂移与边缘等离子体不均匀,校准 ESC 温区并复核边缘 gas flow,11,16,-5.0,0.0,PASS,pass
LOT-A,改善前,W02,28nm MCU,ETCH-07,A,Plasma Etch,edge_ring,边缘环形失效，怀疑静电卡盘温控漂移与边缘等离子体不均匀,校准 ESC 温区并复核边缘 gas flow,12,16,-4.0,0.0,PASS,pass
LOT-A,改善前,W02,28nm MCU,ETCH-07,A,Plasma Etch,edge_ring,边缘环形失效，怀疑静电卡盘温控漂移与边缘等离子体不均匀,校准 ESC 温区并复核边缘 gas flow,13,16,-3.0,0.0,PASS,pass
LOT-A,改善前,W02,28nm MCU,ETCH-07,A,Plasma Etch,edge_ring,边缘环形失效，怀疑静电卡盘温控漂移与边缘等离子体不均匀,校准 ESC 温区并复核边缘 gas flow,14,16,-2.0,0.0,PASS,pass
LOT-A,改善前,W02,28nm MCU,ETCH-07,A,Plasma Etch,edge_ring,边缘环形失效，怀疑静电卡盘温控漂移与边缘等离子体不均匀,校准 ESC 温区并复核边缘 gas flow,15,16,-1.0,0.0,PASS,pass
LOT-A,改善前,W02,28nm MCU,ETCH-07,A,Plasma Etch,edge_ring,边缘环形失效，怀疑静电卡盘温控漂移与边缘等离子体不均匀,校准 ESC 温区并复核边缘 gas flow,16,16,0.0,0.0,PASS,pass
LOT-A,改善前,W02,28nm MCU,ETCH-07,A,Plasma Etch,edge_ring,边缘环形失效，怀疑静电卡盘温控漂移与边缘等离子体不均匀,校准 ESC 温区并复核边缘 gas flow,17,16,1.0,0.0,PASS,pass
LOT-A,改善前,W02,28nm MCU,ETCH-07,A,Plasma Etch,edge_ring,边缘环形失效，怀疑静电卡盘温控漂移与边缘等离子体不均匀,校准 ESC 温区并复核边缘 gas flow,18,16,2.0,0.0,PASS,pass
LOT-A,改善前,W02,28nm MCU,ETCH-07,A,Plasma Etch,edge_ring,边缘环形失效，怀疑静电卡盘温控漂移与边缘等离子体不均匀,校准 ESC 温区并复核边缘 gas flow,19,16,3.0,0.0,PASS,pass
LOT-A,改善前,W02,28nm MCU,ETCH-07,A,Plasma Etch,edge_ring,边缘环形失效，怀疑静电卡盘温控漂移与边缘等离子体不均匀,校准 ESC 温区并复核边缘 gas flow,20,16,4.0,0.0,PASS,pass
LOT-A,改善前,W02,28nm MCU,ETCH-07,A,Plasma Etch,edge_ring,边缘环形失效，怀疑静电卡盘温控漂移与边缘等离子体不均匀,校准 ESC 温区并复核边缘 gas flow,21,16,5.0,0.0,PASS,pass
LOT-A,改善前,W02,28nm MCU,ETCH-07,A,Plasma Etch,edge_ring,边缘环形失效，怀疑静电卡盘温控漂移与边缘等离子体不均匀,校准 ESC 温区并复核边缘 gas flow,22,16,6.0,0.0,PASS,pass
LOT-A,改善前,W02,28nm MCU,ETCH-07,A,Plasma Etch,edge_ring,边缘环形失效，怀疑静电卡盘温控漂移与边缘等离子体不均匀,校准 ESC 温区并复核边缘 gas flow,23,16,7.0,0.0,PASS,pass
LOT-A,改善前,W02,28nm MCU,ETCH-07,A,Plasma Etch,edge_ring,边缘环形失效，怀疑静电卡盘温控漂移与边缘等离子体不均匀,校准 ESC 温区并复核边缘 gas flow,24,16,8.0,0.0,PASS,pass
LOT-A,改善前,W02,28nm MCU,ETCH-07,A,Plasma Etch,edge_ring,边缘环形失效，怀疑静电卡盘温控漂移与边缘等离子体不均匀,校准 ESC 温区并复核边缘 gas flow,25,16,9.0,0.0,PASS,pass
LOT-A,改善前,W02,28nm MCU,ETCH-07,A,Plasma Etch,edge_ring,边缘环形失效，怀疑静电卡盘温控漂移与边缘等离子体不均匀,校准 ESC 温区并复核边缘 gas flow,26,16,10.0,0.0,PASS,pass
LOT-A,改善前,W02,28nm MCU,ETCH-07,A,Plasma Etch,edge_ring,边缘环形失效，怀疑静电卡盘温控漂移与边缘等离子体不均匀,校准 ESC 温区并复核边缘 gas flow,27,16,11.0,0.0,PASS,pass
LOT-A,改善前,W02,28nm MCU,ETCH-07,A,Plasma Etch,edge_ring,边缘环形失效，怀疑静电卡盘温控漂移与边缘等离子体不均匀,校准 ESC 温区并复核边缘 gas flow,28,16,12.0,0.0,PASS,pass
LOT-A,改善前,W02,28nm MCU,ETCH-07,A,Plasma Etch,edge_ring,边缘环形失效，怀疑静电卡盘温控漂移与边缘等离子体不均匀,校准 ESC 温区并复核边缘 gas flow,29,16,13.0,0.0,FAIL,edge_ring
LOT-A,改善前,W02,28nm MCU,ETCH-07,A,Plasma Etch,edge_ring,边缘环形失效，怀疑静电卡盘温控漂移与边缘等离子体不均匀,校准 ESC 温区并复核边缘 gas flow,30,16,14.0,0.0,FAIL,edge_ring
LOT-A,改善前,W02,28nm MCU,ETCH-07,A,Plasma Etch,edge_ring,边缘环形失效，怀疑静电卡盘温控漂移与边缘等离子体不均匀,校准 ESC 温区并复核边缘 gas flow,2,17,-14.0,1.0,FAIL,edge_ring
LOT-A,改善前,W02,28nm MCU,ETCH-07,A,Plasma Etch,edge_ring,边缘环形失效，怀疑静电卡盘温控漂移与边缘等离子体不均匀,校准 ESC 温区并复核边缘 gas flow,3,17,-13.0,1.0,FAIL,edge_ring
LOT-A,改善前,W02,28nm MCU,ETCH-07,A,Plasma Etch,edge_ring,边缘环形失效，怀疑静电卡盘温控漂移与边缘等离子体不均匀,校准 ESC 温区并复核边缘 gas flow,4,17,-12.0,1.0,PASS,pass
LOT-A,改善前,W02,28nm MCU,ETCH-07,A,Plasma Etch,edge_ring,边缘环形失效，怀疑静电卡盘温控漂移与边缘等离子体不均匀,校准 ESC 温区并复核边缘 gas flow,5,17,-11.0,1.0,PASS,pass
LOT-A,改善前,W02,28nm MCU,ETCH-07,A,Plasma Etch,edge_ring,边缘环形失效，怀疑静电卡盘温控漂移与边缘等离子体不均匀,校准 ESC 温区并复核边缘 gas flow,6,17,-10.0,1.0,PASS,pass
LOT-A,改善前,W02,28nm MCU,ETCH-07,A,Plasma Etch,edge_ring,边缘环形失效，怀疑静电卡盘温控漂移与边缘等离子体不均匀,校准 ESC 温区并复核边缘 gas flow,7,17,-9.0,1.0,PASS,pass
LOT-A,改善前,W02,28nm MCU,ETCH-07,A,Plasma Etch,edge_ring,边缘环形失效，怀疑静电卡盘温控漂移与边缘等离子体不均匀,校准 ESC 温区并复核边缘 gas flow,8,17,-8.0,1.0,PASS,pass
LOT-A,改善前,W02,28nm MCU,ETCH-07,A,Plasma Etch,edge_ring,边缘环形失效，怀疑静电卡盘温控漂移与边缘等离子体不均匀,校准 ESC 温区并复核边缘 gas flow,9,17,-7.0,1.0,PASS,pass
LOT-A,改善前,W02,28nm MCU,ETCH-07,A,Plasma Etch,edge_ring,边缘环形失效，怀疑静电卡盘温控漂移与边缘等离子体不均匀,校准 ESC 温区并复核边缘 gas flow,10,17,-6.0,1.0,PASS,pass
LOT-A,改善前,W02,28nm MCU,ETCH-07,A,Plasma Etch,edge_ring,边缘环形失效，怀疑静电卡盘温控漂移与边缘等离子体不均匀,校准 ESC 温区并复核边缘 gas flow,11,17,-5.0,1.0,PASS,pass
LOT-A,改善前,W02,28nm MCU,ETCH-07,A,Plasma Etch,edge_ring,边缘环形失效，怀疑静电卡盘温控漂移与边缘等离子体不均匀,校准 ESC 温区并复核边缘 gas flow,12,17,-4.0,1.0,PASS,pass
LOT-A,改善前,W02,28nm MCU,ETCH-07,A,Plasma Etch,edge_ring,边缘环形失效，怀疑静电卡盘温控漂移与边缘等离子体不均匀,校准 ESC 温区并复核边缘 gas flow,13,17,-3.0,1.0,PASS,pass
LOT-A,改善前,W02,28nm MCU,ETCH-07,A,Plasma Etch,edge_ring,边缘环形失效，怀疑静电卡盘温控漂移与边缘等离子体不均匀,校准 ESC 温区并复核边缘 gas flow,14,17,-2.0,1.0,PASS,pass
LOT-A,改善前,W02,28nm MCU,ETCH-07,A,Plasma Etch,edge_ring,边缘环形失效，怀疑静电卡盘温控漂移与边缘等离子体不均匀,校准 ESC 温区并复核边缘 gas flow,15,17,-1.0,1.0,PASS,pass
LOT-A,改善前,W02,28nm MCU,ETCH-07,A,Plasma Etch,edge_ring,边缘环形失效，怀疑静电卡盘温控漂移与边缘等离子体不均匀,校准 ESC 温区并复核边缘 gas flow,16,17,0.0,1.0,PASS,pass
LOT-A,改善前,W02,28nm MCU,ETCH-07,A,Plasma Etch,edge_ring,边缘环形失效，怀疑静电卡盘温控漂移与边缘等离子体不均匀,校准 ESC 温区并复核边缘 gas flow,17,17,1.0,1.0,PASS,pass
LOT-A,改善前,W02,28nm MCU,ETCH-07,A,Plasma Etch,edge_ring,边缘环形失效，怀疑静电卡盘温控漂移与边缘等离子体不均匀,校准 ESC 温区并复核边缘 gas flow,18,17,2.0,1.0,PASS,pass
LOT-A,改善前,W02,28nm MCU,ETCH-07,A,Plasma Etch,edge_ring,边缘环形失效，怀疑静电卡盘温控漂移与边缘等离子体不均匀,校准 ESC 温区并复核边缘 gas flow,19,17,3.0,1.0,PASS,pass
LOT-A,改善前,W02,28nm MCU,ETCH-07,A,Plasma Etch,edge_ring,边缘环形失效，怀疑静电卡盘温控漂移与边缘等离子体不均匀,校准 ESC 温区并复核边缘 gas flow,20,17,4.0,1.0,PASS,pass
LOT-A,改善前,W02,28nm MCU,ETCH-07,A,Plasma Etch,edge_ring,边缘环形失效，怀疑静电卡盘温控漂移与边缘等离子体不均匀,校准 ESC 温区并复核边缘 gas flow,21,17,5.0,1.0,PASS,pass
LOT-A,改善前,W02,28nm MCU,ETCH-07,A,Plasma Etch,edge_ring,边缘环形失效，怀疑静电卡盘温控漂移与边缘等离子体不均匀,校准 ESC 温区并复核边缘 gas flow,22,17,6.0,1.0,PASS,pass
LOT-A,改善前,W02,28nm MCU,ETCH-07,A,Plasma Etch,edge_ring,边缘环形失效，怀疑静电卡盘温控漂移与边缘等离子体不均匀,校准 ESC 温区并复核边缘 gas flow,23,17,7.0,1.0,PASS,pass
LOT-A,改善前,W02,28nm MCU,ETCH-07,A,Plasma Etch,edge_ring,边缘环形失效，怀疑静电卡盘温控漂移与边缘等离子体不均匀,校准 ESC 温区并复核边缘 gas flow,24,17,8.0,1.0,PASS,pass
LOT-A,改善前,W02,28nm MCU,ETCH-07,A,Plasma Etch,edge_ring,边缘环形失效，怀疑静电卡盘温控漂移与边缘等离子体不均匀,校准 ESC 温区并复核边缘 gas flow,25,17,9.0,1.0,PASS,pass
LOT-A,改善前,W02,28nm MCU,ETCH-07,A,Plasma Etch,edge_ring,边缘环形失效，怀疑静电卡盘温控漂移与边缘等离子体不均匀,校准 ESC 温区并复核边缘 gas flow,26,17,10.0,1.0,PASS,pass
LOT-A,改善前,W02,28nm MCU,ETCH-07,A,Plasma Etch,edge_ring,边缘环形失效，怀疑静电卡盘温控漂移与边缘等离子体不均匀,校准 ESC 温区并复核边缘 gas flow,27,17,11.0,1.0,PASS,pass
LOT-A,改善前,W02,28nm MCU,ETCH-07,A,Plasma Etch,edge_ring,边缘环形失效，怀疑静电卡盘温控漂移与边缘等离子体不均匀,校准 ESC 温区并复核边缘 gas flow,28,17,12.0,1.0,FAIL,edge_ring
LOT-A,改善前,W02,28nm MCU,ETCH-07,A,Plasma Etch,edge_ring,边缘环形失效，怀疑静电卡盘温控漂移与边缘等离子体不均匀,校准 ESC 温区并复核边缘 gas flow,29,17,13.0,1.0,FAIL,edge_ring
LOT-A,改善前,W02,28nm MCU,ETCH-07,A,Plasma Etch,edge_ring,边缘环形失效，怀疑静电卡盘温控漂移与边缘等离子体不均匀,校准 ESC 温区并复核边缘 gas flow,30,17,14.0,1.0,FAIL,edge_ring
LOT-A,改善前,W02,28nm MCU,ETCH-07,A,Plasma Etch,edge_ring,边缘环形失效，怀疑静电卡盘温控漂移与边缘等离子体不均匀,校准 ESC 温区并复核边缘 gas flow,2,18,-14.0,2.0,FAIL,edge_ring
LOT-A,改善前,W02,28nm MCU,ETCH-07,A,Plasma Etch,edge_ring,边缘环形失效，怀疑静电卡盘温控漂移与边缘等离子体不均匀,校准 ESC 温区并复核边缘 gas flow,3,18,-13.0,2.0,FAIL,edge_ring
LOT-A,改善前,W02,28nm MCU,ETCH-07,A,Plasma Etch,edge_ring,边缘环形失效，怀疑静电卡盘温控漂移与边缘等离子体不均匀,校准 ESC 温区并复核边缘 gas flow,4,18,-12.0,2.0,FAIL,edge_ring
LOT-A,改善前,W02,28nm MCU,ETCH-07,A,Plasma Etch,edge_ring,边缘环形失效，怀疑静电卡盘温控漂移与边缘等离子体不均匀,校准 ESC 温区并复核边缘 gas flow,5,18,-11.0,2.0,PASS,pass
LOT-A,改善前,W02,28nm MCU,ETCH-07,A,Plasma Etch,edge_ring,边缘环形失效，怀疑静电卡盘温控漂移与边缘等离子体不均匀,校准 ESC 温区并复核边缘 gas flow,6,18,-10.0,2.0,PASS,pass
LOT-A,改善前,W02,28nm MCU,ETCH-07,A,Plasma Etch,edge_ring,边缘环形失效，怀疑静电卡盘温控漂移与边缘等离子体不均匀,校准 ESC 温区并复核边缘 gas flow,7,18,-9.0,2.0,PASS,pass
LOT-A,改善前,W02,28nm MCU,ETCH-07,A,Plasma Etch,edge_ring,边缘环形失效，怀疑静电卡盘温控漂移与边缘等离子体不均匀,校准 ESC 温区并复核边缘 gas flow,8,18,-8.0,2.0,PASS,pass
LOT-A,改善前,W02,28nm MCU,ETCH-07,A,Plasma Etch,edge_ring,边缘环形失效，怀疑静电卡盘温控漂移与边缘等离子体不均匀,校准 ESC 温区并复核边缘 gas flow,9,18,-7.0,2.0,PASS,pass
LOT-A,改善前,W02,28nm MCU,ETCH-07,A,Plasma Etch,edge_ring,边缘环形失效，怀疑静电卡盘温控漂移与边缘等离子体不均匀,校准 ESC 温区并复核边缘 gas flow,10,18,-6.0,2.0,PASS,pass
LOT-A,改善前,W02,28nm MCU,ETCH-07,A,Plasma Etch,edge_ring,边缘环形失效，怀疑静电卡盘温控漂移与边缘等离子体不均匀,校准 ESC 温区并复核边缘 gas flow,11,18,-5.0,2.0,PASS,pass
LOT-A,改善前,W02,28nm MCU,ETCH-07,A,Plasma Etch,edge_ring,边缘环形失效，怀疑静电卡盘温控漂移与边缘等离子体不均匀,校准 ESC 温区并复核边缘 gas flow,12,18,-4.0,2.0,PASS,pass
LOT-A,改善前,W02,28nm MCU,ETCH-07,A,Plasma Etch,edge_ring,边缘环形失效，怀疑静电卡盘温控漂移与边缘等离子体不均匀,校准 ESC 温区并复核边缘 gas flow,13,18,-3.0,2.0,PASS,pass
LOT-A,改善前,W02,28nm MCU,ETCH-07,A,Plasma Etch,edge_ring,边缘环形失效，怀疑静电卡盘温控漂移与边缘等离子体不均匀,校准 ESC 温区并复核边缘 gas flow,14,18,-2.0,2.0,PASS,pass
LOT-A,改善前,W02,28nm MCU,ETCH-07,A,Plasma Etch,edge_ring,边缘环形失效，怀疑静电卡盘温控漂移与边缘等离子体不均匀,校准 ESC 温区并复核边缘 gas flow,15,18,-1.0,2.0,PASS,pass
LOT-A,改善前,W02,28nm MCU,ETCH-07,A,Plasma Etch,edge_ring,边缘环形失效，怀疑静电卡盘温控漂移与边缘等离子体不均匀,校准 ESC 温区并复核边缘 gas flow,16,18,0.0,2.0,PASS,pass
LOT-A,改善前,W02,28nm MCU,ETCH-07,A,Plasma Etch,edge_ring,边缘环形失效，怀疑静电卡盘温控漂移与边缘等离子体不均匀,校准 ESC 温区并复核边缘 gas flow,17,18,1.0,2.0,PASS,pass
LOT-A,改善前,W02,28nm MCU,ETCH-07,A,Plasma Etch,edge_ring,边缘环形失效，怀疑静电卡盘温控漂移与边缘等离子体不均匀,校准 ESC 温区并复核边缘 gas flow,18,18,2.0,2.0,PASS,pass
LOT-A,改善前,W02,28nm MCU,ETCH-07,A,Plasma Etch,edge_ring,边缘环形失效，怀疑静电卡盘温控漂移与边缘等离子体不均匀,校准 ESC 温区并复核边缘 gas flow,19,18,3.0,2.0,PASS,pass
LOT-A,改善前,W02,28nm MCU,ETCH-07,A,Plasma Etch,edge_ring,边缘环形失效，怀疑静电卡盘温控漂移与边缘等离子体不均匀,校准 ESC 温区并复核边缘 gas flow,20,18,4.0,2.0,PASS,pass
LOT-A,改善前,W02,28nm MCU,ETCH-07,A,Plasma Etch,edge_ring,边缘环形失效，怀疑静电卡盘温控漂移与边缘等离子体不均匀,校准 ESC 温区并复核边缘 gas flow,21,18,5.0,2.0,PASS,pass
LOT-A,改善前,W02,28nm MCU,ETCH-07,A,Plasma Etch,edge_ring,边缘环形失效，怀疑静电卡盘温控漂移与边缘等离子体不均匀,校准 ESC 温区并复核边缘 gas flow,22,18,6.0,2.0,PASS,pass
LOT-A,改善前,W02,28nm MCU,ETCH-07,A,Plasma Etch,edge_ring,边缘环形失效，怀疑静电卡盘温控漂移与边缘等离子体不均匀,校准 ESC 温区并复核边缘 gas flow,23,18,7.0,2.0,PASS,pass
LOT-A,改善前,W02,28nm MCU,ETCH-07,A,Plasma Etch,edge_ring,边缘环形失效，怀疑静电卡盘温控漂移与边缘等离子体不均匀,校准 ESC 温区并复核边缘 gas flow,24,18,8.0,2.0,PASS,pass
LOT-A,改善前,W02,28nm MCU,ETCH-07,A,Plasma Etch,edge_ring,边缘环形失效，怀疑静电卡盘温控漂移与边缘等离子体不均匀,校准 ESC 温区并复核边缘 gas flow,25,18,9.0,2.0,PASS,pass
LOT-A,改善前,W02,28nm MCU,ETCH-07,A,Plasma Etch,edge_ring,边缘环形失效，怀疑静电卡盘温控漂移与边缘等离子体不均匀,校准 ESC 温区并复核边缘 gas flow,26,18,10.0,2.0,PASS,pass
LOT-A,改善前,W02,28nm MCU,ETCH-07,A,Plasma Etch,edge_ring,边缘环形失效，怀疑静电卡盘温控漂移与边缘等离子体不均匀,校准 ESC 温区并复核边缘 gas flow,27,18,11.0,2.0,PASS,pass
LOT-A,改善前,W02,28nm MCU,ETCH-07,A,Plasma Etch,edge_ring,边缘环形失效，怀疑静电卡盘温控漂移与边缘等离子体不均匀,校准 ESC 温区并复核边缘 gas flow,28,18,12.0,2.0,PASS,pass
LOT-A,改善前,W02,28nm MCU,ETCH-07,A,Plasma Etch,edge_ring,边缘环形失效，怀疑静电卡盘温控漂移与边缘等离子体不均匀,校准 ESC 温区并复核边缘 gas flow,29,18,13.0,2.0,FAIL,edge_ring
LOT-A,改善前,W02,28nm MCU,ETCH-07,A,Plasma Etch,edge_ring,边缘环形失效，怀疑静电卡盘温控漂移与边缘等离子体不均匀,校准 ESC 温区并复核边缘 gas flow,30,18,14.0,2.0,PASS,pass
LOT-A,改善前,W02,28nm MCU,ETCH-07,A,Plasma Etch,edge_ring,边缘环形失效，怀疑静电卡盘温控漂移与边缘等离子体不均匀,校准 ESC 温区并复核边缘 gas flow,2,19,-14.0,3.0,PASS,pass
LOT-A,改善前,W02,28nm MCU,ETCH-07,A,Plasma Etch,edge_ring,边缘环形失效，怀疑静电卡盘温控漂移与边缘等离子体不均匀,校准 ESC 温区并复核边缘 gas flow,3,19,-13.0,3.0,FAIL,edge_ring
LOT-A,改善前,W02,28nm MCU,ETCH-07,A,Plasma Etch,edge_ring,边缘环形失效，怀疑静电卡盘温控漂移与边缘等离子体不均匀,校准 ESC 温区并复核边缘 gas flow,4,19,-12.0,3.0,FAIL,edge_ring
LOT-A,改善前,W02,28nm MCU,ETCH-07,A,Plasma Etch,edge_ring,边缘环形失效，怀疑静电卡盘温控漂移与边缘等离子体不均匀,校准 ESC 温区并复核边缘 gas flow,5,19,-11.0,3.0,PASS,pass
LOT-A,改善前,W02,28nm MCU,ETCH-07,A,Plasma Etch,edge_ring,边缘环形失效，怀疑静电卡盘温控漂移与边缘等离子体不均匀,校准 ESC 温区并复核边缘 gas flow,6,19,-10.0,3.0,PASS,pass
LOT-A,改善前,W02,28nm MCU,ETCH-07,A,Plasma Etch,edge_ring,边缘环形失效，怀疑静电卡盘温控漂移与边缘等离子体不均匀,校准 ESC 温区并复核边缘 gas flow,7,19,-9.0,3.0,PASS,pass
LOT-A,改善前,W02,28nm MCU,ETCH-07,A,Plasma Etch,edge_ring,边缘环形失效，怀疑静电卡盘温控漂移与边缘等离子体不均匀,校准 ESC 温区并复核边缘 gas flow,8,19,-8.0,3.0,PASS,pass
LOT-A,改善前,W02,28nm MCU,ETCH-07,A,Plasma Etch,edge_ring,边缘环形失效，怀疑静电卡盘温控漂移与边缘等离子体不均匀,校准 ESC 温区并复核边缘 gas flow,9,19,-7.0,3.0,PASS,pass
LOT-A,改善前,W02,28nm MCU,ETCH-07,A,Plasma Etch,edge_ring,边缘环形失效，怀疑静电卡盘温控漂移与边缘等离子体不均匀,校准 ESC 温区并复核边缘 gas flow,10,19,-6.0,3.0,PASS,pass
LOT-A,改善前,W02,28nm MCU,ETCH-07,A,Plasma Etch,edge_ring,边缘环形失效，怀疑静电卡盘温控漂移与边缘等离子体不均匀,校准 ESC 温区并复核边缘 gas flow,11,19,-5.0,3.0,PASS,pass
LOT-A,改善前,W02,28nm MCU,ETCH-07,A,Plasma Etch,edge_ring,边缘环形失效，怀疑静电卡盘温控漂移与边缘等离子体不均匀,校准 ESC 温区并复核边缘 gas flow,12,19,-4.0,3.0,PASS,pass
LOT-A,改善前,W02,28nm MCU,ETCH-07,A,Plasma Etch,edge_ring,边缘环形失效，怀疑静电卡盘温控漂移与边缘等离子体不均匀,校准 ESC 温区并复核边缘 gas flow,13,19,-3.0,3.0,PASS,pass
LOT-A,改善前,W02,28nm MCU,ETCH-07,A,Plasma Etch,edge_ring,边缘环形失效，怀疑静电卡盘温控漂移与边缘等离子体不均匀,校准 ESC 温区并复核边缘 gas flow,14,19,-2.0,3.0,PASS,pass
LOT-A,改善前,W02,28nm MCU,ETCH-07,A,Plasma Etch,edge_ring,边缘环形失效，怀疑静电卡盘温控漂移与边缘等离子体不均匀,校准 ESC 温区并复核边缘 gas flow,15,19,-1.0,3.0,PASS,pass
LOT-A,改善前,W02,28nm MCU,ETCH-07,A,Plasma Etch,edge_ring,边缘环形失效，怀疑静电卡盘温控漂移与边缘等离子体不均匀,校准 ESC 温区并复核边缘 gas flow,16,19,0.0,3.0,PASS,pass
LOT-A,改善前,W02,28nm MCU,ETCH-07,A,Plasma Etch,edge_ring,边缘环形失效，怀疑静电卡盘温控漂移与边缘等离子体不均匀,校准 ESC 温区并复核边缘 gas flow,17,19,1.0,3.0,PASS,pass
LOT-A,改善前,W02,28nm MCU,ETCH-07,A,Plasma Etch,edge_ring,边缘环形失效，怀疑静电卡盘温控漂移与边缘等离子体不均匀,校准 ESC 温区并复核边缘 gas flow,18,19,2.0,3.0,PASS,pass
LOT-A,改善前,W02,28nm MCU,ETCH-07,A,Plasma Etch,edge_ring,边缘环形失效，怀疑静电卡盘温控漂移与边缘等离子体不均匀,校准 ESC 温区并复核边缘 gas flow,19,19,3.0,3.0,PASS,pass
LOT-A,改善前,W02,28nm MCU,ETCH-07,A,Plasma Etch,edge_ring,边缘环形失效，怀疑静电卡盘温控漂移与边缘等离子体不均匀,校准 ESC 温区并复核边缘 gas flow,20,19,4.0,3.0,PASS,pass
LOT-A,改善前,W02,28nm MCU,ETCH-07,A,Plasma Etch,edge_ring,边缘环形失效，怀疑静电卡盘温控漂移与边缘等离子体不均匀,校准 ESC 温区并复核边缘 gas flow,21,19,5.0,3.0,PASS,pass
LOT-A,改善前,W02,28nm MCU,ETCH-07,A,Plasma Etch,edge_ring,边缘环形失效，怀疑静电卡盘温控漂移与边缘等离子体不均匀,校准 ESC 温区并复核边缘 gas flow,22,19,6.0,3.0,PASS,pass
LOT-A,改善前,W02,28nm MCU,ETCH-07,A,Plasma Etch,edge_ring,边缘环形失效，怀疑静电卡盘温控漂移与边缘等离子体不均匀,校准 ESC 温区并复核边缘 gas flow,23,19,7.0,3.0,PASS,pass
LOT-A,改善前,W02,28nm MCU,ETCH-07,A,Plasma Etch,edge_ring,边缘环形失效，怀疑静电卡盘温控漂移与边缘等离子体不均匀,校准 ESC 温区并复核边缘 gas flow,24,19,8.0,3.0,PASS,pass
LOT-A,改善前,W02,28nm MCU,ETCH-07,A,Plasma Etch,edge_ring,边缘环形失效，怀疑静电卡盘温控漂移与边缘等离子体不均匀,校准 ESC 温区并复核边缘 gas flow,25,19,9.0,3.0,PASS,pass
LOT-A,改善前,W02,28nm MCU,ETCH-07,A,Plasma Etch,edge_ring,边缘环形失效，怀疑静电卡盘温控漂移与边缘等离子体不均匀,校准 ESC 温区并复核边缘 gas flow,26,19,10.0,3.0,PASS,pass
LOT-A,改善前,W02,28nm MCU,ETCH-07,A,Plasma Etch,edge_ring,边缘环形失效，怀疑静电卡盘温控漂移与边缘等离子体不均匀,校准 ESC 温区并复核边缘 gas flow,27,19,11.0,3.0,PASS,pass
LOT-A,改善前,W02,28nm MCU,ETCH-07,A,Plasma Etch,edge_ring,边缘环形失效，怀疑静电卡盘温控漂移与边缘等离子体不均匀,校准 ESC 温区并复核边缘 gas flow,28,19,12.0,3.0,FAIL,edge_ring
LOT-A,改善前,W02,28nm MCU,ETCH-07,A,Plasma Etch,edge_ring,边缘环形失效，怀疑静电卡盘温控漂移与边缘等离子体不均匀,校准 ESC 温区并复核边缘 gas flow,29,19,13.0,3.0,FAIL,edge_ring
LOT-A,改善前,W02,28nm MCU,ETCH-07,A,Plasma Etch,edge_ring,边缘环形失效，怀疑静电卡盘温控漂移与边缘等离子体不均匀,校准 ESC 温区并复核边缘 gas flow,30,19,14.0,3.0,FAIL,edge_ring
LOT-A,改善前,W02,28nm MCU,ETCH-07,A,Plasma Etch,edge_ring,边缘环形失效，怀疑静电卡盘温控漂移与边缘等离子体不均匀,校准 ESC 温区并复核边缘 gas flow,2,20,-14.0,4.0,FAIL,edge_ring
LOT-A,改善前,W02,28nm MCU,ETCH-07,A,Plasma Etch,edge_ring,边缘环形失效，怀疑静电卡盘温控漂移与边缘等离子体不均匀,校准 ESC 温区并复核边缘 gas flow,3,20,-13.0,4.0,FAIL,edge_ring
LOT-A,改善前,W02,28nm MCU,ETCH-07,A,Plasma Etch,edge_ring,边缘环形失效，怀疑静电卡盘温控漂移与边缘等离子体不均匀,校准 ESC 温区并复核边缘 gas flow,4,20,-12.0,4.0,FAIL,edge_ring
LOT-A,改善前,W02,28nm MCU,ETCH-07,A,Plasma Etch,edge_ring,边缘环形失效，怀疑静电卡盘温控漂移与边缘等离子体不均匀,校准 ESC 温区并复核边缘 gas flow,5,20,-11.0,4.0,PASS,pass
LOT-A,改善前,W02,28nm MCU,ETCH-07,A,Plasma Etch,edge_ring,边缘环形失效，怀疑静电卡盘温控漂移与边缘等离子体不均匀,校准 ESC 温区并复核边缘 gas flow,6,20,-10.0,4.0,PASS,pass
LOT-A,改善前,W02,28nm MCU,ETCH-07,A,Plasma Etch,edge_ring,边缘环形失效，怀疑静电卡盘温控漂移与边缘等离子体不均匀,校准 ESC 温区并复核边缘 gas flow,7,20,-9.0,4.0,PASS,pass
LOT-A,改善前,W02,28nm MCU,ETCH-07,A,Plasma Etch,edge_ring,边缘环形失效，怀疑静电卡盘温控漂移与边缘等离子体不均匀,校准 ESC 温区并复核边缘 gas flow,8,20,-8.0,4.0,PASS,pass
LOT-A,改善前,W02,28nm MCU,ETCH-07,A,Plasma Etch,edge_ring,边缘环形失效，怀疑静电卡盘温控漂移与边缘等离子体不均匀,校准 ESC 温区并复核边缘 gas flow,9,20,-7.0,4.0,PASS,pass
LOT-A,改善前,W02,28nm MCU,ETCH-07,A,Plasma Etch,edge_ring,边缘环形失效，怀疑静电卡盘温控漂移与边缘等离子体不均匀,校准 ESC 温区并复核边缘 gas flow,10,20,-6.0,4.0,PASS,pass
LOT-A,改善前,W02,28nm MCU,ETCH-07,A,Plasma Etch,edge_ring,边缘环形失效，怀疑静电卡盘温控漂移与边缘等离子体不均匀,校准 ESC 温区并复核边缘 gas flow,11,20,-5.0,4.0,PASS,pass
LOT-A,改善前,W02,28nm MCU,ETCH-07,A,Plasma Etch,edge_ring,边缘环形失效，怀疑静电卡盘温控漂移与边缘等离子体不均匀,校准 ESC 温区并复核边缘 gas flow,12,20,-4.0,4.0,PASS,pass
LOT-A,改善前,W02,28nm MCU,ETCH-07,A,Plasma Etch,edge_ring,边缘环形失效，怀疑静电卡盘温控漂移与边缘等离子体不均匀,校准 ESC 温区并复核边缘 gas flow,13,20,-3.0,4.0,PASS,pass
LOT-A,改善前,W02,28nm MCU,ETCH-07,A,Plasma Etch,edge_ring,边缘环形失效，怀疑静电卡盘温控漂移与边缘等离子体不均匀,校准 ESC 温区并复核边缘 gas flow,14,20,-2.0,4.0,PASS,pass
LOT-A,改善前,W02,28nm MCU,ETCH-07,A,Plasma Etch,edge_ring,边缘环形失效，怀疑静电卡盘温控漂移与边缘等离子体不均匀,校准 ESC 温区并复核边缘 gas flow,15,20,-1.0,4.0,PASS,pass
LOT-A,改善前,W02,28nm MCU,ETCH-07,A,Plasma Etch,edge_ring,边缘环形失效，怀疑静电卡盘温控漂移与边缘等离子体不均匀,校准 ESC 温区并复核边缘 gas flow,16,20,0.0,4.0,PASS,pass
LOT-A,改善前,W02,28nm MCU,ETCH-07,A,Plasma Etch,edge_ring,边缘环形失效，怀疑静电卡盘温控漂移与边缘等离子体不均匀,校准 ESC 温区并复核边缘 gas flow,17,20,1.0,4.0,PASS,pass
LOT-A,改善前,W02,28nm MCU,ETCH-07,A,Plasma Etch,edge_ring,边缘环形失效，怀疑静电卡盘温控漂移与边缘等离子体不均匀,校准 ESC 温区并复核边缘 gas flow,18,20,2.0,4.0,PASS,pass
LOT-A,改善前,W02,28nm MCU,ETCH-07,A,Plasma Etch,edge_ring,边缘环形失效，怀疑静电卡盘温控漂移与边缘等离子体不均匀,校准 ESC 温区并复核边缘 gas flow,19,20,3.0,4.0,PASS,pass
LOT-A,改善前,W02,28nm MCU,ETCH-07,A,Plasma Etch,edge_ring,边缘环形失效，怀疑静电卡盘温控漂移与边缘等离子体不均匀,校准 ESC 温区并复核边缘 gas flow,20,20,4.0,4.0,PASS,pass
LOT-A,改善前,W02,28nm MCU,ETCH-07,A,Plasma Etch,edge_ring,边缘环形失效，怀疑静电卡盘温控漂移与边缘等离子体不均匀,校准 ESC 温区并复核边缘 gas flow,21,20,5.0,4.0,PASS,pass
LOT-A,改善前,W02,28nm MCU,ETCH-07,A,Plasma Etch,edge_ring,边缘环形失效，怀疑静电卡盘温控漂移与边缘等离子体不均匀,校准 ESC 温区并复核边缘 gas flow,22,20,6.0,4.0,PASS,pass
LOT-A,改善前,W02,28nm MCU,ETCH-07,A,Plasma Etch,edge_ring,边缘环形失效，怀疑静电卡盘温控漂移与边缘等离子体不均匀,校准 ESC 温区并复核边缘 gas flow,23,20,7.0,4.0,PASS,pass
LOT-A,改善前,W02,28nm MCU,ETCH-07,A,Plasma Etch,edge_ring,边缘环形失效，怀疑静电卡盘温控漂移与边缘等离子体不均匀,校准 ESC 温区并复核边缘 gas flow,24,20,8.0,4.0,PASS,pass
LOT-A,改善前,W02,28nm MCU,ETCH-07,A,Plasma Etch,edge_ring,边缘环形失效，怀疑静电卡盘温控漂移与边缘等离子体不均匀,校准 ESC 温区并复核边缘 gas flow,25,20,9.0,4.0,PASS,pass
LOT-A,改善前,W02,28nm MCU,ETCH-07,A,Plasma Etch,edge_ring,边缘环形失效，怀疑静电卡盘温控漂移与边缘等离子体不均匀,校准 ESC 温区并复核边缘 gas flow,26,20,10.0,4.0,PASS,pass
LOT-A,改善前,W02,28nm MCU,ETCH-07,A,Plasma Etch,edge_ring,边缘环形失效，怀疑静电卡盘温控漂移与边缘等离子体不均匀,校准 ESC 温区并复核边缘 gas flow,27,20,11.0,4.0,PASS,pass
LOT-A,改善前,W02,28nm MCU,ETCH-07,A,Plasma Etch,edge_ring,边缘环形失效，怀疑静电卡盘温控漂移与边缘等离子体不均匀,校准 ESC 温区并复核边缘 gas flow,28,20,12.0,4.0,FAIL,edge_ring
LOT-A,改善前,W02,28nm MCU,ETCH-07,A,Plasma Etch,edge_ring,边缘环形失效，怀疑静电卡盘温控漂移与边缘等离子体不均匀,校准 ESC 温区并复核边缘 gas flow,29,20,13.0,4.0,FAIL,edge_ring
LOT-A,改善前,W02,28nm MCU,ETCH-07,A,Plasma Etch,edge_ring,边缘环形失效，怀疑静电卡盘温控漂移与边缘等离子体不均匀,校准 ESC 温区并复核边缘 gas flow,30,20,14.0,4.0,FAIL,edge_ring
LOT-A,改善前,W02,28nm MCU,ETCH-07,A,Plasma Etch,edge_ring,边缘环形失效，怀疑静电卡盘温控漂移与边缘等离子体不均匀,校准 ESC 温区并复核边缘 gas flow,3,21,-13.0,5.0,PASS,pass
LOT-A,改善前,W02,28nm MCU,ETCH-07,A,Plasma Etch,edge_ring,边缘环形失效，怀疑静电卡盘温控漂移与边缘等离子体不均匀,校准 ESC 温区并复核边缘 gas flow,4,21,-12.0,5.0,PASS,pass
LOT-A,改善前,W02,28nm MCU,ETCH-07,A,Plasma Etch,edge_ring,边缘环形失效，怀疑静电卡盘温控漂移与边缘等离子体不均匀,校准 ESC 温区并复核边缘 gas flow,5,21,-11.0,5.0,FAIL,edge_ring
LOT-A,改善前,W02,28nm MCU,ETCH-07,A,Plasma Etch,edge_ring,边缘环形失效，怀疑静电卡盘温控漂移与边缘等离子体不均匀,校准 ESC 温区并复核边缘 gas flow,6,21,-10.0,5.0,PASS,pass
LOT-A,改善前,W02,28nm MCU,ETCH-07,A,Plasma Etch,edge_ring,边缘环形失效，怀疑静电卡盘温控漂移与边缘等离子体不均匀,校准 ESC 温区并复核边缘 gas flow,7,21,-9.0,5.0,PASS,pass
LOT-A,改善前,W02,28nm MCU,ETCH-07,A,Plasma Etch,edge_ring,边缘环形失效，怀疑静电卡盘温控漂移与边缘等离子体不均匀,校准 ESC 温区并复核边缘 gas flow,8,21,-8.0,5.0,PASS,pass
LOT-A,改善前,W02,28nm MCU,ETCH-07,A,Plasma Etch,edge_ring,边缘环形失效，怀疑静电卡盘温控漂移与边缘等离子体不均匀,校准 ESC 温区并复核边缘 gas flow,9,21,-7.0,5.0,PASS,pass
LOT-A,改善前,W02,28nm MCU,ETCH-07,A,Plasma Etch,edge_ring,边缘环形失效，怀疑静电卡盘温控漂移与边缘等离子体不均匀,校准 ESC 温区并复核边缘 gas flow,10,21,-6.0,5.0,PASS,pass
LOT-A,改善前,W02,28nm MCU,ETCH-07,A,Plasma Etch,edge_ring,边缘环形失效，怀疑静电卡盘温控漂移与边缘等离子体不均匀,校准 ESC 温区并复核边缘 gas flow,11,21,-5.0,5.0,PASS,pass
LOT-A,改善前,W02,28nm MCU,ETCH-07,A,Plasma Etch,edge_ring,边缘环形失效，怀疑静电卡盘温控漂移与边缘等离子体不均匀,校准 ESC 温区并复核边缘 gas flow,12,21,-4.0,5.0,PASS,pass
LOT-A,改善前,W02,28nm MCU,ETCH-07,A,Plasma Etch,edge_ring,边缘环形失效，怀疑静电卡盘温控漂移与边缘等离子体不均匀,校准 ESC 温区并复核边缘 gas flow,13,21,-3.0,5.0,PASS,pass
LOT-A,改善前,W02,28nm MCU,ETCH-07,A,Plasma Etch,edge_ring,边缘环形失效，怀疑静电卡盘温控漂移与边缘等离子体不均匀,校准 ESC 温区并复核边缘 gas flow,14,21,-2.0,5.0,FAIL,random
LOT-A,改善前,W02,28nm MCU,ETCH-07,A,Plasma Etch,edge_ring,边缘环形失效，怀疑静电卡盘温控漂移与边缘等离子体不均匀,校准 ESC 温区并复核边缘 gas flow,15,21,-1.0,5.0,PASS,pass
LOT-A,改善前,W02,28nm MCU,ETCH-07,A,Plasma Etch,edge_ring,边缘环形失效，怀疑静电卡盘温控漂移与边缘等离子体不均匀,校准 ESC 温区并复核边缘 gas flow,16,21,0.0,5.0,PASS,pass
LOT-A,改善前,W02,28nm MCU,ETCH-07,A,Plasma Etch,edge_ring,边缘环形失效，怀疑静电卡盘温控漂移与边缘等离子体不均匀,校准 ESC 温区并复核边缘 gas flow,17,21,1.0,5.0,PASS,pass
LOT-A,改善前,W02,28nm MCU,ETCH-07,A,Plasma Etch,edge_ring,边缘环形失效，怀疑静电卡盘温控漂移与边缘等离子体不均匀,校准 ESC 温区并复核边缘 gas flow,18,21,2.0,5.0,PASS,pass
LOT-A,改善前,W02,28nm MCU,ETCH-07,A,Plasma Etch,edge_ring,边缘环形失效，怀疑静电卡盘温控漂移与边缘等离子体不均匀,校准 ESC 温区并复核边缘 gas flow,19,21,3.0,5.0,PASS,pass
LOT-A,改善前,W02,28nm MCU,ETCH-07,A,Plasma Etch,edge_ring,边缘环形失效，怀疑静电卡盘温控漂移与边缘等离子体不均匀,校准 ESC 温区并复核边缘 gas flow,20,21,4.0,5.0,PASS,pass
LOT-A,改善前,W02,28nm MCU,ETCH-07,A,Plasma Etch,edge_ring,边缘环形失效，怀疑静电卡盘温控漂移与边缘等离子体不均匀,校准 ESC 温区并复核边缘 gas flow,21,21,5.0,5.0,PASS,pass
LOT-A,改善前,W02,28nm MCU,ETCH-07,A,Plasma Etch,edge_ring,边缘环形失效，怀疑静电卡盘温控漂移与边缘等离子体不均匀,校准 ESC 温区并复核边缘 gas flow,22,21,6.0,5.0,PASS,pass
LOT-A,改善前,W02,28nm MCU,ETCH-07,A,Plasma Etch,edge_ring,边缘环形失效，怀疑静电卡盘温控漂移与边缘等离子体不均匀,校准 ESC 温区并复核边缘 gas flow,23,21,7.0,5.0,PASS,pass
LOT-A,改善前,W02,28nm MCU,ETCH-07,A,Plasma Etch,edge_ring,边缘环形失效，怀疑静电卡盘温控漂移与边缘等离子体不均匀,校准 ESC 温区并复核边缘 gas flow,24,21,8.0,5.0,PASS,pass
LOT-A,改善前,W02,28nm MCU,ETCH-07,A,Plasma Etch,edge_ring,边缘环形失效，怀疑静电卡盘温控漂移与边缘等离子体不均匀,校准 ESC 温区并复核边缘 gas flow,25,21,9.0,5.0,PASS,pass
LOT-A,改善前,W02,28nm MCU,ETCH-07,A,Plasma Etch,edge_ring,边缘环形失效，怀疑静电卡盘温控漂移与边缘等离子体不均匀,校准 ESC 温区并复核边缘 gas flow,26,21,10.0,5.0,PASS,pass
LOT-A,改善前,W02,28nm MCU,ETCH-07,A,Plasma Etch,edge_ring,边缘环形失效，怀疑静电卡盘温控漂移与边缘等离子体不均匀,校准 ESC 温区并复核边缘 gas flow,27,21,11.0,5.0,FAIL,edge_ring
LOT-A,改善前,W02,28nm MCU,ETCH-07,A,Plasma Etch,edge_ring,边缘环形失效，怀疑静电卡盘温控漂移与边缘等离子体不均匀,校准 ESC 温区并复核边缘 gas flow,28,21,12.0,5.0,PASS,pass
LOT-A,改善前,W02,28nm MCU,ETCH-07,A,Plasma Etch,edge_ring,边缘环形失效，怀疑静电卡盘温控漂移与边缘等离子体不均匀,校准 ESC 温区并复核边缘 gas flow,29,21,13.0,5.0,PASS,pass
LOT-A,改善前,W02,28nm MCU,ETCH-07,A,Plasma Etch,edge_ring,边缘环形失效，怀疑静电卡盘温控漂移与边缘等离子体不均匀,校准 ESC 温区并复核边缘 gas flow,3,22,-13.0,6.0,FAIL,edge_ring
LOT-A,改善前,W02,28nm MCU,ETCH-07,A,Plasma Etch,edge_ring,边缘环形失效，怀疑静电卡盘温控漂移与边缘等离子体不均匀,校准 ESC 温区并复核边缘 gas flow,4,22,-12.0,6.0,PASS,pass
LOT-A,改善前,W02,28nm MCU,ETCH-07,A,Plasma Etch,edge_ring,边缘环形失效，怀疑静电卡盘温控漂移与边缘等离子体不均匀,校准 ESC 温区并复核边缘 gas flow,5,22,-11.0,6.0,PASS,pass
LOT-A,改善前,W02,28nm MCU,ETCH-07,A,Plasma Etch,edge_ring,边缘环形失效，怀疑静电卡盘温控漂移与边缘等离子体不均匀,校准 ESC 温区并复核边缘 gas flow,6,22,-10.0,6.0,PASS,pass
LOT-A,改善前,W02,28nm MCU,ETCH-07,A,Plasma Etch,edge_ring,边缘环形失效，怀疑静电卡盘温控漂移与边缘等离子体不均匀,校准 ESC 温区并复核边缘 gas flow,7,22,-9.0,6.0,PASS,pass
LOT-A,改善前,W02,28nm MCU,ETCH-07,A,Plasma Etch,edge_ring,边缘环形失效，怀疑静电卡盘温控漂移与边缘等离子体不均匀,校准 ESC 温区并复核边缘 gas flow,8,22,-8.0,6.0,PASS,pass
LOT-A,改善前,W02,28nm MCU,ETCH-07,A,Plasma Etch,edge_ring,边缘环形失效，怀疑静电卡盘温控漂移与边缘等离子体不均匀,校准 ESC 温区并复核边缘 gas flow,9,22,-7.0,6.0,PASS,pass
LOT-A,改善前,W02,28nm MCU,ETCH-07,A,Plasma Etch,edge_ring,边缘环形失效，怀疑静电卡盘温控漂移与边缘等离子体不均匀,校准 ESC 温区并复核边缘 gas flow,10,22,-6.0,6.0,PASS,pass
LOT-A,改善前,W02,28nm MCU,ETCH-07,A,Plasma Etch,edge_ring,边缘环形失效，怀疑静电卡盘温控漂移与边缘等离子体不均匀,校准 ESC 温区并复核边缘 gas flow,11,22,-5.0,6.0,PASS,pass
LOT-A,改善前,W02,28nm MCU,ETCH-07,A,Plasma Etch,edge_ring,边缘环形失效，怀疑静电卡盘温控漂移与边缘等离子体不均匀,校准 ESC 温区并复核边缘 gas flow,12,22,-4.0,6.0,PASS,pass
LOT-A,改善前,W02,28nm MCU,ETCH-07,A,Plasma Etch,edge_ring,边缘环形失效，怀疑静电卡盘温控漂移与边缘等离子体不均匀,校准 ESC 温区并复核边缘 gas flow,13,22,-3.0,6.0,PASS,pass
LOT-A,改善前,W02,28nm MCU,ETCH-07,A,Plasma Etch,edge_ring,边缘环形失效，怀疑静电卡盘温控漂移与边缘等离子体不均匀,校准 ESC 温区并复核边缘 gas flow,14,22,-2.0,6.0,PASS,pass
LOT-A,改善前,W02,28nm MCU,ETCH-07,A,Plasma Etch,edge_ring,边缘环形失效，怀疑静电卡盘温控漂移与边缘等离子体不均匀,校准 ESC 温区并复核边缘 gas flow,15,22,-1.0,6.0,PASS,pass
LOT-A,改善前,W02,28nm MCU,ETCH-07,A,Plasma Etch,edge_ring,边缘环形失效，怀疑静电卡盘温控漂移与边缘等离子体不均匀,校准 ESC 温区并复核边缘 gas flow,16,22,0.0,6.0,PASS,pass
LOT-A,改善前,W02,28nm MCU,ETCH-07,A,Plasma Etch,edge_ring,边缘环形失效，怀疑静电卡盘温控漂移与边缘等离子体不均匀,校准 ESC 温区并复核边缘 gas flow,17,22,1.0,6.0,PASS,pass
LOT-A,改善前,W02,28nm MCU,ETCH-07,A,Plasma Etch,edge_ring,边缘环形失效，怀疑静电卡盘温控漂移与边缘等离子体不均匀,校准 ESC 温区并复核边缘 gas flow,18,22,2.0,6.0,PASS,pass
LOT-A,改善前,W02,28nm MCU,ETCH-07,A,Plasma Etch,edge_ring,边缘环形失效，怀疑静电卡盘温控漂移与边缘等离子体不均匀,校准 ESC 温区并复核边缘 gas flow,19,22,3.0,6.0,PASS,pass
LOT-A,改善前,W02,28nm MCU,ETCH-07,A,Plasma Etch,edge_ring,边缘环形失效，怀疑静电卡盘温控漂移与边缘等离子体不均匀,校准 ESC 温区并复核边缘 gas flow,20,22,4.0,6.0,PASS,pass
LOT-A,改善前,W02,28nm MCU,ETCH-07,A,Plasma Etch,edge_ring,边缘环形失效，怀疑静电卡盘温控漂移与边缘等离子体不均匀,校准 ESC 温区并复核边缘 gas flow,21,22,5.0,6.0,PASS,pass
LOT-A,改善前,W02,28nm MCU,ETCH-07,A,Plasma Etch,edge_ring,边缘环形失效，怀疑静电卡盘温控漂移与边缘等离子体不均匀,校准 ESC 温区并复核边缘 gas flow,22,22,6.0,6.0,PASS,pass
LOT-A,改善前,W02,28nm MCU,ETCH-07,A,Plasma Etch,edge_ring,边缘环形失效，怀疑静电卡盘温控漂移与边缘等离子体不均匀,校准 ESC 温区并复核边缘 gas flow,23,22,7.0,6.0,PASS,pass
LOT-A,改善前,W02,28nm MCU,ETCH-07,A,Plasma Etch,edge_ring,边缘环形失效，怀疑静电卡盘温控漂移与边缘等离子体不均匀,校准 ESC 温区并复核边缘 gas flow,24,22,8.0,6.0,PASS,pass
LOT-A,改善前,W02,28nm MCU,ETCH-07,A,Plasma Etch,edge_ring,边缘环形失效，怀疑静电卡盘温控漂移与边缘等离子体不均匀,校准 ESC 温区并复核边缘 gas flow,25,22,9.0,6.0,PASS,pass
LOT-A,改善前,W02,28nm MCU,ETCH-07,A,Plasma Etch,edge_ring,边缘环形失效，怀疑静电卡盘温控漂移与边缘等离子体不均匀,校准 ESC 温区并复核边缘 gas flow,26,22,10.0,6.0,PASS,pass
LOT-A,改善前,W02,28nm MCU,ETCH-07,A,Plasma Etch,edge_ring,边缘环形失效，怀疑静电卡盘温控漂移与边缘等离子体不均匀,校准 ESC 温区并复核边缘 gas flow,27,22,11.0,6.0,PASS,pass
LOT-A,改善前,W02,28nm MCU,ETCH-07,A,Plasma Etch,edge_ring,边缘环形失效，怀疑静电卡盘温控漂移与边缘等离子体不均匀,校准 ESC 温区并复核边缘 gas flow,28,22,12.0,6.0,PASS,pass
LOT-A,改善前,W02,28nm MCU,ETCH-07,A,Plasma Etch,edge_ring,边缘环形失效，怀疑静电卡盘温控漂移与边缘等离子体不均匀,校准 ESC 温区并复核边缘 gas flow,29,22,13.0,6.0,FAIL,edge_ring
LOT-A,改善前,W02,28nm MCU,ETCH-07,A,Plasma Etch,edge_ring,边缘环形失效，怀疑静电卡盘温控漂移与边缘等离子体不均匀,校准 ESC 温区并复核边缘 gas flow,3,23,-13.0,7.0,FAIL,edge_ring
LOT-A,改善前,W02,28nm MCU,ETCH-07,A,Plasma Etch,edge_ring,边缘环形失效，怀疑静电卡盘温控漂移与边缘等离子体不均匀,校准 ESC 温区并复核边缘 gas flow,4,23,-12.0,7.0,FAIL,edge_ring
LOT-A,改善前,W02,28nm MCU,ETCH-07,A,Plasma Etch,edge_ring,边缘环形失效，怀疑静电卡盘温控漂移与边缘等离子体不均匀,校准 ESC 温区并复核边缘 gas flow,5,23,-11.0,7.0,FAIL,edge_ring
LOT-A,改善前,W02,28nm MCU,ETCH-07,A,Plasma Etch,edge_ring,边缘环形失效，怀疑静电卡盘温控漂移与边缘等离子体不均匀,校准 ESC 温区并复核边缘 gas flow,6,23,-10.0,7.0,FAIL,edge_ring
LOT-A,改善前,W02,28nm MCU,ETCH-07,A,Plasma Etch,edge_ring,边缘环形失效，怀疑静电卡盘温控漂移与边缘等离子体不均匀,校准 ESC 温区并复核边缘 gas flow,7,23,-9.0,7.0,FAIL,edge_ring
LOT-A,改善前,W02,28nm MCU,ETCH-07,A,Plasma Etch,edge_ring,边缘环形失效，怀疑静电卡盘温控漂移与边缘等离子体不均匀,校准 ESC 温区并复核边缘 gas flow,8,23,-8.0,7.0,PASS,pass
LOT-A,改善前,W02,28nm MCU,ETCH-07,A,Plasma Etch,edge_ring,边缘环形失效，怀疑静电卡盘温控漂移与边缘等离子体不均匀,校准 ESC 温区并复核边缘 gas flow,9,23,-7.0,7.0,PASS,pass
LOT-A,改善前,W02,28nm MCU,ETCH-07,A,Plasma Etch,edge_ring,边缘环形失效，怀疑静电卡盘温控漂移与边缘等离子体不均匀,校准 ESC 温区并复核边缘 gas flow,10,23,-6.0,7.0,PASS,pass
LOT-A,改善前,W02,28nm MCU,ETCH-07,A,Plasma Etch,edge_ring,边缘环形失效，怀疑静电卡盘温控漂移与边缘等离子体不均匀,校准 ESC 温区并复核边缘 gas flow,11,23,-5.0,7.0,PASS,pass
LOT-A,改善前,W02,28nm MCU,ETCH-07,A,Plasma Etch,edge_ring,边缘环形失效，怀疑静电卡盘温控漂移与边缘等离子体不均匀,校准 ESC 温区并复核边缘 gas flow,12,23,-4.0,7.0,PASS,pass
LOT-A,改善前,W02,28nm MCU,ETCH-07,A,Plasma Etch,edge_ring,边缘环形失效，怀疑静电卡盘温控漂移与边缘等离子体不均匀,校准 ESC 温区并复核边缘 gas flow,13,23,-3.0,7.0,PASS,pass
LOT-A,改善前,W02,28nm MCU,ETCH-07,A,Plasma Etch,edge_ring,边缘环形失效，怀疑静电卡盘温控漂移与边缘等离子体不均匀,校准 ESC 温区并复核边缘 gas flow,14,23,-2.0,7.0,PASS,pass
LOT-A,改善前,W02,28nm MCU,ETCH-07,A,Plasma Etch,edge_ring,边缘环形失效，怀疑静电卡盘温控漂移与边缘等离子体不均匀,校准 ESC 温区并复核边缘 gas flow,15,23,-1.0,7.0,PASS,pass
LOT-A,改善前,W02,28nm MCU,ETCH-07,A,Plasma Etch,edge_ring,边缘环形失效，怀疑静电卡盘温控漂移与边缘等离子体不均匀,校准 ESC 温区并复核边缘 gas flow,16,23,0.0,7.0,PASS,pass
LOT-A,改善前,W02,28nm MCU,ETCH-07,A,Plasma Etch,edge_ring,边缘环形失效，怀疑静电卡盘温控漂移与边缘等离子体不均匀,校准 ESC 温区并复核边缘 gas flow,17,23,1.0,7.0,PASS,pass
LOT-A,改善前,W02,28nm MCU,ETCH-07,A,Plasma Etch,edge_ring,边缘环形失效，怀疑静电卡盘温控漂移与边缘等离子体不均匀,校准 ESC 温区并复核边缘 gas flow,18,23,2.0,7.0,PASS,pass
LOT-A,改善前,W02,28nm MCU,ETCH-07,A,Plasma Etch,edge_ring,边缘环形失效，怀疑静电卡盘温控漂移与边缘等离子体不均匀,校准 ESC 温区并复核边缘 gas flow,19,23,3.0,7.0,PASS,pass
LOT-A,改善前,W02,28nm MCU,ETCH-07,A,Plasma Etch,edge_ring,边缘环形失效，怀疑静电卡盘温控漂移与边缘等离子体不均匀,校准 ESC 温区并复核边缘 gas flow,20,23,4.0,7.0,PASS,pass
LOT-A,改善前,W02,28nm MCU,ETCH-07,A,Plasma Etch,edge_ring,边缘环形失效，怀疑静电卡盘温控漂移与边缘等离子体不均匀,校准 ESC 温区并复核边缘 gas flow,21,23,5.0,7.0,PASS,pass
LOT-A,改善前,W02,28nm MCU,ETCH-07,A,Plasma Etch,edge_ring,边缘环形失效，怀疑静电卡盘温控漂移与边缘等离子体不均匀,校准 ESC 温区并复核边缘 gas flow,22,23,6.0,7.0,PASS,pass
LOT-A,改善前,W02,28nm MCU,ETCH-07,A,Plasma Etch,edge_ring,边缘环形失效，怀疑静电卡盘温控漂移与边缘等离子体不均匀,校准 ESC 温区并复核边缘 gas flow,23,23,7.0,7.0,PASS,pass
LOT-A,改善前,W02,28nm MCU,ETCH-07,A,Plasma Etch,edge_ring,边缘环形失效，怀疑静电卡盘温控漂移与边缘等离子体不均匀,校准 ESC 温区并复核边缘 gas flow,24,23,8.0,7.0,PASS,pass
LOT-A,改善前,W02,28nm MCU,ETCH-07,A,Plasma Etch,edge_ring,边缘环形失效，怀疑静电卡盘温控漂移与边缘等离子体不均匀,校准 ESC 温区并复核边缘 gas flow,25,23,9.0,7.0,PASS,pass
LOT-A,改善前,W02,28nm MCU,ETCH-07,A,Plasma Etch,edge_ring,边缘环形失效，怀疑静电卡盘温控漂移与边缘等离子体不均匀,校准 ESC 温区并复核边缘 gas flow,26,23,10.0,7.0,FAIL,edge_ring
LOT-A,改善前,W02,28nm MCU,ETCH-07,A,Plasma Etch,edge_ring,边缘环形失效，怀疑静电卡盘温控漂移与边缘等离子体不均匀,校准 ESC 温区并复核边缘 gas flow,27,23,11.0,7.0,FAIL,edge_ring
LOT-A,改善前,W02,28nm MCU,ETCH-07,A,Plasma Etch,edge_ring,边缘环形失效，怀疑静电卡盘温控漂移与边缘等离子体不均匀,校准 ESC 温区并复核边缘 gas flow,28,23,12.0,7.0,PASS,pass
LOT-A,改善前,W02,28nm MCU,ETCH-07,A,Plasma Etch,edge_ring,边缘环形失效，怀疑静电卡盘温控漂移与边缘等离子体不均匀,校准 ESC 温区并复核边缘 gas flow,29,23,13.0,7.0,FAIL,edge_ring
LOT-A,改善前,W02,28nm MCU,ETCH-07,A,Plasma Etch,edge_ring,边缘环形失效，怀疑静电卡盘温控漂移与边缘等离子体不均匀,校准 ESC 温区并复核边缘 gas flow,4,24,-12.0,8.0,PASS,pass
LOT-A,改善前,W02,28nm MCU,ETCH-07,A,Plasma Etch,edge_ring,边缘环形失效，怀疑静电卡盘温控漂移与边缘等离子体不均匀,校准 ESC 温区并复核边缘 gas flow,5,24,-11.0,8.0,FAIL,edge_ring
LOT-A,改善前,W02,28nm MCU,ETCH-07,A,Plasma Etch,edge_ring,边缘环形失效，怀疑静电卡盘温控漂移与边缘等离子体不均匀,校准 ESC 温区并复核边缘 gas flow,6,24,-10.0,8.0,FAIL,edge_ring
LOT-A,改善前,W02,28nm MCU,ETCH-07,A,Plasma Etch,edge_ring,边缘环形失效，怀疑静电卡盘温控漂移与边缘等离子体不均匀,校准 ESC 温区并复核边缘 gas flow,7,24,-9.0,8.0,PASS,pass
LOT-A,改善前,W02,28nm MCU,ETCH-07,A,Plasma Etch,edge_ring,边缘环形失效，怀疑静电卡盘温控漂移与边缘等离子体不均匀,校准 ESC 温区并复核边缘 gas flow,8,24,-8.0,8.0,PASS,pass
LOT-A,改善前,W02,28nm MCU,ETCH-07,A,Plasma Etch,edge_ring,边缘环形失效，怀疑静电卡盘温控漂移与边缘等离子体不均匀,校准 ESC 温区并复核边缘 gas flow,9,24,-7.0,8.0,PASS,pass
LOT-A,改善前,W02,28nm MCU,ETCH-07,A,Plasma Etch,edge_ring,边缘环形失效，怀疑静电卡盘温控漂移与边缘等离子体不均匀,校准 ESC 温区并复核边缘 gas flow,10,24,-6.0,8.0,PASS,pass
LOT-A,改善前,W02,28nm MCU,ETCH-07,A,Plasma Etch,edge_ring,边缘环形失效，怀疑静电卡盘温控漂移与边缘等离子体不均匀,校准 ESC 温区并复核边缘 gas flow,11,24,-5.0,8.0,PASS,pass
LOT-A,改善前,W02,28nm MCU,ETCH-07,A,Plasma Etch,edge_ring,边缘环形失效，怀疑静电卡盘温控漂移与边缘等离子体不均匀,校准 ESC 温区并复核边缘 gas flow,12,24,-4.0,8.0,PASS,pass
LOT-A,改善前,W02,28nm MCU,ETCH-07,A,Plasma Etch,edge_ring,边缘环形失效，怀疑静电卡盘温控漂移与边缘等离子体不均匀,校准 ESC 温区并复核边缘 gas flow,13,24,-3.0,8.0,PASS,pass
LOT-A,改善前,W02,28nm MCU,ETCH-07,A,Plasma Etch,edge_ring,边缘环形失效，怀疑静电卡盘温控漂移与边缘等离子体不均匀,校准 ESC 温区并复核边缘 gas flow,14,24,-2.0,8.0,PASS,pass
LOT-A,改善前,W02,28nm MCU,ETCH-07,A,Plasma Etch,edge_ring,边缘环形失效，怀疑静电卡盘温控漂移与边缘等离子体不均匀,校准 ESC 温区并复核边缘 gas flow,15,24,-1.0,8.0,PASS,pass
LOT-A,改善前,W02,28nm MCU,ETCH-07,A,Plasma Etch,edge_ring,边缘环形失效，怀疑静电卡盘温控漂移与边缘等离子体不均匀,校准 ESC 温区并复核边缘 gas flow,16,24,0.0,8.0,PASS,pass
LOT-A,改善前,W02,28nm MCU,ETCH-07,A,Plasma Etch,edge_ring,边缘环形失效，怀疑静电卡盘温控漂移与边缘等离子体不均匀,校准 ESC 温区并复核边缘 gas flow,17,24,1.0,8.0,PASS,pass
LOT-A,改善前,W02,28nm MCU,ETCH-07,A,Plasma Etch,edge_ring,边缘环形失效，怀疑静电卡盘温控漂移与边缘等离子体不均匀,校准 ESC 温区并复核边缘 gas flow,18,24,2.0,8.0,PASS,pass
LOT-A,改善前,W02,28nm MCU,ETCH-07,A,Plasma Etch,edge_ring,边缘环形失效，怀疑静电卡盘温控漂移与边缘等离子体不均匀,校准 ESC 温区并复核边缘 gas flow,19,24,3.0,8.0,PASS,pass
LOT-A,改善前,W02,28nm MCU,ETCH-07,A,Plasma Etch,edge_ring,边缘环形失效，怀疑静电卡盘温控漂移与边缘等离子体不均匀,校准 ESC 温区并复核边缘 gas flow,20,24,4.0,8.0,PASS,pass
LOT-A,改善前,W02,28nm MCU,ETCH-07,A,Plasma Etch,edge_ring,边缘环形失效，怀疑静电卡盘温控漂移与边缘等离子体不均匀,校准 ESC 温区并复核边缘 gas flow,21,24,5.0,8.0,PASS,pass
LOT-A,改善前,W02,28nm MCU,ETCH-07,A,Plasma Etch,edge_ring,边缘环形失效，怀疑静电卡盘温控漂移与边缘等离子体不均匀,校准 ESC 温区并复核边缘 gas flow,22,24,6.0,8.0,PASS,pass
LOT-A,改善前,W02,28nm MCU,ETCH-07,A,Plasma Etch,edge_ring,边缘环形失效，怀疑静电卡盘温控漂移与边缘等离子体不均匀,校准 ESC 温区并复核边缘 gas flow,23,24,7.0,8.0,PASS,pass
LOT-A,改善前,W02,28nm MCU,ETCH-07,A,Plasma Etch,edge_ring,边缘环形失效，怀疑静电卡盘温控漂移与边缘等离子体不均匀,校准 ESC 温区并复核边缘 gas flow,24,24,8.0,8.0,FAIL,edge_ring
LOT-A,改善前,W02,28nm MCU,ETCH-07,A,Plasma Etch,edge_ring,边缘环形失效，怀疑静电卡盘温控漂移与边缘等离子体不均匀,校准 ESC 温区并复核边缘 gas flow,25,24,9.0,8.0,PASS,pass
LOT-A,改善前,W02,28nm MCU,ETCH-07,A,Plasma Etch,edge_ring,边缘环形失效，怀疑静电卡盘温控漂移与边缘等离子体不均匀,校准 ESC 温区并复核边缘 gas flow,26,24,10.0,8.0,PASS,pass
LOT-A,改善前,W02,28nm MCU,ETCH-07,A,Plasma Etch,edge_ring,边缘环形失效，怀疑静电卡盘温控漂移与边缘等离子体不均匀,校准 ESC 温区并复核边缘 gas flow,27,24,11.0,8.0,PASS,pass
LOT-A,改善前,W02,28nm MCU,ETCH-07,A,Plasma Etch,edge_ring,边缘环形失效，怀疑静电卡盘温控漂移与边缘等离子体不均匀,校准 ESC 温区并复核边缘 gas flow,28,24,12.0,8.0,FAIL,edge_ring
LOT-A,改善前,W02,28nm MCU,ETCH-07,A,Plasma Etch,edge_ring,边缘环形失效，怀疑静电卡盘温控漂移与边缘等离子体不均匀,校准 ESC 温区并复核边缘 gas flow,5,25,-11.0,9.0,PASS,pass
LOT-A,改善前,W02,28nm MCU,ETCH-07,A,Plasma Etch,edge_ring,边缘环形失效，怀疑静电卡盘温控漂移与边缘等离子体不均匀,校准 ESC 温区并复核边缘 gas flow,6,25,-10.0,9.0,FAIL,edge_ring
LOT-A,改善前,W02,28nm MCU,ETCH-07,A,Plasma Etch,edge_ring,边缘环形失效，怀疑静电卡盘温控漂移与边缘等离子体不均匀,校准 ESC 温区并复核边缘 gas flow,7,25,-9.0,9.0,FAIL,edge_ring
LOT-A,改善前,W02,28nm MCU,ETCH-07,A,Plasma Etch,edge_ring,边缘环形失效，怀疑静电卡盘温控漂移与边缘等离子体不均匀,校准 ESC 温区并复核边缘 gas flow,8,25,-8.0,9.0,PASS,pass
LOT-A,改善前,W02,28nm MCU,ETCH-07,A,Plasma Etch,edge_ring,边缘环形失效，怀疑静电卡盘温控漂移与边缘等离子体不均匀,校准 ESC 温区并复核边缘 gas flow,9,25,-7.0,9.0,PASS,pass
LOT-A,改善前,W02,28nm MCU,ETCH-07,A,Plasma Etch,edge_ring,边缘环形失效，怀疑静电卡盘温控漂移与边缘等离子体不均匀,校准 ESC 温区并复核边缘 gas flow,10,25,-6.0,9.0,PASS,pass
LOT-A,改善前,W02,28nm MCU,ETCH-07,A,Plasma Etch,edge_ring,边缘环形失效，怀疑静电卡盘温控漂移与边缘等离子体不均匀,校准 ESC 温区并复核边缘 gas flow,11,25,-5.0,9.0,PASS,pass
LOT-A,改善前,W02,28nm MCU,ETCH-07,A,Plasma Etch,edge_ring,边缘环形失效，怀疑静电卡盘温控漂移与边缘等离子体不均匀,校准 ESC 温区并复核边缘 gas flow,12,25,-4.0,9.0,PASS,pass
LOT-A,改善前,W02,28nm MCU,ETCH-07,A,Plasma Etch,edge_ring,边缘环形失效，怀疑静电卡盘温控漂移与边缘等离子体不均匀,校准 ESC 温区并复核边缘 gas flow,13,25,-3.0,9.0,PASS,pass
LOT-A,改善前,W02,28nm MCU,ETCH-07,A,Plasma Etch,edge_ring,边缘环形失效，怀疑静电卡盘温控漂移与边缘等离子体不均匀,校准 ESC 温区并复核边缘 gas flow,14,25,-2.0,9.0,PASS,pass
LOT-A,改善前,W02,28nm MCU,ETCH-07,A,Plasma Etch,edge_ring,边缘环形失效，怀疑静电卡盘温控漂移与边缘等离子体不均匀,校准 ESC 温区并复核边缘 gas flow,15,25,-1.0,9.0,PASS,pass
LOT-A,改善前,W02,28nm MCU,ETCH-07,A,Plasma Etch,edge_ring,边缘环形失效，怀疑静电卡盘温控漂移与边缘等离子体不均匀,校准 ESC 温区并复核边缘 gas flow,16,25,0.0,9.0,PASS,pass
LOT-A,改善前,W02,28nm MCU,ETCH-07,A,Plasma Etch,edge_ring,边缘环形失效，怀疑静电卡盘温控漂移与边缘等离子体不均匀,校准 ESC 温区并复核边缘 gas flow,17,25,1.0,9.0,PASS,pass
LOT-A,改善前,W02,28nm MCU,ETCH-07,A,Plasma Etch,edge_ring,边缘环形失效，怀疑静电卡盘温控漂移与边缘等离子体不均匀,校准 ESC 温区并复核边缘 gas flow,18,25,2.0,9.0,PASS,pass
LOT-A,改善前,W02,28nm MCU,ETCH-07,A,Plasma Etch,edge_ring,边缘环形失效，怀疑静电卡盘温控漂移与边缘等离子体不均匀,校准 ESC 温区并复核边缘 gas flow,19,25,3.0,9.0,PASS,pass
LOT-A,改善前,W02,28nm MCU,ETCH-07,A,Plasma Etch,edge_ring,边缘环形失效，怀疑静电卡盘温控漂移与边缘等离子体不均匀,校准 ESC 温区并复核边缘 gas flow,20,25,4.0,9.0,PASS,pass
LOT-A,改善前,W02,28nm MCU,ETCH-07,A,Plasma Etch,edge_ring,边缘环形失效，怀疑静电卡盘温控漂移与边缘等离子体不均匀,校准 ESC 温区并复核边缘 gas flow,21,25,5.0,9.0,PASS,pass
LOT-A,改善前,W02,28nm MCU,ETCH-07,A,Plasma Etch,edge_ring,边缘环形失效，怀疑静电卡盘温控漂移与边缘等离子体不均匀,校准 ESC 温区并复核边缘 gas flow,22,25,6.0,9.0,PASS,pass
LOT-A,改善前,W02,28nm MCU,ETCH-07,A,Plasma Etch,edge_ring,边缘环形失效，怀疑静电卡盘温控漂移与边缘等离子体不均匀,校准 ESC 温区并复核边缘 gas flow,23,25,7.0,9.0,PASS,pass
LOT-A,改善前,W02,28nm MCU,ETCH-07,A,Plasma Etch,edge_ring,边缘环形失效，怀疑静电卡盘温控漂移与边缘等离子体不均匀,校准 ESC 温区并复核边缘 gas flow,24,25,8.0,9.0,FAIL,edge_ring
LOT-A,改善前,W02,28nm MCU,ETCH-07,A,Plasma Etch,edge_ring,边缘环形失效，怀疑静电卡盘温控漂移与边缘等离子体不均匀,校准 ESC 温区并复核边缘 gas flow,25,25,9.0,9.0,FAIL,edge_ring
LOT-A,改善前,W02,28nm MCU,ETCH-07,A,Plasma Etch,edge_ring,边缘环形失效，怀疑静电卡盘温控漂移与边缘等离子体不均匀,校准 ESC 温区并复核边缘 gas flow,26,25,10.0,9.0,PASS,pass
LOT-A,改善前,W02,28nm MCU,ETCH-07,A,Plasma Etch,edge_ring,边缘环形失效，怀疑静电卡盘温控漂移与边缘等离子体不均匀,校准 ESC 温区并复核边缘 gas flow,27,25,11.0,9.0,FAIL,edge_ring
LOT-A,改善前,W02,28nm MCU,ETCH-07,A,Plasma Etch,edge_ring,边缘环形失效，怀疑静电卡盘温控漂移与边缘等离子体不均匀,校准 ESC 温区并复核边缘 gas flow,6,26,-10.0,10.0,FAIL,edge_ring
LOT-A,改善前,W02,28nm MCU,ETCH-07,A,Plasma Etch,edge_ring,边缘环形失效，怀疑静电卡盘温控漂移与边缘等离子体不均匀,校准 ESC 温区并复核边缘 gas flow,7,26,-9.0,10.0,FAIL,edge_ring
LOT-A,改善前,W02,28nm MCU,ETCH-07,A,Plasma Etch,edge_ring,边缘环形失效，怀疑静电卡盘温控漂移与边缘等离子体不均匀,校准 ESC 温区并复核边缘 gas flow,8,26,-8.0,10.0,FAIL,edge_ring
LOT-A,改善前,W02,28nm MCU,ETCH-07,A,Plasma Etch,edge_ring,边缘环形失效，怀疑静电卡盘温控漂移与边缘等离子体不均匀,校准 ESC 温区并复核边缘 gas flow,9,26,-7.0,10.0,FAIL,edge_ring
LOT-A,改善前,W02,28nm MCU,ETCH-07,A,Plasma Etch,edge_ring,边缘环形失效，怀疑静电卡盘温控漂移与边缘等离子体不均匀,校准 ESC 温区并复核边缘 gas flow,10,26,-6.0,10.0,PASS,pass
LOT-A,改善前,W02,28nm MCU,ETCH-07,A,Plasma Etch,edge_ring,边缘环形失效，怀疑静电卡盘温控漂移与边缘等离子体不均匀,校准 ESC 温区并复核边缘 gas flow,11,26,-5.0,10.0,PASS,pass
LOT-A,改善前,W02,28nm MCU,ETCH-07,A,Plasma Etch,edge_ring,边缘环形失效，怀疑静电卡盘温控漂移与边缘等离子体不均匀,校准 ESC 温区并复核边缘 gas flow,12,26,-4.0,10.0,PASS,pass
LOT-A,改善前,W02,28nm MCU,ETCH-07,A,Plasma Etch,edge_ring,边缘环形失效，怀疑静电卡盘温控漂移与边缘等离子体不均匀,校准 ESC 温区并复核边缘 gas flow,13,26,-3.0,10.0,PASS,pass
LOT-A,改善前,W02,28nm MCU,ETCH-07,A,Plasma Etch,edge_ring,边缘环形失效，怀疑静电卡盘温控漂移与边缘等离子体不均匀,校准 ESC 温区并复核边缘 gas flow,14,26,-2.0,10.0,PASS,pass
LOT-A,改善前,W02,28nm MCU,ETCH-07,A,Plasma Etch,edge_ring,边缘环形失效，怀疑静电卡盘温控漂移与边缘等离子体不均匀,校准 ESC 温区并复核边缘 gas flow,15,26,-1.0,10.0,PASS,pass
LOT-A,改善前,W02,28nm MCU,ETCH-07,A,Plasma Etch,edge_ring,边缘环形失效，怀疑静电卡盘温控漂移与边缘等离子体不均匀,校准 ESC 温区并复核边缘 gas flow,16,26,0.0,10.0,PASS,pass
LOT-A,改善前,W02,28nm MCU,ETCH-07,A,Plasma Etch,edge_ring,边缘环形失效，怀疑静电卡盘温控漂移与边缘等离子体不均匀,校准 ESC 温区并复核边缘 gas flow,17,26,1.0,10.0,PASS,pass
LOT-A,改善前,W02,28nm MCU,ETCH-07,A,Plasma Etch,edge_ring,边缘环形失效，怀疑静电卡盘温控漂移与边缘等离子体不均匀,校准 ESC 温区并复核边缘 gas flow,18,26,2.0,10.0,PASS,pass
LOT-A,改善前,W02,28nm MCU,ETCH-07,A,Plasma Etch,edge_ring,边缘环形失效，怀疑静电卡盘温控漂移与边缘等离子体不均匀,校准 ESC 温区并复核边缘 gas flow,19,26,3.0,10.0,PASS,pass
LOT-A,改善前,W02,28nm MCU,ETCH-07,A,Plasma Etch,edge_ring,边缘环形失效，怀疑静电卡盘温控漂移与边缘等离子体不均匀,校准 ESC 温区并复核边缘 gas flow,20,26,4.0,10.0,PASS,pass
LOT-A,改善前,W02,28nm MCU,ETCH-07,A,Plasma Etch,edge_ring,边缘环形失效，怀疑静电卡盘温控漂移与边缘等离子体不均匀,校准 ESC 温区并复核边缘 gas flow,21,26,5.0,10.0,PASS,pass
LOT-A,改善前,W02,28nm MCU,ETCH-07,A,Plasma Etch,edge_ring,边缘环形失效，怀疑静电卡盘温控漂移与边缘等离子体不均匀,校准 ESC 温区并复核边缘 gas flow,22,26,6.0,10.0,PASS,pass
LOT-A,改善前,W02,28nm MCU,ETCH-07,A,Plasma Etch,edge_ring,边缘环形失效，怀疑静电卡盘温控漂移与边缘等离子体不均匀,校准 ESC 温区并复核边缘 gas flow,23,26,7.0,10.0,PASS,pass
LOT-A,改善前,W02,28nm MCU,ETCH-07,A,Plasma Etch,edge_ring,边缘环形失效，怀疑静电卡盘温控漂移与边缘等离子体不均匀,校准 ESC 温区并复核边缘 gas flow,24,26,8.0,10.0,FAIL,edge_ring
LOT-A,改善前,W02,28nm MCU,ETCH-07,A,Plasma Etch,edge_ring,边缘环形失效，怀疑静电卡盘温控漂移与边缘等离子体不均匀,校准 ESC 温区并复核边缘 gas flow,25,26,9.0,10.0,FAIL,edge_ring
LOT-A,改善前,W02,28nm MCU,ETCH-07,A,Plasma Etch,edge_ring,边缘环形失效，怀疑静电卡盘温控漂移与边缘等离子体不均匀,校准 ESC 温区并复核边缘 gas flow,26,26,10.0,10.0,FAIL,edge_ring
LOT-A,改善前,W02,28nm MCU,ETCH-07,A,Plasma Etch,edge_ring,边缘环形失效，怀疑静电卡盘温控漂移与边缘等离子体不均匀,校准 ESC 温区并复核边缘 gas flow,7,27,-9.0,11.0,FAIL,edge_ring
LOT-A,改善前,W02,28nm MCU,ETCH-07,A,Plasma Etch,edge_ring,边缘环形失效，怀疑静电卡盘温控漂移与边缘等离子体不均匀,校准 ESC 温区并复核边缘 gas flow,8,27,-8.0,11.0,FAIL,edge_ring
LOT-A,改善前,W02,28nm MCU,ETCH-07,A,Plasma Etch,edge_ring,边缘环形失效，怀疑静电卡盘温控漂移与边缘等离子体不均匀,校准 ESC 温区并复核边缘 gas flow,9,27,-7.0,11.0,PASS,pass
LOT-A,改善前,W02,28nm MCU,ETCH-07,A,Plasma Etch,edge_ring,边缘环形失效，怀疑静电卡盘温控漂移与边缘等离子体不均匀,校准 ESC 温区并复核边缘 gas flow,10,27,-6.0,11.0,FAIL,edge_ring
LOT-A,改善前,W02,28nm MCU,ETCH-07,A,Plasma Etch,edge_ring,边缘环形失效，怀疑静电卡盘温控漂移与边缘等离子体不均匀,校准 ESC 温区并复核边缘 gas flow,11,27,-5.0,11.0,PASS,pass
LOT-A,改善前,W02,28nm MCU,ETCH-07,A,Plasma Etch,edge_ring,边缘环形失效，怀疑静电卡盘温控漂移与边缘等离子体不均匀,校准 ESC 温区并复核边缘 gas flow,12,27,-4.0,11.0,PASS,pass
LOT-A,改善前,W02,28nm MCU,ETCH-07,A,Plasma Etch,edge_ring,边缘环形失效，怀疑静电卡盘温控漂移与边缘等离子体不均匀,校准 ESC 温区并复核边缘 gas flow,13,27,-3.0,11.0,PASS,pass
LOT-A,改善前,W02,28nm MCU,ETCH-07,A,Plasma Etch,edge_ring,边缘环形失效，怀疑静电卡盘温控漂移与边缘等离子体不均匀,校准 ESC 温区并复核边缘 gas flow,14,27,-2.0,11.0,FAIL,edge_ring
LOT-A,改善前,W02,28nm MCU,ETCH-07,A,Plasma Etch,edge_ring,边缘环形失效，怀疑静电卡盘温控漂移与边缘等离子体不均匀,校准 ESC 温区并复核边缘 gas flow,15,27,-1.0,11.0,PASS,pass
LOT-A,改善前,W02,28nm MCU,ETCH-07,A,Plasma Etch,edge_ring,边缘环形失效，怀疑静电卡盘温控漂移与边缘等离子体不均匀,校准 ESC 温区并复核边缘 gas flow,16,27,0.0,11.0,PASS,pass
LOT-A,改善前,W02,28nm MCU,ETCH-07,A,Plasma Etch,edge_ring,边缘环形失效，怀疑静电卡盘温控漂移与边缘等离子体不均匀,校准 ESC 温区并复核边缘 gas flow,17,27,1.0,11.0,PASS,pass
LOT-A,改善前,W02,28nm MCU,ETCH-07,A,Plasma Etch,edge_ring,边缘环形失效，怀疑静电卡盘温控漂移与边缘等离子体不均匀,校准 ESC 温区并复核边缘 gas flow,18,27,2.0,11.0,FAIL,edge_ring
LOT-A,改善前,W02,28nm MCU,ETCH-07,A,Plasma Etch,edge_ring,边缘环形失效，怀疑静电卡盘温控漂移与边缘等离子体不均匀,校准 ESC 温区并复核边缘 gas flow,19,27,3.0,11.0,PASS,pass
LOT-A,改善前,W02,28nm MCU,ETCH-07,A,Plasma Etch,edge_ring,边缘环形失效，怀疑静电卡盘温控漂移与边缘等离子体不均匀,校准 ESC 温区并复核边缘 gas flow,20,27,4.0,11.0,FAIL,edge_ring
LOT-A,改善前,W02,28nm MCU,ETCH-07,A,Plasma Etch,edge_ring,边缘环形失效，怀疑静电卡盘温控漂移与边缘等离子体不均匀,校准 ESC 温区并复核边缘 gas flow,21,27,5.0,11.0,PASS,pass
LOT-A,改善前,W02,28nm MCU,ETCH-07,A,Plasma Etch,edge_ring,边缘环形失效，怀疑静电卡盘温控漂移与边缘等离子体不均匀,校准 ESC 温区并复核边缘 gas flow,22,27,6.0,11.0,FAIL,edge_ring
LOT-A,改善前,W02,28nm MCU,ETCH-07,A,Plasma Etch,edge_ring,边缘环形失效，怀疑静电卡盘温控漂移与边缘等离子体不均匀,校准 ESC 温区并复核边缘 gas flow,23,27,7.0,11.0,FAIL,edge_ring
LOT-A,改善前,W02,28nm MCU,ETCH-07,A,Plasma Etch,edge_ring,边缘环形失效，怀疑静电卡盘温控漂移与边缘等离子体不均匀,校准 ESC 温区并复核边缘 gas flow,24,27,8.0,11.0,FAIL,edge_ring
LOT-A,改善前,W02,28nm MCU,ETCH-07,A,Plasma Etch,edge_ring,边缘环形失效，怀疑静电卡盘温控漂移与边缘等离子体不均匀,校准 ESC 温区并复核边缘 gas flow,25,27,9.0,11.0,FAIL,edge_ring
LOT-A,改善前,W02,28nm MCU,ETCH-07,A,Plasma Etch,edge_ring,边缘环形失效，怀疑静电卡盘温控漂移与边缘等离子体不均匀,校准 ESC 温区并复核边缘 gas flow,8,28,-8.0,12.0,FAIL,edge_ring
LOT-A,改善前,W02,28nm MCU,ETCH-07,A,Plasma Etch,edge_ring,边缘环形失效，怀疑静电卡盘温控漂移与边缘等离子体不均匀,校准 ESC 温区并复核边缘 gas flow,9,28,-7.0,12.0,PASS,pass
LOT-A,改善前,W02,28nm MCU,ETCH-07,A,Plasma Etch,edge_ring,边缘环形失效，怀疑静电卡盘温控漂移与边缘等离子体不均匀,校准 ESC 温区并复核边缘 gas flow,10,28,-6.0,12.0,FAIL,edge_ring
LOT-A,改善前,W02,28nm MCU,ETCH-07,A,Plasma Etch,edge_ring,边缘环形失效，怀疑静电卡盘温控漂移与边缘等离子体不均匀,校准 ESC 温区并复核边缘 gas flow,11,28,-5.0,12.0,FAIL,edge_ring
LOT-A,改善前,W02,28nm MCU,ETCH-07,A,Plasma Etch,edge_ring,边缘环形失效，怀疑静电卡盘温控漂移与边缘等离子体不均匀,校准 ESC 温区并复核边缘 gas flow,12,28,-4.0,12.0,PASS,pass
LOT-A,改善前,W02,28nm MCU,ETCH-07,A,Plasma Etch,edge_ring,边缘环形失效，怀疑静电卡盘温控漂移与边缘等离子体不均匀,校准 ESC 温区并复核边缘 gas flow,13,28,-3.0,12.0,PASS,pass
LOT-A,改善前,W02,28nm MCU,ETCH-07,A,Plasma Etch,edge_ring,边缘环形失效，怀疑静电卡盘温控漂移与边缘等离子体不均匀,校准 ESC 温区并复核边缘 gas flow,14,28,-2.0,12.0,PASS,pass
LOT-A,改善前,W02,28nm MCU,ETCH-07,A,Plasma Etch,edge_ring,边缘环形失效，怀疑静电卡盘温控漂移与边缘等离子体不均匀,校准 ESC 温区并复核边缘 gas flow,15,28,-1.0,12.0,PASS,pass
LOT-A,改善前,W02,28nm MCU,ETCH-07,A,Plasma Etch,edge_ring,边缘环形失效，怀疑静电卡盘温控漂移与边缘等离子体不均匀,校准 ESC 温区并复核边缘 gas flow,16,28,0.0,12.0,PASS,pass
LOT-A,改善前,W02,28nm MCU,ETCH-07,A,Plasma Etch,edge_ring,边缘环形失效，怀疑静电卡盘温控漂移与边缘等离子体不均匀,校准 ESC 温区并复核边缘 gas flow,17,28,1.0,12.0,PASS,pass
LOT-A,改善前,W02,28nm MCU,ETCH-07,A,Plasma Etch,edge_ring,边缘环形失效，怀疑静电卡盘温控漂移与边缘等离子体不均匀,校准 ESC 温区并复核边缘 gas flow,18,28,2.0,12.0,PASS,pass
LOT-A,改善前,W02,28nm MCU,ETCH-07,A,Plasma Etch,edge_ring,边缘环形失效，怀疑静电卡盘温控漂移与边缘等离子体不均匀,校准 ESC 温区并复核边缘 gas flow,19,28,3.0,12.0,PASS,pass
LOT-A,改善前,W02,28nm MCU,ETCH-07,A,Plasma Etch,edge_ring,边缘环形失效，怀疑静电卡盘温控漂移与边缘等离子体不均匀,校准 ESC 温区并复核边缘 gas flow,20,28,4.0,12.0,FAIL,edge_ring
LOT-A,改善前,W02,28nm MCU,ETCH-07,A,Plasma Etch,edge_ring,边缘环形失效，怀疑静电卡盘温控漂移与边缘等离子体不均匀,校准 ESC 温区并复核边缘 gas flow,21,28,5.0,12.0,PASS,pass
LOT-A,改善前,W02,28nm MCU,ETCH-07,A,Plasma Etch,edge_ring,边缘环形失效，怀疑静电卡盘温控漂移与边缘等离子体不均匀,校准 ESC 温区并复核边缘 gas flow,22,28,6.0,12.0,PASS,pass
LOT-A,改善前,W02,28nm MCU,ETCH-07,A,Plasma Etch,edge_ring,边缘环形失效，怀疑静电卡盘温控漂移与边缘等离子体不均匀,校准 ESC 温区并复核边缘 gas flow,23,28,7.0,12.0,FAIL,edge_ring
LOT-A,改善前,W02,28nm MCU,ETCH-07,A,Plasma Etch,edge_ring,边缘环形失效，怀疑静电卡盘温控漂移与边缘等离子体不均匀,校准 ESC 温区并复核边缘 gas flow,24,28,8.0,12.0,FAIL,edge_ring
LOT-A,改善前,W02,28nm MCU,ETCH-07,A,Plasma Etch,edge_ring,边缘环形失效，怀疑静电卡盘温控漂移与边缘等离子体不均匀,校准 ESC 温区并复核边缘 gas flow,9,29,-7.0,13.0,FAIL,edge_ring
LOT-A,改善前,W02,28nm MCU,ETCH-07,A,Plasma Etch,edge_ring,边缘环形失效，怀疑静电卡盘温控漂移与边缘等离子体不均匀,校准 ESC 温区并复核边缘 gas flow,10,29,-6.0,13.0,FAIL,edge_ring
LOT-A,改善前,W02,28nm MCU,ETCH-07,A,Plasma Etch,edge_ring,边缘环形失效，怀疑静电卡盘温控漂移与边缘等离子体不均匀,校准 ESC 温区并复核边缘 gas flow,11,29,-5.0,13.0,PASS,pass
LOT-A,改善前,W02,28nm MCU,ETCH-07,A,Plasma Etch,edge_ring,边缘环形失效，怀疑静电卡盘温控漂移与边缘等离子体不均匀,校准 ESC 温区并复核边缘 gas flow,12,29,-4.0,13.0,PASS,pass
LOT-A,改善前,W02,28nm MCU,ETCH-07,A,Plasma Etch,edge_ring,边缘环形失效，怀疑静电卡盘温控漂移与边缘等离子体不均匀,校准 ESC 温区并复核边缘 gas flow,13,29,-3.0,13.0,PASS,pass
LOT-A,改善前,W02,28nm MCU,ETCH-07,A,Plasma Etch,edge_ring,边缘环形失效，怀疑静电卡盘温控漂移与边缘等离子体不均匀,校准 ESC 温区并复核边缘 gas flow,14,29,-2.0,13.0,FAIL,edge_ring
LOT-A,改善前,W02,28nm MCU,ETCH-07,A,Plasma Etch,edge_ring,边缘环形失效，怀疑静电卡盘温控漂移与边缘等离子体不均匀,校准 ESC 温区并复核边缘 gas flow,15,29,-1.0,13.0,FAIL,edge_ring
LOT-A,改善前,W02,28nm MCU,ETCH-07,A,Plasma Etch,edge_ring,边缘环形失效，怀疑静电卡盘温控漂移与边缘等离子体不均匀,校准 ESC 温区并复核边缘 gas flow,16,29,0.0,13.0,FAIL,edge_ring
LOT-A,改善前,W02,28nm MCU,ETCH-07,A,Plasma Etch,edge_ring,边缘环形失效，怀疑静电卡盘温控漂移与边缘等离子体不均匀,校准 ESC 温区并复核边缘 gas flow,17,29,1.0,13.0,FAIL,edge_ring
LOT-A,改善前,W02,28nm MCU,ETCH-07,A,Plasma Etch,edge_ring,边缘环形失效，怀疑静电卡盘温控漂移与边缘等离子体不均匀,校准 ESC 温区并复核边缘 gas flow,18,29,2.0,13.0,FAIL,edge_ring
LOT-A,改善前,W02,28nm MCU,ETCH-07,A,Plasma Etch,edge_ring,边缘环形失效，怀疑静电卡盘温控漂移与边缘等离子体不均匀,校准 ESC 温区并复核边缘 gas flow,19,29,3.0,13.0,FAIL,edge_ring
LOT-A,改善前,W02,28nm MCU,ETCH-07,A,Plasma Etch,edge_ring,边缘环形失效，怀疑静电卡盘温控漂移与边缘等离子体不均匀,校准 ESC 温区并复核边缘 gas flow,20,29,4.0,13.0,FAIL,edge_ring
LOT-A,改善前,W02,28nm MCU,ETCH-07,A,Plasma Etch,edge_ring,边缘环形失效，怀疑静电卡盘温控漂移与边缘等离子体不均匀,校准 ESC 温区并复核边缘 gas flow,21,29,5.0,13.0,PASS,pass
LOT-A,改善前,W02,28nm MCU,ETCH-07,A,Plasma Etch,edge_ring,边缘环形失效，怀疑静电卡盘温控漂移与边缘等离子体不均匀,校准 ESC 温区并复核边缘 gas flow,22,29,6.0,13.0,FAIL,edge_ring
LOT-A,改善前,W02,28nm MCU,ETCH-07,A,Plasma Etch,edge_ring,边缘环形失效，怀疑静电卡盘温控漂移与边缘等离子体不均匀,校准 ESC 温区并复核边缘 gas flow,23,29,7.0,13.0,PASS,pass
LOT-A,改善前,W02,28nm MCU,ETCH-07,A,Plasma Etch,edge_ring,边缘环形失效，怀疑静电卡盘温控漂移与边缘等离子体不均匀,校准 ESC 温区并复核边缘 gas flow,12,30,-4.0,14.0,FAIL,edge_ring
LOT-A,改善前,W02,28nm MCU,ETCH-07,A,Plasma Etch,edge_ring,边缘环形失效，怀疑静电卡盘温控漂移与边缘等离子体不均匀,校准 ESC 温区并复核边缘 gas flow,13,30,-3.0,14.0,FAIL,edge_ring
LOT-A,改善前,W02,28nm MCU,ETCH-07,A,Plasma Etch,edge_ring,边缘环形失效，怀疑静电卡盘温控漂移与边缘等离子体不均匀,校准 ESC 温区并复核边缘 gas flow,14,30,-2.0,14.0,FAIL,edge_ring
LOT-A,改善前,W02,28nm MCU,ETCH-07,A,Plasma Etch,edge_ring,边缘环形失效，怀疑静电卡盘温控漂移与边缘等离子体不均匀,校准 ESC 温区并复核边缘 gas flow,15,30,-1.0,14.0,PASS,pass
LOT-A,改善前,W02,28nm MCU,ETCH-07,A,Plasma Etch,edge_ring,边缘环形失效，怀疑静电卡盘温控漂移与边缘等离子体不均匀,校准 ESC 温区并复核边缘 gas flow,16,30,0.0,14.0,FAIL,edge_ring
LOT-A,改善前,W02,28nm MCU,ETCH-07,A,Plasma Etch,edge_ring,边缘环形失效，怀疑静电卡盘温控漂移与边缘等离子体不均匀,校准 ESC 温区并复核边缘 gas flow,17,30,1.0,14.0,FAIL,edge_ring
LOT-A,改善前,W02,28nm MCU,ETCH-07,A,Plasma Etch,edge_ring,边缘环形失效，怀疑静电卡盘温控漂移与边缘等离子体不均匀,校准 ESC 温区并复核边缘 gas flow,18,30,2.0,14.0,FAIL,edge_ring
LOT-A,改善前,W02,28nm MCU,ETCH-07,A,Plasma Etch,edge_ring,边缘环形失效，怀疑静电卡盘温控漂移与边缘等离子体不均匀,校准 ESC 温区并复核边缘 gas flow,19,30,3.0,14.0,PASS,pass
LOT-A,改善前,W02,28nm MCU,ETCH-07,A,Plasma Etch,edge_ring,边缘环形失效，怀疑静电卡盘温控漂移与边缘等离子体不均匀,校准 ESC 温区并复核边缘 gas flow,20,30,4.0,14.0,FAIL,edge_ring
LOT-A,改善前,W03,28nm MCU,ETCH-07,B,Plasma Etch,top_right_cluster,右上局部簇状失效，怀疑 chamber B 粒子污染,执行 chamber PM 与 particle clean,12,2,-4.0,-14.0,PASS,pass
LOT-A,改善前,W03,28nm MCU,ETCH-07,B,Plasma Etch,top_right_cluster,右上局部簇状失效，怀疑 chamber B 粒子污染,执行 chamber PM 与 particle clean,13,2,-3.0,-14.0,PASS,pass
LOT-A,改善前,W03,28nm MCU,ETCH-07,B,Plasma Etch,top_right_cluster,右上局部簇状失效，怀疑 chamber B 粒子污染,执行 chamber PM 与 particle clean,14,2,-2.0,-14.0,PASS,pass
LOT-A,改善前,W03,28nm MCU,ETCH-07,B,Plasma Etch,top_right_cluster,右上局部簇状失效，怀疑 chamber B 粒子污染,执行 chamber PM 与 particle clean,15,2,-1.0,-14.0,PASS,pass
LOT-A,改善前,W03,28nm MCU,ETCH-07,B,Plasma Etch,top_right_cluster,右上局部簇状失效，怀疑 chamber B 粒子污染,执行 chamber PM 与 particle clean,16,2,0.0,-14.0,PASS,pass
LOT-A,改善前,W03,28nm MCU,ETCH-07,B,Plasma Etch,top_right_cluster,右上局部簇状失效，怀疑 chamber B 粒子污染,执行 chamber PM 与 particle clean,17,2,1.0,-14.0,PASS,pass
LOT-A,改善前,W03,28nm MCU,ETCH-07,B,Plasma Etch,top_right_cluster,右上局部簇状失效，怀疑 chamber B 粒子污染,执行 chamber PM 与 particle clean,18,2,2.0,-14.0,PASS,pass
LOT-A,改善前,W03,28nm MCU,ETCH-07,B,Plasma Etch,top_right_cluster,右上局部簇状失效，怀疑 chamber B 粒子污染,执行 chamber PM 与 particle clean,19,2,3.0,-14.0,PASS,pass
LOT-A,改善前,W03,28nm MCU,ETCH-07,B,Plasma Etch,top_right_cluster,右上局部簇状失效，怀疑 chamber B 粒子污染,执行 chamber PM 与 particle clean,20,2,4.0,-14.0,PASS,pass
LOT-A,改善前,W03,28nm MCU,ETCH-07,B,Plasma Etch,top_right_cluster,右上局部簇状失效，怀疑 chamber B 粒子污染,执行 chamber PM 与 particle clean,9,3,-7.0,-13.0,PASS,pass
LOT-A,改善前,W03,28nm MCU,ETCH-07,B,Plasma Etch,top_right_cluster,右上局部簇状失效，怀疑 chamber B 粒子污染,执行 chamber PM 与 particle clean,10,3,-6.0,-13.0,PASS,pass
LOT-A,改善前,W03,28nm MCU,ETCH-07,B,Plasma Etch,top_right_cluster,右上局部簇状失效，怀疑 chamber B 粒子污染,执行 chamber PM 与 particle clean,11,3,-5.0,-13.0,PASS,pass
LOT-A,改善前,W03,28nm MCU,ETCH-07,B,Plasma Etch,top_right_cluster,右上局部簇状失效，怀疑 chamber B 粒子污染,执行 chamber PM 与 particle clean,12,3,-4.0,-13.0,PASS,pass
LOT-A,改善前,W03,28nm MCU,ETCH-07,B,Plasma Etch,top_right_cluster,右上局部簇状失效，怀疑 chamber B 粒子污染,执行 chamber PM 与 particle clean,13,3,-3.0,-13.0,PASS,pass
LOT-A,改善前,W03,28nm MCU,ETCH-07,B,Plasma Etch,top_right_cluster,右上局部簇状失效，怀疑 chamber B 粒子污染,执行 chamber PM 与 particle clean,14,3,-2.0,-13.0,PASS,pass
LOT-A,改善前,W03,28nm MCU,ETCH-07,B,Plasma Etch,top_right_cluster,右上局部簇状失效，怀疑 chamber B 粒子污染,执行 chamber PM 与 particle clean,15,3,-1.0,-13.0,PASS,pass
LOT-A,改善前,W03,28nm MCU,ETCH-07,B,Plasma Etch,top_right_cluster,右上局部簇状失效，怀疑 chamber B 粒子污染,执行 chamber PM 与 particle clean,16,3,0.0,-13.0,PASS,pass
LOT-A,改善前,W03,28nm MCU,ETCH-07,B,Plasma Etch,top_right_cluster,右上局部簇状失效，怀疑 chamber B 粒子污染,执行 chamber PM 与 particle clean,17,3,1.0,-13.0,PASS,pass
LOT-A,改善前,W03,28nm MCU,ETCH-07,B,Plasma Etch,top_right_cluster,右上局部簇状失效，怀疑 chamber B 粒子污染,执行 chamber PM 与 particle clean,18,3,2.0,-13.0,PASS,pass
LOT-A,改善前,W03,28nm MCU,ETCH-07,B,Plasma Etch,top_right_cluster,右上局部簇状失效，怀疑 chamber B 粒子污染,执行 chamber PM 与 particle clean,19,3,3.0,-13.0,PASS,pass
LOT-A,改善前,W03,28nm MCU,ETCH-07,B,Plasma Etch,top_right_cluster,右上局部簇状失效，怀疑 chamber B 粒子污染,执行 chamber PM 与 particle clean,20,3,4.0,-13.0,FAIL,random
LOT-A,改善前,W03,28nm MCU,ETCH-07,B,Plasma Etch,top_right_cluster,右上局部簇状失效，怀疑 chamber B 粒子污染,执行 chamber PM 与 particle clean,21,3,5.0,-13.0,FAIL,top_right_cluster
LOT-A,改善前,W03,28nm MCU,ETCH-07,B,Plasma Etch,top_right_cluster,右上局部簇状失效，怀疑 chamber B 粒子污染,执行 chamber PM 与 particle clean,22,3,6.0,-13.0,FAIL,top_right_cluster
LOT-A,改善前,W03,28nm MCU,ETCH-07,B,Plasma Etch,top_right_cluster,右上局部簇状失效，怀疑 chamber B 粒子污染,执行 chamber PM 与 particle clean,23,3,7.0,-13.0,FAIL,top_right_cluster
LOT-A,改善前,W03,28nm MCU,ETCH-07,B,Plasma Etch,top_right_cluster,右上局部簇状失效，怀疑 chamber B 粒子污染,执行 chamber PM 与 particle clean,8,4,-8.0,-12.0,PASS,pass
LOT-A,改善前,W03,28nm MCU,ETCH-07,B,Plasma Etch,top_right_cluster,右上局部簇状失效，怀疑 chamber B 粒子污染,执行 chamber PM 与 particle clean,9,4,-7.0,-12.0,PASS,pass
LOT-A,改善前,W03,28nm MCU,ETCH-07,B,Plasma Etch,top_right_cluster,右上局部簇状失效，怀疑 chamber B 粒子污染,执行 chamber PM 与 particle clean,10,4,-6.0,-12.0,PASS,pass
LOT-A,改善前,W03,28nm MCU,ETCH-07,B,Plasma Etch,top_right_cluster,右上局部簇状失效，怀疑 chamber B 粒子污染,执行 chamber PM 与 particle clean,11,4,-5.0,-12.0,PASS,pass
LOT-A,改善前,W03,28nm MCU,ETCH-07,B,Plasma Etch,top_right_cluster,右上局部簇状失效，怀疑 chamber B 粒子污染,执行 chamber PM 与 particle clean,12,4,-4.0,-12.0,PASS,pass
LOT-A,改善前,W03,28nm MCU,ETCH-07,B,Plasma Etch,top_right_cluster,右上局部簇状失效，怀疑 chamber B 粒子污染,执行 chamber PM 与 particle clean,13,4,-3.0,-12.0,PASS,pass
LOT-A,改善前,W03,28nm MCU,ETCH-07,B,Plasma Etch,top_right_cluster,右上局部簇状失效，怀疑 chamber B 粒子污染,执行 chamber PM 与 particle clean,14,4,-2.0,-12.0,PASS,pass
LOT-A,改善前,W03,28nm MCU,ETCH-07,B,Plasma Etch,top_right_cluster,右上局部簇状失效，怀疑 chamber B 粒子污染,执行 chamber PM 与 particle clean,15,4,-1.0,-12.0,PASS,pass
LOT-A,改善前,W03,28nm MCU,ETCH-07,B,Plasma Etch,top_right_cluster,右上局部簇状失效，怀疑 chamber B 粒子污染,执行 chamber PM 与 particle clean,16,4,0.0,-12.0,PASS,pass
LOT-A,改善前,W03,28nm MCU,ETCH-07,B,Plasma Etch,top_right_cluster,右上局部簇状失效，怀疑 chamber B 粒子污染,执行 chamber PM 与 particle clean,17,4,1.0,-12.0,PASS,pass
LOT-A,改善前,W03,28nm MCU,ETCH-07,B,Plasma Etch,top_right_cluster,右上局部簇状失效，怀疑 chamber B 粒子污染,执行 chamber PM 与 particle clean,18,4,2.0,-12.0,PASS,pass
LOT-A,改善前,W03,28nm MCU,ETCH-07,B,Plasma Etch,top_right_cluster,右上局部簇状失效，怀疑 chamber B 粒子污染,执行 chamber PM 与 particle clean,19,4,3.0,-12.0,PASS,pass
LOT-A,改善前,W03,28nm MCU,ETCH-07,B,Plasma Etch,top_right_cluster,右上局部簇状失效，怀疑 chamber B 粒子污染,执行 chamber PM 与 particle clean,20,4,4.0,-12.0,FAIL,top_right_cluster
LOT-A,改善前,W03,28nm MCU,ETCH-07,B,Plasma Etch,top_right_cluster,右上局部簇状失效，怀疑 chamber B 粒子污染,执行 chamber PM 与 particle clean,21,4,5.0,-12.0,FAIL,top_right_cluster
LOT-A,改善前,W03,28nm MCU,ETCH-07,B,Plasma Etch,top_right_cluster,右上局部簇状失效，怀疑 chamber B 粒子污染,执行 chamber PM 与 particle clean,22,4,6.0,-12.0,PASS,pass
LOT-A,改善前,W03,28nm MCU,ETCH-07,B,Plasma Etch,top_right_cluster,右上局部簇状失效，怀疑 chamber B 粒子污染,执行 chamber PM 与 particle clean,23,4,7.0,-12.0,FAIL,top_right_cluster
LOT-A,改善前,W03,28nm MCU,ETCH-07,B,Plasma Etch,top_right_cluster,右上局部簇状失效，怀疑 chamber B 粒子污染,执行 chamber PM 与 particle clean,24,4,8.0,-12.0,FAIL,top_right_cluster
LOT-A,改善前,W03,28nm MCU,ETCH-07,B,Plasma Etch,top_right_cluster,右上局部簇状失效，怀疑 chamber B 粒子污染,执行 chamber PM 与 particle clean,7,5,-9.0,-11.0,PASS,pass
LOT-A,改善前,W03,28nm MCU,ETCH-07,B,Plasma Etch,top_right_cluster,右上局部簇状失效，怀疑 chamber B 粒子污染,执行 chamber PM 与 particle clean,8,5,-8.0,-11.0,PASS,pass
LOT-A,改善前,W03,28nm MCU,ETCH-07,B,Plasma Etch,top_right_cluster,右上局部簇状失效，怀疑 chamber B 粒子污染,执行 chamber PM 与 particle clean,9,5,-7.0,-11.0,FAIL,random
LOT-A,改善前,W03,28nm MCU,ETCH-07,B,Plasma Etch,top_right_cluster,右上局部簇状失效，怀疑 chamber B 粒子污染,执行 chamber PM 与 particle clean,10,5,-6.0,-11.0,PASS,pass
LOT-A,改善前,W03,28nm MCU,ETCH-07,B,Plasma Etch,top_right_cluster,右上局部簇状失效，怀疑 chamber B 粒子污染,执行 chamber PM 与 particle clean,11,5,-5.0,-11.0,PASS,pass
LOT-A,改善前,W03,28nm MCU,ETCH-07,B,Plasma Etch,top_right_cluster,右上局部簇状失效，怀疑 chamber B 粒子污染,执行 chamber PM 与 particle clean,12,5,-4.0,-11.0,PASS,pass
LOT-A,改善前,W03,28nm MCU,ETCH-07,B,Plasma Etch,top_right_cluster,右上局部簇状失效，怀疑 chamber B 粒子污染,执行 chamber PM 与 particle clean,13,5,-3.0,-11.0,PASS,pass
LOT-A,改善前,W03,28nm MCU,ETCH-07,B,Plasma Etch,top_right_cluster,右上局部簇状失效，怀疑 chamber B 粒子污染,执行 chamber PM 与 particle clean,14,5,-2.0,-11.0,PASS,pass
LOT-A,改善前,W03,28nm MCU,ETCH-07,B,Plasma Etch,top_right_cluster,右上局部簇状失效，怀疑 chamber B 粒子污染,执行 chamber PM 与 particle clean,15,5,-1.0,-11.0,PASS,pass
LOT-A,改善前,W03,28nm MCU,ETCH-07,B,Plasma Etch,top_right_cluster,右上局部簇状失效，怀疑 chamber B 粒子污染,执行 chamber PM 与 particle clean,16,5,0.0,-11.0,PASS,pass
LOT-A,改善前,W03,28nm MCU,ETCH-07,B,Plasma Etch,top_right_cluster,右上局部簇状失效，怀疑 chamber B 粒子污染,执行 chamber PM 与 particle clean,17,5,1.0,-11.0,PASS,pass
LOT-A,改善前,W03,28nm MCU,ETCH-07,B,Plasma Etch,top_right_cluster,右上局部簇状失效，怀疑 chamber B 粒子污染,执行 chamber PM 与 particle clean,18,5,2.0,-11.0,PASS,pass
LOT-A,改善前,W03,28nm MCU,ETCH-07,B,Plasma Etch,top_right_cluster,右上局部簇状失效，怀疑 chamber B 粒子污染,执行 chamber PM 与 particle clean,19,5,3.0,-11.0,PASS,pass
LOT-A,改善前,W03,28nm MCU,ETCH-07,B,Plasma Etch,top_right_cluster,右上局部簇状失效，怀疑 chamber B 粒子污染,执行 chamber PM 与 particle clean,20,5,4.0,-11.0,FAIL,top_right_cluster
LOT-A,改善前,W03,28nm MCU,ETCH-07,B,Plasma Etch,top_right_cluster,右上局部簇状失效，怀疑 chamber B 粒子污染,执行 chamber PM 与 particle clean,21,5,5.0,-11.0,FAIL,top_right_cluster
LOT-A,改善前,W03,28nm MCU,ETCH-07,B,Plasma Etch,top_right_cluster,右上局部簇状失效，怀疑 chamber B 粒子污染,执行 chamber PM 与 particle clean,22,5,6.0,-11.0,FAIL,top_right_cluster
LOT-A,改善前,W03,28nm MCU,ETCH-07,B,Plasma Etch,top_right_cluster,右上局部簇状失效，怀疑 chamber B 粒子污染,执行 chamber PM 与 particle clean,23,5,7.0,-11.0,FAIL,top_right_cluster
LOT-A,改善前,W03,28nm MCU,ETCH-07,B,Plasma Etch,top_right_cluster,右上局部簇状失效，怀疑 chamber B 粒子污染,执行 chamber PM 与 particle clean,24,5,8.0,-11.0,FAIL,top_right_cluster
LOT-A,改善前,W03,28nm MCU,ETCH-07,B,Plasma Etch,top_right_cluster,右上局部簇状失效，怀疑 chamber B 粒子污染,执行 chamber PM 与 particle clean,25,5,9.0,-11.0,PASS,pass
LOT-A,改善前,W03,28nm MCU,ETCH-07,B,Plasma Etch,top_right_cluster,右上局部簇状失效，怀疑 chamber B 粒子污染,执行 chamber PM 与 particle clean,6,6,-10.0,-10.0,PASS,pass
LOT-A,改善前,W03,28nm MCU,ETCH-07,B,Plasma Etch,top_right_cluster,右上局部簇状失效，怀疑 chamber B 粒子污染,执行 chamber PM 与 particle clean,7,6,-9.0,-10.0,PASS,pass
LOT-A,改善前,W03,28nm MCU,ETCH-07,B,Plasma Etch,top_right_cluster,右上局部簇状失效，怀疑 chamber B 粒子污染,执行 chamber PM 与 particle clean,8,6,-8.0,-10.0,PASS,pass
LOT-A,改善前,W03,28nm MCU,ETCH-07,B,Plasma Etch,top_right_cluster,右上局部簇状失效，怀疑 chamber B 粒子污染,执行 chamber PM 与 particle clean,9,6,-7.0,-10.0,PASS,pass
LOT-A,改善前,W03,28nm MCU,ETCH-07,B,Plasma Etch,top_right_cluster,右上局部簇状失效，怀疑 chamber B 粒子污染,执行 chamber PM 与 particle clean,10,6,-6.0,-10.0,PASS,pass
LOT-A,改善前,W03,28nm MCU,ETCH-07,B,Plasma Etch,top_right_cluster,右上局部簇状失效，怀疑 chamber B 粒子污染,执行 chamber PM 与 particle clean,11,6,-5.0,-10.0,PASS,pass
LOT-A,改善前,W03,28nm MCU,ETCH-07,B,Plasma Etch,top_right_cluster,右上局部簇状失效，怀疑 chamber B 粒子污染,执行 chamber PM 与 particle clean,12,6,-4.0,-10.0,PASS,pass
LOT-A,改善前,W03,28nm MCU,ETCH-07,B,Plasma Etch,top_right_cluster,右上局部簇状失效，怀疑 chamber B 粒子污染,执行 chamber PM 与 particle clean,13,6,-3.0,-10.0,PASS,pass
LOT-A,改善前,W03,28nm MCU,ETCH-07,B,Plasma Etch,top_right_cluster,右上局部簇状失效，怀疑 chamber B 粒子污染,执行 chamber PM 与 particle clean,14,6,-2.0,-10.0,PASS,pass
LOT-A,改善前,W03,28nm MCU,ETCH-07,B,Plasma Etch,top_right_cluster,右上局部簇状失效，怀疑 chamber B 粒子污染,执行 chamber PM 与 particle clean,15,6,-1.0,-10.0,PASS,pass
LOT-A,改善前,W03,28nm MCU,ETCH-07,B,Plasma Etch,top_right_cluster,右上局部簇状失效，怀疑 chamber B 粒子污染,执行 chamber PM 与 particle clean,16,6,0.0,-10.0,PASS,pass
LOT-A,改善前,W03,28nm MCU,ETCH-07,B,Plasma Etch,top_right_cluster,右上局部簇状失效，怀疑 chamber B 粒子污染,执行 chamber PM 与 particle clean,17,6,1.0,-10.0,PASS,pass
LOT-A,改善前,W03,28nm MCU,ETCH-07,B,Plasma Etch,top_right_cluster,右上局部簇状失效，怀疑 chamber B 粒子污染,执行 chamber PM 与 particle clean,18,6,2.0,-10.0,PASS,pass
LOT-A,改善前,W03,28nm MCU,ETCH-07,B,Plasma Etch,top_right_cluster,右上局部簇状失效，怀疑 chamber B 粒子污染,执行 chamber PM 与 particle clean,19,6,3.0,-10.0,FAIL,random
LOT-A,改善前,W03,28nm MCU,ETCH-07,B,Plasma Etch,top_right_cluster,右上局部簇状失效，怀疑 chamber B 粒子污染,执行 chamber PM 与 particle clean,20,6,4.0,-10.0,FAIL,top_right_cluster
LOT-A,改善前,W03,28nm MCU,ETCH-07,B,Plasma Etch,top_right_cluster,右上局部簇状失效，怀疑 chamber B 粒子污染,执行 chamber PM 与 particle clean,21,6,5.0,-10.0,FAIL,top_right_cluster
LOT-A,改善前,W03,28nm MCU,ETCH-07,B,Plasma Etch,top_right_cluster,右上局部簇状失效，怀疑 chamber B 粒子污染,执行 chamber PM 与 particle clean,22,6,6.0,-10.0,FAIL,top_right_cluster
LOT-A,改善前,W03,28nm MCU,ETCH-07,B,Plasma Etch,top_right_cluster,右上局部簇状失效，怀疑 chamber B 粒子污染,执行 chamber PM 与 particle clean,23,6,7.0,-10.0,FAIL,top_right_cluster
LOT-A,改善前,W03,28nm MCU,ETCH-07,B,Plasma Etch,top_right_cluster,右上局部簇状失效，怀疑 chamber B 粒子污染,执行 chamber PM 与 particle clean,24,6,8.0,-10.0,PASS,pass
LOT-A,改善前,W03,28nm MCU,ETCH-07,B,Plasma Etch,top_right_cluster,右上局部簇状失效，怀疑 chamber B 粒子污染,执行 chamber PM 与 particle clean,25,6,9.0,-10.0,PASS,pass
LOT-A,改善前,W03,28nm MCU,ETCH-07,B,Plasma Etch,top_right_cluster,右上局部簇状失效，怀疑 chamber B 粒子污染,执行 chamber PM 与 particle clean,26,6,10.0,-10.0,FAIL,top_right_cluster
LOT-A,改善前,W03,28nm MCU,ETCH-07,B,Plasma Etch,top_right_cluster,右上局部簇状失效，怀疑 chamber B 粒子污染,执行 chamber PM 与 particle clean,5,7,-11.0,-9.0,PASS,pass
LOT-A,改善前,W03,28nm MCU,ETCH-07,B,Plasma Etch,top_right_cluster,右上局部簇状失效，怀疑 chamber B 粒子污染,执行 chamber PM 与 particle clean,6,7,-10.0,-9.0,PASS,pass
LOT-A,改善前,W03,28nm MCU,ETCH-07,B,Plasma Etch,top_right_cluster,右上局部簇状失效，怀疑 chamber B 粒子污染,执行 chamber PM 与 particle clean,7,7,-9.0,-9.0,PASS,pass
LOT-A,改善前,W03,28nm MCU,ETCH-07,B,Plasma Etch,top_right_cluster,右上局部簇状失效，怀疑 chamber B 粒子污染,执行 chamber PM 与 particle clean,8,7,-8.0,-9.0,PASS,pass
LOT-A,改善前,W03,28nm MCU,ETCH-07,B,Plasma Etch,top_right_cluster,右上局部簇状失效，怀疑 chamber B 粒子污染,执行 chamber PM 与 particle clean,9,7,-7.0,-9.0,PASS,pass
LOT-A,改善前,W03,28nm MCU,ETCH-07,B,Plasma Etch,top_right_cluster,右上局部簇状失效，怀疑 chamber B 粒子污染,执行 chamber PM 与 particle clean,10,7,-6.0,-9.0,PASS,pass
LOT-A,改善前,W03,28nm MCU,ETCH-07,B,Plasma Etch,top_right_cluster,右上局部簇状失效，怀疑 chamber B 粒子污染,执行 chamber PM 与 particle clean,11,7,-5.0,-9.0,PASS,pass
LOT-A,改善前,W03,28nm MCU,ETCH-07,B,Plasma Etch,top_right_cluster,右上局部簇状失效，怀疑 chamber B 粒子污染,执行 chamber PM 与 particle clean,12,7,-4.0,-9.0,PASS,pass
LOT-A,改善前,W03,28nm MCU,ETCH-07,B,Plasma Etch,top_right_cluster,右上局部簇状失效，怀疑 chamber B 粒子污染,执行 chamber PM 与 particle clean,13,7,-3.0,-9.0,PASS,pass
LOT-A,改善前,W03,28nm MCU,ETCH-07,B,Plasma Etch,top_right_cluster,右上局部簇状失效，怀疑 chamber B 粒子污染,执行 chamber PM 与 particle clean,14,7,-2.0,-9.0,PASS,pass
LOT-A,改善前,W03,28nm MCU,ETCH-07,B,Plasma Etch,top_right_cluster,右上局部簇状失效，怀疑 chamber B 粒子污染,执行 chamber PM 与 particle clean,15,7,-1.0,-9.0,PASS,pass
LOT-A,改善前,W03,28nm MCU,ETCH-07,B,Plasma Etch,top_right_cluster,右上局部簇状失效，怀疑 chamber B 粒子污染,执行 chamber PM 与 particle clean,16,7,0.0,-9.0,PASS,pass
LOT-A,改善前,W03,28nm MCU,ETCH-07,B,Plasma Etch,top_right_cluster,右上局部簇状失效，怀疑 chamber B 粒子污染,执行 chamber PM 与 particle clean,17,7,1.0,-9.0,PASS,pass
LOT-A,改善前,W03,28nm MCU,ETCH-07,B,Plasma Etch,top_right_cluster,右上局部簇状失效，怀疑 chamber B 粒子污染,执行 chamber PM 与 particle clean,18,7,2.0,-9.0,PASS,pass
LOT-A,改善前,W03,28nm MCU,ETCH-07,B,Plasma Etch,top_right_cluster,右上局部簇状失效，怀疑 chamber B 粒子污染,执行 chamber PM 与 particle clean,19,7,3.0,-9.0,PASS,pass
LOT-A,改善前,W03,28nm MCU,ETCH-07,B,Plasma Etch,top_right_cluster,右上局部簇状失效，怀疑 chamber B 粒子污染,执行 chamber PM 与 particle clean,20,7,4.0,-9.0,FAIL,top_right_cluster
LOT-A,改善前,W03,28nm MCU,ETCH-07,B,Plasma Etch,top_right_cluster,右上局部簇状失效，怀疑 chamber B 粒子污染,执行 chamber PM 与 particle clean,21,7,5.0,-9.0,FAIL,top_right_cluster
LOT-A,改善前,W03,28nm MCU,ETCH-07,B,Plasma Etch,top_right_cluster,右上局部簇状失效，怀疑 chamber B 粒子污染,执行 chamber PM 与 particle clean,22,7,6.0,-9.0,FAIL,top_right_cluster
LOT-A,改善前,W03,28nm MCU,ETCH-07,B,Plasma Etch,top_right_cluster,右上局部簇状失效，怀疑 chamber B 粒子污染,执行 chamber PM 与 particle clean,23,7,7.0,-9.0,FAIL,top_right_cluster
LOT-A,改善前,W03,28nm MCU,ETCH-07,B,Plasma Etch,top_right_cluster,右上局部簇状失效，怀疑 chamber B 粒子污染,执行 chamber PM 与 particle clean,24,7,8.0,-9.0,FAIL,top_right_cluster
LOT-A,改善前,W03,28nm MCU,ETCH-07,B,Plasma Etch,top_right_cluster,右上局部簇状失效，怀疑 chamber B 粒子污染,执行 chamber PM 与 particle clean,25,7,9.0,-9.0,PASS,pass
LOT-A,改善前,W03,28nm MCU,ETCH-07,B,Plasma Etch,top_right_cluster,右上局部簇状失效，怀疑 chamber B 粒子污染,执行 chamber PM 与 particle clean,26,7,10.0,-9.0,FAIL,random
LOT-A,改善前,W03,28nm MCU,ETCH-07,B,Plasma Etch,top_right_cluster,右上局部簇状失效，怀疑 chamber B 粒子污染,执行 chamber PM 与 particle clean,27,7,11.0,-9.0,FAIL,top_right_cluster
LOT-A,改善前,W03,28nm MCU,ETCH-07,B,Plasma Etch,top_right_cluster,右上局部簇状失效，怀疑 chamber B 粒子污染,执行 chamber PM 与 particle clean,4,8,-12.0,-8.0,PASS,pass
LOT-A,改善前,W03,28nm MCU,ETCH-07,B,Plasma Etch,top_right_cluster,右上局部簇状失效，怀疑 chamber B 粒子污染,执行 chamber PM 与 particle clean,5,8,-11.0,-8.0,PASS,pass
LOT-A,改善前,W03,28nm MCU,ETCH-07,B,Plasma Etch,top_right_cluster,右上局部簇状失效，怀疑 chamber B 粒子污染,执行 chamber PM 与 particle clean,6,8,-10.0,-8.0,PASS,pass
LOT-A,改善前,W03,28nm MCU,ETCH-07,B,Plasma Etch,top_right_cluster,右上局部簇状失效，怀疑 chamber B 粒子污染,执行 chamber PM 与 particle clean,7,8,-9.0,-8.0,PASS,pass
LOT-A,改善前,W03,28nm MCU,ETCH-07,B,Plasma Etch,top_right_cluster,右上局部簇状失效，怀疑 chamber B 粒子污染,执行 chamber PM 与 particle clean,8,8,-8.0,-8.0,PASS,pass
LOT-A,改善前,W03,28nm MCU,ETCH-07,B,Plasma Etch,top_right_cluster,右上局部簇状失效，怀疑 chamber B 粒子污染,执行 chamber PM 与 particle clean,9,8,-7.0,-8.0,PASS,pass
LOT-A,改善前,W03,28nm MCU,ETCH-07,B,Plasma Etch,top_right_cluster,右上局部簇状失效，怀疑 chamber B 粒子污染,执行 chamber PM 与 particle clean,10,8,-6.0,-8.0,PASS,pass
LOT-A,改善前,W03,28nm MCU,ETCH-07,B,Plasma Etch,top_right_cluster,右上局部簇状失效，怀疑 chamber B 粒子污染,执行 chamber PM 与 particle clean,11,8,-5.0,-8.0,PASS,pass
LOT-A,改善前,W03,28nm MCU,ETCH-07,B,Plasma Etch,top_right_cluster,右上局部簇状失效，怀疑 chamber B 粒子污染,执行 chamber PM 与 particle clean,12,8,-4.0,-8.0,PASS,pass
LOT-A,改善前,W03,28nm MCU,ETCH-07,B,Plasma Etch,top_right_cluster,右上局部簇状失效，怀疑 chamber B 粒子污染,执行 chamber PM 与 particle clean,13,8,-3.0,-8.0,PASS,pass
LOT-A,改善前,W03,28nm MCU,ETCH-07,B,Plasma Etch,top_right_cluster,右上局部簇状失效，怀疑 chamber B 粒子污染,执行 chamber PM 与 particle clean,14,8,-2.0,-8.0,PASS,pass
LOT-A,改善前,W03,28nm MCU,ETCH-07,B,Plasma Etch,top_right_cluster,右上局部簇状失效，怀疑 chamber B 粒子污染,执行 chamber PM 与 particle clean,15,8,-1.0,-8.0,PASS,pass
LOT-A,改善前,W03,28nm MCU,ETCH-07,B,Plasma Etch,top_right_cluster,右上局部簇状失效，怀疑 chamber B 粒子污染,执行 chamber PM 与 particle clean,16,8,0.0,-8.0,PASS,pass
LOT-A,改善前,W03,28nm MCU,ETCH-07,B,Plasma Etch,top_right_cluster,右上局部簇状失效，怀疑 chamber B 粒子污染,执行 chamber PM 与 particle clean,17,8,1.0,-8.0,PASS,pass
LOT-A,改善前,W03,28nm MCU,ETCH-07,B,Plasma Etch,top_right_cluster,右上局部簇状失效，怀疑 chamber B 粒子污染,执行 chamber PM 与 particle clean,18,8,2.0,-8.0,PASS,pass
LOT-A,改善前,W03,28nm MCU,ETCH-07,B,Plasma Etch,top_right_cluster,右上局部簇状失效，怀疑 chamber B 粒子污染,执行 chamber PM 与 particle clean,19,8,3.0,-8.0,PASS,pass
LOT-A,改善前,W03,28nm MCU,ETCH-07,B,Plasma Etch,top_right_cluster,右上局部簇状失效，怀疑 chamber B 粒子污染,执行 chamber PM 与 particle clean,20,8,4.0,-8.0,FAIL,top_right_cluster
LOT-A,改善前,W03,28nm MCU,ETCH-07,B,Plasma Etch,top_right_cluster,右上局部簇状失效，怀疑 chamber B 粒子污染,执行 chamber PM 与 particle clean,21,8,5.0,-8.0,PASS,pass
LOT-A,改善前,W03,28nm MCU,ETCH-07,B,Plasma Etch,top_right_cluster,右上局部簇状失效，怀疑 chamber B 粒子污染,执行 chamber PM 与 particle clean,22,8,6.0,-8.0,FAIL,top_right_cluster
LOT-A,改善前,W03,28nm MCU,ETCH-07,B,Plasma Etch,top_right_cluster,右上局部簇状失效，怀疑 chamber B 粒子污染,执行 chamber PM 与 particle clean,23,8,7.0,-8.0,FAIL,top_right_cluster
LOT-A,改善前,W03,28nm MCU,ETCH-07,B,Plasma Etch,top_right_cluster,右上局部簇状失效，怀疑 chamber B 粒子污染,执行 chamber PM 与 particle clean,24,8,8.0,-8.0,FAIL,top_right_cluster
LOT-A,改善前,W03,28nm MCU,ETCH-07,B,Plasma Etch,top_right_cluster,右上局部簇状失效，怀疑 chamber B 粒子污染,执行 chamber PM 与 particle clean,25,8,9.0,-8.0,FAIL,top_right_cluster
LOT-A,改善前,W03,28nm MCU,ETCH-07,B,Plasma Etch,top_right_cluster,右上局部簇状失效，怀疑 chamber B 粒子污染,执行 chamber PM 与 particle clean,26,8,10.0,-8.0,FAIL,top_right_cluster
LOT-A,改善前,W03,28nm MCU,ETCH-07,B,Plasma Etch,top_right_cluster,右上局部簇状失效，怀疑 chamber B 粒子污染,执行 chamber PM 与 particle clean,27,8,11.0,-8.0,PASS,pass
LOT-A,改善前,W03,28nm MCU,ETCH-07,B,Plasma Etch,top_right_cluster,右上局部簇状失效，怀疑 chamber B 粒子污染,执行 chamber PM 与 particle clean,28,8,12.0,-8.0,FAIL,top_right_cluster
LOT-A,改善前,W03,28nm MCU,ETCH-07,B,Plasma Etch,top_right_cluster,右上局部簇状失效，怀疑 chamber B 粒子污染,执行 chamber PM 与 particle clean,3,9,-13.0,-7.0,PASS,pass
LOT-A,改善前,W03,28nm MCU,ETCH-07,B,Plasma Etch,top_right_cluster,右上局部簇状失效，怀疑 chamber B 粒子污染,执行 chamber PM 与 particle clean,4,9,-12.0,-7.0,PASS,pass
LOT-A,改善前,W03,28nm MCU,ETCH-07,B,Plasma Etch,top_right_cluster,右上局部簇状失效，怀疑 chamber B 粒子污染,执行 chamber PM 与 particle clean,5,9,-11.0,-7.0,PASS,pass
LOT-A,改善前,W03,28nm MCU,ETCH-07,B,Plasma Etch,top_right_cluster,右上局部簇状失效，怀疑 chamber B 粒子污染,执行 chamber PM 与 particle clean,6,9,-10.0,-7.0,FAIL,random
LOT-A,改善前,W03,28nm MCU,ETCH-07,B,Plasma Etch,top_right_cluster,右上局部簇状失效，怀疑 chamber B 粒子污染,执行 chamber PM 与 particle clean,7,9,-9.0,-7.0,PASS,pass
LOT-A,改善前,W03,28nm MCU,ETCH-07,B,Plasma Etch,top_right_cluster,右上局部簇状失效，怀疑 chamber B 粒子污染,执行 chamber PM 与 particle clean,8,9,-8.0,-7.0,PASS,pass
LOT-A,改善前,W03,28nm MCU,ETCH-07,B,Plasma Etch,top_right_cluster,右上局部簇状失效，怀疑 chamber B 粒子污染,执行 chamber PM 与 particle clean,9,9,-7.0,-7.0,PASS,pass
LOT-A,改善前,W03,28nm MCU,ETCH-07,B,Plasma Etch,top_right_cluster,右上局部簇状失效，怀疑 chamber B 粒子污染,执行 chamber PM 与 particle clean,10,9,-6.0,-7.0,PASS,pass
LOT-A,改善前,W03,28nm MCU,ETCH-07,B,Plasma Etch,top_right_cluster,右上局部簇状失效，怀疑 chamber B 粒子污染,执行 chamber PM 与 particle clean,11,9,-5.0,-7.0,PASS,pass
LOT-A,改善前,W03,28nm MCU,ETCH-07,B,Plasma Etch,top_right_cluster,右上局部簇状失效，怀疑 chamber B 粒子污染,执行 chamber PM 与 particle clean,12,9,-4.0,-7.0,PASS,pass
LOT-A,改善前,W03,28nm MCU,ETCH-07,B,Plasma Etch,top_right_cluster,右上局部簇状失效，怀疑 chamber B 粒子污染,执行 chamber PM 与 particle clean,13,9,-3.0,-7.0,PASS,pass
LOT-A,改善前,W03,28nm MCU,ETCH-07,B,Plasma Etch,top_right_cluster,右上局部簇状失效，怀疑 chamber B 粒子污染,执行 chamber PM 与 particle clean,14,9,-2.0,-7.0,PASS,pass
LOT-A,改善前,W03,28nm MCU,ETCH-07,B,Plasma Etch,top_right_cluster,右上局部簇状失效，怀疑 chamber B 粒子污染,执行 chamber PM 与 particle clean,15,9,-1.0,-7.0,PASS,pass
LOT-A,改善前,W03,28nm MCU,ETCH-07,B,Plasma Etch,top_right_cluster,右上局部簇状失效，怀疑 chamber B 粒子污染,执行 chamber PM 与 particle clean,16,9,0.0,-7.0,PASS,pass
LOT-A,改善前,W03,28nm MCU,ETCH-07,B,Plasma Etch,top_right_cluster,右上局部簇状失效，怀疑 chamber B 粒子污染,执行 chamber PM 与 particle clean,17,9,1.0,-7.0,PASS,pass
LOT-A,改善前,W03,28nm MCU,ETCH-07,B,Plasma Etch,top_right_cluster,右上局部簇状失效，怀疑 chamber B 粒子污染,执行 chamber PM 与 particle clean,18,9,2.0,-7.0,PASS,pass
LOT-A,改善前,W03,28nm MCU,ETCH-07,B,Plasma Etch,top_right_cluster,右上局部簇状失效，怀疑 chamber B 粒子污染,执行 chamber PM 与 particle clean,19,9,3.0,-7.0,PASS,pass
LOT-A,改善前,W03,28nm MCU,ETCH-07,B,Plasma Etch,top_right_cluster,右上局部簇状失效，怀疑 chamber B 粒子污染,执行 chamber PM 与 particle clean,20,9,4.0,-7.0,FAIL,top_right_cluster
LOT-A,改善前,W03,28nm MCU,ETCH-07,B,Plasma Etch,top_right_cluster,右上局部簇状失效，怀疑 chamber B 粒子污染,执行 chamber PM 与 particle clean,21,9,5.0,-7.0,FAIL,top_right_cluster
LOT-A,改善前,W03,28nm MCU,ETCH-07,B,Plasma Etch,top_right_cluster,右上局部簇状失效，怀疑 chamber B 粒子污染,执行 chamber PM 与 particle clean,22,9,6.0,-7.0,FAIL,top_right_cluster
LOT-A,改善前,W03,28nm MCU,ETCH-07,B,Plasma Etch,top_right_cluster,右上局部簇状失效，怀疑 chamber B 粒子污染,执行 chamber PM 与 particle clean,23,9,7.0,-7.0,FAIL,top_right_cluster
LOT-A,改善前,W03,28nm MCU,ETCH-07,B,Plasma Etch,top_right_cluster,右上局部簇状失效，怀疑 chamber B 粒子污染,执行 chamber PM 与 particle clean,24,9,8.0,-7.0,FAIL,top_right_cluster
LOT-A,改善前,W03,28nm MCU,ETCH-07,B,Plasma Etch,top_right_cluster,右上局部簇状失效，怀疑 chamber B 粒子污染,执行 chamber PM 与 particle clean,25,9,9.0,-7.0,FAIL,top_right_cluster
LOT-A,改善前,W03,28nm MCU,ETCH-07,B,Plasma Etch,top_right_cluster,右上局部簇状失效，怀疑 chamber B 粒子污染,执行 chamber PM 与 particle clean,26,9,10.0,-7.0,FAIL,top_right_cluster
LOT-A,改善前,W03,28nm MCU,ETCH-07,B,Plasma Etch,top_right_cluster,右上局部簇状失效，怀疑 chamber B 粒子污染,执行 chamber PM 与 particle clean,27,9,11.0,-7.0,PASS,pass
LOT-A,改善前,W03,28nm MCU,ETCH-07,B,Plasma Etch,top_right_cluster,右上局部簇状失效，怀疑 chamber B 粒子污染,执行 chamber PM 与 particle clean,28,9,12.0,-7.0,PASS,pass
LOT-A,改善前,W03,28nm MCU,ETCH-07,B,Plasma Etch,top_right_cluster,右上局部簇状失效，怀疑 chamber B 粒子污染,执行 chamber PM 与 particle clean,29,9,13.0,-7.0,FAIL,top_right_cluster
LOT-A,改善前,W03,28nm MCU,ETCH-07,B,Plasma Etch,top_right_cluster,右上局部簇状失效，怀疑 chamber B 粒子污染,执行 chamber PM 与 particle clean,3,10,-13.0,-6.0,PASS,pass
LOT-A,改善前,W03,28nm MCU,ETCH-07,B,Plasma Etch,top_right_cluster,右上局部簇状失效，怀疑 chamber B 粒子污染,执行 chamber PM 与 particle clean,4,10,-12.0,-6.0,PASS,pass
LOT-A,改善前,W03,28nm MCU,ETCH-07,B,Plasma Etch,top_right_cluster,右上局部簇状失效，怀疑 chamber B 粒子污染,执行 chamber PM 与 particle clean,5,10,-11.0,-6.0,FAIL,random
LOT-A,改善前,W03,28nm MCU,ETCH-07,B,Plasma Etch,top_right_cluster,右上局部簇状失效，怀疑 chamber B 粒子污染,执行 chamber PM 与 particle clean,6,10,-10.0,-6.0,PASS,pass
LOT-A,改善前,W03,28nm MCU,ETCH-07,B,Plasma Etch,top_right_cluster,右上局部簇状失效，怀疑 chamber B 粒子污染,执行 chamber PM 与 particle clean,7,10,-9.0,-6.0,PASS,pass
LOT-A,改善前,W03,28nm MCU,ETCH-07,B,Plasma Etch,top_right_cluster,右上局部簇状失效，怀疑 chamber B 粒子污染,执行 chamber PM 与 particle clean,8,10,-8.0,-6.0,PASS,pass
LOT-A,改善前,W03,28nm MCU,ETCH-07,B,Plasma Etch,top_right_cluster,右上局部簇状失效，怀疑 chamber B 粒子污染,执行 chamber PM 与 particle clean,9,10,-7.0,-6.0,PASS,pass
LOT-A,改善前,W03,28nm MCU,ETCH-07,B,Plasma Etch,top_right_cluster,右上局部簇状失效，怀疑 chamber B 粒子污染,执行 chamber PM 与 particle clean,10,10,-6.0,-6.0,PASS,pass
LOT-A,改善前,W03,28nm MCU,ETCH-07,B,Plasma Etch,top_right_cluster,右上局部簇状失效，怀疑 chamber B 粒子污染,执行 chamber PM 与 particle clean,11,10,-5.0,-6.0,PASS,pass
LOT-A,改善前,W03,28nm MCU,ETCH-07,B,Plasma Etch,top_right_cluster,右上局部簇状失效，怀疑 chamber B 粒子污染,执行 chamber PM 与 particle clean,12,10,-4.0,-6.0,PASS,pass
LOT-A,改善前,W03,28nm MCU,ETCH-07,B,Plasma Etch,top_right_cluster,右上局部簇状失效，怀疑 chamber B 粒子污染,执行 chamber PM 与 particle clean,13,10,-3.0,-6.0,PASS,pass
LOT-A,改善前,W03,28nm MCU,ETCH-07,B,Plasma Etch,top_right_cluster,右上局部簇状失效，怀疑 chamber B 粒子污染,执行 chamber PM 与 particle clean,14,10,-2.0,-6.0,PASS,pass
LOT-A,改善前,W03,28nm MCU,ETCH-07,B,Plasma Etch,top_right_cluster,右上局部簇状失效，怀疑 chamber B 粒子污染,执行 chamber PM 与 particle clean,15,10,-1.0,-6.0,PASS,pass
LOT-A,改善前,W03,28nm MCU,ETCH-07,B,Plasma Etch,top_right_cluster,右上局部簇状失效，怀疑 chamber B 粒子污染,执行 chamber PM 与 particle clean,16,10,0.0,-6.0,PASS,pass
LOT-A,改善前,W03,28nm MCU,ETCH-07,B,Plasma Etch,top_right_cluster,右上局部簇状失效，怀疑 chamber B 粒子污染,执行 chamber PM 与 particle clean,17,10,1.0,-6.0,PASS,pass
LOT-A,改善前,W03,28nm MCU,ETCH-07,B,Plasma Etch,top_right_cluster,右上局部簇状失效，怀疑 chamber B 粒子污染,执行 chamber PM 与 particle clean,18,10,2.0,-6.0,PASS,pass
LOT-A,改善前,W03,28nm MCU,ETCH-07,B,Plasma Etch,top_right_cluster,右上局部簇状失效，怀疑 chamber B 粒子污染,执行 chamber PM 与 particle clean,19,10,3.0,-6.0,PASS,pass
LOT-A,改善前,W03,28nm MCU,ETCH-07,B,Plasma Etch,top_right_cluster,右上局部簇状失效，怀疑 chamber B 粒子污染,执行 chamber PM 与 particle clean,20,10,4.0,-6.0,FAIL,top_right_cluster
LOT-A,改善前,W03,28nm MCU,ETCH-07,B,Plasma Etch,top_right_cluster,右上局部簇状失效，怀疑 chamber B 粒子污染,执行 chamber PM 与 particle clean,21,10,5.0,-6.0,FAIL,top_right_cluster
LOT-A,改善前,W03,28nm MCU,ETCH-07,B,Plasma Etch,top_right_cluster,右上局部簇状失效，怀疑 chamber B 粒子污染,执行 chamber PM 与 particle clean,22,10,6.0,-6.0,FAIL,top_right_cluster
LOT-A,改善前,W03,28nm MCU,ETCH-07,B,Plasma Etch,top_right_cluster,右上局部簇状失效，怀疑 chamber B 粒子污染,执行 chamber PM 与 particle clean,23,10,7.0,-6.0,FAIL,top_right_cluster
LOT-A,改善前,W03,28nm MCU,ETCH-07,B,Plasma Etch,top_right_cluster,右上局部簇状失效，怀疑 chamber B 粒子污染,执行 chamber PM 与 particle clean,24,10,8.0,-6.0,PASS,pass
LOT-A,改善前,W03,28nm MCU,ETCH-07,B,Plasma Etch,top_right_cluster,右上局部簇状失效，怀疑 chamber B 粒子污染,执行 chamber PM 与 particle clean,25,10,9.0,-6.0,FAIL,top_right_cluster
LOT-A,改善前,W03,28nm MCU,ETCH-07,B,Plasma Etch,top_right_cluster,右上局部簇状失效，怀疑 chamber B 粒子污染,执行 chamber PM 与 particle clean,26,10,10.0,-6.0,FAIL,top_right_cluster
LOT-A,改善前,W03,28nm MCU,ETCH-07,B,Plasma Etch,top_right_cluster,右上局部簇状失效，怀疑 chamber B 粒子污染,执行 chamber PM 与 particle clean,27,10,11.0,-6.0,FAIL,top_right_cluster
LOT-A,改善前,W03,28nm MCU,ETCH-07,B,Plasma Etch,top_right_cluster,右上局部簇状失效，怀疑 chamber B 粒子污染,执行 chamber PM 与 particle clean,28,10,12.0,-6.0,PASS,pass
LOT-A,改善前,W03,28nm MCU,ETCH-07,B,Plasma Etch,top_right_cluster,右上局部簇状失效，怀疑 chamber B 粒子污染,执行 chamber PM 与 particle clean,29,10,13.0,-6.0,FAIL,top_right_cluster
LOT-A,改善前,W03,28nm MCU,ETCH-07,B,Plasma Etch,top_right_cluster,右上局部簇状失效，怀疑 chamber B 粒子污染,执行 chamber PM 与 particle clean,3,11,-13.0,-5.0,PASS,pass
LOT-A,改善前,W03,28nm MCU,ETCH-07,B,Plasma Etch,top_right_cluster,右上局部簇状失效，怀疑 chamber B 粒子污染,执行 chamber PM 与 particle clean,4,11,-12.0,-5.0,PASS,pass
LOT-A,改善前,W03,28nm MCU,ETCH-07,B,Plasma Etch,top_right_cluster,右上局部簇状失效，怀疑 chamber B 粒子污染,执行 chamber PM 与 particle clean,5,11,-11.0,-5.0,PASS,pass
LOT-A,改善前,W03,28nm MCU,ETCH-07,B,Plasma Etch,top_right_cluster,右上局部簇状失效，怀疑 chamber B 粒子污染,执行 chamber PM 与 particle clean,6,11,-10.0,-5.0,PASS,pass
LOT-A,改善前,W03,28nm MCU,ETCH-07,B,Plasma Etch,top_right_cluster,右上局部簇状失效，怀疑 chamber B 粒子污染,执行 chamber PM 与 particle clean,7,11,-9.0,-5.0,PASS,pass
LOT-A,改善前,W03,28nm MCU,ETCH-07,B,Plasma Etch,top_right_cluster,右上局部簇状失效，怀疑 chamber B 粒子污染,执行 chamber PM 与 particle clean,8,11,-8.0,-5.0,PASS,pass
LOT-A,改善前,W03,28nm MCU,ETCH-07,B,Plasma Etch,top_right_cluster,右上局部簇状失效，怀疑 chamber B 粒子污染,执行 chamber PM 与 particle clean,9,11,-7.0,-5.0,PASS,pass
LOT-A,改善前,W03,28nm MCU,ETCH-07,B,Plasma Etch,top_right_cluster,右上局部簇状失效，怀疑 chamber B 粒子污染,执行 chamber PM 与 particle clean,10,11,-6.0,-5.0,PASS,pass
LOT-A,改善前,W03,28nm MCU,ETCH-07,B,Plasma Etch,top_right_cluster,右上局部簇状失效，怀疑 chamber B 粒子污染,执行 chamber PM 与 particle clean,11,11,-5.0,-5.0,PASS,pass
LOT-A,改善前,W03,28nm MCU,ETCH-07,B,Plasma Etch,top_right_cluster,右上局部簇状失效，怀疑 chamber B 粒子污染,执行 chamber PM 与 particle clean,12,11,-4.0,-5.0,PASS,pass
LOT-A,改善前,W03,28nm MCU,ETCH-07,B,Plasma Etch,top_right_cluster,右上局部簇状失效，怀疑 chamber B 粒子污染,执行 chamber PM 与 particle clean,13,11,-3.0,-5.0,PASS,pass
LOT-A,改善前,W03,28nm MCU,ETCH-07,B,Plasma Etch,top_right_cluster,右上局部簇状失效，怀疑 chamber B 粒子污染,执行 chamber PM 与 particle clean,14,11,-2.0,-5.0,PASS,pass
LOT-A,改善前,W03,28nm MCU,ETCH-07,B,Plasma Etch,top_right_cluster,右上局部簇状失效，怀疑 chamber B 粒子污染,执行 chamber PM 与 particle clean,15,11,-1.0,-5.0,PASS,pass
LOT-A,改善前,W03,28nm MCU,ETCH-07,B,Plasma Etch,top_right_cluster,右上局部簇状失效，怀疑 chamber B 粒子污染,执行 chamber PM 与 particle clean,16,11,0.0,-5.0,PASS,pass
LOT-A,改善前,W03,28nm MCU,ETCH-07,B,Plasma Etch,top_right_cluster,右上局部簇状失效，怀疑 chamber B 粒子污染,执行 chamber PM 与 particle clean,17,11,1.0,-5.0,PASS,pass
LOT-A,改善前,W03,28nm MCU,ETCH-07,B,Plasma Etch,top_right_cluster,右上局部簇状失效，怀疑 chamber B 粒子污染,执行 chamber PM 与 particle clean,18,11,2.0,-5.0,PASS,pass
LOT-A,改善前,W03,28nm MCU,ETCH-07,B,Plasma Etch,top_right_cluster,右上局部簇状失效，怀疑 chamber B 粒子污染,执行 chamber PM 与 particle clean,19,11,3.0,-5.0,PASS,pass
LOT-A,改善前,W03,28nm MCU,ETCH-07,B,Plasma Etch,top_right_cluster,右上局部簇状失效，怀疑 chamber B 粒子污染,执行 chamber PM 与 particle clean,20,11,4.0,-5.0,FAIL,top_right_cluster
LOT-A,改善前,W03,28nm MCU,ETCH-07,B,Plasma Etch,top_right_cluster,右上局部簇状失效，怀疑 chamber B 粒子污染,执行 chamber PM 与 particle clean,21,11,5.0,-5.0,FAIL,top_right_cluster
LOT-A,改善前,W03,28nm MCU,ETCH-07,B,Plasma Etch,top_right_cluster,右上局部簇状失效，怀疑 chamber B 粒子污染,执行 chamber PM 与 particle clean,22,11,6.0,-5.0,FAIL,top_right_cluster
LOT-A,改善前,W03,28nm MCU,ETCH-07,B,Plasma Etch,top_right_cluster,右上局部簇状失效，怀疑 chamber B 粒子污染,执行 chamber PM 与 particle clean,23,11,7.0,-5.0,FAIL,top_right_cluster
LOT-A,改善前,W03,28nm MCU,ETCH-07,B,Plasma Etch,top_right_cluster,右上局部簇状失效，怀疑 chamber B 粒子污染,执行 chamber PM 与 particle clean,24,11,8.0,-5.0,FAIL,top_right_cluster
LOT-A,改善前,W03,28nm MCU,ETCH-07,B,Plasma Etch,top_right_cluster,右上局部簇状失效，怀疑 chamber B 粒子污染,执行 chamber PM 与 particle clean,25,11,9.0,-5.0,FAIL,top_right_cluster
LOT-A,改善前,W03,28nm MCU,ETCH-07,B,Plasma Etch,top_right_cluster,右上局部簇状失效，怀疑 chamber B 粒子污染,执行 chamber PM 与 particle clean,26,11,10.0,-5.0,PASS,pass
LOT-A,改善前,W03,28nm MCU,ETCH-07,B,Plasma Etch,top_right_cluster,右上局部簇状失效，怀疑 chamber B 粒子污染,执行 chamber PM 与 particle clean,27,11,11.0,-5.0,FAIL,top_right_cluster
LOT-A,改善前,W03,28nm MCU,ETCH-07,B,Plasma Etch,top_right_cluster,右上局部簇状失效，怀疑 chamber B 粒子污染,执行 chamber PM 与 particle clean,28,11,12.0,-5.0,PASS,pass
LOT-A,改善前,W03,28nm MCU,ETCH-07,B,Plasma Etch,top_right_cluster,右上局部簇状失效，怀疑 chamber B 粒子污染,执行 chamber PM 与 particle clean,29,11,13.0,-5.0,FAIL,top_right_cluster
LOT-A,改善前,W03,28nm MCU,ETCH-07,B,Plasma Etch,top_right_cluster,右上局部簇状失效，怀疑 chamber B 粒子污染,执行 chamber PM 与 particle clean,2,12,-14.0,-4.0,PASS,pass
LOT-A,改善前,W03,28nm MCU,ETCH-07,B,Plasma Etch,top_right_cluster,右上局部簇状失效，怀疑 chamber B 粒子污染,执行 chamber PM 与 particle clean,3,12,-13.0,-4.0,PASS,pass
LOT-A,改善前,W03,28nm MCU,ETCH-07,B,Plasma Etch,top_right_cluster,右上局部簇状失效，怀疑 chamber B 粒子污染,执行 chamber PM 与 particle clean,4,12,-12.0,-4.0,PASS,pass
LOT-A,改善前,W03,28nm MCU,ETCH-07,B,Plasma Etch,top_right_cluster,右上局部簇状失效，怀疑 chamber B 粒子污染,执行 chamber PM 与 particle clean,5,12,-11.0,-4.0,PASS,pass
LOT-A,改善前,W03,28nm MCU,ETCH-07,B,Plasma Etch,top_right_cluster,右上局部簇状失效，怀疑 chamber B 粒子污染,执行 chamber PM 与 particle clean,6,12,-10.0,-4.0,PASS,pass
LOT-A,改善前,W03,28nm MCU,ETCH-07,B,Plasma Etch,top_right_cluster,右上局部簇状失效，怀疑 chamber B 粒子污染,执行 chamber PM 与 particle clean,7,12,-9.0,-4.0,PASS,pass
LOT-A,改善前,W03,28nm MCU,ETCH-07,B,Plasma Etch,top_right_cluster,右上局部簇状失效，怀疑 chamber B 粒子污染,执行 chamber PM 与 particle clean,8,12,-8.0,-4.0,PASS,pass
LOT-A,改善前,W03,28nm MCU,ETCH-07,B,Plasma Etch,top_right_cluster,右上局部簇状失效，怀疑 chamber B 粒子污染,执行 chamber PM 与 particle clean,9,12,-7.0,-4.0,PASS,pass
LOT-A,改善前,W03,28nm MCU,ETCH-07,B,Plasma Etch,top_right_cluster,右上局部簇状失效，怀疑 chamber B 粒子污染,执行 chamber PM 与 particle clean,10,12,-6.0,-4.0,PASS,pass
LOT-A,改善前,W03,28nm MCU,ETCH-07,B,Plasma Etch,top_right_cluster,右上局部簇状失效，怀疑 chamber B 粒子污染,执行 chamber PM 与 particle clean,11,12,-5.0,-4.0,PASS,pass
LOT-A,改善前,W03,28nm MCU,ETCH-07,B,Plasma Etch,top_right_cluster,右上局部簇状失效，怀疑 chamber B 粒子污染,执行 chamber PM 与 particle clean,12,12,-4.0,-4.0,PASS,pass
LOT-A,改善前,W03,28nm MCU,ETCH-07,B,Plasma Etch,top_right_cluster,右上局部簇状失效，怀疑 chamber B 粒子污染,执行 chamber PM 与 particle clean,13,12,-3.0,-4.0,PASS,pass
LOT-A,改善前,W03,28nm MCU,ETCH-07,B,Plasma Etch,top_right_cluster,右上局部簇状失效，怀疑 chamber B 粒子污染,执行 chamber PM 与 particle clean,14,12,-2.0,-4.0,PASS,pass
LOT-A,改善前,W03,28nm MCU,ETCH-07,B,Plasma Etch,top_right_cluster,右上局部簇状失效，怀疑 chamber B 粒子污染,执行 chamber PM 与 particle clean,15,12,-1.0,-4.0,PASS,pass
LOT-A,改善前,W03,28nm MCU,ETCH-07,B,Plasma Etch,top_right_cluster,右上局部簇状失效，怀疑 chamber B 粒子污染,执行 chamber PM 与 particle clean,16,12,0.0,-4.0,PASS,pass
LOT-A,改善前,W03,28nm MCU,ETCH-07,B,Plasma Etch,top_right_cluster,右上局部簇状失效，怀疑 chamber B 粒子污染,执行 chamber PM 与 particle clean,17,12,1.0,-4.0,PASS,pass
LOT-A,改善前,W03,28nm MCU,ETCH-07,B,Plasma Etch,top_right_cluster,右上局部簇状失效，怀疑 chamber B 粒子污染,执行 chamber PM 与 particle clean,18,12,2.0,-4.0,PASS,pass
LOT-A,改善前,W03,28nm MCU,ETCH-07,B,Plasma Etch,top_right_cluster,右上局部簇状失效，怀疑 chamber B 粒子污染,执行 chamber PM 与 particle clean,19,12,3.0,-4.0,PASS,pass
LOT-A,改善前,W03,28nm MCU,ETCH-07,B,Plasma Etch,top_right_cluster,右上局部簇状失效，怀疑 chamber B 粒子污染,执行 chamber PM 与 particle clean,20,12,4.0,-4.0,FAIL,top_right_cluster
LOT-A,改善前,W03,28nm MCU,ETCH-07,B,Plasma Etch,top_right_cluster,右上局部簇状失效，怀疑 chamber B 粒子污染,执行 chamber PM 与 particle clean,21,12,5.0,-4.0,PASS,pass
LOT-A,改善前,W03,28nm MCU,ETCH-07,B,Plasma Etch,top_right_cluster,右上局部簇状失效，怀疑 chamber B 粒子污染,执行 chamber PM 与 particle clean,22,12,6.0,-4.0,FAIL,top_right_cluster
LOT-A,改善前,W03,28nm MCU,ETCH-07,B,Plasma Etch,top_right_cluster,右上局部簇状失效，怀疑 chamber B 粒子污染,执行 chamber PM 与 particle clean,23,12,7.0,-4.0,PASS,pass
LOT-A,改善前,W03,28nm MCU,ETCH-07,B,Plasma Etch,top_right_cluster,右上局部簇状失效，怀疑 chamber B 粒子污染,执行 chamber PM 与 particle clean,24,12,8.0,-4.0,PASS,pass
LOT-A,改善前,W03,28nm MCU,ETCH-07,B,Plasma Etch,top_right_cluster,右上局部簇状失效，怀疑 chamber B 粒子污染,执行 chamber PM 与 particle clean,25,12,9.0,-4.0,FAIL,top_right_cluster
LOT-A,改善前,W03,28nm MCU,ETCH-07,B,Plasma Etch,top_right_cluster,右上局部簇状失效，怀疑 chamber B 粒子污染,执行 chamber PM 与 particle clean,26,12,10.0,-4.0,FAIL,top_right_cluster
LOT-A,改善前,W03,28nm MCU,ETCH-07,B,Plasma Etch,top_right_cluster,右上局部簇状失效，怀疑 chamber B 粒子污染,执行 chamber PM 与 particle clean,27,12,11.0,-4.0,FAIL,top_right_cluster
LOT-A,改善前,W03,28nm MCU,ETCH-07,B,Plasma Etch,top_right_cluster,右上局部簇状失效，怀疑 chamber B 粒子污染,执行 chamber PM 与 particle clean,28,12,12.0,-4.0,PASS,pass
LOT-A,改善前,W03,28nm MCU,ETCH-07,B,Plasma Etch,top_right_cluster,右上局部簇状失效，怀疑 chamber B 粒子污染,执行 chamber PM 与 particle clean,29,12,13.0,-4.0,PASS,pass
LOT-A,改善前,W03,28nm MCU,ETCH-07,B,Plasma Etch,top_right_cluster,右上局部簇状失效，怀疑 chamber B 粒子污染,执行 chamber PM 与 particle clean,30,12,14.0,-4.0,PASS,pass
LOT-A,改善前,W03,28nm MCU,ETCH-07,B,Plasma Etch,top_right_cluster,右上局部簇状失效，怀疑 chamber B 粒子污染,执行 chamber PM 与 particle clean,2,13,-14.0,-3.0,PASS,pass
LOT-A,改善前,W03,28nm MCU,ETCH-07,B,Plasma Etch,top_right_cluster,右上局部簇状失效，怀疑 chamber B 粒子污染,执行 chamber PM 与 particle clean,3,13,-13.0,-3.0,PASS,pass
LOT-A,改善前,W03,28nm MCU,ETCH-07,B,Plasma Etch,top_right_cluster,右上局部簇状失效，怀疑 chamber B 粒子污染,执行 chamber PM 与 particle clean,4,13,-12.0,-3.0,PASS,pass
LOT-A,改善前,W03,28nm MCU,ETCH-07,B,Plasma Etch,top_right_cluster,右上局部簇状失效，怀疑 chamber B 粒子污染,执行 chamber PM 与 particle clean,5,13,-11.0,-3.0,PASS,pass
LOT-A,改善前,W03,28nm MCU,ETCH-07,B,Plasma Etch,top_right_cluster,右上局部簇状失效，怀疑 chamber B 粒子污染,执行 chamber PM 与 particle clean,6,13,-10.0,-3.0,PASS,pass
LOT-A,改善前,W03,28nm MCU,ETCH-07,B,Plasma Etch,top_right_cluster,右上局部簇状失效，怀疑 chamber B 粒子污染,执行 chamber PM 与 particle clean,7,13,-9.0,-3.0,PASS,pass
LOT-A,改善前,W03,28nm MCU,ETCH-07,B,Plasma Etch,top_right_cluster,右上局部簇状失效，怀疑 chamber B 粒子污染,执行 chamber PM 与 particle clean,8,13,-8.0,-3.0,PASS,pass
LOT-A,改善前,W03,28nm MCU,ETCH-07,B,Plasma Etch,top_right_cluster,右上局部簇状失效，怀疑 chamber B 粒子污染,执行 chamber PM 与 particle clean,9,13,-7.0,-3.0,PASS,pass
LOT-A,改善前,W03,28nm MCU,ETCH-07,B,Plasma Etch,top_right_cluster,右上局部簇状失效，怀疑 chamber B 粒子污染,执行 chamber PM 与 particle clean,10,13,-6.0,-3.0,PASS,pass
LOT-A,改善前,W03,28nm MCU,ETCH-07,B,Plasma Etch,top_right_cluster,右上局部簇状失效，怀疑 chamber B 粒子污染,执行 chamber PM 与 particle clean,11,13,-5.0,-3.0,PASS,pass
LOT-A,改善前,W03,28nm MCU,ETCH-07,B,Plasma Etch,top_right_cluster,右上局部簇状失效，怀疑 chamber B 粒子污染,执行 chamber PM 与 particle clean,12,13,-4.0,-3.0,PASS,pass
LOT-A,改善前,W03,28nm MCU,ETCH-07,B,Plasma Etch,top_right_cluster,右上局部簇状失效，怀疑 chamber B 粒子污染,执行 chamber PM 与 particle clean,13,13,-3.0,-3.0,PASS,pass
LOT-A,改善前,W03,28nm MCU,ETCH-07,B,Plasma Etch,top_right_cluster,右上局部簇状失效，怀疑 chamber B 粒子污染,执行 chamber PM 与 particle clean,14,13,-2.0,-3.0,FAIL,random
LOT-A,改善前,W03,28nm MCU,ETCH-07,B,Plasma Etch,top_right_cluster,右上局部簇状失效，怀疑 chamber B 粒子污染,执行 chamber PM 与 particle clean,15,13,-1.0,-3.0,PASS,pass
LOT-A,改善前,W03,28nm MCU,ETCH-07,B,Plasma Etch,top_right_cluster,右上局部簇状失效，怀疑 chamber B 粒子污染,执行 chamber PM 与 particle clean,16,13,0.0,-3.0,PASS,pass
LOT-A,改善前,W03,28nm MCU,ETCH-07,B,Plasma Etch,top_right_cluster,右上局部簇状失效，怀疑 chamber B 粒子污染,执行 chamber PM 与 particle clean,17,13,1.0,-3.0,PASS,pass
LOT-A,改善前,W03,28nm MCU,ETCH-07,B,Plasma Etch,top_right_cluster,右上局部簇状失效，怀疑 chamber B 粒子污染,执行 chamber PM 与 particle clean,18,13,2.0,-3.0,PASS,pass
LOT-A,改善前,W03,28nm MCU,ETCH-07,B,Plasma Etch,top_right_cluster,右上局部簇状失效，怀疑 chamber B 粒子污染,执行 chamber PM 与 particle clean,19,13,3.0,-3.0,PASS,pass
LOT-A,改善前,W03,28nm MCU,ETCH-07,B,Plasma Etch,top_right_cluster,右上局部簇状失效，怀疑 chamber B 粒子污染,执行 chamber PM 与 particle clean,20,13,4.0,-3.0,PASS,pass
LOT-A,改善前,W03,28nm MCU,ETCH-07,B,Plasma Etch,top_right_cluster,右上局部簇状失效，怀疑 chamber B 粒子污染,执行 chamber PM 与 particle clean,21,13,5.0,-3.0,PASS,pass
LOT-A,改善前,W03,28nm MCU,ETCH-07,B,Plasma Etch,top_right_cluster,右上局部簇状失效，怀疑 chamber B 粒子污染,执行 chamber PM 与 particle clean,22,13,6.0,-3.0,PASS,pass
LOT-A,改善前,W03,28nm MCU,ETCH-07,B,Plasma Etch,top_right_cluster,右上局部簇状失效，怀疑 chamber B 粒子污染,执行 chamber PM 与 particle clean,23,13,7.0,-3.0,PASS,pass
LOT-A,改善前,W03,28nm MCU,ETCH-07,B,Plasma Etch,top_right_cluster,右上局部簇状失效，怀疑 chamber B 粒子污染,执行 chamber PM 与 particle clean,24,13,8.0,-3.0,PASS,pass
LOT-A,改善前,W03,28nm MCU,ETCH-07,B,Plasma Etch,top_right_cluster,右上局部簇状失效，怀疑 chamber B 粒子污染,执行 chamber PM 与 particle clean,25,13,9.0,-3.0,PASS,pass
LOT-A,改善前,W03,28nm MCU,ETCH-07,B,Plasma Etch,top_right_cluster,右上局部簇状失效，怀疑 chamber B 粒子污染,执行 chamber PM 与 particle clean,26,13,10.0,-3.0,PASS,pass
LOT-A,改善前,W03,28nm MCU,ETCH-07,B,Plasma Etch,top_right_cluster,右上局部簇状失效，怀疑 chamber B 粒子污染,执行 chamber PM 与 particle clean,27,13,11.0,-3.0,PASS,pass
LOT-A,改善前,W03,28nm MCU,ETCH-07,B,Plasma Etch,top_right_cluster,右上局部簇状失效，怀疑 chamber B 粒子污染,执行 chamber PM 与 particle clean,28,13,12.0,-3.0,PASS,pass
LOT-A,改善前,W03,28nm MCU,ETCH-07,B,Plasma Etch,top_right_cluster,右上局部簇状失效，怀疑 chamber B 粒子污染,执行 chamber PM 与 particle clean,29,13,13.0,-3.0,PASS,pass
LOT-A,改善前,W03,28nm MCU,ETCH-07,B,Plasma Etch,top_right_cluster,右上局部簇状失效，怀疑 chamber B 粒子污染,执行 chamber PM 与 particle clean,30,13,14.0,-3.0,PASS,pass
LOT-A,改善前,W03,28nm MCU,ETCH-07,B,Plasma Etch,top_right_cluster,右上局部簇状失效，怀疑 chamber B 粒子污染,执行 chamber PM 与 particle clean,2,14,-14.0,-2.0,PASS,pass
LOT-A,改善前,W03,28nm MCU,ETCH-07,B,Plasma Etch,top_right_cluster,右上局部簇状失效，怀疑 chamber B 粒子污染,执行 chamber PM 与 particle clean,3,14,-13.0,-2.0,PASS,pass
LOT-A,改善前,W03,28nm MCU,ETCH-07,B,Plasma Etch,top_right_cluster,右上局部簇状失效，怀疑 chamber B 粒子污染,执行 chamber PM 与 particle clean,4,14,-12.0,-2.0,PASS,pass
LOT-A,改善前,W03,28nm MCU,ETCH-07,B,Plasma Etch,top_right_cluster,右上局部簇状失效，怀疑 chamber B 粒子污染,执行 chamber PM 与 particle clean,5,14,-11.0,-2.0,PASS,pass
LOT-A,改善前,W03,28nm MCU,ETCH-07,B,Plasma Etch,top_right_cluster,右上局部簇状失效，怀疑 chamber B 粒子污染,执行 chamber PM 与 particle clean,6,14,-10.0,-2.0,PASS,pass
LOT-A,改善前,W03,28nm MCU,ETCH-07,B,Plasma Etch,top_right_cluster,右上局部簇状失效，怀疑 chamber B 粒子污染,执行 chamber PM 与 particle clean,7,14,-9.0,-2.0,PASS,pass
LOT-A,改善前,W03,28nm MCU,ETCH-07,B,Plasma Etch,top_right_cluster,右上局部簇状失效，怀疑 chamber B 粒子污染,执行 chamber PM 与 particle clean,8,14,-8.0,-2.0,PASS,pass
LOT-A,改善前,W03,28nm MCU,ETCH-07,B,Plasma Etch,top_right_cluster,右上局部簇状失效，怀疑 chamber B 粒子污染,执行 chamber PM 与 particle clean,9,14,-7.0,-2.0,PASS,pass
LOT-A,改善前,W03,28nm MCU,ETCH-07,B,Plasma Etch,top_right_cluster,右上局部簇状失效，怀疑 chamber B 粒子污染,执行 chamber PM 与 particle clean,10,14,-6.0,-2.0,PASS,pass
LOT-A,改善前,W03,28nm MCU,ETCH-07,B,Plasma Etch,top_right_cluster,右上局部簇状失效，怀疑 chamber B 粒子污染,执行 chamber PM 与 particle clean,11,14,-5.0,-2.0,PASS,pass
LOT-A,改善前,W03,28nm MCU,ETCH-07,B,Plasma Etch,top_right_cluster,右上局部簇状失效，怀疑 chamber B 粒子污染,执行 chamber PM 与 particle clean,12,14,-4.0,-2.0,PASS,pass
LOT-A,改善前,W03,28nm MCU,ETCH-07,B,Plasma Etch,top_right_cluster,右上局部簇状失效，怀疑 chamber B 粒子污染,执行 chamber PM 与 particle clean,13,14,-3.0,-2.0,PASS,pass
LOT-A,改善前,W03,28nm MCU,ETCH-07,B,Plasma Etch,top_right_cluster,右上局部簇状失效，怀疑 chamber B 粒子污染,执行 chamber PM 与 particle clean,14,14,-2.0,-2.0,PASS,pass
LOT-A,改善前,W03,28nm MCU,ETCH-07,B,Plasma Etch,top_right_cluster,右上局部簇状失效，怀疑 chamber B 粒子污染,执行 chamber PM 与 particle clean,15,14,-1.0,-2.0,PASS,pass
LOT-A,改善前,W03,28nm MCU,ETCH-07,B,Plasma Etch,top_right_cluster,右上局部簇状失效，怀疑 chamber B 粒子污染,执行 chamber PM 与 particle clean,16,14,0.0,-2.0,PASS,pass
LOT-A,改善前,W03,28nm MCU,ETCH-07,B,Plasma Etch,top_right_cluster,右上局部簇状失效，怀疑 chamber B 粒子污染,执行 chamber PM 与 particle clean,17,14,1.0,-2.0,PASS,pass
LOT-A,改善前,W03,28nm MCU,ETCH-07,B,Plasma Etch,top_right_cluster,右上局部簇状失效，怀疑 chamber B 粒子污染,执行 chamber PM 与 particle clean,18,14,2.0,-2.0,PASS,pass
LOT-A,改善前,W03,28nm MCU,ETCH-07,B,Plasma Etch,top_right_cluster,右上局部簇状失效，怀疑 chamber B 粒子污染,执行 chamber PM 与 particle clean,19,14,3.0,-2.0,PASS,pass
LOT-A,改善前,W03,28nm MCU,ETCH-07,B,Plasma Etch,top_right_cluster,右上局部簇状失效，怀疑 chamber B 粒子污染,执行 chamber PM 与 particle clean,20,14,4.0,-2.0,PASS,pass
LOT-A,改善前,W03,28nm MCU,ETCH-07,B,Plasma Etch,top_right_cluster,右上局部簇状失效，怀疑 chamber B 粒子污染,执行 chamber PM 与 particle clean,21,14,5.0,-2.0,PASS,pass
LOT-A,改善前,W03,28nm MCU,ETCH-07,B,Plasma Etch,top_right_cluster,右上局部簇状失效，怀疑 chamber B 粒子污染,执行 chamber PM 与 particle clean,22,14,6.0,-2.0,PASS,pass
LOT-A,改善前,W03,28nm MCU,ETCH-07,B,Plasma Etch,top_right_cluster,右上局部簇状失效，怀疑 chamber B 粒子污染,执行 chamber PM 与 particle clean,23,14,7.0,-2.0,PASS,pass
LOT-A,改善前,W03,28nm MCU,ETCH-07,B,Plasma Etch,top_right_cluster,右上局部簇状失效，怀疑 chamber B 粒子污染,执行 chamber PM 与 particle clean,24,14,8.0,-2.0,PASS,pass
LOT-A,改善前,W03,28nm MCU,ETCH-07,B,Plasma Etch,top_right_cluster,右上局部簇状失效，怀疑 chamber B 粒子污染,执行 chamber PM 与 particle clean,25,14,9.0,-2.0,PASS,pass
LOT-A,改善前,W03,28nm MCU,ETCH-07,B,Plasma Etch,top_right_cluster,右上局部簇状失效，怀疑 chamber B 粒子污染,执行 chamber PM 与 particle clean,26,14,10.0,-2.0,PASS,pass
LOT-A,改善前,W03,28nm MCU,ETCH-07,B,Plasma Etch,top_right_cluster,右上局部簇状失效，怀疑 chamber B 粒子污染,执行 chamber PM 与 particle clean,27,14,11.0,-2.0,PASS,pass
LOT-A,改善前,W03,28nm MCU,ETCH-07,B,Plasma Etch,top_right_cluster,右上局部簇状失效，怀疑 chamber B 粒子污染,执行 chamber PM 与 particle clean,28,14,12.0,-2.0,PASS,pass
LOT-A,改善前,W03,28nm MCU,ETCH-07,B,Plasma Etch,top_right_cluster,右上局部簇状失效，怀疑 chamber B 粒子污染,执行 chamber PM 与 particle clean,29,14,13.0,-2.0,PASS,pass
LOT-A,改善前,W03,28nm MCU,ETCH-07,B,Plasma Etch,top_right_cluster,右上局部簇状失效，怀疑 chamber B 粒子污染,执行 chamber PM 与 particle clean,30,14,14.0,-2.0,PASS,pass
LOT-A,改善前,W03,28nm MCU,ETCH-07,B,Plasma Etch,top_right_cluster,右上局部簇状失效，怀疑 chamber B 粒子污染,执行 chamber PM 与 particle clean,2,15,-14.0,-1.0,PASS,pass
LOT-A,改善前,W03,28nm MCU,ETCH-07,B,Plasma Etch,top_right_cluster,右上局部簇状失效，怀疑 chamber B 粒子污染,执行 chamber PM 与 particle clean,3,15,-13.0,-1.0,PASS,pass
LOT-A,改善前,W03,28nm MCU,ETCH-07,B,Plasma Etch,top_right_cluster,右上局部簇状失效，怀疑 chamber B 粒子污染,执行 chamber PM 与 particle clean,4,15,-12.0,-1.0,PASS,pass
LOT-A,改善前,W03,28nm MCU,ETCH-07,B,Plasma Etch,top_right_cluster,右上局部簇状失效，怀疑 chamber B 粒子污染,执行 chamber PM 与 particle clean,5,15,-11.0,-1.0,PASS,pass
LOT-A,改善前,W03,28nm MCU,ETCH-07,B,Plasma Etch,top_right_cluster,右上局部簇状失效，怀疑 chamber B 粒子污染,执行 chamber PM 与 particle clean,6,15,-10.0,-1.0,PASS,pass
LOT-A,改善前,W03,28nm MCU,ETCH-07,B,Plasma Etch,top_right_cluster,右上局部簇状失效，怀疑 chamber B 粒子污染,执行 chamber PM 与 particle clean,7,15,-9.0,-1.0,PASS,pass
LOT-A,改善前,W03,28nm MCU,ETCH-07,B,Plasma Etch,top_right_cluster,右上局部簇状失效，怀疑 chamber B 粒子污染,执行 chamber PM 与 particle clean,8,15,-8.0,-1.0,PASS,pass
LOT-A,改善前,W03,28nm MCU,ETCH-07,B,Plasma Etch,top_right_cluster,右上局部簇状失效，怀疑 chamber B 粒子污染,执行 chamber PM 与 particle clean,9,15,-7.0,-1.0,PASS,pass
LOT-A,改善前,W03,28nm MCU,ETCH-07,B,Plasma Etch,top_right_cluster,右上局部簇状失效，怀疑 chamber B 粒子污染,执行 chamber PM 与 particle clean,10,15,-6.0,-1.0,PASS,pass
LOT-A,改善前,W03,28nm MCU,ETCH-07,B,Plasma Etch,top_right_cluster,右上局部簇状失效，怀疑 chamber B 粒子污染,执行 chamber PM 与 particle clean,11,15,-5.0,-1.0,PASS,pass
LOT-A,改善前,W03,28nm MCU,ETCH-07,B,Plasma Etch,top_right_cluster,右上局部簇状失效，怀疑 chamber B 粒子污染,执行 chamber PM 与 particle clean,12,15,-4.0,-1.0,PASS,pass
LOT-A,改善前,W03,28nm MCU,ETCH-07,B,Plasma Etch,top_right_cluster,右上局部簇状失效，怀疑 chamber B 粒子污染,执行 chamber PM 与 particle clean,13,15,-3.0,-1.0,PASS,pass
LOT-A,改善前,W03,28nm MCU,ETCH-07,B,Plasma Etch,top_right_cluster,右上局部簇状失效，怀疑 chamber B 粒子污染,执行 chamber PM 与 particle clean,14,15,-2.0,-1.0,PASS,pass
LOT-A,改善前,W03,28nm MCU,ETCH-07,B,Plasma Etch,top_right_cluster,右上局部簇状失效，怀疑 chamber B 粒子污染,执行 chamber PM 与 particle clean,15,15,-1.0,-1.0,PASS,pass
LOT-A,改善前,W03,28nm MCU,ETCH-07,B,Plasma Etch,top_right_cluster,右上局部簇状失效，怀疑 chamber B 粒子污染,执行 chamber PM 与 particle clean,16,15,0.0,-1.0,PASS,pass
LOT-A,改善前,W03,28nm MCU,ETCH-07,B,Plasma Etch,top_right_cluster,右上局部簇状失效，怀疑 chamber B 粒子污染,执行 chamber PM 与 particle clean,17,15,1.0,-1.0,PASS,pass
LOT-A,改善前,W03,28nm MCU,ETCH-07,B,Plasma Etch,top_right_cluster,右上局部簇状失效，怀疑 chamber B 粒子污染,执行 chamber PM 与 particle clean,18,15,2.0,-1.0,PASS,pass
LOT-A,改善前,W03,28nm MCU,ETCH-07,B,Plasma Etch,top_right_cluster,右上局部簇状失效，怀疑 chamber B 粒子污染,执行 chamber PM 与 particle clean,19,15,3.0,-1.0,PASS,pass
LOT-A,改善前,W03,28nm MCU,ETCH-07,B,Plasma Etch,top_right_cluster,右上局部簇状失效，怀疑 chamber B 粒子污染,执行 chamber PM 与 particle clean,20,15,4.0,-1.0,PASS,pass
LOT-A,改善前,W03,28nm MCU,ETCH-07,B,Plasma Etch,top_right_cluster,右上局部簇状失效，怀疑 chamber B 粒子污染,执行 chamber PM 与 particle clean,21,15,5.0,-1.0,PASS,pass
LOT-A,改善前,W03,28nm MCU,ETCH-07,B,Plasma Etch,top_right_cluster,右上局部簇状失效，怀疑 chamber B 粒子污染,执行 chamber PM 与 particle clean,22,15,6.0,-1.0,PASS,pass
LOT-A,改善前,W03,28nm MCU,ETCH-07,B,Plasma Etch,top_right_cluster,右上局部簇状失效，怀疑 chamber B 粒子污染,执行 chamber PM 与 particle clean,23,15,7.0,-1.0,PASS,pass
LOT-A,改善前,W03,28nm MCU,ETCH-07,B,Plasma Etch,top_right_cluster,右上局部簇状失效，怀疑 chamber B 粒子污染,执行 chamber PM 与 particle clean,24,15,8.0,-1.0,PASS,pass
LOT-A,改善前,W03,28nm MCU,ETCH-07,B,Plasma Etch,top_right_cluster,右上局部簇状失效，怀疑 chamber B 粒子污染,执行 chamber PM 与 particle clean,25,15,9.0,-1.0,PASS,pass
LOT-A,改善前,W03,28nm MCU,ETCH-07,B,Plasma Etch,top_right_cluster,右上局部簇状失效，怀疑 chamber B 粒子污染,执行 chamber PM 与 particle clean,26,15,10.0,-1.0,PASS,pass
LOT-A,改善前,W03,28nm MCU,ETCH-07,B,Plasma Etch,top_right_cluster,右上局部簇状失效，怀疑 chamber B 粒子污染,执行 chamber PM 与 particle clean,27,15,11.0,-1.0,PASS,pass
LOT-A,改善前,W03,28nm MCU,ETCH-07,B,Plasma Etch,top_right_cluster,右上局部簇状失效，怀疑 chamber B 粒子污染,执行 chamber PM 与 particle clean,28,15,12.0,-1.0,PASS,pass
LOT-A,改善前,W03,28nm MCU,ETCH-07,B,Plasma Etch,top_right_cluster,右上局部簇状失效，怀疑 chamber B 粒子污染,执行 chamber PM 与 particle clean,29,15,13.0,-1.0,PASS,pass
LOT-A,改善前,W03,28nm MCU,ETCH-07,B,Plasma Etch,top_right_cluster,右上局部簇状失效，怀疑 chamber B 粒子污染,执行 chamber PM 与 particle clean,30,15,14.0,-1.0,PASS,pass
LOT-A,改善前,W03,28nm MCU,ETCH-07,B,Plasma Etch,top_right_cluster,右上局部簇状失效，怀疑 chamber B 粒子污染,执行 chamber PM 与 particle clean,2,16,-14.0,0.0,PASS,pass
LOT-A,改善前,W03,28nm MCU,ETCH-07,B,Plasma Etch,top_right_cluster,右上局部簇状失效，怀疑 chamber B 粒子污染,执行 chamber PM 与 particle clean,3,16,-13.0,0.0,PASS,pass
LOT-A,改善前,W03,28nm MCU,ETCH-07,B,Plasma Etch,top_right_cluster,右上局部簇状失效，怀疑 chamber B 粒子污染,执行 chamber PM 与 particle clean,4,16,-12.0,0.0,PASS,pass
LOT-A,改善前,W03,28nm MCU,ETCH-07,B,Plasma Etch,top_right_cluster,右上局部簇状失效，怀疑 chamber B 粒子污染,执行 chamber PM 与 particle clean,5,16,-11.0,0.0,PASS,pass
LOT-A,改善前,W03,28nm MCU,ETCH-07,B,Plasma Etch,top_right_cluster,右上局部簇状失效，怀疑 chamber B 粒子污染,执行 chamber PM 与 particle clean,6,16,-10.0,0.0,PASS,pass
LOT-A,改善前,W03,28nm MCU,ETCH-07,B,Plasma Etch,top_right_cluster,右上局部簇状失效，怀疑 chamber B 粒子污染,执行 chamber PM 与 particle clean,7,16,-9.0,0.0,PASS,pass
LOT-A,改善前,W03,28nm MCU,ETCH-07,B,Plasma Etch,top_right_cluster,右上局部簇状失效，怀疑 chamber B 粒子污染,执行 chamber PM 与 particle clean,8,16,-8.0,0.0,PASS,pass
LOT-A,改善前,W03,28nm MCU,ETCH-07,B,Plasma Etch,top_right_cluster,右上局部簇状失效，怀疑 chamber B 粒子污染,执行 chamber PM 与 particle clean,9,16,-7.0,0.0,PASS,pass
LOT-A,改善前,W03,28nm MCU,ETCH-07,B,Plasma Etch,top_right_cluster,右上局部簇状失效，怀疑 chamber B 粒子污染,执行 chamber PM 与 particle clean,10,16,-6.0,0.0,PASS,pass
LOT-A,改善前,W03,28nm MCU,ETCH-07,B,Plasma Etch,top_right_cluster,右上局部簇状失效，怀疑 chamber B 粒子污染,执行 chamber PM 与 particle clean,11,16,-5.0,0.0,PASS,pass
LOT-A,改善前,W03,28nm MCU,ETCH-07,B,Plasma Etch,top_right_cluster,右上局部簇状失效，怀疑 chamber B 粒子污染,执行 chamber PM 与 particle clean,12,16,-4.0,0.0,PASS,pass
LOT-A,改善前,W03,28nm MCU,ETCH-07,B,Plasma Etch,top_right_cluster,右上局部簇状失效，怀疑 chamber B 粒子污染,执行 chamber PM 与 particle clean,13,16,-3.0,0.0,PASS,pass
LOT-A,改善前,W03,28nm MCU,ETCH-07,B,Plasma Etch,top_right_cluster,右上局部簇状失效，怀疑 chamber B 粒子污染,执行 chamber PM 与 particle clean,14,16,-2.0,0.0,PASS,pass
LOT-A,改善前,W03,28nm MCU,ETCH-07,B,Plasma Etch,top_right_cluster,右上局部簇状失效，怀疑 chamber B 粒子污染,执行 chamber PM 与 particle clean,15,16,-1.0,0.0,PASS,pass
LOT-A,改善前,W03,28nm MCU,ETCH-07,B,Plasma Etch,top_right_cluster,右上局部簇状失效，怀疑 chamber B 粒子污染,执行 chamber PM 与 particle clean,16,16,0.0,0.0,PASS,pass
LOT-A,改善前,W03,28nm MCU,ETCH-07,B,Plasma Etch,top_right_cluster,右上局部簇状失效，怀疑 chamber B 粒子污染,执行 chamber PM 与 particle clean,17,16,1.0,0.0,PASS,pass
LOT-A,改善前,W03,28nm MCU,ETCH-07,B,Plasma Etch,top_right_cluster,右上局部簇状失效，怀疑 chamber B 粒子污染,执行 chamber PM 与 particle clean,18,16,2.0,0.0,PASS,pass
LOT-A,改善前,W03,28nm MCU,ETCH-07,B,Plasma Etch,top_right_cluster,右上局部簇状失效，怀疑 chamber B 粒子污染,执行 chamber PM 与 particle clean,19,16,3.0,0.0,PASS,pass
LOT-A,改善前,W03,28nm MCU,ETCH-07,B,Plasma Etch,top_right_cluster,右上局部簇状失效，怀疑 chamber B 粒子污染,执行 chamber PM 与 particle clean,20,16,4.0,0.0,PASS,pass
LOT-A,改善前,W03,28nm MCU,ETCH-07,B,Plasma Etch,top_right_cluster,右上局部簇状失效，怀疑 chamber B 粒子污染,执行 chamber PM 与 particle clean,21,16,5.0,0.0,PASS,pass
LOT-A,改善前,W03,28nm MCU,ETCH-07,B,Plasma Etch,top_right_cluster,右上局部簇状失效，怀疑 chamber B 粒子污染,执行 chamber PM 与 particle clean,22,16,6.0,0.0,PASS,pass
LOT-A,改善前,W03,28nm MCU,ETCH-07,B,Plasma Etch,top_right_cluster,右上局部簇状失效，怀疑 chamber B 粒子污染,执行 chamber PM 与 particle clean,23,16,7.0,0.0,PASS,pass
LOT-A,改善前,W03,28nm MCU,ETCH-07,B,Plasma Etch,top_right_cluster,右上局部簇状失效，怀疑 chamber B 粒子污染,执行 chamber PM 与 particle clean,24,16,8.0,0.0,PASS,pass
LOT-A,改善前,W03,28nm MCU,ETCH-07,B,Plasma Etch,top_right_cluster,右上局部簇状失效，怀疑 chamber B 粒子污染,执行 chamber PM 与 particle clean,25,16,9.0,0.0,PASS,pass
LOT-A,改善前,W03,28nm MCU,ETCH-07,B,Plasma Etch,top_right_cluster,右上局部簇状失效，怀疑 chamber B 粒子污染,执行 chamber PM 与 particle clean,26,16,10.0,0.0,PASS,pass
LOT-A,改善前,W03,28nm MCU,ETCH-07,B,Plasma Etch,top_right_cluster,右上局部簇状失效，怀疑 chamber B 粒子污染,执行 chamber PM 与 particle clean,27,16,11.0,0.0,PASS,pass
LOT-A,改善前,W03,28nm MCU,ETCH-07,B,Plasma Etch,top_right_cluster,右上局部簇状失效，怀疑 chamber B 粒子污染,执行 chamber PM 与 particle clean,28,16,12.0,0.0,PASS,pass
LOT-A,改善前,W03,28nm MCU,ETCH-07,B,Plasma Etch,top_right_cluster,右上局部簇状失效，怀疑 chamber B 粒子污染,执行 chamber PM 与 particle clean,29,16,13.0,0.0,PASS,pass
LOT-A,改善前,W03,28nm MCU,ETCH-07,B,Plasma Etch,top_right_cluster,右上局部簇状失效，怀疑 chamber B 粒子污染,执行 chamber PM 与 particle clean,30,16,14.0,0.0,PASS,pass
LOT-A,改善前,W03,28nm MCU,ETCH-07,B,Plasma Etch,top_right_cluster,右上局部簇状失效，怀疑 chamber B 粒子污染,执行 chamber PM 与 particle clean,2,17,-14.0,1.0,PASS,pass
LOT-A,改善前,W03,28nm MCU,ETCH-07,B,Plasma Etch,top_right_cluster,右上局部簇状失效，怀疑 chamber B 粒子污染,执行 chamber PM 与 particle clean,3,17,-13.0,1.0,PASS,pass
LOT-A,改善前,W03,28nm MCU,ETCH-07,B,Plasma Etch,top_right_cluster,右上局部簇状失效，怀疑 chamber B 粒子污染,执行 chamber PM 与 particle clean,4,17,-12.0,1.0,PASS,pass
LOT-A,改善前,W03,28nm MCU,ETCH-07,B,Plasma Etch,top_right_cluster,右上局部簇状失效，怀疑 chamber B 粒子污染,执行 chamber PM 与 particle clean,5,17,-11.0,1.0,PASS,pass
LOT-A,改善前,W03,28nm MCU,ETCH-07,B,Plasma Etch,top_right_cluster,右上局部簇状失效，怀疑 chamber B 粒子污染,执行 chamber PM 与 particle clean,6,17,-10.0,1.0,PASS,pass
LOT-A,改善前,W03,28nm MCU,ETCH-07,B,Plasma Etch,top_right_cluster,右上局部簇状失效，怀疑 chamber B 粒子污染,执行 chamber PM 与 particle clean,7,17,-9.0,1.0,PASS,pass
LOT-A,改善前,W03,28nm MCU,ETCH-07,B,Plasma Etch,top_right_cluster,右上局部簇状失效，怀疑 chamber B 粒子污染,执行 chamber PM 与 particle clean,8,17,-8.0,1.0,PASS,pass
LOT-A,改善前,W03,28nm MCU,ETCH-07,B,Plasma Etch,top_right_cluster,右上局部簇状失效，怀疑 chamber B 粒子污染,执行 chamber PM 与 particle clean,9,17,-7.0,1.0,PASS,pass
LOT-A,改善前,W03,28nm MCU,ETCH-07,B,Plasma Etch,top_right_cluster,右上局部簇状失效，怀疑 chamber B 粒子污染,执行 chamber PM 与 particle clean,10,17,-6.0,1.0,PASS,pass
LOT-A,改善前,W03,28nm MCU,ETCH-07,B,Plasma Etch,top_right_cluster,右上局部簇状失效，怀疑 chamber B 粒子污染,执行 chamber PM 与 particle clean,11,17,-5.0,1.0,PASS,pass
LOT-A,改善前,W03,28nm MCU,ETCH-07,B,Plasma Etch,top_right_cluster,右上局部簇状失效，怀疑 chamber B 粒子污染,执行 chamber PM 与 particle clean,12,17,-4.0,1.0,PASS,pass
LOT-A,改善前,W03,28nm MCU,ETCH-07,B,Plasma Etch,top_right_cluster,右上局部簇状失效，怀疑 chamber B 粒子污染,执行 chamber PM 与 particle clean,13,17,-3.0,1.0,PASS,pass
LOT-A,改善前,W03,28nm MCU,ETCH-07,B,Plasma Etch,top_right_cluster,右上局部簇状失效，怀疑 chamber B 粒子污染,执行 chamber PM 与 particle clean,14,17,-2.0,1.0,PASS,pass
LOT-A,改善前,W03,28nm MCU,ETCH-07,B,Plasma Etch,top_right_cluster,右上局部簇状失效，怀疑 chamber B 粒子污染,执行 chamber PM 与 particle clean,15,17,-1.0,1.0,PASS,pass
LOT-A,改善前,W03,28nm MCU,ETCH-07,B,Plasma Etch,top_right_cluster,右上局部簇状失效，怀疑 chamber B 粒子污染,执行 chamber PM 与 particle clean,16,17,0.0,1.0,PASS,pass
LOT-A,改善前,W03,28nm MCU,ETCH-07,B,Plasma Etch,top_right_cluster,右上局部簇状失效，怀疑 chamber B 粒子污染,执行 chamber PM 与 particle clean,17,17,1.0,1.0,PASS,pass
LOT-A,改善前,W03,28nm MCU,ETCH-07,B,Plasma Etch,top_right_cluster,右上局部簇状失效，怀疑 chamber B 粒子污染,执行 chamber PM 与 particle clean,18,17,2.0,1.0,PASS,pass
LOT-A,改善前,W03,28nm MCU,ETCH-07,B,Plasma Etch,top_right_cluster,右上局部簇状失效，怀疑 chamber B 粒子污染,执行 chamber PM 与 particle clean,19,17,3.0,1.0,PASS,pass
LOT-A,改善前,W03,28nm MCU,ETCH-07,B,Plasma Etch,top_right_cluster,右上局部簇状失效，怀疑 chamber B 粒子污染,执行 chamber PM 与 particle clean,20,17,4.0,1.0,PASS,pass
LOT-A,改善前,W03,28nm MCU,ETCH-07,B,Plasma Etch,top_right_cluster,右上局部簇状失效，怀疑 chamber B 粒子污染,执行 chamber PM 与 particle clean,21,17,5.0,1.0,PASS,pass
LOT-A,改善前,W03,28nm MCU,ETCH-07,B,Plasma Etch,top_right_cluster,右上局部簇状失效，怀疑 chamber B 粒子污染,执行 chamber PM 与 particle clean,22,17,6.0,1.0,PASS,pass
LOT-A,改善前,W03,28nm MCU,ETCH-07,B,Plasma Etch,top_right_cluster,右上局部簇状失效，怀疑 chamber B 粒子污染,执行 chamber PM 与 particle clean,23,17,7.0,1.0,PASS,pass
LOT-A,改善前,W03,28nm MCU,ETCH-07,B,Plasma Etch,top_right_cluster,右上局部簇状失效，怀疑 chamber B 粒子污染,执行 chamber PM 与 particle clean,24,17,8.0,1.0,PASS,pass
LOT-A,改善前,W03,28nm MCU,ETCH-07,B,Plasma Etch,top_right_cluster,右上局部簇状失效，怀疑 chamber B 粒子污染,执行 chamber PM 与 particle clean,25,17,9.0,1.0,FAIL,random
LOT-A,改善前,W03,28nm MCU,ETCH-07,B,Plasma Etch,top_right_cluster,右上局部簇状失效，怀疑 chamber B 粒子污染,执行 chamber PM 与 particle clean,26,17,10.0,1.0,PASS,pass
LOT-A,改善前,W03,28nm MCU,ETCH-07,B,Plasma Etch,top_right_cluster,右上局部簇状失效，怀疑 chamber B 粒子污染,执行 chamber PM 与 particle clean,27,17,11.0,1.0,PASS,pass
LOT-A,改善前,W03,28nm MCU,ETCH-07,B,Plasma Etch,top_right_cluster,右上局部簇状失效，怀疑 chamber B 粒子污染,执行 chamber PM 与 particle clean,28,17,12.0,1.0,PASS,pass
LOT-A,改善前,W03,28nm MCU,ETCH-07,B,Plasma Etch,top_right_cluster,右上局部簇状失效，怀疑 chamber B 粒子污染,执行 chamber PM 与 particle clean,29,17,13.0,1.0,PASS,pass
LOT-A,改善前,W03,28nm MCU,ETCH-07,B,Plasma Etch,top_right_cluster,右上局部簇状失效，怀疑 chamber B 粒子污染,执行 chamber PM 与 particle clean,30,17,14.0,1.0,PASS,pass
LOT-A,改善前,W03,28nm MCU,ETCH-07,B,Plasma Etch,top_right_cluster,右上局部簇状失效，怀疑 chamber B 粒子污染,执行 chamber PM 与 particle clean,2,18,-14.0,2.0,PASS,pass
LOT-A,改善前,W03,28nm MCU,ETCH-07,B,Plasma Etch,top_right_cluster,右上局部簇状失效，怀疑 chamber B 粒子污染,执行 chamber PM 与 particle clean,3,18,-13.0,2.0,PASS,pass
LOT-A,改善前,W03,28nm MCU,ETCH-07,B,Plasma Etch,top_right_cluster,右上局部簇状失效，怀疑 chamber B 粒子污染,执行 chamber PM 与 particle clean,4,18,-12.0,2.0,PASS,pass
LOT-A,改善前,W03,28nm MCU,ETCH-07,B,Plasma Etch,top_right_cluster,右上局部簇状失效，怀疑 chamber B 粒子污染,执行 chamber PM 与 particle clean,5,18,-11.0,2.0,PASS,pass
LOT-A,改善前,W03,28nm MCU,ETCH-07,B,Plasma Etch,top_right_cluster,右上局部簇状失效，怀疑 chamber B 粒子污染,执行 chamber PM 与 particle clean,6,18,-10.0,2.0,PASS,pass
LOT-A,改善前,W03,28nm MCU,ETCH-07,B,Plasma Etch,top_right_cluster,右上局部簇状失效，怀疑 chamber B 粒子污染,执行 chamber PM 与 particle clean,7,18,-9.0,2.0,PASS,pass
LOT-A,改善前,W03,28nm MCU,ETCH-07,B,Plasma Etch,top_right_cluster,右上局部簇状失效，怀疑 chamber B 粒子污染,执行 chamber PM 与 particle clean,8,18,-8.0,2.0,PASS,pass
LOT-A,改善前,W03,28nm MCU,ETCH-07,B,Plasma Etch,top_right_cluster,右上局部簇状失效，怀疑 chamber B 粒子污染,执行 chamber PM 与 particle clean,9,18,-7.0,2.0,PASS,pass
LOT-A,改善前,W03,28nm MCU,ETCH-07,B,Plasma Etch,top_right_cluster,右上局部簇状失效，怀疑 chamber B 粒子污染,执行 chamber PM 与 particle clean,10,18,-6.0,2.0,PASS,pass
LOT-A,改善前,W03,28nm MCU,ETCH-07,B,Plasma Etch,top_right_cluster,右上局部簇状失效，怀疑 chamber B 粒子污染,执行 chamber PM 与 particle clean,11,18,-5.0,2.0,PASS,pass
LOT-A,改善前,W03,28nm MCU,ETCH-07,B,Plasma Etch,top_right_cluster,右上局部簇状失效，怀疑 chamber B 粒子污染,执行 chamber PM 与 particle clean,12,18,-4.0,2.0,PASS,pass
LOT-A,改善前,W03,28nm MCU,ETCH-07,B,Plasma Etch,top_right_cluster,右上局部簇状失效，怀疑 chamber B 粒子污染,执行 chamber PM 与 particle clean,13,18,-3.0,2.0,PASS,pass
LOT-A,改善前,W03,28nm MCU,ETCH-07,B,Plasma Etch,top_right_cluster,右上局部簇状失效，怀疑 chamber B 粒子污染,执行 chamber PM 与 particle clean,14,18,-2.0,2.0,PASS,pass
LOT-A,改善前,W03,28nm MCU,ETCH-07,B,Plasma Etch,top_right_cluster,右上局部簇状失效，怀疑 chamber B 粒子污染,执行 chamber PM 与 particle clean,15,18,-1.0,2.0,PASS,pass
LOT-A,改善前,W03,28nm MCU,ETCH-07,B,Plasma Etch,top_right_cluster,右上局部簇状失效，怀疑 chamber B 粒子污染,执行 chamber PM 与 particle clean,16,18,0.0,2.0,PASS,pass
LOT-A,改善前,W03,28nm MCU,ETCH-07,B,Plasma Etch,top_right_cluster,右上局部簇状失效，怀疑 chamber B 粒子污染,执行 chamber PM 与 particle clean,17,18,1.0,2.0,PASS,pass
LOT-A,改善前,W03,28nm MCU,ETCH-07,B,Plasma Etch,top_right_cluster,右上局部簇状失效，怀疑 chamber B 粒子污染,执行 chamber PM 与 particle clean,18,18,2.0,2.0,PASS,pass
LOT-A,改善前,W03,28nm MCU,ETCH-07,B,Plasma Etch,top_right_cluster,右上局部簇状失效，怀疑 chamber B 粒子污染,执行 chamber PM 与 particle clean,19,18,3.0,2.0,PASS,pass
LOT-A,改善前,W03,28nm MCU,ETCH-07,B,Plasma Etch,top_right_cluster,右上局部簇状失效，怀疑 chamber B 粒子污染,执行 chamber PM 与 particle clean,20,18,4.0,2.0,PASS,pass
LOT-A,改善前,W03,28nm MCU,ETCH-07,B,Plasma Etch,top_right_cluster,右上局部簇状失效，怀疑 chamber B 粒子污染,执行 chamber PM 与 particle clean,21,18,5.0,2.0,PASS,pass
LOT-A,改善前,W03,28nm MCU,ETCH-07,B,Plasma Etch,top_right_cluster,右上局部簇状失效，怀疑 chamber B 粒子污染,执行 chamber PM 与 particle clean,22,18,6.0,2.0,PASS,pass
LOT-A,改善前,W03,28nm MCU,ETCH-07,B,Plasma Etch,top_right_cluster,右上局部簇状失效，怀疑 chamber B 粒子污染,执行 chamber PM 与 particle clean,23,18,7.0,2.0,PASS,pass
LOT-A,改善前,W03,28nm MCU,ETCH-07,B,Plasma Etch,top_right_cluster,右上局部簇状失效，怀疑 chamber B 粒子污染,执行 chamber PM 与 particle clean,24,18,8.0,2.0,PASS,pass
LOT-A,改善前,W03,28nm MCU,ETCH-07,B,Plasma Etch,top_right_cluster,右上局部簇状失效，怀疑 chamber B 粒子污染,执行 chamber PM 与 particle clean,25,18,9.0,2.0,PASS,pass
LOT-A,改善前,W03,28nm MCU,ETCH-07,B,Plasma Etch,top_right_cluster,右上局部簇状失效，怀疑 chamber B 粒子污染,执行 chamber PM 与 particle clean,26,18,10.0,2.0,PASS,pass
LOT-A,改善前,W03,28nm MCU,ETCH-07,B,Plasma Etch,top_right_cluster,右上局部簇状失效，怀疑 chamber B 粒子污染,执行 chamber PM 与 particle clean,27,18,11.0,2.0,PASS,pass
LOT-A,改善前,W03,28nm MCU,ETCH-07,B,Plasma Etch,top_right_cluster,右上局部簇状失效，怀疑 chamber B 粒子污染,执行 chamber PM 与 particle clean,28,18,12.0,2.0,PASS,pass
LOT-A,改善前,W03,28nm MCU,ETCH-07,B,Plasma Etch,top_right_cluster,右上局部簇状失效，怀疑 chamber B 粒子污染,执行 chamber PM 与 particle clean,29,18,13.0,2.0,PASS,pass
LOT-A,改善前,W03,28nm MCU,ETCH-07,B,Plasma Etch,top_right_cluster,右上局部簇状失效，怀疑 chamber B 粒子污染,执行 chamber PM 与 particle clean,30,18,14.0,2.0,PASS,pass
LOT-A,改善前,W03,28nm MCU,ETCH-07,B,Plasma Etch,top_right_cluster,右上局部簇状失效，怀疑 chamber B 粒子污染,执行 chamber PM 与 particle clean,2,19,-14.0,3.0,PASS,pass
LOT-A,改善前,W03,28nm MCU,ETCH-07,B,Plasma Etch,top_right_cluster,右上局部簇状失效，怀疑 chamber B 粒子污染,执行 chamber PM 与 particle clean,3,19,-13.0,3.0,PASS,pass
LOT-A,改善前,W03,28nm MCU,ETCH-07,B,Plasma Etch,top_right_cluster,右上局部簇状失效，怀疑 chamber B 粒子污染,执行 chamber PM 与 particle clean,4,19,-12.0,3.0,PASS,pass
LOT-A,改善前,W03,28nm MCU,ETCH-07,B,Plasma Etch,top_right_cluster,右上局部簇状失效，怀疑 chamber B 粒子污染,执行 chamber PM 与 particle clean,5,19,-11.0,3.0,PASS,pass
LOT-A,改善前,W03,28nm MCU,ETCH-07,B,Plasma Etch,top_right_cluster,右上局部簇状失效，怀疑 chamber B 粒子污染,执行 chamber PM 与 particle clean,6,19,-10.0,3.0,PASS,pass
LOT-A,改善前,W03,28nm MCU,ETCH-07,B,Plasma Etch,top_right_cluster,右上局部簇状失效，怀疑 chamber B 粒子污染,执行 chamber PM 与 particle clean,7,19,-9.0,3.0,PASS,pass
LOT-A,改善前,W03,28nm MCU,ETCH-07,B,Plasma Etch,top_right_cluster,右上局部簇状失效，怀疑 chamber B 粒子污染,执行 chamber PM 与 particle clean,8,19,-8.0,3.0,PASS,pass
LOT-A,改善前,W03,28nm MCU,ETCH-07,B,Plasma Etch,top_right_cluster,右上局部簇状失效，怀疑 chamber B 粒子污染,执行 chamber PM 与 particle clean,9,19,-7.0,3.0,PASS,pass
LOT-A,改善前,W03,28nm MCU,ETCH-07,B,Plasma Etch,top_right_cluster,右上局部簇状失效，怀疑 chamber B 粒子污染,执行 chamber PM 与 particle clean,10,19,-6.0,3.0,PASS,pass
LOT-A,改善前,W03,28nm MCU,ETCH-07,B,Plasma Etch,top_right_cluster,右上局部簇状失效，怀疑 chamber B 粒子污染,执行 chamber PM 与 particle clean,11,19,-5.0,3.0,PASS,pass
LOT-A,改善前,W03,28nm MCU,ETCH-07,B,Plasma Etch,top_right_cluster,右上局部簇状失效，怀疑 chamber B 粒子污染,执行 chamber PM 与 particle clean,12,19,-4.0,3.0,PASS,pass
LOT-A,改善前,W03,28nm MCU,ETCH-07,B,Plasma Etch,top_right_cluster,右上局部簇状失效，怀疑 chamber B 粒子污染,执行 chamber PM 与 particle clean,13,19,-3.0,3.0,PASS,pass
LOT-A,改善前,W03,28nm MCU,ETCH-07,B,Plasma Etch,top_right_cluster,右上局部簇状失效，怀疑 chamber B 粒子污染,执行 chamber PM 与 particle clean,14,19,-2.0,3.0,PASS,pass
LOT-A,改善前,W03,28nm MCU,ETCH-07,B,Plasma Etch,top_right_cluster,右上局部簇状失效，怀疑 chamber B 粒子污染,执行 chamber PM 与 particle clean,15,19,-1.0,3.0,PASS,pass
LOT-A,改善前,W03,28nm MCU,ETCH-07,B,Plasma Etch,top_right_cluster,右上局部簇状失效，怀疑 chamber B 粒子污染,执行 chamber PM 与 particle clean,16,19,0.0,3.0,PASS,pass
LOT-A,改善前,W03,28nm MCU,ETCH-07,B,Plasma Etch,top_right_cluster,右上局部簇状失效，怀疑 chamber B 粒子污染,执行 chamber PM 与 particle clean,17,19,1.0,3.0,PASS,pass
LOT-A,改善前,W03,28nm MCU,ETCH-07,B,Plasma Etch,top_right_cluster,右上局部簇状失效，怀疑 chamber B 粒子污染,执行 chamber PM 与 particle clean,18,19,2.0,3.0,PASS,pass
LOT-A,改善前,W03,28nm MCU,ETCH-07,B,Plasma Etch,top_right_cluster,右上局部簇状失效，怀疑 chamber B 粒子污染,执行 chamber PM 与 particle clean,19,19,3.0,3.0,PASS,pass
LOT-A,改善前,W03,28nm MCU,ETCH-07,B,Plasma Etch,top_right_cluster,右上局部簇状失效，怀疑 chamber B 粒子污染,执行 chamber PM 与 particle clean,20,19,4.0,3.0,PASS,pass
LOT-A,改善前,W03,28nm MCU,ETCH-07,B,Plasma Etch,top_right_cluster,右上局部簇状失效，怀疑 chamber B 粒子污染,执行 chamber PM 与 particle clean,21,19,5.0,3.0,PASS,pass
LOT-A,改善前,W03,28nm MCU,ETCH-07,B,Plasma Etch,top_right_cluster,右上局部簇状失效，怀疑 chamber B 粒子污染,执行 chamber PM 与 particle clean,22,19,6.0,3.0,PASS,pass
LOT-A,改善前,W03,28nm MCU,ETCH-07,B,Plasma Etch,top_right_cluster,右上局部簇状失效，怀疑 chamber B 粒子污染,执行 chamber PM 与 particle clean,23,19,7.0,3.0,PASS,pass
LOT-A,改善前,W03,28nm MCU,ETCH-07,B,Plasma Etch,top_right_cluster,右上局部簇状失效，怀疑 chamber B 粒子污染,执行 chamber PM 与 particle clean,24,19,8.0,3.0,PASS,pass
LOT-A,改善前,W03,28nm MCU,ETCH-07,B,Plasma Etch,top_right_cluster,右上局部簇状失效，怀疑 chamber B 粒子污染,执行 chamber PM 与 particle clean,25,19,9.0,3.0,PASS,pass
LOT-A,改善前,W03,28nm MCU,ETCH-07,B,Plasma Etch,top_right_cluster,右上局部簇状失效，怀疑 chamber B 粒子污染,执行 chamber PM 与 particle clean,26,19,10.0,3.0,PASS,pass
LOT-A,改善前,W03,28nm MCU,ETCH-07,B,Plasma Etch,top_right_cluster,右上局部簇状失效，怀疑 chamber B 粒子污染,执行 chamber PM 与 particle clean,27,19,11.0,3.0,PASS,pass
LOT-A,改善前,W03,28nm MCU,ETCH-07,B,Plasma Etch,top_right_cluster,右上局部簇状失效，怀疑 chamber B 粒子污染,执行 chamber PM 与 particle clean,28,19,12.0,3.0,PASS,pass
LOT-A,改善前,W03,28nm MCU,ETCH-07,B,Plasma Etch,top_right_cluster,右上局部簇状失效，怀疑 chamber B 粒子污染,执行 chamber PM 与 particle clean,29,19,13.0,3.0,PASS,pass
LOT-A,改善前,W03,28nm MCU,ETCH-07,B,Plasma Etch,top_right_cluster,右上局部簇状失效，怀疑 chamber B 粒子污染,执行 chamber PM 与 particle clean,30,19,14.0,3.0,PASS,pass
LOT-A,改善前,W03,28nm MCU,ETCH-07,B,Plasma Etch,top_right_cluster,右上局部簇状失效，怀疑 chamber B 粒子污染,执行 chamber PM 与 particle clean,2,20,-14.0,4.0,PASS,pass
LOT-A,改善前,W03,28nm MCU,ETCH-07,B,Plasma Etch,top_right_cluster,右上局部簇状失效，怀疑 chamber B 粒子污染,执行 chamber PM 与 particle clean,3,20,-13.0,4.0,PASS,pass
LOT-A,改善前,W03,28nm MCU,ETCH-07,B,Plasma Etch,top_right_cluster,右上局部簇状失效，怀疑 chamber B 粒子污染,执行 chamber PM 与 particle clean,4,20,-12.0,4.0,PASS,pass
LOT-A,改善前,W03,28nm MCU,ETCH-07,B,Plasma Etch,top_right_cluster,右上局部簇状失效，怀疑 chamber B 粒子污染,执行 chamber PM 与 particle clean,5,20,-11.0,4.0,PASS,pass
LOT-A,改善前,W03,28nm MCU,ETCH-07,B,Plasma Etch,top_right_cluster,右上局部簇状失效，怀疑 chamber B 粒子污染,执行 chamber PM 与 particle clean,6,20,-10.0,4.0,PASS,pass
LOT-A,改善前,W03,28nm MCU,ETCH-07,B,Plasma Etch,top_right_cluster,右上局部簇状失效，怀疑 chamber B 粒子污染,执行 chamber PM 与 particle clean,7,20,-9.0,4.0,PASS,pass
LOT-A,改善前,W03,28nm MCU,ETCH-07,B,Plasma Etch,top_right_cluster,右上局部簇状失效，怀疑 chamber B 粒子污染,执行 chamber PM 与 particle clean,8,20,-8.0,4.0,PASS,pass
LOT-A,改善前,W03,28nm MCU,ETCH-07,B,Plasma Etch,top_right_cluster,右上局部簇状失效，怀疑 chamber B 粒子污染,执行 chamber PM 与 particle clean,9,20,-7.0,4.0,PASS,pass
LOT-A,改善前,W03,28nm MCU,ETCH-07,B,Plasma Etch,top_right_cluster,右上局部簇状失效，怀疑 chamber B 粒子污染,执行 chamber PM 与 particle clean,10,20,-6.0,4.0,PASS,pass
LOT-A,改善前,W03,28nm MCU,ETCH-07,B,Plasma Etch,top_right_cluster,右上局部簇状失效，怀疑 chamber B 粒子污染,执行 chamber PM 与 particle clean,11,20,-5.0,4.0,PASS,pass
LOT-A,改善前,W03,28nm MCU,ETCH-07,B,Plasma Etch,top_right_cluster,右上局部簇状失效，怀疑 chamber B 粒子污染,执行 chamber PM 与 particle clean,12,20,-4.0,4.0,PASS,pass
LOT-A,改善前,W03,28nm MCU,ETCH-07,B,Plasma Etch,top_right_cluster,右上局部簇状失效，怀疑 chamber B 粒子污染,执行 chamber PM 与 particle clean,13,20,-3.0,4.0,PASS,pass
LOT-A,改善前,W03,28nm MCU,ETCH-07,B,Plasma Etch,top_right_cluster,右上局部簇状失效，怀疑 chamber B 粒子污染,执行 chamber PM 与 particle clean,14,20,-2.0,4.0,PASS,pass
LOT-A,改善前,W03,28nm MCU,ETCH-07,B,Plasma Etch,top_right_cluster,右上局部簇状失效，怀疑 chamber B 粒子污染,执行 chamber PM 与 particle clean,15,20,-1.0,4.0,PASS,pass
LOT-A,改善前,W03,28nm MCU,ETCH-07,B,Plasma Etch,top_right_cluster,右上局部簇状失效，怀疑 chamber B 粒子污染,执行 chamber PM 与 particle clean,16,20,0.0,4.0,PASS,pass
LOT-A,改善前,W03,28nm MCU,ETCH-07,B,Plasma Etch,top_right_cluster,右上局部簇状失效，怀疑 chamber B 粒子污染,执行 chamber PM 与 particle clean,17,20,1.0,4.0,PASS,pass
LOT-A,改善前,W03,28nm MCU,ETCH-07,B,Plasma Etch,top_right_cluster,右上局部簇状失效，怀疑 chamber B 粒子污染,执行 chamber PM 与 particle clean,18,20,2.0,4.0,PASS,pass
LOT-A,改善前,W03,28nm MCU,ETCH-07,B,Plasma Etch,top_right_cluster,右上局部簇状失效，怀疑 chamber B 粒子污染,执行 chamber PM 与 particle clean,19,20,3.0,4.0,PASS,pass
LOT-A,改善前,W03,28nm MCU,ETCH-07,B,Plasma Etch,top_right_cluster,右上局部簇状失效，怀疑 chamber B 粒子污染,执行 chamber PM 与 particle clean,20,20,4.0,4.0,PASS,pass
LOT-A,改善前,W03,28nm MCU,ETCH-07,B,Plasma Etch,top_right_cluster,右上局部簇状失效，怀疑 chamber B 粒子污染,执行 chamber PM 与 particle clean,21,20,5.0,4.0,PASS,pass
LOT-A,改善前,W03,28nm MCU,ETCH-07,B,Plasma Etch,top_right_cluster,右上局部簇状失效，怀疑 chamber B 粒子污染,执行 chamber PM 与 particle clean,22,20,6.0,4.0,PASS,pass
LOT-A,改善前,W03,28nm MCU,ETCH-07,B,Plasma Etch,top_right_cluster,右上局部簇状失效，怀疑 chamber B 粒子污染,执行 chamber PM 与 particle clean,23,20,7.0,4.0,PASS,pass
LOT-A,改善前,W03,28nm MCU,ETCH-07,B,Plasma Etch,top_right_cluster,右上局部簇状失效，怀疑 chamber B 粒子污染,执行 chamber PM 与 particle clean,24,20,8.0,4.0,PASS,pass
LOT-A,改善前,W03,28nm MCU,ETCH-07,B,Plasma Etch,top_right_cluster,右上局部簇状失效，怀疑 chamber B 粒子污染,执行 chamber PM 与 particle clean,25,20,9.0,4.0,PASS,pass
LOT-A,改善前,W03,28nm MCU,ETCH-07,B,Plasma Etch,top_right_cluster,右上局部簇状失效，怀疑 chamber B 粒子污染,执行 chamber PM 与 particle clean,26,20,10.0,4.0,PASS,pass
LOT-A,改善前,W03,28nm MCU,ETCH-07,B,Plasma Etch,top_right_cluster,右上局部簇状失效，怀疑 chamber B 粒子污染,执行 chamber PM 与 particle clean,27,20,11.0,4.0,PASS,pass
LOT-A,改善前,W03,28nm MCU,ETCH-07,B,Plasma Etch,top_right_cluster,右上局部簇状失效，怀疑 chamber B 粒子污染,执行 chamber PM 与 particle clean,28,20,12.0,4.0,PASS,pass
LOT-A,改善前,W03,28nm MCU,ETCH-07,B,Plasma Etch,top_right_cluster,右上局部簇状失效，怀疑 chamber B 粒子污染,执行 chamber PM 与 particle clean,29,20,13.0,4.0,PASS,pass
LOT-A,改善前,W03,28nm MCU,ETCH-07,B,Plasma Etch,top_right_cluster,右上局部簇状失效，怀疑 chamber B 粒子污染,执行 chamber PM 与 particle clean,30,20,14.0,4.0,PASS,pass
LOT-A,改善前,W03,28nm MCU,ETCH-07,B,Plasma Etch,top_right_cluster,右上局部簇状失效，怀疑 chamber B 粒子污染,执行 chamber PM 与 particle clean,3,21,-13.0,5.0,PASS,pass
LOT-A,改善前,W03,28nm MCU,ETCH-07,B,Plasma Etch,top_right_cluster,右上局部簇状失效，怀疑 chamber B 粒子污染,执行 chamber PM 与 particle clean,4,21,-12.0,5.0,PASS,pass
LOT-A,改善前,W03,28nm MCU,ETCH-07,B,Plasma Etch,top_right_cluster,右上局部簇状失效，怀疑 chamber B 粒子污染,执行 chamber PM 与 particle clean,5,21,-11.0,5.0,PASS,pass
LOT-A,改善前,W03,28nm MCU,ETCH-07,B,Plasma Etch,top_right_cluster,右上局部簇状失效，怀疑 chamber B 粒子污染,执行 chamber PM 与 particle clean,6,21,-10.0,5.0,PASS,pass
LOT-A,改善前,W03,28nm MCU,ETCH-07,B,Plasma Etch,top_right_cluster,右上局部簇状失效，怀疑 chamber B 粒子污染,执行 chamber PM 与 particle clean,7,21,-9.0,5.0,PASS,pass
LOT-A,改善前,W03,28nm MCU,ETCH-07,B,Plasma Etch,top_right_cluster,右上局部簇状失效，怀疑 chamber B 粒子污染,执行 chamber PM 与 particle clean,8,21,-8.0,5.0,PASS,pass
LOT-A,改善前,W03,28nm MCU,ETCH-07,B,Plasma Etch,top_right_cluster,右上局部簇状失效，怀疑 chamber B 粒子污染,执行 chamber PM 与 particle clean,9,21,-7.0,5.0,PASS,pass
LOT-A,改善前,W03,28nm MCU,ETCH-07,B,Plasma Etch,top_right_cluster,右上局部簇状失效，怀疑 chamber B 粒子污染,执行 chamber PM 与 particle clean,10,21,-6.0,5.0,PASS,pass
LOT-A,改善前,W03,28nm MCU,ETCH-07,B,Plasma Etch,top_right_cluster,右上局部簇状失效，怀疑 chamber B 粒子污染,执行 chamber PM 与 particle clean,11,21,-5.0,5.0,PASS,pass
LOT-A,改善前,W03,28nm MCU,ETCH-07,B,Plasma Etch,top_right_cluster,右上局部簇状失效，怀疑 chamber B 粒子污染,执行 chamber PM 与 particle clean,12,21,-4.0,5.0,PASS,pass
LOT-A,改善前,W03,28nm MCU,ETCH-07,B,Plasma Etch,top_right_cluster,右上局部簇状失效，怀疑 chamber B 粒子污染,执行 chamber PM 与 particle clean,13,21,-3.0,5.0,PASS,pass
LOT-A,改善前,W03,28nm MCU,ETCH-07,B,Plasma Etch,top_right_cluster,右上局部簇状失效，怀疑 chamber B 粒子污染,执行 chamber PM 与 particle clean,14,21,-2.0,5.0,PASS,pass
LOT-A,改善前,W03,28nm MCU,ETCH-07,B,Plasma Etch,top_right_cluster,右上局部簇状失效，怀疑 chamber B 粒子污染,执行 chamber PM 与 particle clean,15,21,-1.0,5.0,PASS,pass
LOT-A,改善前,W03,28nm MCU,ETCH-07,B,Plasma Etch,top_right_cluster,右上局部簇状失效，怀疑 chamber B 粒子污染,执行 chamber PM 与 particle clean,16,21,0.0,5.0,PASS,pass
LOT-A,改善前,W03,28nm MCU,ETCH-07,B,Plasma Etch,top_right_cluster,右上局部簇状失效，怀疑 chamber B 粒子污染,执行 chamber PM 与 particle clean,17,21,1.0,5.0,PASS,pass
LOT-A,改善前,W03,28nm MCU,ETCH-07,B,Plasma Etch,top_right_cluster,右上局部簇状失效，怀疑 chamber B 粒子污染,执行 chamber PM 与 particle clean,18,21,2.0,5.0,PASS,pass
LOT-A,改善前,W03,28nm MCU,ETCH-07,B,Plasma Etch,top_right_cluster,右上局部簇状失效，怀疑 chamber B 粒子污染,执行 chamber PM 与 particle clean,19,21,3.0,5.0,PASS,pass
LOT-A,改善前,W03,28nm MCU,ETCH-07,B,Plasma Etch,top_right_cluster,右上局部簇状失效，怀疑 chamber B 粒子污染,执行 chamber PM 与 particle clean,20,21,4.0,5.0,PASS,pass
LOT-A,改善前,W03,28nm MCU,ETCH-07,B,Plasma Etch,top_right_cluster,右上局部簇状失效，怀疑 chamber B 粒子污染,执行 chamber PM 与 particle clean,21,21,5.0,5.0,PASS,pass
LOT-A,改善前,W03,28nm MCU,ETCH-07,B,Plasma Etch,top_right_cluster,右上局部簇状失效，怀疑 chamber B 粒子污染,执行 chamber PM 与 particle clean,22,21,6.0,5.0,PASS,pass
LOT-A,改善前,W03,28nm MCU,ETCH-07,B,Plasma Etch,top_right_cluster,右上局部簇状失效，怀疑 chamber B 粒子污染,执行 chamber PM 与 particle clean,23,21,7.0,5.0,PASS,pass
LOT-A,改善前,W03,28nm MCU,ETCH-07,B,Plasma Etch,top_right_cluster,右上局部簇状失效，怀疑 chamber B 粒子污染,执行 chamber PM 与 particle clean,24,21,8.0,5.0,PASS,pass
LOT-A,改善前,W03,28nm MCU,ETCH-07,B,Plasma Etch,top_right_cluster,右上局部簇状失效，怀疑 chamber B 粒子污染,执行 chamber PM 与 particle clean,25,21,9.0,5.0,PASS,pass
LOT-A,改善前,W03,28nm MCU,ETCH-07,B,Plasma Etch,top_right_cluster,右上局部簇状失效，怀疑 chamber B 粒子污染,执行 chamber PM 与 particle clean,26,21,10.0,5.0,PASS,pass
LOT-A,改善前,W03,28nm MCU,ETCH-07,B,Plasma Etch,top_right_cluster,右上局部簇状失效，怀疑 chamber B 粒子污染,执行 chamber PM 与 particle clean,27,21,11.0,5.0,PASS,pass
LOT-A,改善前,W03,28nm MCU,ETCH-07,B,Plasma Etch,top_right_cluster,右上局部簇状失效，怀疑 chamber B 粒子污染,执行 chamber PM 与 particle clean,28,21,12.0,5.0,PASS,pass
LOT-A,改善前,W03,28nm MCU,ETCH-07,B,Plasma Etch,top_right_cluster,右上局部簇状失效，怀疑 chamber B 粒子污染,执行 chamber PM 与 particle clean,29,21,13.0,5.0,PASS,pass
LOT-A,改善前,W03,28nm MCU,ETCH-07,B,Plasma Etch,top_right_cluster,右上局部簇状失效，怀疑 chamber B 粒子污染,执行 chamber PM 与 particle clean,3,22,-13.0,6.0,PASS,pass
LOT-A,改善前,W03,28nm MCU,ETCH-07,B,Plasma Etch,top_right_cluster,右上局部簇状失效，怀疑 chamber B 粒子污染,执行 chamber PM 与 particle clean,4,22,-12.0,6.0,PASS,pass
LOT-A,改善前,W03,28nm MCU,ETCH-07,B,Plasma Etch,top_right_cluster,右上局部簇状失效，怀疑 chamber B 粒子污染,执行 chamber PM 与 particle clean,5,22,-11.0,6.0,PASS,pass
LOT-A,改善前,W03,28nm MCU,ETCH-07,B,Plasma Etch,top_right_cluster,右上局部簇状失效，怀疑 chamber B 粒子污染,执行 chamber PM 与 particle clean,6,22,-10.0,6.0,PASS,pass
LOT-A,改善前,W03,28nm MCU,ETCH-07,B,Plasma Etch,top_right_cluster,右上局部簇状失效，怀疑 chamber B 粒子污染,执行 chamber PM 与 particle clean,7,22,-9.0,6.0,PASS,pass
LOT-A,改善前,W03,28nm MCU,ETCH-07,B,Plasma Etch,top_right_cluster,右上局部簇状失效，怀疑 chamber B 粒子污染,执行 chamber PM 与 particle clean,8,22,-8.0,6.0,PASS,pass
LOT-A,改善前,W03,28nm MCU,ETCH-07,B,Plasma Etch,top_right_cluster,右上局部簇状失效，怀疑 chamber B 粒子污染,执行 chamber PM 与 particle clean,9,22,-7.0,6.0,PASS,pass
LOT-A,改善前,W03,28nm MCU,ETCH-07,B,Plasma Etch,top_right_cluster,右上局部簇状失效，怀疑 chamber B 粒子污染,执行 chamber PM 与 particle clean,10,22,-6.0,6.0,PASS,pass
LOT-A,改善前,W03,28nm MCU,ETCH-07,B,Plasma Etch,top_right_cluster,右上局部簇状失效，怀疑 chamber B 粒子污染,执行 chamber PM 与 particle clean,11,22,-5.0,6.0,PASS,pass
LOT-A,改善前,W03,28nm MCU,ETCH-07,B,Plasma Etch,top_right_cluster,右上局部簇状失效，怀疑 chamber B 粒子污染,执行 chamber PM 与 particle clean,12,22,-4.0,6.0,PASS,pass
LOT-A,改善前,W03,28nm MCU,ETCH-07,B,Plasma Etch,top_right_cluster,右上局部簇状失效，怀疑 chamber B 粒子污染,执行 chamber PM 与 particle clean,13,22,-3.0,6.0,PASS,pass
LOT-A,改善前,W03,28nm MCU,ETCH-07,B,Plasma Etch,top_right_cluster,右上局部簇状失效，怀疑 chamber B 粒子污染,执行 chamber PM 与 particle clean,14,22,-2.0,6.0,PASS,pass
LOT-A,改善前,W03,28nm MCU,ETCH-07,B,Plasma Etch,top_right_cluster,右上局部簇状失效，怀疑 chamber B 粒子污染,执行 chamber PM 与 particle clean,15,22,-1.0,6.0,PASS,pass
LOT-A,改善前,W03,28nm MCU,ETCH-07,B,Plasma Etch,top_right_cluster,右上局部簇状失效，怀疑 chamber B 粒子污染,执行 chamber PM 与 particle clean,16,22,0.0,6.0,PASS,pass
LOT-A,改善前,W03,28nm MCU,ETCH-07,B,Plasma Etch,top_right_cluster,右上局部簇状失效，怀疑 chamber B 粒子污染,执行 chamber PM 与 particle clean,17,22,1.0,6.0,PASS,pass
LOT-A,改善前,W03,28nm MCU,ETCH-07,B,Plasma Etch,top_right_cluster,右上局部簇状失效，怀疑 chamber B 粒子污染,执行 chamber PM 与 particle clean,18,22,2.0,6.0,PASS,pass
LOT-A,改善前,W03,28nm MCU,ETCH-07,B,Plasma Etch,top_right_cluster,右上局部簇状失效，怀疑 chamber B 粒子污染,执行 chamber PM 与 particle clean,19,22,3.0,6.0,PASS,pass
LOT-A,改善前,W03,28nm MCU,ETCH-07,B,Plasma Etch,top_right_cluster,右上局部簇状失效，怀疑 chamber B 粒子污染,执行 chamber PM 与 particle clean,20,22,4.0,6.0,PASS,pass
LOT-A,改善前,W03,28nm MCU,ETCH-07,B,Plasma Etch,top_right_cluster,右上局部簇状失效，怀疑 chamber B 粒子污染,执行 chamber PM 与 particle clean,21,22,5.0,6.0,PASS,pass
LOT-A,改善前,W03,28nm MCU,ETCH-07,B,Plasma Etch,top_right_cluster,右上局部簇状失效，怀疑 chamber B 粒子污染,执行 chamber PM 与 particle clean,22,22,6.0,6.0,PASS,pass
LOT-A,改善前,W03,28nm MCU,ETCH-07,B,Plasma Etch,top_right_cluster,右上局部簇状失效，怀疑 chamber B 粒子污染,执行 chamber PM 与 particle clean,23,22,7.0,6.0,PASS,pass
LOT-A,改善前,W03,28nm MCU,ETCH-07,B,Plasma Etch,top_right_cluster,右上局部簇状失效，怀疑 chamber B 粒子污染,执行 chamber PM 与 particle clean,24,22,8.0,6.0,PASS,pass
LOT-A,改善前,W03,28nm MCU,ETCH-07,B,Plasma Etch,top_right_cluster,右上局部簇状失效，怀疑 chamber B 粒子污染,执行 chamber PM 与 particle clean,25,22,9.0,6.0,PASS,pass
LOT-A,改善前,W03,28nm MCU,ETCH-07,B,Plasma Etch,top_right_cluster,右上局部簇状失效，怀疑 chamber B 粒子污染,执行 chamber PM 与 particle clean,26,22,10.0,6.0,PASS,pass
LOT-A,改善前,W03,28nm MCU,ETCH-07,B,Plasma Etch,top_right_cluster,右上局部簇状失效，怀疑 chamber B 粒子污染,执行 chamber PM 与 particle clean,27,22,11.0,6.0,PASS,pass
LOT-A,改善前,W03,28nm MCU,ETCH-07,B,Plasma Etch,top_right_cluster,右上局部簇状失效，怀疑 chamber B 粒子污染,执行 chamber PM 与 particle clean,28,22,12.0,6.0,PASS,pass
LOT-A,改善前,W03,28nm MCU,ETCH-07,B,Plasma Etch,top_right_cluster,右上局部簇状失效，怀疑 chamber B 粒子污染,执行 chamber PM 与 particle clean,29,22,13.0,6.0,PASS,pass
LOT-A,改善前,W03,28nm MCU,ETCH-07,B,Plasma Etch,top_right_cluster,右上局部簇状失效，怀疑 chamber B 粒子污染,执行 chamber PM 与 particle clean,3,23,-13.0,7.0,PASS,pass
LOT-A,改善前,W03,28nm MCU,ETCH-07,B,Plasma Etch,top_right_cluster,右上局部簇状失效，怀疑 chamber B 粒子污染,执行 chamber PM 与 particle clean,4,23,-12.0,7.0,PASS,pass
LOT-A,改善前,W03,28nm MCU,ETCH-07,B,Plasma Etch,top_right_cluster,右上局部簇状失效，怀疑 chamber B 粒子污染,执行 chamber PM 与 particle clean,5,23,-11.0,7.0,PASS,pass
LOT-A,改善前,W03,28nm MCU,ETCH-07,B,Plasma Etch,top_right_cluster,右上局部簇状失效，怀疑 chamber B 粒子污染,执行 chamber PM 与 particle clean,6,23,-10.0,7.0,PASS,pass
LOT-A,改善前,W03,28nm MCU,ETCH-07,B,Plasma Etch,top_right_cluster,右上局部簇状失效，怀疑 chamber B 粒子污染,执行 chamber PM 与 particle clean,7,23,-9.0,7.0,PASS,pass
LOT-A,改善前,W03,28nm MCU,ETCH-07,B,Plasma Etch,top_right_cluster,右上局部簇状失效，怀疑 chamber B 粒子污染,执行 chamber PM 与 particle clean,8,23,-8.0,7.0,PASS,pass
LOT-A,改善前,W03,28nm MCU,ETCH-07,B,Plasma Etch,top_right_cluster,右上局部簇状失效，怀疑 chamber B 粒子污染,执行 chamber PM 与 particle clean,9,23,-7.0,7.0,PASS,pass
LOT-A,改善前,W03,28nm MCU,ETCH-07,B,Plasma Etch,top_right_cluster,右上局部簇状失效，怀疑 chamber B 粒子污染,执行 chamber PM 与 particle clean,10,23,-6.0,7.0,PASS,pass
LOT-A,改善前,W03,28nm MCU,ETCH-07,B,Plasma Etch,top_right_cluster,右上局部簇状失效，怀疑 chamber B 粒子污染,执行 chamber PM 与 particle clean,11,23,-5.0,7.0,PASS,pass
LOT-A,改善前,W03,28nm MCU,ETCH-07,B,Plasma Etch,top_right_cluster,右上局部簇状失效，怀疑 chamber B 粒子污染,执行 chamber PM 与 particle clean,12,23,-4.0,7.0,PASS,pass
LOT-A,改善前,W03,28nm MCU,ETCH-07,B,Plasma Etch,top_right_cluster,右上局部簇状失效，怀疑 chamber B 粒子污染,执行 chamber PM 与 particle clean,13,23,-3.0,7.0,PASS,pass
LOT-A,改善前,W03,28nm MCU,ETCH-07,B,Plasma Etch,top_right_cluster,右上局部簇状失效，怀疑 chamber B 粒子污染,执行 chamber PM 与 particle clean,14,23,-2.0,7.0,PASS,pass
LOT-A,改善前,W03,28nm MCU,ETCH-07,B,Plasma Etch,top_right_cluster,右上局部簇状失效，怀疑 chamber B 粒子污染,执行 chamber PM 与 particle clean,15,23,-1.0,7.0,PASS,pass
LOT-A,改善前,W03,28nm MCU,ETCH-07,B,Plasma Etch,top_right_cluster,右上局部簇状失效，怀疑 chamber B 粒子污染,执行 chamber PM 与 particle clean,16,23,0.0,7.0,PASS,pass
LOT-A,改善前,W03,28nm MCU,ETCH-07,B,Plasma Etch,top_right_cluster,右上局部簇状失效，怀疑 chamber B 粒子污染,执行 chamber PM 与 particle clean,17,23,1.0,7.0,PASS,pass
LOT-A,改善前,W03,28nm MCU,ETCH-07,B,Plasma Etch,top_right_cluster,右上局部簇状失效，怀疑 chamber B 粒子污染,执行 chamber PM 与 particle clean,18,23,2.0,7.0,PASS,pass
LOT-A,改善前,W03,28nm MCU,ETCH-07,B,Plasma Etch,top_right_cluster,右上局部簇状失效，怀疑 chamber B 粒子污染,执行 chamber PM 与 particle clean,19,23,3.0,7.0,PASS,pass
LOT-A,改善前,W03,28nm MCU,ETCH-07,B,Plasma Etch,top_right_cluster,右上局部簇状失效，怀疑 chamber B 粒子污染,执行 chamber PM 与 particle clean,20,23,4.0,7.0,PASS,pass
LOT-A,改善前,W03,28nm MCU,ETCH-07,B,Plasma Etch,top_right_cluster,右上局部簇状失效，怀疑 chamber B 粒子污染,执行 chamber PM 与 particle clean,21,23,5.0,7.0,PASS,pass
LOT-A,改善前,W03,28nm MCU,ETCH-07,B,Plasma Etch,top_right_cluster,右上局部簇状失效，怀疑 chamber B 粒子污染,执行 chamber PM 与 particle clean,22,23,6.0,7.0,PASS,pass
LOT-A,改善前,W03,28nm MCU,ETCH-07,B,Plasma Etch,top_right_cluster,右上局部簇状失效，怀疑 chamber B 粒子污染,执行 chamber PM 与 particle clean,23,23,7.0,7.0,PASS,pass
LOT-A,改善前,W03,28nm MCU,ETCH-07,B,Plasma Etch,top_right_cluster,右上局部簇状失效，怀疑 chamber B 粒子污染,执行 chamber PM 与 particle clean,24,23,8.0,7.0,PASS,pass
LOT-A,改善前,W03,28nm MCU,ETCH-07,B,Plasma Etch,top_right_cluster,右上局部簇状失效，怀疑 chamber B 粒子污染,执行 chamber PM 与 particle clean,25,23,9.0,7.0,PASS,pass
LOT-A,改善前,W03,28nm MCU,ETCH-07,B,Plasma Etch,top_right_cluster,右上局部簇状失效，怀疑 chamber B 粒子污染,执行 chamber PM 与 particle clean,26,23,10.0,7.0,PASS,pass
LOT-A,改善前,W03,28nm MCU,ETCH-07,B,Plasma Etch,top_right_cluster,右上局部簇状失效，怀疑 chamber B 粒子污染,执行 chamber PM 与 particle clean,27,23,11.0,7.0,PASS,pass
LOT-A,改善前,W03,28nm MCU,ETCH-07,B,Plasma Etch,top_right_cluster,右上局部簇状失效，怀疑 chamber B 粒子污染,执行 chamber PM 与 particle clean,28,23,12.0,7.0,PASS,pass
LOT-A,改善前,W03,28nm MCU,ETCH-07,B,Plasma Etch,top_right_cluster,右上局部簇状失效，怀疑 chamber B 粒子污染,执行 chamber PM 与 particle clean,29,23,13.0,7.0,PASS,pass
LOT-A,改善前,W03,28nm MCU,ETCH-07,B,Plasma Etch,top_right_cluster,右上局部簇状失效，怀疑 chamber B 粒子污染,执行 chamber PM 与 particle clean,4,24,-12.0,8.0,PASS,pass
LOT-A,改善前,W03,28nm MCU,ETCH-07,B,Plasma Etch,top_right_cluster,右上局部簇状失效，怀疑 chamber B 粒子污染,执行 chamber PM 与 particle clean,5,24,-11.0,8.0,PASS,pass
LOT-A,改善前,W03,28nm MCU,ETCH-07,B,Plasma Etch,top_right_cluster,右上局部簇状失效，怀疑 chamber B 粒子污染,执行 chamber PM 与 particle clean,6,24,-10.0,8.0,PASS,pass
LOT-A,改善前,W03,28nm MCU,ETCH-07,B,Plasma Etch,top_right_cluster,右上局部簇状失效，怀疑 chamber B 粒子污染,执行 chamber PM 与 particle clean,7,24,-9.0,8.0,PASS,pass
LOT-A,改善前,W03,28nm MCU,ETCH-07,B,Plasma Etch,top_right_cluster,右上局部簇状失效，怀疑 chamber B 粒子污染,执行 chamber PM 与 particle clean,8,24,-8.0,8.0,PASS,pass
LOT-A,改善前,W03,28nm MCU,ETCH-07,B,Plasma Etch,top_right_cluster,右上局部簇状失效，怀疑 chamber B 粒子污染,执行 chamber PM 与 particle clean,9,24,-7.0,8.0,PASS,pass
LOT-A,改善前,W03,28nm MCU,ETCH-07,B,Plasma Etch,top_right_cluster,右上局部簇状失效，怀疑 chamber B 粒子污染,执行 chamber PM 与 particle clean,10,24,-6.0,8.0,PASS,pass
LOT-A,改善前,W03,28nm MCU,ETCH-07,B,Plasma Etch,top_right_cluster,右上局部簇状失效，怀疑 chamber B 粒子污染,执行 chamber PM 与 particle clean,11,24,-5.0,8.0,PASS,pass
LOT-A,改善前,W03,28nm MCU,ETCH-07,B,Plasma Etch,top_right_cluster,右上局部簇状失效，怀疑 chamber B 粒子污染,执行 chamber PM 与 particle clean,12,24,-4.0,8.0,PASS,pass
LOT-A,改善前,W03,28nm MCU,ETCH-07,B,Plasma Etch,top_right_cluster,右上局部簇状失效，怀疑 chamber B 粒子污染,执行 chamber PM 与 particle clean,13,24,-3.0,8.0,PASS,pass
LOT-A,改善前,W03,28nm MCU,ETCH-07,B,Plasma Etch,top_right_cluster,右上局部簇状失效，怀疑 chamber B 粒子污染,执行 chamber PM 与 particle clean,14,24,-2.0,8.0,PASS,pass
LOT-A,改善前,W03,28nm MCU,ETCH-07,B,Plasma Etch,top_right_cluster,右上局部簇状失效，怀疑 chamber B 粒子污染,执行 chamber PM 与 particle clean,15,24,-1.0,8.0,PASS,pass
LOT-A,改善前,W03,28nm MCU,ETCH-07,B,Plasma Etch,top_right_cluster,右上局部簇状失效，怀疑 chamber B 粒子污染,执行 chamber PM 与 particle clean,16,24,0.0,8.0,PASS,pass
LOT-A,改善前,W03,28nm MCU,ETCH-07,B,Plasma Etch,top_right_cluster,右上局部簇状失效，怀疑 chamber B 粒子污染,执行 chamber PM 与 particle clean,17,24,1.0,8.0,PASS,pass
LOT-A,改善前,W03,28nm MCU,ETCH-07,B,Plasma Etch,top_right_cluster,右上局部簇状失效，怀疑 chamber B 粒子污染,执行 chamber PM 与 particle clean,18,24,2.0,8.0,PASS,pass
LOT-A,改善前,W03,28nm MCU,ETCH-07,B,Plasma Etch,top_right_cluster,右上局部簇状失效，怀疑 chamber B 粒子污染,执行 chamber PM 与 particle clean,19,24,3.0,8.0,PASS,pass
LOT-A,改善前,W03,28nm MCU,ETCH-07,B,Plasma Etch,top_right_cluster,右上局部簇状失效，怀疑 chamber B 粒子污染,执行 chamber PM 与 particle clean,20,24,4.0,8.0,PASS,pass
LOT-A,改善前,W03,28nm MCU,ETCH-07,B,Plasma Etch,top_right_cluster,右上局部簇状失效，怀疑 chamber B 粒子污染,执行 chamber PM 与 particle clean,21,24,5.0,8.0,PASS,pass
LOT-A,改善前,W03,28nm MCU,ETCH-07,B,Plasma Etch,top_right_cluster,右上局部簇状失效，怀疑 chamber B 粒子污染,执行 chamber PM 与 particle clean,22,24,6.0,8.0,PASS,pass
LOT-A,改善前,W03,28nm MCU,ETCH-07,B,Plasma Etch,top_right_cluster,右上局部簇状失效，怀疑 chamber B 粒子污染,执行 chamber PM 与 particle clean,23,24,7.0,8.0,PASS,pass
LOT-A,改善前,W03,28nm MCU,ETCH-07,B,Plasma Etch,top_right_cluster,右上局部簇状失效，怀疑 chamber B 粒子污染,执行 chamber PM 与 particle clean,24,24,8.0,8.0,PASS,pass
LOT-A,改善前,W03,28nm MCU,ETCH-07,B,Plasma Etch,top_right_cluster,右上局部簇状失效，怀疑 chamber B 粒子污染,执行 chamber PM 与 particle clean,25,24,9.0,8.0,PASS,pass
LOT-A,改善前,W03,28nm MCU,ETCH-07,B,Plasma Etch,top_right_cluster,右上局部簇状失效，怀疑 chamber B 粒子污染,执行 chamber PM 与 particle clean,26,24,10.0,8.0,PASS,pass
LOT-A,改善前,W03,28nm MCU,ETCH-07,B,Plasma Etch,top_right_cluster,右上局部簇状失效，怀疑 chamber B 粒子污染,执行 chamber PM 与 particle clean,27,24,11.0,8.0,PASS,pass
LOT-A,改善前,W03,28nm MCU,ETCH-07,B,Plasma Etch,top_right_cluster,右上局部簇状失效，怀疑 chamber B 粒子污染,执行 chamber PM 与 particle clean,28,24,12.0,8.0,PASS,pass
LOT-A,改善前,W03,28nm MCU,ETCH-07,B,Plasma Etch,top_right_cluster,右上局部簇状失效，怀疑 chamber B 粒子污染,执行 chamber PM 与 particle clean,5,25,-11.0,9.0,PASS,pass
LOT-A,改善前,W03,28nm MCU,ETCH-07,B,Plasma Etch,top_right_cluster,右上局部簇状失效，怀疑 chamber B 粒子污染,执行 chamber PM 与 particle clean,6,25,-10.0,9.0,PASS,pass
LOT-A,改善前,W03,28nm MCU,ETCH-07,B,Plasma Etch,top_right_cluster,右上局部簇状失效，怀疑 chamber B 粒子污染,执行 chamber PM 与 particle clean,7,25,-9.0,9.0,PASS,pass
LOT-A,改善前,W03,28nm MCU,ETCH-07,B,Plasma Etch,top_right_cluster,右上局部簇状失效，怀疑 chamber B 粒子污染,执行 chamber PM 与 particle clean,8,25,-8.0,9.0,PASS,pass
LOT-A,改善前,W03,28nm MCU,ETCH-07,B,Plasma Etch,top_right_cluster,右上局部簇状失效，怀疑 chamber B 粒子污染,执行 chamber PM 与 particle clean,9,25,-7.0,9.0,PASS,pass
LOT-A,改善前,W03,28nm MCU,ETCH-07,B,Plasma Etch,top_right_cluster,右上局部簇状失效，怀疑 chamber B 粒子污染,执行 chamber PM 与 particle clean,10,25,-6.0,9.0,PASS,pass
LOT-A,改善前,W03,28nm MCU,ETCH-07,B,Plasma Etch,top_right_cluster,右上局部簇状失效，怀疑 chamber B 粒子污染,执行 chamber PM 与 particle clean,11,25,-5.0,9.0,PASS,pass
LOT-A,改善前,W03,28nm MCU,ETCH-07,B,Plasma Etch,top_right_cluster,右上局部簇状失效，怀疑 chamber B 粒子污染,执行 chamber PM 与 particle clean,12,25,-4.0,9.0,PASS,pass
LOT-A,改善前,W03,28nm MCU,ETCH-07,B,Plasma Etch,top_right_cluster,右上局部簇状失效，怀疑 chamber B 粒子污染,执行 chamber PM 与 particle clean,13,25,-3.0,9.0,PASS,pass
LOT-A,改善前,W03,28nm MCU,ETCH-07,B,Plasma Etch,top_right_cluster,右上局部簇状失效，怀疑 chamber B 粒子污染,执行 chamber PM 与 particle clean,14,25,-2.0,9.0,PASS,pass
LOT-A,改善前,W03,28nm MCU,ETCH-07,B,Plasma Etch,top_right_cluster,右上局部簇状失效，怀疑 chamber B 粒子污染,执行 chamber PM 与 particle clean,15,25,-1.0,9.0,PASS,pass
LOT-A,改善前,W03,28nm MCU,ETCH-07,B,Plasma Etch,top_right_cluster,右上局部簇状失效，怀疑 chamber B 粒子污染,执行 chamber PM 与 particle clean,16,25,0.0,9.0,PASS,pass
LOT-A,改善前,W03,28nm MCU,ETCH-07,B,Plasma Etch,top_right_cluster,右上局部簇状失效，怀疑 chamber B 粒子污染,执行 chamber PM 与 particle clean,17,25,1.0,9.0,PASS,pass
LOT-A,改善前,W03,28nm MCU,ETCH-07,B,Plasma Etch,top_right_cluster,右上局部簇状失效，怀疑 chamber B 粒子污染,执行 chamber PM 与 particle clean,18,25,2.0,9.0,PASS,pass
LOT-A,改善前,W03,28nm MCU,ETCH-07,B,Plasma Etch,top_right_cluster,右上局部簇状失效，怀疑 chamber B 粒子污染,执行 chamber PM 与 particle clean,19,25,3.0,9.0,PASS,pass
LOT-A,改善前,W03,28nm MCU,ETCH-07,B,Plasma Etch,top_right_cluster,右上局部簇状失效，怀疑 chamber B 粒子污染,执行 chamber PM 与 particle clean,20,25,4.0,9.0,PASS,pass
LOT-A,改善前,W03,28nm MCU,ETCH-07,B,Plasma Etch,top_right_cluster,右上局部簇状失效，怀疑 chamber B 粒子污染,执行 chamber PM 与 particle clean,21,25,5.0,9.0,PASS,pass
LOT-A,改善前,W03,28nm MCU,ETCH-07,B,Plasma Etch,top_right_cluster,右上局部簇状失效，怀疑 chamber B 粒子污染,执行 chamber PM 与 particle clean,22,25,6.0,9.0,PASS,pass
LOT-A,改善前,W03,28nm MCU,ETCH-07,B,Plasma Etch,top_right_cluster,右上局部簇状失效，怀疑 chamber B 粒子污染,执行 chamber PM 与 particle clean,23,25,7.0,9.0,PASS,pass
LOT-A,改善前,W03,28nm MCU,ETCH-07,B,Plasma Etch,top_right_cluster,右上局部簇状失效，怀疑 chamber B 粒子污染,执行 chamber PM 与 particle clean,24,25,8.0,9.0,PASS,pass
LOT-A,改善前,W03,28nm MCU,ETCH-07,B,Plasma Etch,top_right_cluster,右上局部簇状失效，怀疑 chamber B 粒子污染,执行 chamber PM 与 particle clean,25,25,9.0,9.0,PASS,pass
LOT-A,改善前,W03,28nm MCU,ETCH-07,B,Plasma Etch,top_right_cluster,右上局部簇状失效，怀疑 chamber B 粒子污染,执行 chamber PM 与 particle clean,26,25,10.0,9.0,PASS,pass
LOT-A,改善前,W03,28nm MCU,ETCH-07,B,Plasma Etch,top_right_cluster,右上局部簇状失效，怀疑 chamber B 粒子污染,执行 chamber PM 与 particle clean,27,25,11.0,9.0,PASS,pass
LOT-A,改善前,W03,28nm MCU,ETCH-07,B,Plasma Etch,top_right_cluster,右上局部簇状失效，怀疑 chamber B 粒子污染,执行 chamber PM 与 particle clean,6,26,-10.0,10.0,PASS,pass
LOT-A,改善前,W03,28nm MCU,ETCH-07,B,Plasma Etch,top_right_cluster,右上局部簇状失效，怀疑 chamber B 粒子污染,执行 chamber PM 与 particle clean,7,26,-9.0,10.0,PASS,pass
LOT-A,改善前,W03,28nm MCU,ETCH-07,B,Plasma Etch,top_right_cluster,右上局部簇状失效，怀疑 chamber B 粒子污染,执行 chamber PM 与 particle clean,8,26,-8.0,10.0,PASS,pass
LOT-A,改善前,W03,28nm MCU,ETCH-07,B,Plasma Etch,top_right_cluster,右上局部簇状失效，怀疑 chamber B 粒子污染,执行 chamber PM 与 particle clean,9,26,-7.0,10.0,PASS,pass
LOT-A,改善前,W03,28nm MCU,ETCH-07,B,Plasma Etch,top_right_cluster,右上局部簇状失效，怀疑 chamber B 粒子污染,执行 chamber PM 与 particle clean,10,26,-6.0,10.0,PASS,pass
LOT-A,改善前,W03,28nm MCU,ETCH-07,B,Plasma Etch,top_right_cluster,右上局部簇状失效，怀疑 chamber B 粒子污染,执行 chamber PM 与 particle clean,11,26,-5.0,10.0,PASS,pass
LOT-A,改善前,W03,28nm MCU,ETCH-07,B,Plasma Etch,top_right_cluster,右上局部簇状失效，怀疑 chamber B 粒子污染,执行 chamber PM 与 particle clean,12,26,-4.0,10.0,PASS,pass
LOT-A,改善前,W03,28nm MCU,ETCH-07,B,Plasma Etch,top_right_cluster,右上局部簇状失效，怀疑 chamber B 粒子污染,执行 chamber PM 与 particle clean,13,26,-3.0,10.0,PASS,pass
LOT-A,改善前,W03,28nm MCU,ETCH-07,B,Plasma Etch,top_right_cluster,右上局部簇状失效，怀疑 chamber B 粒子污染,执行 chamber PM 与 particle clean,14,26,-2.0,10.0,PASS,pass
LOT-A,改善前,W03,28nm MCU,ETCH-07,B,Plasma Etch,top_right_cluster,右上局部簇状失效，怀疑 chamber B 粒子污染,执行 chamber PM 与 particle clean,15,26,-1.0,10.0,PASS,pass
LOT-A,改善前,W03,28nm MCU,ETCH-07,B,Plasma Etch,top_right_cluster,右上局部簇状失效，怀疑 chamber B 粒子污染,执行 chamber PM 与 particle clean,16,26,0.0,10.0,PASS,pass
LOT-A,改善前,W03,28nm MCU,ETCH-07,B,Plasma Etch,top_right_cluster,右上局部簇状失效，怀疑 chamber B 粒子污染,执行 chamber PM 与 particle clean,17,26,1.0,10.0,PASS,pass
LOT-A,改善前,W03,28nm MCU,ETCH-07,B,Plasma Etch,top_right_cluster,右上局部簇状失效，怀疑 chamber B 粒子污染,执行 chamber PM 与 particle clean,18,26,2.0,10.0,PASS,pass
LOT-A,改善前,W03,28nm MCU,ETCH-07,B,Plasma Etch,top_right_cluster,右上局部簇状失效，怀疑 chamber B 粒子污染,执行 chamber PM 与 particle clean,19,26,3.0,10.0,PASS,pass
LOT-A,改善前,W03,28nm MCU,ETCH-07,B,Plasma Etch,top_right_cluster,右上局部簇状失效，怀疑 chamber B 粒子污染,执行 chamber PM 与 particle clean,20,26,4.0,10.0,PASS,pass
LOT-A,改善前,W03,28nm MCU,ETCH-07,B,Plasma Etch,top_right_cluster,右上局部簇状失效，怀疑 chamber B 粒子污染,执行 chamber PM 与 particle clean,21,26,5.0,10.0,PASS,pass
LOT-A,改善前,W03,28nm MCU,ETCH-07,B,Plasma Etch,top_right_cluster,右上局部簇状失效，怀疑 chamber B 粒子污染,执行 chamber PM 与 particle clean,22,26,6.0,10.0,PASS,pass
LOT-A,改善前,W03,28nm MCU,ETCH-07,B,Plasma Etch,top_right_cluster,右上局部簇状失效，怀疑 chamber B 粒子污染,执行 chamber PM 与 particle clean,23,26,7.0,10.0,PASS,pass
LOT-A,改善前,W03,28nm MCU,ETCH-07,B,Plasma Etch,top_right_cluster,右上局部簇状失效，怀疑 chamber B 粒子污染,执行 chamber PM 与 particle clean,24,26,8.0,10.0,PASS,pass
LOT-A,改善前,W03,28nm MCU,ETCH-07,B,Plasma Etch,top_right_cluster,右上局部簇状失效，怀疑 chamber B 粒子污染,执行 chamber PM 与 particle clean,25,26,9.0,10.0,PASS,pass
LOT-A,改善前,W03,28nm MCU,ETCH-07,B,Plasma Etch,top_right_cluster,右上局部簇状失效，怀疑 chamber B 粒子污染,执行 chamber PM 与 particle clean,26,26,10.0,10.0,PASS,pass
LOT-A,改善前,W03,28nm MCU,ETCH-07,B,Plasma Etch,top_right_cluster,右上局部簇状失效，怀疑 chamber B 粒子污染,执行 chamber PM 与 particle clean,7,27,-9.0,11.0,PASS,pass
LOT-A,改善前,W03,28nm MCU,ETCH-07,B,Plasma Etch,top_right_cluster,右上局部簇状失效，怀疑 chamber B 粒子污染,执行 chamber PM 与 particle clean,8,27,-8.0,11.0,PASS,pass
LOT-A,改善前,W03,28nm MCU,ETCH-07,B,Plasma Etch,top_right_cluster,右上局部簇状失效，怀疑 chamber B 粒子污染,执行 chamber PM 与 particle clean,9,27,-7.0,11.0,PASS,pass
LOT-A,改善前,W03,28nm MCU,ETCH-07,B,Plasma Etch,top_right_cluster,右上局部簇状失效，怀疑 chamber B 粒子污染,执行 chamber PM 与 particle clean,10,27,-6.0,11.0,PASS,pass
LOT-A,改善前,W03,28nm MCU,ETCH-07,B,Plasma Etch,top_right_cluster,右上局部簇状失效，怀疑 chamber B 粒子污染,执行 chamber PM 与 particle clean,11,27,-5.0,11.0,PASS,pass
LOT-A,改善前,W03,28nm MCU,ETCH-07,B,Plasma Etch,top_right_cluster,右上局部簇状失效，怀疑 chamber B 粒子污染,执行 chamber PM 与 particle clean,12,27,-4.0,11.0,PASS,pass
LOT-A,改善前,W03,28nm MCU,ETCH-07,B,Plasma Etch,top_right_cluster,右上局部簇状失效，怀疑 chamber B 粒子污染,执行 chamber PM 与 particle clean,13,27,-3.0,11.0,PASS,pass
LOT-A,改善前,W03,28nm MCU,ETCH-07,B,Plasma Etch,top_right_cluster,右上局部簇状失效，怀疑 chamber B 粒子污染,执行 chamber PM 与 particle clean,14,27,-2.0,11.0,PASS,pass
LOT-A,改善前,W03,28nm MCU,ETCH-07,B,Plasma Etch,top_right_cluster,右上局部簇状失效，怀疑 chamber B 粒子污染,执行 chamber PM 与 particle clean,15,27,-1.0,11.0,PASS,pass
LOT-A,改善前,W03,28nm MCU,ETCH-07,B,Plasma Etch,top_right_cluster,右上局部簇状失效，怀疑 chamber B 粒子污染,执行 chamber PM 与 particle clean,16,27,0.0,11.0,PASS,pass
LOT-A,改善前,W03,28nm MCU,ETCH-07,B,Plasma Etch,top_right_cluster,右上局部簇状失效，怀疑 chamber B 粒子污染,执行 chamber PM 与 particle clean,17,27,1.0,11.0,PASS,pass
LOT-A,改善前,W03,28nm MCU,ETCH-07,B,Plasma Etch,top_right_cluster,右上局部簇状失效，怀疑 chamber B 粒子污染,执行 chamber PM 与 particle clean,18,27,2.0,11.0,PASS,pass
LOT-A,改善前,W03,28nm MCU,ETCH-07,B,Plasma Etch,top_right_cluster,右上局部簇状失效，怀疑 chamber B 粒子污染,执行 chamber PM 与 particle clean,19,27,3.0,11.0,PASS,pass
LOT-A,改善前,W03,28nm MCU,ETCH-07,B,Plasma Etch,top_right_cluster,右上局部簇状失效，怀疑 chamber B 粒子污染,执行 chamber PM 与 particle clean,20,27,4.0,11.0,PASS,pass
LOT-A,改善前,W03,28nm MCU,ETCH-07,B,Plasma Etch,top_right_cluster,右上局部簇状失效，怀疑 chamber B 粒子污染,执行 chamber PM 与 particle clean,21,27,5.0,11.0,FAIL,random
LOT-A,改善前,W03,28nm MCU,ETCH-07,B,Plasma Etch,top_right_cluster,右上局部簇状失效，怀疑 chamber B 粒子污染,执行 chamber PM 与 particle clean,22,27,6.0,11.0,PASS,pass
LOT-A,改善前,W03,28nm MCU,ETCH-07,B,Plasma Etch,top_right_cluster,右上局部簇状失效，怀疑 chamber B 粒子污染,执行 chamber PM 与 particle clean,23,27,7.0,11.0,PASS,pass
LOT-A,改善前,W03,28nm MCU,ETCH-07,B,Plasma Etch,top_right_cluster,右上局部簇状失效，怀疑 chamber B 粒子污染,执行 chamber PM 与 particle clean,24,27,8.0,11.0,PASS,pass
LOT-A,改善前,W03,28nm MCU,ETCH-07,B,Plasma Etch,top_right_cluster,右上局部簇状失效，怀疑 chamber B 粒子污染,执行 chamber PM 与 particle clean,25,27,9.0,11.0,PASS,pass
LOT-A,改善前,W03,28nm MCU,ETCH-07,B,Plasma Etch,top_right_cluster,右上局部簇状失效，怀疑 chamber B 粒子污染,执行 chamber PM 与 particle clean,8,28,-8.0,12.0,PASS,pass
LOT-A,改善前,W03,28nm MCU,ETCH-07,B,Plasma Etch,top_right_cluster,右上局部簇状失效，怀疑 chamber B 粒子污染,执行 chamber PM 与 particle clean,9,28,-7.0,12.0,PASS,pass
LOT-A,改善前,W03,28nm MCU,ETCH-07,B,Plasma Etch,top_right_cluster,右上局部簇状失效，怀疑 chamber B 粒子污染,执行 chamber PM 与 particle clean,10,28,-6.0,12.0,PASS,pass
LOT-A,改善前,W03,28nm MCU,ETCH-07,B,Plasma Etch,top_right_cluster,右上局部簇状失效，怀疑 chamber B 粒子污染,执行 chamber PM 与 particle clean,11,28,-5.0,12.0,PASS,pass
LOT-A,改善前,W03,28nm MCU,ETCH-07,B,Plasma Etch,top_right_cluster,右上局部簇状失效，怀疑 chamber B 粒子污染,执行 chamber PM 与 particle clean,12,28,-4.0,12.0,PASS,pass
LOT-A,改善前,W03,28nm MCU,ETCH-07,B,Plasma Etch,top_right_cluster,右上局部簇状失效，怀疑 chamber B 粒子污染,执行 chamber PM 与 particle clean,13,28,-3.0,12.0,PASS,pass
LOT-A,改善前,W03,28nm MCU,ETCH-07,B,Plasma Etch,top_right_cluster,右上局部簇状失效，怀疑 chamber B 粒子污染,执行 chamber PM 与 particle clean,14,28,-2.0,12.0,PASS,pass
LOT-A,改善前,W03,28nm MCU,ETCH-07,B,Plasma Etch,top_right_cluster,右上局部簇状失效，怀疑 chamber B 粒子污染,执行 chamber PM 与 particle clean,15,28,-1.0,12.0,PASS,pass
LOT-A,改善前,W03,28nm MCU,ETCH-07,B,Plasma Etch,top_right_cluster,右上局部簇状失效，怀疑 chamber B 粒子污染,执行 chamber PM 与 particle clean,16,28,0.0,12.0,PASS,pass
LOT-A,改善前,W03,28nm MCU,ETCH-07,B,Plasma Etch,top_right_cluster,右上局部簇状失效，怀疑 chamber B 粒子污染,执行 chamber PM 与 particle clean,17,28,1.0,12.0,PASS,pass
LOT-A,改善前,W03,28nm MCU,ETCH-07,B,Plasma Etch,top_right_cluster,右上局部簇状失效，怀疑 chamber B 粒子污染,执行 chamber PM 与 particle clean,18,28,2.0,12.0,PASS,pass
LOT-A,改善前,W03,28nm MCU,ETCH-07,B,Plasma Etch,top_right_cluster,右上局部簇状失效，怀疑 chamber B 粒子污染,执行 chamber PM 与 particle clean,19,28,3.0,12.0,PASS,pass
LOT-A,改善前,W03,28nm MCU,ETCH-07,B,Plasma Etch,top_right_cluster,右上局部簇状失效，怀疑 chamber B 粒子污染,执行 chamber PM 与 particle clean,20,28,4.0,12.0,PASS,pass
LOT-A,改善前,W03,28nm MCU,ETCH-07,B,Plasma Etch,top_right_cluster,右上局部簇状失效，怀疑 chamber B 粒子污染,执行 chamber PM 与 particle clean,21,28,5.0,12.0,PASS,pass
LOT-A,改善前,W03,28nm MCU,ETCH-07,B,Plasma Etch,top_right_cluster,右上局部簇状失效，怀疑 chamber B 粒子污染,执行 chamber PM 与 particle clean,22,28,6.0,12.0,PASS,pass
LOT-A,改善前,W03,28nm MCU,ETCH-07,B,Plasma Etch,top_right_cluster,右上局部簇状失效，怀疑 chamber B 粒子污染,执行 chamber PM 与 particle clean,23,28,7.0,12.0,PASS,pass
LOT-A,改善前,W03,28nm MCU,ETCH-07,B,Plasma Etch,top_right_cluster,右上局部簇状失效，怀疑 chamber B 粒子污染,执行 chamber PM 与 particle clean,24,28,8.0,12.0,PASS,pass
LOT-A,改善前,W03,28nm MCU,ETCH-07,B,Plasma Etch,top_right_cluster,右上局部簇状失效，怀疑 chamber B 粒子污染,执行 chamber PM 与 particle clean,9,29,-7.0,13.0,PASS,pass
LOT-A,改善前,W03,28nm MCU,ETCH-07,B,Plasma Etch,top_right_cluster,右上局部簇状失效，怀疑 chamber B 粒子污染,执行 chamber PM 与 particle clean,10,29,-6.0,13.0,PASS,pass
LOT-A,改善前,W03,28nm MCU,ETCH-07,B,Plasma Etch,top_right_cluster,右上局部簇状失效，怀疑 chamber B 粒子污染,执行 chamber PM 与 particle clean,11,29,-5.0,13.0,PASS,pass
LOT-A,改善前,W03,28nm MCU,ETCH-07,B,Plasma Etch,top_right_cluster,右上局部簇状失效，怀疑 chamber B 粒子污染,执行 chamber PM 与 particle clean,12,29,-4.0,13.0,PASS,pass
LOT-A,改善前,W03,28nm MCU,ETCH-07,B,Plasma Etch,top_right_cluster,右上局部簇状失效，怀疑 chamber B 粒子污染,执行 chamber PM 与 particle clean,13,29,-3.0,13.0,PASS,pass
LOT-A,改善前,W03,28nm MCU,ETCH-07,B,Plasma Etch,top_right_cluster,右上局部簇状失效，怀疑 chamber B 粒子污染,执行 chamber PM 与 particle clean,14,29,-2.0,13.0,PASS,pass
LOT-A,改善前,W03,28nm MCU,ETCH-07,B,Plasma Etch,top_right_cluster,右上局部簇状失效，怀疑 chamber B 粒子污染,执行 chamber PM 与 particle clean,15,29,-1.0,13.0,PASS,pass
LOT-A,改善前,W03,28nm MCU,ETCH-07,B,Plasma Etch,top_right_cluster,右上局部簇状失效，怀疑 chamber B 粒子污染,执行 chamber PM 与 particle clean,16,29,0.0,13.0,PASS,pass
LOT-A,改善前,W03,28nm MCU,ETCH-07,B,Plasma Etch,top_right_cluster,右上局部簇状失效，怀疑 chamber B 粒子污染,执行 chamber PM 与 particle clean,17,29,1.0,13.0,PASS,pass
LOT-A,改善前,W03,28nm MCU,ETCH-07,B,Plasma Etch,top_right_cluster,右上局部簇状失效，怀疑 chamber B 粒子污染,执行 chamber PM 与 particle clean,18,29,2.0,13.0,PASS,pass
LOT-A,改善前,W03,28nm MCU,ETCH-07,B,Plasma Etch,top_right_cluster,右上局部簇状失效，怀疑 chamber B 粒子污染,执行 chamber PM 与 particle clean,19,29,3.0,13.0,PASS,pass
LOT-A,改善前,W03,28nm MCU,ETCH-07,B,Plasma Etch,top_right_cluster,右上局部簇状失效，怀疑 chamber B 粒子污染,执行 chamber PM 与 particle clean,20,29,4.0,13.0,PASS,pass
LOT-A,改善前,W03,28nm MCU,ETCH-07,B,Plasma Etch,top_right_cluster,右上局部簇状失效，怀疑 chamber B 粒子污染,执行 chamber PM 与 particle clean,21,29,5.0,13.0,PASS,pass
LOT-A,改善前,W03,28nm MCU,ETCH-07,B,Plasma Etch,top_right_cluster,右上局部簇状失效，怀疑 chamber B 粒子污染,执行 chamber PM 与 particle clean,22,29,6.0,13.0,PASS,pass
LOT-A,改善前,W03,28nm MCU,ETCH-07,B,Plasma Etch,top_right_cluster,右上局部簇状失效，怀疑 chamber B 粒子污染,执行 chamber PM 与 particle clean,23,29,7.0,13.0,PASS,pass
LOT-A,改善前,W03,28nm MCU,ETCH-07,B,Plasma Etch,top_right_cluster,右上局部簇状失效，怀疑 chamber B 粒子污染,执行 chamber PM 与 particle clean,12,30,-4.0,14.0,PASS,pass
LOT-A,改善前,W03,28nm MCU,ETCH-07,B,Plasma Etch,top_right_cluster,右上局部簇状失效，怀疑 chamber B 粒子污染,执行 chamber PM 与 particle clean,13,30,-3.0,14.0,PASS,pass
LOT-A,改善前,W03,28nm MCU,ETCH-07,B,Plasma Etch,top_right_cluster,右上局部簇状失效，怀疑 chamber B 粒子污染,执行 chamber PM 与 particle clean,14,30,-2.0,14.0,PASS,pass
LOT-A,改善前,W03,28nm MCU,ETCH-07,B,Plasma Etch,top_right_cluster,右上局部簇状失效，怀疑 chamber B 粒子污染,执行 chamber PM 与 particle clean,15,30,-1.0,14.0,PASS,pass
LOT-A,改善前,W03,28nm MCU,ETCH-07,B,Plasma Etch,top_right_cluster,右上局部簇状失效，怀疑 chamber B 粒子污染,执行 chamber PM 与 particle clean,16,30,0.0,14.0,PASS,pass
LOT-A,改善前,W03,28nm MCU,ETCH-07,B,Plasma Etch,top_right_cluster,右上局部簇状失效，怀疑 chamber B 粒子污染,执行 chamber PM 与 particle clean,17,30,1.0,14.0,PASS,pass
LOT-A,改善前,W03,28nm MCU,ETCH-07,B,Plasma Etch,top_right_cluster,右上局部簇状失效，怀疑 chamber B 粒子污染,执行 chamber PM 与 particle clean,18,30,2.0,14.0,PASS,pass
LOT-A,改善前,W03,28nm MCU,ETCH-07,B,Plasma Etch,top_right_cluster,右上局部簇状失效，怀疑 chamber B 粒子污染,执行 chamber PM 与 particle clean,19,30,3.0,14.0,PASS,pass
LOT-A,改善前,W03,28nm MCU,ETCH-07,B,Plasma Etch,top_right_cluster,右上局部簇状失效，怀疑 chamber B 粒子污染,执行 chamber PM 与 particle clean,20,30,4.0,14.0,PASS,pass
LOT-A,改善前,W04,28nm MCU,ETCH-07,B,Plasma Etch,top_right_cluster,右上局部簇状失效，怀疑 chamber B 粒子污染,执行 chamber PM 与 particle clean,12,2,-4.0,-14.0,PASS,pass
LOT-A,改善前,W04,28nm MCU,ETCH-07,B,Plasma Etch,top_right_cluster,右上局部簇状失效，怀疑 chamber B 粒子污染,执行 chamber PM 与 particle clean,13,2,-3.0,-14.0,PASS,pass
LOT-A,改善前,W04,28nm MCU,ETCH-07,B,Plasma Etch,top_right_cluster,右上局部簇状失效，怀疑 chamber B 粒子污染,执行 chamber PM 与 particle clean,14,2,-2.0,-14.0,PASS,pass
LOT-A,改善前,W04,28nm MCU,ETCH-07,B,Plasma Etch,top_right_cluster,右上局部簇状失效，怀疑 chamber B 粒子污染,执行 chamber PM 与 particle clean,15,2,-1.0,-14.0,PASS,pass
LOT-A,改善前,W04,28nm MCU,ETCH-07,B,Plasma Etch,top_right_cluster,右上局部簇状失效，怀疑 chamber B 粒子污染,执行 chamber PM 与 particle clean,16,2,0.0,-14.0,PASS,pass
LOT-A,改善前,W04,28nm MCU,ETCH-07,B,Plasma Etch,top_right_cluster,右上局部簇状失效，怀疑 chamber B 粒子污染,执行 chamber PM 与 particle clean,17,2,1.0,-14.0,PASS,pass
LOT-A,改善前,W04,28nm MCU,ETCH-07,B,Plasma Etch,top_right_cluster,右上局部簇状失效，怀疑 chamber B 粒子污染,执行 chamber PM 与 particle clean,18,2,2.0,-14.0,PASS,pass
LOT-A,改善前,W04,28nm MCU,ETCH-07,B,Plasma Etch,top_right_cluster,右上局部簇状失效，怀疑 chamber B 粒子污染,执行 chamber PM 与 particle clean,19,2,3.0,-14.0,PASS,pass
LOT-A,改善前,W04,28nm MCU,ETCH-07,B,Plasma Etch,top_right_cluster,右上局部簇状失效，怀疑 chamber B 粒子污染,执行 chamber PM 与 particle clean,20,2,4.0,-14.0,PASS,pass
LOT-A,改善前,W04,28nm MCU,ETCH-07,B,Plasma Etch,top_right_cluster,右上局部簇状失效，怀疑 chamber B 粒子污染,执行 chamber PM 与 particle clean,9,3,-7.0,-13.0,PASS,pass
LOT-A,改善前,W04,28nm MCU,ETCH-07,B,Plasma Etch,top_right_cluster,右上局部簇状失效，怀疑 chamber B 粒子污染,执行 chamber PM 与 particle clean,10,3,-6.0,-13.0,FAIL,random
LOT-A,改善前,W04,28nm MCU,ETCH-07,B,Plasma Etch,top_right_cluster,右上局部簇状失效，怀疑 chamber B 粒子污染,执行 chamber PM 与 particle clean,11,3,-5.0,-13.0,PASS,pass
LOT-A,改善前,W04,28nm MCU,ETCH-07,B,Plasma Etch,top_right_cluster,右上局部簇状失效，怀疑 chamber B 粒子污染,执行 chamber PM 与 particle clean,12,3,-4.0,-13.0,PASS,pass
LOT-A,改善前,W04,28nm MCU,ETCH-07,B,Plasma Etch,top_right_cluster,右上局部簇状失效，怀疑 chamber B 粒子污染,执行 chamber PM 与 particle clean,13,3,-3.0,-13.0,PASS,pass
LOT-A,改善前,W04,28nm MCU,ETCH-07,B,Plasma Etch,top_right_cluster,右上局部簇状失效，怀疑 chamber B 粒子污染,执行 chamber PM 与 particle clean,14,3,-2.0,-13.0,PASS,pass
LOT-A,改善前,W04,28nm MCU,ETCH-07,B,Plasma Etch,top_right_cluster,右上局部簇状失效，怀疑 chamber B 粒子污染,执行 chamber PM 与 particle clean,15,3,-1.0,-13.0,PASS,pass
LOT-A,改善前,W04,28nm MCU,ETCH-07,B,Plasma Etch,top_right_cluster,右上局部簇状失效，怀疑 chamber B 粒子污染,执行 chamber PM 与 particle clean,16,3,0.0,-13.0,PASS,pass
LOT-A,改善前,W04,28nm MCU,ETCH-07,B,Plasma Etch,top_right_cluster,右上局部簇状失效，怀疑 chamber B 粒子污染,执行 chamber PM 与 particle clean,17,3,1.0,-13.0,PASS,pass
LOT-A,改善前,W04,28nm MCU,ETCH-07,B,Plasma Etch,top_right_cluster,右上局部簇状失效，怀疑 chamber B 粒子污染,执行 chamber PM 与 particle clean,18,3,2.0,-13.0,PASS,pass
LOT-A,改善前,W04,28nm MCU,ETCH-07,B,Plasma Etch,top_right_cluster,右上局部簇状失效，怀疑 chamber B 粒子污染,执行 chamber PM 与 particle clean,19,3,3.0,-13.0,PASS,pass
LOT-A,改善前,W04,28nm MCU,ETCH-07,B,Plasma Etch,top_right_cluster,右上局部簇状失效，怀疑 chamber B 粒子污染,执行 chamber PM 与 particle clean,20,3,4.0,-13.0,PASS,pass
LOT-A,改善前,W04,28nm MCU,ETCH-07,B,Plasma Etch,top_right_cluster,右上局部簇状失效，怀疑 chamber B 粒子污染,执行 chamber PM 与 particle clean,21,3,5.0,-13.0,PASS,pass
LOT-A,改善前,W04,28nm MCU,ETCH-07,B,Plasma Etch,top_right_cluster,右上局部簇状失效，怀疑 chamber B 粒子污染,执行 chamber PM 与 particle clean,22,3,6.0,-13.0,PASS,pass
LOT-A,改善前,W04,28nm MCU,ETCH-07,B,Plasma Etch,top_right_cluster,右上局部簇状失效，怀疑 chamber B 粒子污染,执行 chamber PM 与 particle clean,23,3,7.0,-13.0,FAIL,top_right_cluster
LOT-A,改善前,W04,28nm MCU,ETCH-07,B,Plasma Etch,top_right_cluster,右上局部簇状失效，怀疑 chamber B 粒子污染,执行 chamber PM 与 particle clean,8,4,-8.0,-12.0,PASS,pass
LOT-A,改善前,W04,28nm MCU,ETCH-07,B,Plasma Etch,top_right_cluster,右上局部簇状失效，怀疑 chamber B 粒子污染,执行 chamber PM 与 particle clean,9,4,-7.0,-12.0,PASS,pass
LOT-A,改善前,W04,28nm MCU,ETCH-07,B,Plasma Etch,top_right_cluster,右上局部簇状失效，怀疑 chamber B 粒子污染,执行 chamber PM 与 particle clean,10,4,-6.0,-12.0,PASS,pass
LOT-A,改善前,W04,28nm MCU,ETCH-07,B,Plasma Etch,top_right_cluster,右上局部簇状失效，怀疑 chamber B 粒子污染,执行 chamber PM 与 particle clean,11,4,-5.0,-12.0,PASS,pass
LOT-A,改善前,W04,28nm MCU,ETCH-07,B,Plasma Etch,top_right_cluster,右上局部簇状失效，怀疑 chamber B 粒子污染,执行 chamber PM 与 particle clean,12,4,-4.0,-12.0,PASS,pass
LOT-A,改善前,W04,28nm MCU,ETCH-07,B,Plasma Etch,top_right_cluster,右上局部簇状失效，怀疑 chamber B 粒子污染,执行 chamber PM 与 particle clean,13,4,-3.0,-12.0,PASS,pass
LOT-A,改善前,W04,28nm MCU,ETCH-07,B,Plasma Etch,top_right_cluster,右上局部簇状失效，怀疑 chamber B 粒子污染,执行 chamber PM 与 particle clean,14,4,-2.0,-12.0,PASS,pass
LOT-A,改善前,W04,28nm MCU,ETCH-07,B,Plasma Etch,top_right_cluster,右上局部簇状失效，怀疑 chamber B 粒子污染,执行 chamber PM 与 particle clean,15,4,-1.0,-12.0,PASS,pass
LOT-A,改善前,W04,28nm MCU,ETCH-07,B,Plasma Etch,top_right_cluster,右上局部簇状失效，怀疑 chamber B 粒子污染,执行 chamber PM 与 particle clean,16,4,0.0,-12.0,PASS,pass
LOT-A,改善前,W04,28nm MCU,ETCH-07,B,Plasma Etch,top_right_cluster,右上局部簇状失效，怀疑 chamber B 粒子污染,执行 chamber PM 与 particle clean,17,4,1.0,-12.0,PASS,pass
LOT-A,改善前,W04,28nm MCU,ETCH-07,B,Plasma Etch,top_right_cluster,右上局部簇状失效，怀疑 chamber B 粒子污染,执行 chamber PM 与 particle clean,18,4,2.0,-12.0,PASS,pass
LOT-A,改善前,W04,28nm MCU,ETCH-07,B,Plasma Etch,top_right_cluster,右上局部簇状失效，怀疑 chamber B 粒子污染,执行 chamber PM 与 particle clean,19,4,3.0,-12.0,PASS,pass
LOT-A,改善前,W04,28nm MCU,ETCH-07,B,Plasma Etch,top_right_cluster,右上局部簇状失效，怀疑 chamber B 粒子污染,执行 chamber PM 与 particle clean,20,4,4.0,-12.0,PASS,pass
LOT-A,改善前,W04,28nm MCU,ETCH-07,B,Plasma Etch,top_right_cluster,右上局部簇状失效，怀疑 chamber B 粒子污染,执行 chamber PM 与 particle clean,21,4,5.0,-12.0,FAIL,top_right_cluster
LOT-A,改善前,W04,28nm MCU,ETCH-07,B,Plasma Etch,top_right_cluster,右上局部簇状失效，怀疑 chamber B 粒子污染,执行 chamber PM 与 particle clean,22,4,6.0,-12.0,FAIL,top_right_cluster
LOT-A,改善前,W04,28nm MCU,ETCH-07,B,Plasma Etch,top_right_cluster,右上局部簇状失效，怀疑 chamber B 粒子污染,执行 chamber PM 与 particle clean,23,4,7.0,-12.0,FAIL,top_right_cluster
LOT-A,改善前,W04,28nm MCU,ETCH-07,B,Plasma Etch,top_right_cluster,右上局部簇状失效，怀疑 chamber B 粒子污染,执行 chamber PM 与 particle clean,24,4,8.0,-12.0,PASS,pass
LOT-A,改善前,W04,28nm MCU,ETCH-07,B,Plasma Etch,top_right_cluster,右上局部簇状失效，怀疑 chamber B 粒子污染,执行 chamber PM 与 particle clean,7,5,-9.0,-11.0,PASS,pass
LOT-A,改善前,W04,28nm MCU,ETCH-07,B,Plasma Etch,top_right_cluster,右上局部簇状失效，怀疑 chamber B 粒子污染,执行 chamber PM 与 particle clean,8,5,-8.0,-11.0,PASS,pass
LOT-A,改善前,W04,28nm MCU,ETCH-07,B,Plasma Etch,top_right_cluster,右上局部簇状失效，怀疑 chamber B 粒子污染,执行 chamber PM 与 particle clean,9,5,-7.0,-11.0,PASS,pass
LOT-A,改善前,W04,28nm MCU,ETCH-07,B,Plasma Etch,top_right_cluster,右上局部簇状失效，怀疑 chamber B 粒子污染,执行 chamber PM 与 particle clean,10,5,-6.0,-11.0,PASS,pass
LOT-A,改善前,W04,28nm MCU,ETCH-07,B,Plasma Etch,top_right_cluster,右上局部簇状失效，怀疑 chamber B 粒子污染,执行 chamber PM 与 particle clean,11,5,-5.0,-11.0,PASS,pass
LOT-A,改善前,W04,28nm MCU,ETCH-07,B,Plasma Etch,top_right_cluster,右上局部簇状失效，怀疑 chamber B 粒子污染,执行 chamber PM 与 particle clean,12,5,-4.0,-11.0,PASS,pass
LOT-A,改善前,W04,28nm MCU,ETCH-07,B,Plasma Etch,top_right_cluster,右上局部簇状失效，怀疑 chamber B 粒子污染,执行 chamber PM 与 particle clean,13,5,-3.0,-11.0,PASS,pass
LOT-A,改善前,W04,28nm MCU,ETCH-07,B,Plasma Etch,top_right_cluster,右上局部簇状失效，怀疑 chamber B 粒子污染,执行 chamber PM 与 particle clean,14,5,-2.0,-11.0,PASS,pass
LOT-A,改善前,W04,28nm MCU,ETCH-07,B,Plasma Etch,top_right_cluster,右上局部簇状失效，怀疑 chamber B 粒子污染,执行 chamber PM 与 particle clean,15,5,-1.0,-11.0,PASS,pass
LOT-A,改善前,W04,28nm MCU,ETCH-07,B,Plasma Etch,top_right_cluster,右上局部簇状失效，怀疑 chamber B 粒子污染,执行 chamber PM 与 particle clean,16,5,0.0,-11.0,PASS,pass
LOT-A,改善前,W04,28nm MCU,ETCH-07,B,Plasma Etch,top_right_cluster,右上局部簇状失效，怀疑 chamber B 粒子污染,执行 chamber PM 与 particle clean,17,5,1.0,-11.0,PASS,pass
LOT-A,改善前,W04,28nm MCU,ETCH-07,B,Plasma Etch,top_right_cluster,右上局部簇状失效，怀疑 chamber B 粒子污染,执行 chamber PM 与 particle clean,18,5,2.0,-11.0,PASS,pass
LOT-A,改善前,W04,28nm MCU,ETCH-07,B,Plasma Etch,top_right_cluster,右上局部簇状失效，怀疑 chamber B 粒子污染,执行 chamber PM 与 particle clean,19,5,3.0,-11.0,PASS,pass
LOT-A,改善前,W04,28nm MCU,ETCH-07,B,Plasma Etch,top_right_cluster,右上局部簇状失效，怀疑 chamber B 粒子污染,执行 chamber PM 与 particle clean,20,5,4.0,-11.0,FAIL,top_right_cluster
LOT-A,改善前,W04,28nm MCU,ETCH-07,B,Plasma Etch,top_right_cluster,右上局部簇状失效，怀疑 chamber B 粒子污染,执行 chamber PM 与 particle clean,21,5,5.0,-11.0,FAIL,top_right_cluster
LOT-A,改善前,W04,28nm MCU,ETCH-07,B,Plasma Etch,top_right_cluster,右上局部簇状失效，怀疑 chamber B 粒子污染,执行 chamber PM 与 particle clean,22,5,6.0,-11.0,FAIL,top_right_cluster
LOT-A,改善前,W04,28nm MCU,ETCH-07,B,Plasma Etch,top_right_cluster,右上局部簇状失效，怀疑 chamber B 粒子污染,执行 chamber PM 与 particle clean,23,5,7.0,-11.0,FAIL,random
LOT-A,改善前,W04,28nm MCU,ETCH-07,B,Plasma Etch,top_right_cluster,右上局部簇状失效，怀疑 chamber B 粒子污染,执行 chamber PM 与 particle clean,24,5,8.0,-11.0,FAIL,top_right_cluster
LOT-A,改善前,W04,28nm MCU,ETCH-07,B,Plasma Etch,top_right_cluster,右上局部簇状失效，怀疑 chamber B 粒子污染,执行 chamber PM 与 particle clean,25,5,9.0,-11.0,FAIL,top_right_cluster
LOT-A,改善前,W04,28nm MCU,ETCH-07,B,Plasma Etch,top_right_cluster,右上局部簇状失效，怀疑 chamber B 粒子污染,执行 chamber PM 与 particle clean,6,6,-10.0,-10.0,PASS,pass
LOT-A,改善前,W04,28nm MCU,ETCH-07,B,Plasma Etch,top_right_cluster,右上局部簇状失效，怀疑 chamber B 粒子污染,执行 chamber PM 与 particle clean,7,6,-9.0,-10.0,PASS,pass
LOT-A,改善前,W04,28nm MCU,ETCH-07,B,Plasma Etch,top_right_cluster,右上局部簇状失效，怀疑 chamber B 粒子污染,执行 chamber PM 与 particle clean,8,6,-8.0,-10.0,PASS,pass
LOT-A,改善前,W04,28nm MCU,ETCH-07,B,Plasma Etch,top_right_cluster,右上局部簇状失效，怀疑 chamber B 粒子污染,执行 chamber PM 与 particle clean,9,6,-7.0,-10.0,PASS,pass
LOT-A,改善前,W04,28nm MCU,ETCH-07,B,Plasma Etch,top_right_cluster,右上局部簇状失效，怀疑 chamber B 粒子污染,执行 chamber PM 与 particle clean,10,6,-6.0,-10.0,PASS,pass
LOT-A,改善前,W04,28nm MCU,ETCH-07,B,Plasma Etch,top_right_cluster,右上局部簇状失效，怀疑 chamber B 粒子污染,执行 chamber PM 与 particle clean,11,6,-5.0,-10.0,PASS,pass
LOT-A,改善前,W04,28nm MCU,ETCH-07,B,Plasma Etch,top_right_cluster,右上局部簇状失效，怀疑 chamber B 粒子污染,执行 chamber PM 与 particle clean,12,6,-4.0,-10.0,PASS,pass
LOT-A,改善前,W04,28nm MCU,ETCH-07,B,Plasma Etch,top_right_cluster,右上局部簇状失效，怀疑 chamber B 粒子污染,执行 chamber PM 与 particle clean,13,6,-3.0,-10.0,PASS,pass
LOT-A,改善前,W04,28nm MCU,ETCH-07,B,Plasma Etch,top_right_cluster,右上局部簇状失效，怀疑 chamber B 粒子污染,执行 chamber PM 与 particle clean,14,6,-2.0,-10.0,PASS,pass
LOT-A,改善前,W04,28nm MCU,ETCH-07,B,Plasma Etch,top_right_cluster,右上局部簇状失效，怀疑 chamber B 粒子污染,执行 chamber PM 与 particle clean,15,6,-1.0,-10.0,PASS,pass
LOT-A,改善前,W04,28nm MCU,ETCH-07,B,Plasma Etch,top_right_cluster,右上局部簇状失效，怀疑 chamber B 粒子污染,执行 chamber PM 与 particle clean,16,6,0.0,-10.0,PASS,pass
LOT-A,改善前,W04,28nm MCU,ETCH-07,B,Plasma Etch,top_right_cluster,右上局部簇状失效，怀疑 chamber B 粒子污染,执行 chamber PM 与 particle clean,17,6,1.0,-10.0,PASS,pass
LOT-A,改善前,W04,28nm MCU,ETCH-07,B,Plasma Etch,top_right_cluster,右上局部簇状失效，怀疑 chamber B 粒子污染,执行 chamber PM 与 particle clean,18,6,2.0,-10.0,PASS,pass
LOT-A,改善前,W04,28nm MCU,ETCH-07,B,Plasma Etch,top_right_cluster,右上局部簇状失效，怀疑 chamber B 粒子污染,执行 chamber PM 与 particle clean,19,6,3.0,-10.0,PASS,pass
LOT-A,改善前,W04,28nm MCU,ETCH-07,B,Plasma Etch,top_right_cluster,右上局部簇状失效，怀疑 chamber B 粒子污染,执行 chamber PM 与 particle clean,20,6,4.0,-10.0,PASS,pass
LOT-A,改善前,W04,28nm MCU,ETCH-07,B,Plasma Etch,top_right_cluster,右上局部簇状失效，怀疑 chamber B 粒子污染,执行 chamber PM 与 particle clean,21,6,5.0,-10.0,FAIL,top_right_cluster
LOT-A,改善前,W04,28nm MCU,ETCH-07,B,Plasma Etch,top_right_cluster,右上局部簇状失效，怀疑 chamber B 粒子污染,执行 chamber PM 与 particle clean,22,6,6.0,-10.0,FAIL,top_right_cluster
LOT-A,改善前,W04,28nm MCU,ETCH-07,B,Plasma Etch,top_right_cluster,右上局部簇状失效，怀疑 chamber B 粒子污染,执行 chamber PM 与 particle clean,23,6,7.0,-10.0,PASS,pass
LOT-A,改善前,W04,28nm MCU,ETCH-07,B,Plasma Etch,top_right_cluster,右上局部簇状失效，怀疑 chamber B 粒子污染,执行 chamber PM 与 particle clean,24,6,8.0,-10.0,FAIL,top_right_cluster
LOT-A,改善前,W04,28nm MCU,ETCH-07,B,Plasma Etch,top_right_cluster,右上局部簇状失效，怀疑 chamber B 粒子污染,执行 chamber PM 与 particle clean,25,6,9.0,-10.0,FAIL,top_right_cluster
LOT-A,改善前,W04,28nm MCU,ETCH-07,B,Plasma Etch,top_right_cluster,右上局部簇状失效，怀疑 chamber B 粒子污染,执行 chamber PM 与 particle clean,26,6,10.0,-10.0,FAIL,top_right_cluster
LOT-A,改善前,W04,28nm MCU,ETCH-07,B,Plasma Etch,top_right_cluster,右上局部簇状失效，怀疑 chamber B 粒子污染,执行 chamber PM 与 particle clean,5,7,-11.0,-9.0,PASS,pass
LOT-A,改善前,W04,28nm MCU,ETCH-07,B,Plasma Etch,top_right_cluster,右上局部簇状失效，怀疑 chamber B 粒子污染,执行 chamber PM 与 particle clean,6,7,-10.0,-9.0,PASS,pass
LOT-A,改善前,W04,28nm MCU,ETCH-07,B,Plasma Etch,top_right_cluster,右上局部簇状失效，怀疑 chamber B 粒子污染,执行 chamber PM 与 particle clean,7,7,-9.0,-9.0,PASS,pass
LOT-A,改善前,W04,28nm MCU,ETCH-07,B,Plasma Etch,top_right_cluster,右上局部簇状失效，怀疑 chamber B 粒子污染,执行 chamber PM 与 particle clean,8,7,-8.0,-9.0,PASS,pass
LOT-A,改善前,W04,28nm MCU,ETCH-07,B,Plasma Etch,top_right_cluster,右上局部簇状失效，怀疑 chamber B 粒子污染,执行 chamber PM 与 particle clean,9,7,-7.0,-9.0,PASS,pass
LOT-A,改善前,W04,28nm MCU,ETCH-07,B,Plasma Etch,top_right_cluster,右上局部簇状失效，怀疑 chamber B 粒子污染,执行 chamber PM 与 particle clean,10,7,-6.0,-9.0,PASS,pass
LOT-A,改善前,W04,28nm MCU,ETCH-07,B,Plasma Etch,top_right_cluster,右上局部簇状失效，怀疑 chamber B 粒子污染,执行 chamber PM 与 particle clean,11,7,-5.0,-9.0,PASS,pass
LOT-A,改善前,W04,28nm MCU,ETCH-07,B,Plasma Etch,top_right_cluster,右上局部簇状失效，怀疑 chamber B 粒子污染,执行 chamber PM 与 particle clean,12,7,-4.0,-9.0,PASS,pass
LOT-A,改善前,W04,28nm MCU,ETCH-07,B,Plasma Etch,top_right_cluster,右上局部簇状失效，怀疑 chamber B 粒子污染,执行 chamber PM 与 particle clean,13,7,-3.0,-9.0,PASS,pass
LOT-A,改善前,W04,28nm MCU,ETCH-07,B,Plasma Etch,top_right_cluster,右上局部簇状失效，怀疑 chamber B 粒子污染,执行 chamber PM 与 particle clean,14,7,-2.0,-9.0,PASS,pass
LOT-A,改善前,W04,28nm MCU,ETCH-07,B,Plasma Etch,top_right_cluster,右上局部簇状失效，怀疑 chamber B 粒子污染,执行 chamber PM 与 particle clean,15,7,-1.0,-9.0,PASS,pass
LOT-A,改善前,W04,28nm MCU,ETCH-07,B,Plasma Etch,top_right_cluster,右上局部簇状失效，怀疑 chamber B 粒子污染,执行 chamber PM 与 particle clean,16,7,0.0,-9.0,PASS,pass
LOT-A,改善前,W04,28nm MCU,ETCH-07,B,Plasma Etch,top_right_cluster,右上局部簇状失效，怀疑 chamber B 粒子污染,执行 chamber PM 与 particle clean,17,7,1.0,-9.0,PASS,pass
LOT-A,改善前,W04,28nm MCU,ETCH-07,B,Plasma Etch,top_right_cluster,右上局部簇状失效，怀疑 chamber B 粒子污染,执行 chamber PM 与 particle clean,18,7,2.0,-9.0,PASS,pass
LOT-A,改善前,W04,28nm MCU,ETCH-07,B,Plasma Etch,top_right_cluster,右上局部簇状失效，怀疑 chamber B 粒子污染,执行 chamber PM 与 particle clean,19,7,3.0,-9.0,PASS,pass
LOT-A,改善前,W04,28nm MCU,ETCH-07,B,Plasma Etch,top_right_cluster,右上局部簇状失效，怀疑 chamber B 粒子污染,执行 chamber PM 与 particle clean,20,7,4.0,-9.0,FAIL,top_right_cluster
LOT-A,改善前,W04,28nm MCU,ETCH-07,B,Plasma Etch,top_right_cluster,右上局部簇状失效，怀疑 chamber B 粒子污染,执行 chamber PM 与 particle clean,21,7,5.0,-9.0,FAIL,top_right_cluster
LOT-A,改善前,W04,28nm MCU,ETCH-07,B,Plasma Etch,top_right_cluster,右上局部簇状失效，怀疑 chamber B 粒子污染,执行 chamber PM 与 particle clean,22,7,6.0,-9.0,FAIL,top_right_cluster
LOT-A,改善前,W04,28nm MCU,ETCH-07,B,Plasma Etch,top_right_cluster,右上局部簇状失效，怀疑 chamber B 粒子污染,执行 chamber PM 与 particle clean,23,7,7.0,-9.0,FAIL,top_right_cluster
LOT-A,改善前,W04,28nm MCU,ETCH-07,B,Plasma Etch,top_right_cluster,右上局部簇状失效，怀疑 chamber B 粒子污染,执行 chamber PM 与 particle clean,24,7,8.0,-9.0,FAIL,top_right_cluster
LOT-A,改善前,W04,28nm MCU,ETCH-07,B,Plasma Etch,top_right_cluster,右上局部簇状失效，怀疑 chamber B 粒子污染,执行 chamber PM 与 particle clean,25,7,9.0,-9.0,FAIL,top_right_cluster
LOT-A,改善前,W04,28nm MCU,ETCH-07,B,Plasma Etch,top_right_cluster,右上局部簇状失效，怀疑 chamber B 粒子污染,执行 chamber PM 与 particle clean,26,7,10.0,-9.0,FAIL,top_right_cluster
LOT-A,改善前,W04,28nm MCU,ETCH-07,B,Plasma Etch,top_right_cluster,右上局部簇状失效，怀疑 chamber B 粒子污染,执行 chamber PM 与 particle clean,27,7,11.0,-9.0,FAIL,top_right_cluster
LOT-A,改善前,W04,28nm MCU,ETCH-07,B,Plasma Etch,top_right_cluster,右上局部簇状失效，怀疑 chamber B 粒子污染,执行 chamber PM 与 particle clean,4,8,-12.0,-8.0,PASS,pass
LOT-A,改善前,W04,28nm MCU,ETCH-07,B,Plasma Etch,top_right_cluster,右上局部簇状失效，怀疑 chamber B 粒子污染,执行 chamber PM 与 particle clean,5,8,-11.0,-8.0,PASS,pass
LOT-A,改善前,W04,28nm MCU,ETCH-07,B,Plasma Etch,top_right_cluster,右上局部簇状失效，怀疑 chamber B 粒子污染,执行 chamber PM 与 particle clean,6,8,-10.0,-8.0,PASS,pass
LOT-A,改善前,W04,28nm MCU,ETCH-07,B,Plasma Etch,top_right_cluster,右上局部簇状失效，怀疑 chamber B 粒子污染,执行 chamber PM 与 particle clean,7,8,-9.0,-8.0,PASS,pass
LOT-A,改善前,W04,28nm MCU,ETCH-07,B,Plasma Etch,top_right_cluster,右上局部簇状失效，怀疑 chamber B 粒子污染,执行 chamber PM 与 particle clean,8,8,-8.0,-8.0,PASS,pass
LOT-A,改善前,W04,28nm MCU,ETCH-07,B,Plasma Etch,top_right_cluster,右上局部簇状失效，怀疑 chamber B 粒子污染,执行 chamber PM 与 particle clean,9,8,-7.0,-8.0,PASS,pass
LOT-A,改善前,W04,28nm MCU,ETCH-07,B,Plasma Etch,top_right_cluster,右上局部簇状失效，怀疑 chamber B 粒子污染,执行 chamber PM 与 particle clean,10,8,-6.0,-8.0,PASS,pass
LOT-A,改善前,W04,28nm MCU,ETCH-07,B,Plasma Etch,top_right_cluster,右上局部簇状失效，怀疑 chamber B 粒子污染,执行 chamber PM 与 particle clean,11,8,-5.0,-8.0,PASS,pass
LOT-A,改善前,W04,28nm MCU,ETCH-07,B,Plasma Etch,top_right_cluster,右上局部簇状失效，怀疑 chamber B 粒子污染,执行 chamber PM 与 particle clean,12,8,-4.0,-8.0,PASS,pass
LOT-A,改善前,W04,28nm MCU,ETCH-07,B,Plasma Etch,top_right_cluster,右上局部簇状失效，怀疑 chamber B 粒子污染,执行 chamber PM 与 particle clean,13,8,-3.0,-8.0,PASS,pass
LOT-A,改善前,W04,28nm MCU,ETCH-07,B,Plasma Etch,top_right_cluster,右上局部簇状失效，怀疑 chamber B 粒子污染,执行 chamber PM 与 particle clean,14,8,-2.0,-8.0,PASS,pass
LOT-A,改善前,W04,28nm MCU,ETCH-07,B,Plasma Etch,top_right_cluster,右上局部簇状失效，怀疑 chamber B 粒子污染,执行 chamber PM 与 particle clean,15,8,-1.0,-8.0,PASS,pass
LOT-A,改善前,W04,28nm MCU,ETCH-07,B,Plasma Etch,top_right_cluster,右上局部簇状失效，怀疑 chamber B 粒子污染,执行 chamber PM 与 particle clean,16,8,0.0,-8.0,PASS,pass
LOT-A,改善前,W04,28nm MCU,ETCH-07,B,Plasma Etch,top_right_cluster,右上局部簇状失效，怀疑 chamber B 粒子污染,执行 chamber PM 与 particle clean,17,8,1.0,-8.0,PASS,pass
LOT-A,改善前,W04,28nm MCU,ETCH-07,B,Plasma Etch,top_right_cluster,右上局部簇状失效，怀疑 chamber B 粒子污染,执行 chamber PM 与 particle clean,18,8,2.0,-8.0,PASS,pass
LOT-A,改善前,W04,28nm MCU,ETCH-07,B,Plasma Etch,top_right_cluster,右上局部簇状失效，怀疑 chamber B 粒子污染,执行 chamber PM 与 particle clean,19,8,3.0,-8.0,PASS,pass
LOT-A,改善前,W04,28nm MCU,ETCH-07,B,Plasma Etch,top_right_cluster,右上局部簇状失效，怀疑 chamber B 粒子污染,执行 chamber PM 与 particle clean,20,8,4.0,-8.0,FAIL,top_right_cluster
LOT-A,改善前,W04,28nm MCU,ETCH-07,B,Plasma Etch,top_right_cluster,右上局部簇状失效，怀疑 chamber B 粒子污染,执行 chamber PM 与 particle clean,21,8,5.0,-8.0,FAIL,top_right_cluster
LOT-A,改善前,W04,28nm MCU,ETCH-07,B,Plasma Etch,top_right_cluster,右上局部簇状失效，怀疑 chamber B 粒子污染,执行 chamber PM 与 particle clean,22,8,6.0,-8.0,FAIL,top_right_cluster
LOT-A,改善前,W04,28nm MCU,ETCH-07,B,Plasma Etch,top_right_cluster,右上局部簇状失效，怀疑 chamber B 粒子污染,执行 chamber PM 与 particle clean,23,8,7.0,-8.0,PASS,pass
LOT-A,改善前,W04,28nm MCU,ETCH-07,B,Plasma Etch,top_right_cluster,右上局部簇状失效，怀疑 chamber B 粒子污染,执行 chamber PM 与 particle clean,24,8,8.0,-8.0,FAIL,top_right_cluster
LOT-A,改善前,W04,28nm MCU,ETCH-07,B,Plasma Etch,top_right_cluster,右上局部簇状失效，怀疑 chamber B 粒子污染,执行 chamber PM 与 particle clean,25,8,9.0,-8.0,FAIL,top_right_cluster
LOT-A,改善前,W04,28nm MCU,ETCH-07,B,Plasma Etch,top_right_cluster,右上局部簇状失效，怀疑 chamber B 粒子污染,执行 chamber PM 与 particle clean,26,8,10.0,-8.0,FAIL,top_right_cluster
LOT-A,改善前,W04,28nm MCU,ETCH-07,B,Plasma Etch,top_right_cluster,右上局部簇状失效，怀疑 chamber B 粒子污染,执行 chamber PM 与 particle clean,27,8,11.0,-8.0,FAIL,top_right_cluster
LOT-A,改善前,W04,28nm MCU,ETCH-07,B,Plasma Etch,top_right_cluster,右上局部簇状失效，怀疑 chamber B 粒子污染,执行 chamber PM 与 particle clean,28,8,12.0,-8.0,FAIL,top_right_cluster
LOT-A,改善前,W04,28nm MCU,ETCH-07,B,Plasma Etch,top_right_cluster,右上局部簇状失效，怀疑 chamber B 粒子污染,执行 chamber PM 与 particle clean,3,9,-13.0,-7.0,PASS,pass
LOT-A,改善前,W04,28nm MCU,ETCH-07,B,Plasma Etch,top_right_cluster,右上局部簇状失效，怀疑 chamber B 粒子污染,执行 chamber PM 与 particle clean,4,9,-12.0,-7.0,PASS,pass
LOT-A,改善前,W04,28nm MCU,ETCH-07,B,Plasma Etch,top_right_cluster,右上局部簇状失效，怀疑 chamber B 粒子污染,执行 chamber PM 与 particle clean,5,9,-11.0,-7.0,PASS,pass
LOT-A,改善前,W04,28nm MCU,ETCH-07,B,Plasma Etch,top_right_cluster,右上局部簇状失效，怀疑 chamber B 粒子污染,执行 chamber PM 与 particle clean,6,9,-10.0,-7.0,PASS,pass
LOT-A,改善前,W04,28nm MCU,ETCH-07,B,Plasma Etch,top_right_cluster,右上局部簇状失效，怀疑 chamber B 粒子污染,执行 chamber PM 与 particle clean,7,9,-9.0,-7.0,PASS,pass
LOT-A,改善前,W04,28nm MCU,ETCH-07,B,Plasma Etch,top_right_cluster,右上局部簇状失效，怀疑 chamber B 粒子污染,执行 chamber PM 与 particle clean,8,9,-8.0,-7.0,PASS,pass
LOT-A,改善前,W04,28nm MCU,ETCH-07,B,Plasma Etch,top_right_cluster,右上局部簇状失效，怀疑 chamber B 粒子污染,执行 chamber PM 与 particle clean,9,9,-7.0,-7.0,PASS,pass
LOT-A,改善前,W04,28nm MCU,ETCH-07,B,Plasma Etch,top_right_cluster,右上局部簇状失效，怀疑 chamber B 粒子污染,执行 chamber PM 与 particle clean,10,9,-6.0,-7.0,PASS,pass
LOT-A,改善前,W04,28nm MCU,ETCH-07,B,Plasma Etch,top_right_cluster,右上局部簇状失效，怀疑 chamber B 粒子污染,执行 chamber PM 与 particle clean,11,9,-5.0,-7.0,PASS,pass
LOT-A,改善前,W04,28nm MCU,ETCH-07,B,Plasma Etch,top_right_cluster,右上局部簇状失效，怀疑 chamber B 粒子污染,执行 chamber PM 与 particle clean,12,9,-4.0,-7.0,PASS,pass
LOT-A,改善前,W04,28nm MCU,ETCH-07,B,Plasma Etch,top_right_cluster,右上局部簇状失效，怀疑 chamber B 粒子污染,执行 chamber PM 与 particle clean,13,9,-3.0,-7.0,PASS,pass
LOT-A,改善前,W04,28nm MCU,ETCH-07,B,Plasma Etch,top_right_cluster,右上局部簇状失效，怀疑 chamber B 粒子污染,执行 chamber PM 与 particle clean,14,9,-2.0,-7.0,PASS,pass
LOT-A,改善前,W04,28nm MCU,ETCH-07,B,Plasma Etch,top_right_cluster,右上局部簇状失效，怀疑 chamber B 粒子污染,执行 chamber PM 与 particle clean,15,9,-1.0,-7.0,PASS,pass
LOT-A,改善前,W04,28nm MCU,ETCH-07,B,Plasma Etch,top_right_cluster,右上局部簇状失效，怀疑 chamber B 粒子污染,执行 chamber PM 与 particle clean,16,9,0.0,-7.0,PASS,pass
LOT-A,改善前,W04,28nm MCU,ETCH-07,B,Plasma Etch,top_right_cluster,右上局部簇状失效，怀疑 chamber B 粒子污染,执行 chamber PM 与 particle clean,17,9,1.0,-7.0,PASS,pass
LOT-A,改善前,W04,28nm MCU,ETCH-07,B,Plasma Etch,top_right_cluster,右上局部簇状失效，怀疑 chamber B 粒子污染,执行 chamber PM 与 particle clean,18,9,2.0,-7.0,PASS,pass
LOT-A,改善前,W04,28nm MCU,ETCH-07,B,Plasma Etch,top_right_cluster,右上局部簇状失效，怀疑 chamber B 粒子污染,执行 chamber PM 与 particle clean,19,9,3.0,-7.0,PASS,pass
LOT-A,改善前,W04,28nm MCU,ETCH-07,B,Plasma Etch,top_right_cluster,右上局部簇状失效，怀疑 chamber B 粒子污染,执行 chamber PM 与 particle clean,20,9,4.0,-7.0,FAIL,top_right_cluster
LOT-A,改善前,W04,28nm MCU,ETCH-07,B,Plasma Etch,top_right_cluster,右上局部簇状失效，怀疑 chamber B 粒子污染,执行 chamber PM 与 particle clean,21,9,5.0,-7.0,FAIL,top_right_cluster
LOT-A,改善前,W04,28nm MCU,ETCH-07,B,Plasma Etch,top_right_cluster,右上局部簇状失效，怀疑 chamber B 粒子污染,执行 chamber PM 与 particle clean,22,9,6.0,-7.0,FAIL,top_right_cluster
LOT-A,改善前,W04,28nm MCU,ETCH-07,B,Plasma Etch,top_right_cluster,右上局部簇状失效，怀疑 chamber B 粒子污染,执行 chamber PM 与 particle clean,23,9,7.0,-7.0,FAIL,top_right_cluster
LOT-A,改善前,W04,28nm MCU,ETCH-07,B,Plasma Etch,top_right_cluster,右上局部簇状失效，怀疑 chamber B 粒子污染,执行 chamber PM 与 particle clean,24,9,8.0,-7.0,PASS,pass
LOT-A,改善前,W04,28nm MCU,ETCH-07,B,Plasma Etch,top_right_cluster,右上局部簇状失效，怀疑 chamber B 粒子污染,执行 chamber PM 与 particle clean,25,9,9.0,-7.0,FAIL,top_right_cluster
LOT-A,改善前,W04,28nm MCU,ETCH-07,B,Plasma Etch,top_right_cluster,右上局部簇状失效，怀疑 chamber B 粒子污染,执行 chamber PM 与 particle clean,26,9,10.0,-7.0,PASS,pass
LOT-A,改善前,W04,28nm MCU,ETCH-07,B,Plasma Etch,top_right_cluster,右上局部簇状失效，怀疑 chamber B 粒子污染,执行 chamber PM 与 particle clean,27,9,11.0,-7.0,PASS,pass
LOT-A,改善前,W04,28nm MCU,ETCH-07,B,Plasma Etch,top_right_cluster,右上局部簇状失效，怀疑 chamber B 粒子污染,执行 chamber PM 与 particle clean,28,9,12.0,-7.0,FAIL,top_right_cluster
LOT-A,改善前,W04,28nm MCU,ETCH-07,B,Plasma Etch,top_right_cluster,右上局部簇状失效，怀疑 chamber B 粒子污染,执行 chamber PM 与 particle clean,29,9,13.0,-7.0,FAIL,top_right_cluster
LOT-A,改善前,W04,28nm MCU,ETCH-07,B,Plasma Etch,top_right_cluster,右上局部簇状失效，怀疑 chamber B 粒子污染,执行 chamber PM 与 particle clean,3,10,-13.0,-6.0,PASS,pass
LOT-A,改善前,W04,28nm MCU,ETCH-07,B,Plasma Etch,top_right_cluster,右上局部簇状失效，怀疑 chamber B 粒子污染,执行 chamber PM 与 particle clean,4,10,-12.0,-6.0,PASS,pass
LOT-A,改善前,W04,28nm MCU,ETCH-07,B,Plasma Etch,top_right_cluster,右上局部簇状失效，怀疑 chamber B 粒子污染,执行 chamber PM 与 particle clean,5,10,-11.0,-6.0,PASS,pass
LOT-A,改善前,W04,28nm MCU,ETCH-07,B,Plasma Etch,top_right_cluster,右上局部簇状失效，怀疑 chamber B 粒子污染,执行 chamber PM 与 particle clean,6,10,-10.0,-6.0,PASS,pass
LOT-A,改善前,W04,28nm MCU,ETCH-07,B,Plasma Etch,top_right_cluster,右上局部簇状失效，怀疑 chamber B 粒子污染,执行 chamber PM 与 particle clean,7,10,-9.0,-6.0,PASS,pass
LOT-A,改善前,W04,28nm MCU,ETCH-07,B,Plasma Etch,top_right_cluster,右上局部簇状失效，怀疑 chamber B 粒子污染,执行 chamber PM 与 particle clean,8,10,-8.0,-6.0,PASS,pass
LOT-A,改善前,W04,28nm MCU,ETCH-07,B,Plasma Etch,top_right_cluster,右上局部簇状失效，怀疑 chamber B 粒子污染,执行 chamber PM 与 particle clean,9,10,-7.0,-6.0,PASS,pass
LOT-A,改善前,W04,28nm MCU,ETCH-07,B,Plasma Etch,top_right_cluster,右上局部簇状失效，怀疑 chamber B 粒子污染,执行 chamber PM 与 particle clean,10,10,-6.0,-6.0,PASS,pass
LOT-A,改善前,W04,28nm MCU,ETCH-07,B,Plasma Etch,top_right_cluster,右上局部簇状失效，怀疑 chamber B 粒子污染,执行 chamber PM 与 particle clean,11,10,-5.0,-6.0,PASS,pass
LOT-A,改善前,W04,28nm MCU,ETCH-07,B,Plasma Etch,top_right_cluster,右上局部簇状失效，怀疑 chamber B 粒子污染,执行 chamber PM 与 particle clean,12,10,-4.0,-6.0,PASS,pass
LOT-A,改善前,W04,28nm MCU,ETCH-07,B,Plasma Etch,top_right_cluster,右上局部簇状失效，怀疑 chamber B 粒子污染,执行 chamber PM 与 particle clean,13,10,-3.0,-6.0,FAIL,random
LOT-A,改善前,W04,28nm MCU,ETCH-07,B,Plasma Etch,top_right_cluster,右上局部簇状失效，怀疑 chamber B 粒子污染,执行 chamber PM 与 particle clean,14,10,-2.0,-6.0,PASS,pass
LOT-A,改善前,W04,28nm MCU,ETCH-07,B,Plasma Etch,top_right_cluster,右上局部簇状失效，怀疑 chamber B 粒子污染,执行 chamber PM 与 particle clean,15,10,-1.0,-6.0,PASS,pass
LOT-A,改善前,W04,28nm MCU,ETCH-07,B,Plasma Etch,top_right_cluster,右上局部簇状失效，怀疑 chamber B 粒子污染,执行 chamber PM 与 particle clean,16,10,0.0,-6.0,PASS,pass
LOT-A,改善前,W04,28nm MCU,ETCH-07,B,Plasma Etch,top_right_cluster,右上局部簇状失效，怀疑 chamber B 粒子污染,执行 chamber PM 与 particle clean,17,10,1.0,-6.0,PASS,pass
LOT-A,改善前,W04,28nm MCU,ETCH-07,B,Plasma Etch,top_right_cluster,右上局部簇状失效，怀疑 chamber B 粒子污染,执行 chamber PM 与 particle clean,18,10,2.0,-6.0,PASS,pass
LOT-A,改善前,W04,28nm MCU,ETCH-07,B,Plasma Etch,top_right_cluster,右上局部簇状失效，怀疑 chamber B 粒子污染,执行 chamber PM 与 particle clean,19,10,3.0,-6.0,PASS,pass
LOT-A,改善前,W04,28nm MCU,ETCH-07,B,Plasma Etch,top_right_cluster,右上局部簇状失效，怀疑 chamber B 粒子污染,执行 chamber PM 与 particle clean,20,10,4.0,-6.0,PASS,pass
LOT-A,改善前,W04,28nm MCU,ETCH-07,B,Plasma Etch,top_right_cluster,右上局部簇状失效，怀疑 chamber B 粒子污染,执行 chamber PM 与 particle clean,21,10,5.0,-6.0,FAIL,top_right_cluster
LOT-A,改善前,W04,28nm MCU,ETCH-07,B,Plasma Etch,top_right_cluster,右上局部簇状失效，怀疑 chamber B 粒子污染,执行 chamber PM 与 particle clean,22,10,6.0,-6.0,FAIL,top_right_cluster
LOT-A,改善前,W04,28nm MCU,ETCH-07,B,Plasma Etch,top_right_cluster,右上局部簇状失效，怀疑 chamber B 粒子污染,执行 chamber PM 与 particle clean,23,10,7.0,-6.0,FAIL,top_right_cluster
LOT-A,改善前,W04,28nm MCU,ETCH-07,B,Plasma Etch,top_right_cluster,右上局部簇状失效，怀疑 chamber B 粒子污染,执行 chamber PM 与 particle clean,24,10,8.0,-6.0,FAIL,top_right_cluster
LOT-A,改善前,W04,28nm MCU,ETCH-07,B,Plasma Etch,top_right_cluster,右上局部簇状失效，怀疑 chamber B 粒子污染,执行 chamber PM 与 particle clean,25,10,9.0,-6.0,FAIL,top_right_cluster
LOT-A,改善前,W04,28nm MCU,ETCH-07,B,Plasma Etch,top_right_cluster,右上局部簇状失效，怀疑 chamber B 粒子污染,执行 chamber PM 与 particle clean,26,10,10.0,-6.0,FAIL,top_right_cluster
LOT-A,改善前,W04,28nm MCU,ETCH-07,B,Plasma Etch,top_right_cluster,右上局部簇状失效，怀疑 chamber B 粒子污染,执行 chamber PM 与 particle clean,27,10,11.0,-6.0,FAIL,top_right_cluster
LOT-A,改善前,W04,28nm MCU,ETCH-07,B,Plasma Etch,top_right_cluster,右上局部簇状失效，怀疑 chamber B 粒子污染,执行 chamber PM 与 particle clean,28,10,12.0,-6.0,PASS,pass
LOT-A,改善前,W04,28nm MCU,ETCH-07,B,Plasma Etch,top_right_cluster,右上局部簇状失效，怀疑 chamber B 粒子污染,执行 chamber PM 与 particle clean,29,10,13.0,-6.0,FAIL,top_right_cluster
LOT-A,改善前,W04,28nm MCU,ETCH-07,B,Plasma Etch,top_right_cluster,右上局部簇状失效，怀疑 chamber B 粒子污染,执行 chamber PM 与 particle clean,3,11,-13.0,-5.0,PASS,pass
LOT-A,改善前,W04,28nm MCU,ETCH-07,B,Plasma Etch,top_right_cluster,右上局部簇状失效，怀疑 chamber B 粒子污染,执行 chamber PM 与 particle clean,4,11,-12.0,-5.0,PASS,pass
LOT-A,改善前,W04,28nm MCU,ETCH-07,B,Plasma Etch,top_right_cluster,右上局部簇状失效，怀疑 chamber B 粒子污染,执行 chamber PM 与 particle clean,5,11,-11.0,-5.0,PASS,pass
LOT-A,改善前,W04,28nm MCU,ETCH-07,B,Plasma Etch,top_right_cluster,右上局部簇状失效，怀疑 chamber B 粒子污染,执行 chamber PM 与 particle clean,6,11,-10.0,-5.0,PASS,pass
LOT-A,改善前,W04,28nm MCU,ETCH-07,B,Plasma Etch,top_right_cluster,右上局部簇状失效，怀疑 chamber B 粒子污染,执行 chamber PM 与 particle clean,7,11,-9.0,-5.0,PASS,pass
LOT-A,改善前,W04,28nm MCU,ETCH-07,B,Plasma Etch,top_right_cluster,右上局部簇状失效，怀疑 chamber B 粒子污染,执行 chamber PM 与 particle clean,8,11,-8.0,-5.0,PASS,pass
LOT-A,改善前,W04,28nm MCU,ETCH-07,B,Plasma Etch,top_right_cluster,右上局部簇状失效，怀疑 chamber B 粒子污染,执行 chamber PM 与 particle clean,9,11,-7.0,-5.0,PASS,pass
LOT-A,改善前,W04,28nm MCU,ETCH-07,B,Plasma Etch,top_right_cluster,右上局部簇状失效，怀疑 chamber B 粒子污染,执行 chamber PM 与 particle clean,10,11,-6.0,-5.0,PASS,pass
LOT-A,改善前,W04,28nm MCU,ETCH-07,B,Plasma Etch,top_right_cluster,右上局部簇状失效，怀疑 chamber B 粒子污染,执行 chamber PM 与 particle clean,11,11,-5.0,-5.0,PASS,pass
LOT-A,改善前,W04,28nm MCU,ETCH-07,B,Plasma Etch,top_right_cluster,右上局部簇状失效，怀疑 chamber B 粒子污染,执行 chamber PM 与 particle clean,12,11,-4.0,-5.0,PASS,pass
LOT-A,改善前,W04,28nm MCU,ETCH-07,B,Plasma Etch,top_right_cluster,右上局部簇状失效，怀疑 chamber B 粒子污染,执行 chamber PM 与 particle clean,13,11,-3.0,-5.0,PASS,pass
LOT-A,改善前,W04,28nm MCU,ETCH-07,B,Plasma Etch,top_right_cluster,右上局部簇状失效，怀疑 chamber B 粒子污染,执行 chamber PM 与 particle clean,14,11,-2.0,-5.0,PASS,pass
LOT-A,改善前,W04,28nm MCU,ETCH-07,B,Plasma Etch,top_right_cluster,右上局部簇状失效，怀疑 chamber B 粒子污染,执行 chamber PM 与 particle clean,15,11,-1.0,-5.0,PASS,pass
LOT-A,改善前,W04,28nm MCU,ETCH-07,B,Plasma Etch,top_right_cluster,右上局部簇状失效，怀疑 chamber B 粒子污染,执行 chamber PM 与 particle clean,16,11,0.0,-5.0,PASS,pass
LOT-A,改善前,W04,28nm MCU,ETCH-07,B,Plasma Etch,top_right_cluster,右上局部簇状失效，怀疑 chamber B 粒子污染,执行 chamber PM 与 particle clean,17,11,1.0,-5.0,PASS,pass
LOT-A,改善前,W04,28nm MCU,ETCH-07,B,Plasma Etch,top_right_cluster,右上局部簇状失效，怀疑 chamber B 粒子污染,执行 chamber PM 与 particle clean,18,11,2.0,-5.0,PASS,pass
LOT-A,改善前,W04,28nm MCU,ETCH-07,B,Plasma Etch,top_right_cluster,右上局部簇状失效，怀疑 chamber B 粒子污染,执行 chamber PM 与 particle clean,19,11,3.0,-5.0,PASS,pass
LOT-A,改善前,W04,28nm MCU,ETCH-07,B,Plasma Etch,top_right_cluster,右上局部簇状失效，怀疑 chamber B 粒子污染,执行 chamber PM 与 particle clean,20,11,4.0,-5.0,FAIL,top_right_cluster
LOT-A,改善前,W04,28nm MCU,ETCH-07,B,Plasma Etch,top_right_cluster,右上局部簇状失效，怀疑 chamber B 粒子污染,执行 chamber PM 与 particle clean,21,11,5.0,-5.0,FAIL,top_right_cluster
LOT-A,改善前,W04,28nm MCU,ETCH-07,B,Plasma Etch,top_right_cluster,右上局部簇状失效，怀疑 chamber B 粒子污染,执行 chamber PM 与 particle clean,22,11,6.0,-5.0,FAIL,top_right_cluster
LOT-A,改善前,W04,28nm MCU,ETCH-07,B,Plasma Etch,top_right_cluster,右上局部簇状失效，怀疑 chamber B 粒子污染,执行 chamber PM 与 particle clean,23,11,7.0,-5.0,PASS,pass
LOT-A,改善前,W04,28nm MCU,ETCH-07,B,Plasma Etch,top_right_cluster,右上局部簇状失效，怀疑 chamber B 粒子污染,执行 chamber PM 与 particle clean,24,11,8.0,-5.0,FAIL,top_right_cluster
LOT-A,改善前,W04,28nm MCU,ETCH-07,B,Plasma Etch,top_right_cluster,右上局部簇状失效，怀疑 chamber B 粒子污染,执行 chamber PM 与 particle clean,25,11,9.0,-5.0,PASS,pass
LOT-A,改善前,W04,28nm MCU,ETCH-07,B,Plasma Etch,top_right_cluster,右上局部簇状失效，怀疑 chamber B 粒子污染,执行 chamber PM 与 particle clean,26,11,10.0,-5.0,FAIL,top_right_cluster
LOT-A,改善前,W04,28nm MCU,ETCH-07,B,Plasma Etch,top_right_cluster,右上局部簇状失效，怀疑 chamber B 粒子污染,执行 chamber PM 与 particle clean,27,11,11.0,-5.0,FAIL,top_right_cluster
LOT-A,改善前,W04,28nm MCU,ETCH-07,B,Plasma Etch,top_right_cluster,右上局部簇状失效，怀疑 chamber B 粒子污染,执行 chamber PM 与 particle clean,28,11,12.0,-5.0,FAIL,top_right_cluster
LOT-A,改善前,W04,28nm MCU,ETCH-07,B,Plasma Etch,top_right_cluster,右上局部簇状失效，怀疑 chamber B 粒子污染,执行 chamber PM 与 particle clean,29,11,13.0,-5.0,FAIL,top_right_cluster
LOT-A,改善前,W04,28nm MCU,ETCH-07,B,Plasma Etch,top_right_cluster,右上局部簇状失效，怀疑 chamber B 粒子污染,执行 chamber PM 与 particle clean,2,12,-14.0,-4.0,PASS,pass
LOT-A,改善前,W04,28nm MCU,ETCH-07,B,Plasma Etch,top_right_cluster,右上局部簇状失效，怀疑 chamber B 粒子污染,执行 chamber PM 与 particle clean,3,12,-13.0,-4.0,PASS,pass
LOT-A,改善前,W04,28nm MCU,ETCH-07,B,Plasma Etch,top_right_cluster,右上局部簇状失效，怀疑 chamber B 粒子污染,执行 chamber PM 与 particle clean,4,12,-12.0,-4.0,PASS,pass
LOT-A,改善前,W04,28nm MCU,ETCH-07,B,Plasma Etch,top_right_cluster,右上局部簇状失效，怀疑 chamber B 粒子污染,执行 chamber PM 与 particle clean,5,12,-11.0,-4.0,PASS,pass
LOT-A,改善前,W04,28nm MCU,ETCH-07,B,Plasma Etch,top_right_cluster,右上局部簇状失效，怀疑 chamber B 粒子污染,执行 chamber PM 与 particle clean,6,12,-10.0,-4.0,PASS,pass
LOT-A,改善前,W04,28nm MCU,ETCH-07,B,Plasma Etch,top_right_cluster,右上局部簇状失效，怀疑 chamber B 粒子污染,执行 chamber PM 与 particle clean,7,12,-9.0,-4.0,PASS,pass
LOT-A,改善前,W04,28nm MCU,ETCH-07,B,Plasma Etch,top_right_cluster,右上局部簇状失效，怀疑 chamber B 粒子污染,执行 chamber PM 与 particle clean,8,12,-8.0,-4.0,PASS,pass
LOT-A,改善前,W04,28nm MCU,ETCH-07,B,Plasma Etch,top_right_cluster,右上局部簇状失效，怀疑 chamber B 粒子污染,执行 chamber PM 与 particle clean,9,12,-7.0,-4.0,PASS,pass
LOT-A,改善前,W04,28nm MCU,ETCH-07,B,Plasma Etch,top_right_cluster,右上局部簇状失效，怀疑 chamber B 粒子污染,执行 chamber PM 与 particle clean,10,12,-6.0,-4.0,PASS,pass
LOT-A,改善前,W04,28nm MCU,ETCH-07,B,Plasma Etch,top_right_cluster,右上局部簇状失效，怀疑 chamber B 粒子污染,执行 chamber PM 与 particle clean,11,12,-5.0,-4.0,PASS,pass
LOT-A,改善前,W04,28nm MCU,ETCH-07,B,Plasma Etch,top_right_cluster,右上局部簇状失效，怀疑 chamber B 粒子污染,执行 chamber PM 与 particle clean,12,12,-4.0,-4.0,PASS,pass
LOT-A,改善前,W04,28nm MCU,ETCH-07,B,Plasma Etch,top_right_cluster,右上局部簇状失效，怀疑 chamber B 粒子污染,执行 chamber PM 与 particle clean,13,12,-3.0,-4.0,PASS,pass
LOT-A,改善前,W04,28nm MCU,ETCH-07,B,Plasma Etch,top_right_cluster,右上局部簇状失效，怀疑 chamber B 粒子污染,执行 chamber PM 与 particle clean,14,12,-2.0,-4.0,PASS,pass
LOT-A,改善前,W04,28nm MCU,ETCH-07,B,Plasma Etch,top_right_cluster,右上局部簇状失效，怀疑 chamber B 粒子污染,执行 chamber PM 与 particle clean,15,12,-1.0,-4.0,PASS,pass
LOT-A,改善前,W04,28nm MCU,ETCH-07,B,Plasma Etch,top_right_cluster,右上局部簇状失效，怀疑 chamber B 粒子污染,执行 chamber PM 与 particle clean,16,12,0.0,-4.0,PASS,pass
LOT-A,改善前,W04,28nm MCU,ETCH-07,B,Plasma Etch,top_right_cluster,右上局部簇状失效，怀疑 chamber B 粒子污染,执行 chamber PM 与 particle clean,17,12,1.0,-4.0,PASS,pass
LOT-A,改善前,W04,28nm MCU,ETCH-07,B,Plasma Etch,top_right_cluster,右上局部簇状失效，怀疑 chamber B 粒子污染,执行 chamber PM 与 particle clean,18,12,2.0,-4.0,PASS,pass
LOT-A,改善前,W04,28nm MCU,ETCH-07,B,Plasma Etch,top_right_cluster,右上局部簇状失效，怀疑 chamber B 粒子污染,执行 chamber PM 与 particle clean,19,12,3.0,-4.0,PASS,pass
LOT-A,改善前,W04,28nm MCU,ETCH-07,B,Plasma Etch,top_right_cluster,右上局部簇状失效，怀疑 chamber B 粒子污染,执行 chamber PM 与 particle clean,20,12,4.0,-4.0,PASS,pass
LOT-A,改善前,W04,28nm MCU,ETCH-07,B,Plasma Etch,top_right_cluster,右上局部簇状失效，怀疑 chamber B 粒子污染,执行 chamber PM 与 particle clean,21,12,5.0,-4.0,FAIL,top_right_cluster
LOT-A,改善前,W04,28nm MCU,ETCH-07,B,Plasma Etch,top_right_cluster,右上局部簇状失效，怀疑 chamber B 粒子污染,执行 chamber PM 与 particle clean,22,12,6.0,-4.0,FAIL,top_right_cluster
LOT-A,改善前,W04,28nm MCU,ETCH-07,B,Plasma Etch,top_right_cluster,右上局部簇状失效，怀疑 chamber B 粒子污染,执行 chamber PM 与 particle clean,23,12,7.0,-4.0,FAIL,top_right_cluster
LOT-A,改善前,W04,28nm MCU,ETCH-07,B,Plasma Etch,top_right_cluster,右上局部簇状失效，怀疑 chamber B 粒子污染,执行 chamber PM 与 particle clean,24,12,8.0,-4.0,FAIL,top_right_cluster
LOT-A,改善前,W04,28nm MCU,ETCH-07,B,Plasma Etch,top_right_cluster,右上局部簇状失效，怀疑 chamber B 粒子污染,执行 chamber PM 与 particle clean,25,12,9.0,-4.0,FAIL,top_right_cluster
LOT-A,改善前,W04,28nm MCU,ETCH-07,B,Plasma Etch,top_right_cluster,右上局部簇状失效，怀疑 chamber B 粒子污染,执行 chamber PM 与 particle clean,26,12,10.0,-4.0,PASS,pass
LOT-A,改善前,W04,28nm MCU,ETCH-07,B,Plasma Etch,top_right_cluster,右上局部簇状失效，怀疑 chamber B 粒子污染,执行 chamber PM 与 particle clean,27,12,11.0,-4.0,PASS,pass
LOT-A,改善前,W04,28nm MCU,ETCH-07,B,Plasma Etch,top_right_cluster,右上局部簇状失效，怀疑 chamber B 粒子污染,执行 chamber PM 与 particle clean,28,12,12.0,-4.0,PASS,pass
LOT-A,改善前,W04,28nm MCU,ETCH-07,B,Plasma Etch,top_right_cluster,右上局部簇状失效，怀疑 chamber B 粒子污染,执行 chamber PM 与 particle clean,29,12,13.0,-4.0,FAIL,top_right_cluster
LOT-A,改善前,W04,28nm MCU,ETCH-07,B,Plasma Etch,top_right_cluster,右上局部簇状失效，怀疑 chamber B 粒子污染,执行 chamber PM 与 particle clean,30,12,14.0,-4.0,FAIL,top_right_cluster
LOT-A,改善前,W04,28nm MCU,ETCH-07,B,Plasma Etch,top_right_cluster,右上局部簇状失效，怀疑 chamber B 粒子污染,执行 chamber PM 与 particle clean,2,13,-14.0,-3.0,PASS,pass
LOT-A,改善前,W04,28nm MCU,ETCH-07,B,Plasma Etch,top_right_cluster,右上局部簇状失效，怀疑 chamber B 粒子污染,执行 chamber PM 与 particle clean,3,13,-13.0,-3.0,PASS,pass
LOT-A,改善前,W04,28nm MCU,ETCH-07,B,Plasma Etch,top_right_cluster,右上局部簇状失效，怀疑 chamber B 粒子污染,执行 chamber PM 与 particle clean,4,13,-12.0,-3.0,PASS,pass
LOT-A,改善前,W04,28nm MCU,ETCH-07,B,Plasma Etch,top_right_cluster,右上局部簇状失效，怀疑 chamber B 粒子污染,执行 chamber PM 与 particle clean,5,13,-11.0,-3.0,PASS,pass
LOT-A,改善前,W04,28nm MCU,ETCH-07,B,Plasma Etch,top_right_cluster,右上局部簇状失效，怀疑 chamber B 粒子污染,执行 chamber PM 与 particle clean,6,13,-10.0,-3.0,PASS,pass
LOT-A,改善前,W04,28nm MCU,ETCH-07,B,Plasma Etch,top_right_cluster,右上局部簇状失效，怀疑 chamber B 粒子污染,执行 chamber PM 与 particle clean,7,13,-9.0,-3.0,PASS,pass
LOT-A,改善前,W04,28nm MCU,ETCH-07,B,Plasma Etch,top_right_cluster,右上局部簇状失效，怀疑 chamber B 粒子污染,执行 chamber PM 与 particle clean,8,13,-8.0,-3.0,PASS,pass
LOT-A,改善前,W04,28nm MCU,ETCH-07,B,Plasma Etch,top_right_cluster,右上局部簇状失效，怀疑 chamber B 粒子污染,执行 chamber PM 与 particle clean,9,13,-7.0,-3.0,PASS,pass
LOT-A,改善前,W04,28nm MCU,ETCH-07,B,Plasma Etch,top_right_cluster,右上局部簇状失效，怀疑 chamber B 粒子污染,执行 chamber PM 与 particle clean,10,13,-6.0,-3.0,PASS,pass
LOT-A,改善前,W04,28nm MCU,ETCH-07,B,Plasma Etch,top_right_cluster,右上局部簇状失效，怀疑 chamber B 粒子污染,执行 chamber PM 与 particle clean,11,13,-5.0,-3.0,PASS,pass
LOT-A,改善前,W04,28nm MCU,ETCH-07,B,Plasma Etch,top_right_cluster,右上局部簇状失效，怀疑 chamber B 粒子污染,执行 chamber PM 与 particle clean,12,13,-4.0,-3.0,PASS,pass
LOT-A,改善前,W04,28nm MCU,ETCH-07,B,Plasma Etch,top_right_cluster,右上局部簇状失效，怀疑 chamber B 粒子污染,执行 chamber PM 与 particle clean,13,13,-3.0,-3.0,PASS,pass
LOT-A,改善前,W04,28nm MCU,ETCH-07,B,Plasma Etch,top_right_cluster,右上局部簇状失效，怀疑 chamber B 粒子污染,执行 chamber PM 与 particle clean,14,13,-2.0,-3.0,PASS,pass
LOT-A,改善前,W04,28nm MCU,ETCH-07,B,Plasma Etch,top_right_cluster,右上局部簇状失效，怀疑 chamber B 粒子污染,执行 chamber PM 与 particle clean,15,13,-1.0,-3.0,PASS,pass
LOT-A,改善前,W04,28nm MCU,ETCH-07,B,Plasma Etch,top_right_cluster,右上局部簇状失效，怀疑 chamber B 粒子污染,执行 chamber PM 与 particle clean,16,13,0.0,-3.0,PASS,pass
LOT-A,改善前,W04,28nm MCU,ETCH-07,B,Plasma Etch,top_right_cluster,右上局部簇状失效，怀疑 chamber B 粒子污染,执行 chamber PM 与 particle clean,17,13,1.0,-3.0,PASS,pass
LOT-A,改善前,W04,28nm MCU,ETCH-07,B,Plasma Etch,top_right_cluster,右上局部簇状失效，怀疑 chamber B 粒子污染,执行 chamber PM 与 particle clean,18,13,2.0,-3.0,PASS,pass
LOT-A,改善前,W04,28nm MCU,ETCH-07,B,Plasma Etch,top_right_cluster,右上局部簇状失效，怀疑 chamber B 粒子污染,执行 chamber PM 与 particle clean,19,13,3.0,-3.0,PASS,pass
LOT-A,改善前,W04,28nm MCU,ETCH-07,B,Plasma Etch,top_right_cluster,右上局部簇状失效，怀疑 chamber B 粒子污染,执行 chamber PM 与 particle clean,20,13,4.0,-3.0,PASS,pass
LOT-A,改善前,W04,28nm MCU,ETCH-07,B,Plasma Etch,top_right_cluster,右上局部簇状失效，怀疑 chamber B 粒子污染,执行 chamber PM 与 particle clean,21,13,5.0,-3.0,PASS,pass
LOT-A,改善前,W04,28nm MCU,ETCH-07,B,Plasma Etch,top_right_cluster,右上局部簇状失效，怀疑 chamber B 粒子污染,执行 chamber PM 与 particle clean,22,13,6.0,-3.0,PASS,pass
LOT-A,改善前,W04,28nm MCU,ETCH-07,B,Plasma Etch,top_right_cluster,右上局部簇状失效，怀疑 chamber B 粒子污染,执行 chamber PM 与 particle clean,23,13,7.0,-3.0,PASS,pass
LOT-A,改善前,W04,28nm MCU,ETCH-07,B,Plasma Etch,top_right_cluster,右上局部簇状失效，怀疑 chamber B 粒子污染,执行 chamber PM 与 particle clean,24,13,8.0,-3.0,PASS,pass
LOT-A,改善前,W04,28nm MCU,ETCH-07,B,Plasma Etch,top_right_cluster,右上局部簇状失效，怀疑 chamber B 粒子污染,执行 chamber PM 与 particle clean,25,13,9.0,-3.0,PASS,pass
LOT-A,改善前,W04,28nm MCU,ETCH-07,B,Plasma Etch,top_right_cluster,右上局部簇状失效，怀疑 chamber B 粒子污染,执行 chamber PM 与 particle clean,26,13,10.0,-3.0,PASS,pass
LOT-A,改善前,W04,28nm MCU,ETCH-07,B,Plasma Etch,top_right_cluster,右上局部簇状失效，怀疑 chamber B 粒子污染,执行 chamber PM 与 particle clean,27,13,11.0,-3.0,PASS,pass
LOT-A,改善前,W04,28nm MCU,ETCH-07,B,Plasma Etch,top_right_cluster,右上局部簇状失效，怀疑 chamber B 粒子污染,执行 chamber PM 与 particle clean,28,13,12.0,-3.0,PASS,pass
LOT-A,改善前,W04,28nm MCU,ETCH-07,B,Plasma Etch,top_right_cluster,右上局部簇状失效，怀疑 chamber B 粒子污染,执行 chamber PM 与 particle clean,29,13,13.0,-3.0,PASS,pass
LOT-A,改善前,W04,28nm MCU,ETCH-07,B,Plasma Etch,top_right_cluster,右上局部簇状失效，怀疑 chamber B 粒子污染,执行 chamber PM 与 particle clean,30,13,14.0,-3.0,PASS,pass
LOT-A,改善前,W04,28nm MCU,ETCH-07,B,Plasma Etch,top_right_cluster,右上局部簇状失效，怀疑 chamber B 粒子污染,执行 chamber PM 与 particle clean,2,14,-14.0,-2.0,PASS,pass
LOT-A,改善前,W04,28nm MCU,ETCH-07,B,Plasma Etch,top_right_cluster,右上局部簇状失效，怀疑 chamber B 粒子污染,执行 chamber PM 与 particle clean,3,14,-13.0,-2.0,PASS,pass
LOT-A,改善前,W04,28nm MCU,ETCH-07,B,Plasma Etch,top_right_cluster,右上局部簇状失效，怀疑 chamber B 粒子污染,执行 chamber PM 与 particle clean,4,14,-12.0,-2.0,PASS,pass
LOT-A,改善前,W04,28nm MCU,ETCH-07,B,Plasma Etch,top_right_cluster,右上局部簇状失效，怀疑 chamber B 粒子污染,执行 chamber PM 与 particle clean,5,14,-11.0,-2.0,PASS,pass
LOT-A,改善前,W04,28nm MCU,ETCH-07,B,Plasma Etch,top_right_cluster,右上局部簇状失效，怀疑 chamber B 粒子污染,执行 chamber PM 与 particle clean,6,14,-10.0,-2.0,PASS,pass
LOT-A,改善前,W04,28nm MCU,ETCH-07,B,Plasma Etch,top_right_cluster,右上局部簇状失效，怀疑 chamber B 粒子污染,执行 chamber PM 与 particle clean,7,14,-9.0,-2.0,PASS,pass
LOT-A,改善前,W04,28nm MCU,ETCH-07,B,Plasma Etch,top_right_cluster,右上局部簇状失效，怀疑 chamber B 粒子污染,执行 chamber PM 与 particle clean,8,14,-8.0,-2.0,PASS,pass
LOT-A,改善前,W04,28nm MCU,ETCH-07,B,Plasma Etch,top_right_cluster,右上局部簇状失效，怀疑 chamber B 粒子污染,执行 chamber PM 与 particle clean,9,14,-7.0,-2.0,PASS,pass
LOT-A,改善前,W04,28nm MCU,ETCH-07,B,Plasma Etch,top_right_cluster,右上局部簇状失效，怀疑 chamber B 粒子污染,执行 chamber PM 与 particle clean,10,14,-6.0,-2.0,PASS,pass
LOT-A,改善前,W04,28nm MCU,ETCH-07,B,Plasma Etch,top_right_cluster,右上局部簇状失效，怀疑 chamber B 粒子污染,执行 chamber PM 与 particle clean,11,14,-5.0,-2.0,PASS,pass
LOT-A,改善前,W04,28nm MCU,ETCH-07,B,Plasma Etch,top_right_cluster,右上局部簇状失效，怀疑 chamber B 粒子污染,执行 chamber PM 与 particle clean,12,14,-4.0,-2.0,PASS,pass
LOT-A,改善前,W04,28nm MCU,ETCH-07,B,Plasma Etch,top_right_cluster,右上局部簇状失效，怀疑 chamber B 粒子污染,执行 chamber PM 与 particle clean,13,14,-3.0,-2.0,PASS,pass
LOT-A,改善前,W04,28nm MCU,ETCH-07,B,Plasma Etch,top_right_cluster,右上局部簇状失效，怀疑 chamber B 粒子污染,执行 chamber PM 与 particle clean,14,14,-2.0,-2.0,PASS,pass
LOT-A,改善前,W04,28nm MCU,ETCH-07,B,Plasma Etch,top_right_cluster,右上局部簇状失效，怀疑 chamber B 粒子污染,执行 chamber PM 与 particle clean,15,14,-1.0,-2.0,PASS,pass
LOT-A,改善前,W04,28nm MCU,ETCH-07,B,Plasma Etch,top_right_cluster,右上局部簇状失效，怀疑 chamber B 粒子污染,执行 chamber PM 与 particle clean,16,14,0.0,-2.0,PASS,pass
LOT-A,改善前,W04,28nm MCU,ETCH-07,B,Plasma Etch,top_right_cluster,右上局部簇状失效，怀疑 chamber B 粒子污染,执行 chamber PM 与 particle clean,17,14,1.0,-2.0,PASS,pass
LOT-A,改善前,W04,28nm MCU,ETCH-07,B,Plasma Etch,top_right_cluster,右上局部簇状失效，怀疑 chamber B 粒子污染,执行 chamber PM 与 particle clean,18,14,2.0,-2.0,PASS,pass
LOT-A,改善前,W04,28nm MCU,ETCH-07,B,Plasma Etch,top_right_cluster,右上局部簇状失效，怀疑 chamber B 粒子污染,执行 chamber PM 与 particle clean,19,14,3.0,-2.0,PASS,pass
LOT-A,改善前,W04,28nm MCU,ETCH-07,B,Plasma Etch,top_right_cluster,右上局部簇状失效，怀疑 chamber B 粒子污染,执行 chamber PM 与 particle clean,20,14,4.0,-2.0,PASS,pass
LOT-A,改善前,W04,28nm MCU,ETCH-07,B,Plasma Etch,top_right_cluster,右上局部簇状失效，怀疑 chamber B 粒子污染,执行 chamber PM 与 particle clean,21,14,5.0,-2.0,PASS,pass
LOT-A,改善前,W04,28nm MCU,ETCH-07,B,Plasma Etch,top_right_cluster,右上局部簇状失效，怀疑 chamber B 粒子污染,执行 chamber PM 与 particle clean,22,14,6.0,-2.0,PASS,pass
LOT-A,改善前,W04,28nm MCU,ETCH-07,B,Plasma Etch,top_right_cluster,右上局部簇状失效，怀疑 chamber B 粒子污染,执行 chamber PM 与 particle clean,23,14,7.0,-2.0,PASS,pass
LOT-A,改善前,W04,28nm MCU,ETCH-07,B,Plasma Etch,top_right_cluster,右上局部簇状失效，怀疑 chamber B 粒子污染,执行 chamber PM 与 particle clean,24,14,8.0,-2.0,PASS,pass
LOT-A,改善前,W04,28nm MCU,ETCH-07,B,Plasma Etch,top_right_cluster,右上局部簇状失效，怀疑 chamber B 粒子污染,执行 chamber PM 与 particle clean,25,14,9.0,-2.0,PASS,pass
LOT-A,改善前,W04,28nm MCU,ETCH-07,B,Plasma Etch,top_right_cluster,右上局部簇状失效，怀疑 chamber B 粒子污染,执行 chamber PM 与 particle clean,26,14,10.0,-2.0,PASS,pass
LOT-A,改善前,W04,28nm MCU,ETCH-07,B,Plasma Etch,top_right_cluster,右上局部簇状失效，怀疑 chamber B 粒子污染,执行 chamber PM 与 particle clean,27,14,11.0,-2.0,PASS,pass
LOT-A,改善前,W04,28nm MCU,ETCH-07,B,Plasma Etch,top_right_cluster,右上局部簇状失效，怀疑 chamber B 粒子污染,执行 chamber PM 与 particle clean,28,14,12.0,-2.0,PASS,pass
LOT-A,改善前,W04,28nm MCU,ETCH-07,B,Plasma Etch,top_right_cluster,右上局部簇状失效，怀疑 chamber B 粒子污染,执行 chamber PM 与 particle clean,29,14,13.0,-2.0,PASS,pass
LOT-A,改善前,W04,28nm MCU,ETCH-07,B,Plasma Etch,top_right_cluster,右上局部簇状失效，怀疑 chamber B 粒子污染,执行 chamber PM 与 particle clean,30,14,14.0,-2.0,PASS,pass
LOT-A,改善前,W04,28nm MCU,ETCH-07,B,Plasma Etch,top_right_cluster,右上局部簇状失效，怀疑 chamber B 粒子污染,执行 chamber PM 与 particle clean,2,15,-14.0,-1.0,PASS,pass
LOT-A,改善前,W04,28nm MCU,ETCH-07,B,Plasma Etch,top_right_cluster,右上局部簇状失效，怀疑 chamber B 粒子污染,执行 chamber PM 与 particle clean,3,15,-13.0,-1.0,PASS,pass
LOT-A,改善前,W04,28nm MCU,ETCH-07,B,Plasma Etch,top_right_cluster,右上局部簇状失效，怀疑 chamber B 粒子污染,执行 chamber PM 与 particle clean,4,15,-12.0,-1.0,FAIL,random
LOT-A,改善前,W04,28nm MCU,ETCH-07,B,Plasma Etch,top_right_cluster,右上局部簇状失效，怀疑 chamber B 粒子污染,执行 chamber PM 与 particle clean,5,15,-11.0,-1.0,PASS,pass
LOT-A,改善前,W04,28nm MCU,ETCH-07,B,Plasma Etch,top_right_cluster,右上局部簇状失效，怀疑 chamber B 粒子污染,执行 chamber PM 与 particle clean,6,15,-10.0,-1.0,PASS,pass
LOT-A,改善前,W04,28nm MCU,ETCH-07,B,Plasma Etch,top_right_cluster,右上局部簇状失效，怀疑 chamber B 粒子污染,执行 chamber PM 与 particle clean,7,15,-9.0,-1.0,PASS,pass
LOT-A,改善前,W04,28nm MCU,ETCH-07,B,Plasma Etch,top_right_cluster,右上局部簇状失效，怀疑 chamber B 粒子污染,执行 chamber PM 与 particle clean,8,15,-8.0,-1.0,PASS,pass
LOT-A,改善前,W04,28nm MCU,ETCH-07,B,Plasma Etch,top_right_cluster,右上局部簇状失效，怀疑 chamber B 粒子污染,执行 chamber PM 与 particle clean,9,15,-7.0,-1.0,PASS,pass
LOT-A,改善前,W04,28nm MCU,ETCH-07,B,Plasma Etch,top_right_cluster,右上局部簇状失效，怀疑 chamber B 粒子污染,执行 chamber PM 与 particle clean,10,15,-6.0,-1.0,PASS,pass
LOT-A,改善前,W04,28nm MCU,ETCH-07,B,Plasma Etch,top_right_cluster,右上局部簇状失效，怀疑 chamber B 粒子污染,执行 chamber PM 与 particle clean,11,15,-5.0,-1.0,PASS,pass
LOT-A,改善前,W04,28nm MCU,ETCH-07,B,Plasma Etch,top_right_cluster,右上局部簇状失效，怀疑 chamber B 粒子污染,执行 chamber PM 与 particle clean,12,15,-4.0,-1.0,PASS,pass
LOT-A,改善前,W04,28nm MCU,ETCH-07,B,Plasma Etch,top_right_cluster,右上局部簇状失效，怀疑 chamber B 粒子污染,执行 chamber PM 与 particle clean,13,15,-3.0,-1.0,PASS,pass
LOT-A,改善前,W04,28nm MCU,ETCH-07,B,Plasma Etch,top_right_cluster,右上局部簇状失效，怀疑 chamber B 粒子污染,执行 chamber PM 与 particle clean,14,15,-2.0,-1.0,PASS,pass
LOT-A,改善前,W04,28nm MCU,ETCH-07,B,Plasma Etch,top_right_cluster,右上局部簇状失效，怀疑 chamber B 粒子污染,执行 chamber PM 与 particle clean,15,15,-1.0,-1.0,PASS,pass
LOT-A,改善前,W04,28nm MCU,ETCH-07,B,Plasma Etch,top_right_cluster,右上局部簇状失效，怀疑 chamber B 粒子污染,执行 chamber PM 与 particle clean,16,15,0.0,-1.0,PASS,pass
LOT-A,改善前,W04,28nm MCU,ETCH-07,B,Plasma Etch,top_right_cluster,右上局部簇状失效，怀疑 chamber B 粒子污染,执行 chamber PM 与 particle clean,17,15,1.0,-1.0,PASS,pass
LOT-A,改善前,W04,28nm MCU,ETCH-07,B,Plasma Etch,top_right_cluster,右上局部簇状失效，怀疑 chamber B 粒子污染,执行 chamber PM 与 particle clean,18,15,2.0,-1.0,PASS,pass
LOT-A,改善前,W04,28nm MCU,ETCH-07,B,Plasma Etch,top_right_cluster,右上局部簇状失效，怀疑 chamber B 粒子污染,执行 chamber PM 与 particle clean,19,15,3.0,-1.0,PASS,pass
LOT-A,改善前,W04,28nm MCU,ETCH-07,B,Plasma Etch,top_right_cluster,右上局部簇状失效，怀疑 chamber B 粒子污染,执行 chamber PM 与 particle clean,20,15,4.0,-1.0,PASS,pass
LOT-A,改善前,W04,28nm MCU,ETCH-07,B,Plasma Etch,top_right_cluster,右上局部簇状失效，怀疑 chamber B 粒子污染,执行 chamber PM 与 particle clean,21,15,5.0,-1.0,PASS,pass
LOT-A,改善前,W04,28nm MCU,ETCH-07,B,Plasma Etch,top_right_cluster,右上局部簇状失效，怀疑 chamber B 粒子污染,执行 chamber PM 与 particle clean,22,15,6.0,-1.0,PASS,pass
LOT-A,改善前,W04,28nm MCU,ETCH-07,B,Plasma Etch,top_right_cluster,右上局部簇状失效，怀疑 chamber B 粒子污染,执行 chamber PM 与 particle clean,23,15,7.0,-1.0,PASS,pass
LOT-A,改善前,W04,28nm MCU,ETCH-07,B,Plasma Etch,top_right_cluster,右上局部簇状失效，怀疑 chamber B 粒子污染,执行 chamber PM 与 particle clean,24,15,8.0,-1.0,PASS,pass
LOT-A,改善前,W04,28nm MCU,ETCH-07,B,Plasma Etch,top_right_cluster,右上局部簇状失效，怀疑 chamber B 粒子污染,执行 chamber PM 与 particle clean,25,15,9.0,-1.0,PASS,pass
LOT-A,改善前,W04,28nm MCU,ETCH-07,B,Plasma Etch,top_right_cluster,右上局部簇状失效，怀疑 chamber B 粒子污染,执行 chamber PM 与 particle clean,26,15,10.0,-1.0,PASS,pass
LOT-A,改善前,W04,28nm MCU,ETCH-07,B,Plasma Etch,top_right_cluster,右上局部簇状失效，怀疑 chamber B 粒子污染,执行 chamber PM 与 particle clean,27,15,11.0,-1.0,PASS,pass
LOT-A,改善前,W04,28nm MCU,ETCH-07,B,Plasma Etch,top_right_cluster,右上局部簇状失效，怀疑 chamber B 粒子污染,执行 chamber PM 与 particle clean,28,15,12.0,-1.0,PASS,pass
LOT-A,改善前,W04,28nm MCU,ETCH-07,B,Plasma Etch,top_right_cluster,右上局部簇状失效，怀疑 chamber B 粒子污染,执行 chamber PM 与 particle clean,29,15,13.0,-1.0,PASS,pass
LOT-A,改善前,W04,28nm MCU,ETCH-07,B,Plasma Etch,top_right_cluster,右上局部簇状失效，怀疑 chamber B 粒子污染,执行 chamber PM 与 particle clean,30,15,14.0,-1.0,PASS,pass
LOT-A,改善前,W04,28nm MCU,ETCH-07,B,Plasma Etch,top_right_cluster,右上局部簇状失效，怀疑 chamber B 粒子污染,执行 chamber PM 与 particle clean,2,16,-14.0,0.0,PASS,pass
LOT-A,改善前,W04,28nm MCU,ETCH-07,B,Plasma Etch,top_right_cluster,右上局部簇状失效，怀疑 chamber B 粒子污染,执行 chamber PM 与 particle clean,3,16,-13.0,0.0,PASS,pass
LOT-A,改善前,W04,28nm MCU,ETCH-07,B,Plasma Etch,top_right_cluster,右上局部簇状失效，怀疑 chamber B 粒子污染,执行 chamber PM 与 particle clean,4,16,-12.0,0.0,PASS,pass
LOT-A,改善前,W04,28nm MCU,ETCH-07,B,Plasma Etch,top_right_cluster,右上局部簇状失效，怀疑 chamber B 粒子污染,执行 chamber PM 与 particle clean,5,16,-11.0,0.0,PASS,pass
LOT-A,改善前,W04,28nm MCU,ETCH-07,B,Plasma Etch,top_right_cluster,右上局部簇状失效，怀疑 chamber B 粒子污染,执行 chamber PM 与 particle clean,6,16,-10.0,0.0,PASS,pass
LOT-A,改善前,W04,28nm MCU,ETCH-07,B,Plasma Etch,top_right_cluster,右上局部簇状失效，怀疑 chamber B 粒子污染,执行 chamber PM 与 particle clean,7,16,-9.0,0.0,PASS,pass
LOT-A,改善前,W04,28nm MCU,ETCH-07,B,Plasma Etch,top_right_cluster,右上局部簇状失效，怀疑 chamber B 粒子污染,执行 chamber PM 与 particle clean,8,16,-8.0,0.0,PASS,pass
LOT-A,改善前,W04,28nm MCU,ETCH-07,B,Plasma Etch,top_right_cluster,右上局部簇状失效，怀疑 chamber B 粒子污染,执行 chamber PM 与 particle clean,9,16,-7.0,0.0,PASS,pass
LOT-A,改善前,W04,28nm MCU,ETCH-07,B,Plasma Etch,top_right_cluster,右上局部簇状失效，怀疑 chamber B 粒子污染,执行 chamber PM 与 particle clean,10,16,-6.0,0.0,PASS,pass
LOT-A,改善前,W04,28nm MCU,ETCH-07,B,Plasma Etch,top_right_cluster,右上局部簇状失效，怀疑 chamber B 粒子污染,执行 chamber PM 与 particle clean,11,16,-5.0,0.0,PASS,pass
LOT-A,改善前,W04,28nm MCU,ETCH-07,B,Plasma Etch,top_right_cluster,右上局部簇状失效，怀疑 chamber B 粒子污染,执行 chamber PM 与 particle clean,12,16,-4.0,0.0,PASS,pass
LOT-A,改善前,W04,28nm MCU,ETCH-07,B,Plasma Etch,top_right_cluster,右上局部簇状失效，怀疑 chamber B 粒子污染,执行 chamber PM 与 particle clean,13,16,-3.0,0.0,PASS,pass
LOT-A,改善前,W04,28nm MCU,ETCH-07,B,Plasma Etch,top_right_cluster,右上局部簇状失效，怀疑 chamber B 粒子污染,执行 chamber PM 与 particle clean,14,16,-2.0,0.0,PASS,pass
LOT-A,改善前,W04,28nm MCU,ETCH-07,B,Plasma Etch,top_right_cluster,右上局部簇状失效，怀疑 chamber B 粒子污染,执行 chamber PM 与 particle clean,15,16,-1.0,0.0,PASS,pass
LOT-A,改善前,W04,28nm MCU,ETCH-07,B,Plasma Etch,top_right_cluster,右上局部簇状失效，怀疑 chamber B 粒子污染,执行 chamber PM 与 particle clean,16,16,0.0,0.0,PASS,pass
LOT-A,改善前,W04,28nm MCU,ETCH-07,B,Plasma Etch,top_right_cluster,右上局部簇状失效，怀疑 chamber B 粒子污染,执行 chamber PM 与 particle clean,17,16,1.0,0.0,PASS,pass
LOT-A,改善前,W04,28nm MCU,ETCH-07,B,Plasma Etch,top_right_cluster,右上局部簇状失效，怀疑 chamber B 粒子污染,执行 chamber PM 与 particle clean,18,16,2.0,0.0,PASS,pass
LOT-A,改善前,W04,28nm MCU,ETCH-07,B,Plasma Etch,top_right_cluster,右上局部簇状失效，怀疑 chamber B 粒子污染,执行 chamber PM 与 particle clean,19,16,3.0,0.0,PASS,pass
LOT-A,改善前,W04,28nm MCU,ETCH-07,B,Plasma Etch,top_right_cluster,右上局部簇状失效，怀疑 chamber B 粒子污染,执行 chamber PM 与 particle clean,20,16,4.0,0.0,PASS,pass
LOT-A,改善前,W04,28nm MCU,ETCH-07,B,Plasma Etch,top_right_cluster,右上局部簇状失效，怀疑 chamber B 粒子污染,执行 chamber PM 与 particle clean,21,16,5.0,0.0,PASS,pass
LOT-A,改善前,W04,28nm MCU,ETCH-07,B,Plasma Etch,top_right_cluster,右上局部簇状失效，怀疑 chamber B 粒子污染,执行 chamber PM 与 particle clean,22,16,6.0,0.0,PASS,pass
LOT-A,改善前,W04,28nm MCU,ETCH-07,B,Plasma Etch,top_right_cluster,右上局部簇状失效，怀疑 chamber B 粒子污染,执行 chamber PM 与 particle clean,23,16,7.0,0.0,PASS,pass
LOT-A,改善前,W04,28nm MCU,ETCH-07,B,Plasma Etch,top_right_cluster,右上局部簇状失效，怀疑 chamber B 粒子污染,执行 chamber PM 与 particle clean,24,16,8.0,0.0,PASS,pass
LOT-A,改善前,W04,28nm MCU,ETCH-07,B,Plasma Etch,top_right_cluster,右上局部簇状失效，怀疑 chamber B 粒子污染,执行 chamber PM 与 particle clean,25,16,9.0,0.0,PASS,pass
LOT-A,改善前,W04,28nm MCU,ETCH-07,B,Plasma Etch,top_right_cluster,右上局部簇状失效，怀疑 chamber B 粒子污染,执行 chamber PM 与 particle clean,26,16,10.0,0.0,PASS,pass
LOT-A,改善前,W04,28nm MCU,ETCH-07,B,Plasma Etch,top_right_cluster,右上局部簇状失效，怀疑 chamber B 粒子污染,执行 chamber PM 与 particle clean,27,16,11.0,0.0,PASS,pass
LOT-A,改善前,W04,28nm MCU,ETCH-07,B,Plasma Etch,top_right_cluster,右上局部簇状失效，怀疑 chamber B 粒子污染,执行 chamber PM 与 particle clean,28,16,12.0,0.0,PASS,pass
LOT-A,改善前,W04,28nm MCU,ETCH-07,B,Plasma Etch,top_right_cluster,右上局部簇状失效，怀疑 chamber B 粒子污染,执行 chamber PM 与 particle clean,29,16,13.0,0.0,PASS,pass
LOT-A,改善前,W04,28nm MCU,ETCH-07,B,Plasma Etch,top_right_cluster,右上局部簇状失效，怀疑 chamber B 粒子污染,执行 chamber PM 与 particle clean,30,16,14.0,0.0,PASS,pass
LOT-A,改善前,W04,28nm MCU,ETCH-07,B,Plasma Etch,top_right_cluster,右上局部簇状失效，怀疑 chamber B 粒子污染,执行 chamber PM 与 particle clean,2,17,-14.0,1.0,PASS,pass
LOT-A,改善前,W04,28nm MCU,ETCH-07,B,Plasma Etch,top_right_cluster,右上局部簇状失效，怀疑 chamber B 粒子污染,执行 chamber PM 与 particle clean,3,17,-13.0,1.0,PASS,pass
LOT-A,改善前,W04,28nm MCU,ETCH-07,B,Plasma Etch,top_right_cluster,右上局部簇状失效，怀疑 chamber B 粒子污染,执行 chamber PM 与 particle clean,4,17,-12.0,1.0,PASS,pass
LOT-A,改善前,W04,28nm MCU,ETCH-07,B,Plasma Etch,top_right_cluster,右上局部簇状失效，怀疑 chamber B 粒子污染,执行 chamber PM 与 particle clean,5,17,-11.0,1.0,PASS,pass
LOT-A,改善前,W04,28nm MCU,ETCH-07,B,Plasma Etch,top_right_cluster,右上局部簇状失效，怀疑 chamber B 粒子污染,执行 chamber PM 与 particle clean,6,17,-10.0,1.0,PASS,pass
LOT-A,改善前,W04,28nm MCU,ETCH-07,B,Plasma Etch,top_right_cluster,右上局部簇状失效，怀疑 chamber B 粒子污染,执行 chamber PM 与 particle clean,7,17,-9.0,1.0,PASS,pass
LOT-A,改善前,W04,28nm MCU,ETCH-07,B,Plasma Etch,top_right_cluster,右上局部簇状失效，怀疑 chamber B 粒子污染,执行 chamber PM 与 particle clean,8,17,-8.0,1.0,PASS,pass
LOT-A,改善前,W04,28nm MCU,ETCH-07,B,Plasma Etch,top_right_cluster,右上局部簇状失效，怀疑 chamber B 粒子污染,执行 chamber PM 与 particle clean,9,17,-7.0,1.0,PASS,pass
LOT-A,改善前,W04,28nm MCU,ETCH-07,B,Plasma Etch,top_right_cluster,右上局部簇状失效，怀疑 chamber B 粒子污染,执行 chamber PM 与 particle clean,10,17,-6.0,1.0,PASS,pass
LOT-A,改善前,W04,28nm MCU,ETCH-07,B,Plasma Etch,top_right_cluster,右上局部簇状失效，怀疑 chamber B 粒子污染,执行 chamber PM 与 particle clean,11,17,-5.0,1.0,PASS,pass
LOT-A,改善前,W04,28nm MCU,ETCH-07,B,Plasma Etch,top_right_cluster,右上局部簇状失效，怀疑 chamber B 粒子污染,执行 chamber PM 与 particle clean,12,17,-4.0,1.0,PASS,pass
LOT-A,改善前,W04,28nm MCU,ETCH-07,B,Plasma Etch,top_right_cluster,右上局部簇状失效，怀疑 chamber B 粒子污染,执行 chamber PM 与 particle clean,13,17,-3.0,1.0,PASS,pass
LOT-A,改善前,W04,28nm MCU,ETCH-07,B,Plasma Etch,top_right_cluster,右上局部簇状失效，怀疑 chamber B 粒子污染,执行 chamber PM 与 particle clean,14,17,-2.0,1.0,PASS,pass
LOT-A,改善前,W04,28nm MCU,ETCH-07,B,Plasma Etch,top_right_cluster,右上局部簇状失效，怀疑 chamber B 粒子污染,执行 chamber PM 与 particle clean,15,17,-1.0,1.0,PASS,pass
LOT-A,改善前,W04,28nm MCU,ETCH-07,B,Plasma Etch,top_right_cluster,右上局部簇状失效，怀疑 chamber B 粒子污染,执行 chamber PM 与 particle clean,16,17,0.0,1.0,PASS,pass
LOT-A,改善前,W04,28nm MCU,ETCH-07,B,Plasma Etch,top_right_cluster,右上局部簇状失效，怀疑 chamber B 粒子污染,执行 chamber PM 与 particle clean,17,17,1.0,1.0,PASS,pass
LOT-A,改善前,W04,28nm MCU,ETCH-07,B,Plasma Etch,top_right_cluster,右上局部簇状失效，怀疑 chamber B 粒子污染,执行 chamber PM 与 particle clean,18,17,2.0,1.0,PASS,pass
LOT-A,改善前,W04,28nm MCU,ETCH-07,B,Plasma Etch,top_right_cluster,右上局部簇状失效，怀疑 chamber B 粒子污染,执行 chamber PM 与 particle clean,19,17,3.0,1.0,PASS,pass
LOT-A,改善前,W04,28nm MCU,ETCH-07,B,Plasma Etch,top_right_cluster,右上局部簇状失效，怀疑 chamber B 粒子污染,执行 chamber PM 与 particle clean,20,17,4.0,1.0,PASS,pass
LOT-A,改善前,W04,28nm MCU,ETCH-07,B,Plasma Etch,top_right_cluster,右上局部簇状失效，怀疑 chamber B 粒子污染,执行 chamber PM 与 particle clean,21,17,5.0,1.0,PASS,pass
LOT-A,改善前,W04,28nm MCU,ETCH-07,B,Plasma Etch,top_right_cluster,右上局部簇状失效，怀疑 chamber B 粒子污染,执行 chamber PM 与 particle clean,22,17,6.0,1.0,PASS,pass
LOT-A,改善前,W04,28nm MCU,ETCH-07,B,Plasma Etch,top_right_cluster,右上局部簇状失效，怀疑 chamber B 粒子污染,执行 chamber PM 与 particle clean,23,17,7.0,1.0,PASS,pass
LOT-A,改善前,W04,28nm MCU,ETCH-07,B,Plasma Etch,top_right_cluster,右上局部簇状失效，怀疑 chamber B 粒子污染,执行 chamber PM 与 particle clean,24,17,8.0,1.0,PASS,pass
LOT-A,改善前,W04,28nm MCU,ETCH-07,B,Plasma Etch,top_right_cluster,右上局部簇状失效，怀疑 chamber B 粒子污染,执行 chamber PM 与 particle clean,25,17,9.0,1.0,PASS,pass
LOT-A,改善前,W04,28nm MCU,ETCH-07,B,Plasma Etch,top_right_cluster,右上局部簇状失效，怀疑 chamber B 粒子污染,执行 chamber PM 与 particle clean,26,17,10.0,1.0,PASS,pass
LOT-A,改善前,W04,28nm MCU,ETCH-07,B,Plasma Etch,top_right_cluster,右上局部簇状失效，怀疑 chamber B 粒子污染,执行 chamber PM 与 particle clean,27,17,11.0,1.0,PASS,pass
LOT-A,改善前,W04,28nm MCU,ETCH-07,B,Plasma Etch,top_right_cluster,右上局部簇状失效，怀疑 chamber B 粒子污染,执行 chamber PM 与 particle clean,28,17,12.0,1.0,PASS,pass
LOT-A,改善前,W04,28nm MCU,ETCH-07,B,Plasma Etch,top_right_cluster,右上局部簇状失效，怀疑 chamber B 粒子污染,执行 chamber PM 与 particle clean,29,17,13.0,1.0,PASS,pass
LOT-A,改善前,W04,28nm MCU,ETCH-07,B,Plasma Etch,top_right_cluster,右上局部簇状失效，怀疑 chamber B 粒子污染,执行 chamber PM 与 particle clean,30,17,14.0,1.0,PASS,pass
LOT-A,改善前,W04,28nm MCU,ETCH-07,B,Plasma Etch,top_right_cluster,右上局部簇状失效，怀疑 chamber B 粒子污染,执行 chamber PM 与 particle clean,2,18,-14.0,2.0,PASS,pass
LOT-A,改善前,W04,28nm MCU,ETCH-07,B,Plasma Etch,top_right_cluster,右上局部簇状失效，怀疑 chamber B 粒子污染,执行 chamber PM 与 particle clean,3,18,-13.0,2.0,PASS,pass
LOT-A,改善前,W04,28nm MCU,ETCH-07,B,Plasma Etch,top_right_cluster,右上局部簇状失效，怀疑 chamber B 粒子污染,执行 chamber PM 与 particle clean,4,18,-12.0,2.0,PASS,pass
LOT-A,改善前,W04,28nm MCU,ETCH-07,B,Plasma Etch,top_right_cluster,右上局部簇状失效，怀疑 chamber B 粒子污染,执行 chamber PM 与 particle clean,5,18,-11.0,2.0,PASS,pass
LOT-A,改善前,W04,28nm MCU,ETCH-07,B,Plasma Etch,top_right_cluster,右上局部簇状失效，怀疑 chamber B 粒子污染,执行 chamber PM 与 particle clean,6,18,-10.0,2.0,PASS,pass
LOT-A,改善前,W04,28nm MCU,ETCH-07,B,Plasma Etch,top_right_cluster,右上局部簇状失效，怀疑 chamber B 粒子污染,执行 chamber PM 与 particle clean,7,18,-9.0,2.0,PASS,pass
LOT-A,改善前,W04,28nm MCU,ETCH-07,B,Plasma Etch,top_right_cluster,右上局部簇状失效，怀疑 chamber B 粒子污染,执行 chamber PM 与 particle clean,8,18,-8.0,2.0,PASS,pass
LOT-A,改善前,W04,28nm MCU,ETCH-07,B,Plasma Etch,top_right_cluster,右上局部簇状失效，怀疑 chamber B 粒子污染,执行 chamber PM 与 particle clean,9,18,-7.0,2.0,PASS,pass
LOT-A,改善前,W04,28nm MCU,ETCH-07,B,Plasma Etch,top_right_cluster,右上局部簇状失效，怀疑 chamber B 粒子污染,执行 chamber PM 与 particle clean,10,18,-6.0,2.0,PASS,pass
LOT-A,改善前,W04,28nm MCU,ETCH-07,B,Plasma Etch,top_right_cluster,右上局部簇状失效，怀疑 chamber B 粒子污染,执行 chamber PM 与 particle clean,11,18,-5.0,2.0,PASS,pass
LOT-A,改善前,W04,28nm MCU,ETCH-07,B,Plasma Etch,top_right_cluster,右上局部簇状失效，怀疑 chamber B 粒子污染,执行 chamber PM 与 particle clean,12,18,-4.0,2.0,PASS,pass
LOT-A,改善前,W04,28nm MCU,ETCH-07,B,Plasma Etch,top_right_cluster,右上局部簇状失效，怀疑 chamber B 粒子污染,执行 chamber PM 与 particle clean,13,18,-3.0,2.0,PASS,pass
LOT-A,改善前,W04,28nm MCU,ETCH-07,B,Plasma Etch,top_right_cluster,右上局部簇状失效，怀疑 chamber B 粒子污染,执行 chamber PM 与 particle clean,14,18,-2.0,2.0,PASS,pass
LOT-A,改善前,W04,28nm MCU,ETCH-07,B,Plasma Etch,top_right_cluster,右上局部簇状失效，怀疑 chamber B 粒子污染,执行 chamber PM 与 particle clean,15,18,-1.0,2.0,PASS,pass
LOT-A,改善前,W04,28nm MCU,ETCH-07,B,Plasma Etch,top_right_cluster,右上局部簇状失效，怀疑 chamber B 粒子污染,执行 chamber PM 与 particle clean,16,18,0.0,2.0,PASS,pass
LOT-A,改善前,W04,28nm MCU,ETCH-07,B,Plasma Etch,top_right_cluster,右上局部簇状失效，怀疑 chamber B 粒子污染,执行 chamber PM 与 particle clean,17,18,1.0,2.0,PASS,pass
LOT-A,改善前,W04,28nm MCU,ETCH-07,B,Plasma Etch,top_right_cluster,右上局部簇状失效，怀疑 chamber B 粒子污染,执行 chamber PM 与 particle clean,18,18,2.0,2.0,PASS,pass
LOT-A,改善前,W04,28nm MCU,ETCH-07,B,Plasma Etch,top_right_cluster,右上局部簇状失效，怀疑 chamber B 粒子污染,执行 chamber PM 与 particle clean,19,18,3.0,2.0,PASS,pass
LOT-A,改善前,W04,28nm MCU,ETCH-07,B,Plasma Etch,top_right_cluster,右上局部簇状失效，怀疑 chamber B 粒子污染,执行 chamber PM 与 particle clean,20,18,4.0,2.0,PASS,pass
LOT-A,改善前,W04,28nm MCU,ETCH-07,B,Plasma Etch,top_right_cluster,右上局部簇状失效，怀疑 chamber B 粒子污染,执行 chamber PM 与 particle clean,21,18,5.0,2.0,PASS,pass
LOT-A,改善前,W04,28nm MCU,ETCH-07,B,Plasma Etch,top_right_cluster,右上局部簇状失效，怀疑 chamber B 粒子污染,执行 chamber PM 与 particle clean,22,18,6.0,2.0,PASS,pass
LOT-A,改善前,W04,28nm MCU,ETCH-07,B,Plasma Etch,top_right_cluster,右上局部簇状失效，怀疑 chamber B 粒子污染,执行 chamber PM 与 particle clean,23,18,7.0,2.0,PASS,pass
LOT-A,改善前,W04,28nm MCU,ETCH-07,B,Plasma Etch,top_right_cluster,右上局部簇状失效，怀疑 chamber B 粒子污染,执行 chamber PM 与 particle clean,24,18,8.0,2.0,PASS,pass
LOT-A,改善前,W04,28nm MCU,ETCH-07,B,Plasma Etch,top_right_cluster,右上局部簇状失效，怀疑 chamber B 粒子污染,执行 chamber PM 与 particle clean,25,18,9.0,2.0,PASS,pass
LOT-A,改善前,W04,28nm MCU,ETCH-07,B,Plasma Etch,top_right_cluster,右上局部簇状失效，怀疑 chamber B 粒子污染,执行 chamber PM 与 particle clean,26,18,10.0,2.0,PASS,pass
LOT-A,改善前,W04,28nm MCU,ETCH-07,B,Plasma Etch,top_right_cluster,右上局部簇状失效，怀疑 chamber B 粒子污染,执行 chamber PM 与 particle clean,27,18,11.0,2.0,PASS,pass
LOT-A,改善前,W04,28nm MCU,ETCH-07,B,Plasma Etch,top_right_cluster,右上局部簇状失效，怀疑 chamber B 粒子污染,执行 chamber PM 与 particle clean,28,18,12.0,2.0,PASS,pass
LOT-A,改善前,W04,28nm MCU,ETCH-07,B,Plasma Etch,top_right_cluster,右上局部簇状失效，怀疑 chamber B 粒子污染,执行 chamber PM 与 particle clean,29,18,13.0,2.0,PASS,pass
LOT-A,改善前,W04,28nm MCU,ETCH-07,B,Plasma Etch,top_right_cluster,右上局部簇状失效，怀疑 chamber B 粒子污染,执行 chamber PM 与 particle clean,30,18,14.0,2.0,PASS,pass
LOT-A,改善前,W04,28nm MCU,ETCH-07,B,Plasma Etch,top_right_cluster,右上局部簇状失效，怀疑 chamber B 粒子污染,执行 chamber PM 与 particle clean,2,19,-14.0,3.0,PASS,pass
LOT-A,改善前,W04,28nm MCU,ETCH-07,B,Plasma Etch,top_right_cluster,右上局部簇状失效，怀疑 chamber B 粒子污染,执行 chamber PM 与 particle clean,3,19,-13.0,3.0,PASS,pass
LOT-A,改善前,W04,28nm MCU,ETCH-07,B,Plasma Etch,top_right_cluster,右上局部簇状失效，怀疑 chamber B 粒子污染,执行 chamber PM 与 particle clean,4,19,-12.0,3.0,PASS,pass
LOT-A,改善前,W04,28nm MCU,ETCH-07,B,Plasma Etch,top_right_cluster,右上局部簇状失效，怀疑 chamber B 粒子污染,执行 chamber PM 与 particle clean,5,19,-11.0,3.0,PASS,pass
LOT-A,改善前,W04,28nm MCU,ETCH-07,B,Plasma Etch,top_right_cluster,右上局部簇状失效，怀疑 chamber B 粒子污染,执行 chamber PM 与 particle clean,6,19,-10.0,3.0,PASS,pass
LOT-A,改善前,W04,28nm MCU,ETCH-07,B,Plasma Etch,top_right_cluster,右上局部簇状失效，怀疑 chamber B 粒子污染,执行 chamber PM 与 particle clean,7,19,-9.0,3.0,PASS,pass
LOT-A,改善前,W04,28nm MCU,ETCH-07,B,Plasma Etch,top_right_cluster,右上局部簇状失效，怀疑 chamber B 粒子污染,执行 chamber PM 与 particle clean,8,19,-8.0,3.0,PASS,pass
LOT-A,改善前,W04,28nm MCU,ETCH-07,B,Plasma Etch,top_right_cluster,右上局部簇状失效，怀疑 chamber B 粒子污染,执行 chamber PM 与 particle clean,9,19,-7.0,3.0,PASS,pass
LOT-A,改善前,W04,28nm MCU,ETCH-07,B,Plasma Etch,top_right_cluster,右上局部簇状失效，怀疑 chamber B 粒子污染,执行 chamber PM 与 particle clean,10,19,-6.0,3.0,PASS,pass
LOT-A,改善前,W04,28nm MCU,ETCH-07,B,Plasma Etch,top_right_cluster,右上局部簇状失效，怀疑 chamber B 粒子污染,执行 chamber PM 与 particle clean,11,19,-5.0,3.0,PASS,pass
LOT-A,改善前,W04,28nm MCU,ETCH-07,B,Plasma Etch,top_right_cluster,右上局部簇状失效，怀疑 chamber B 粒子污染,执行 chamber PM 与 particle clean,12,19,-4.0,3.0,PASS,pass
LOT-A,改善前,W04,28nm MCU,ETCH-07,B,Plasma Etch,top_right_cluster,右上局部簇状失效，怀疑 chamber B 粒子污染,执行 chamber PM 与 particle clean,13,19,-3.0,3.0,PASS,pass
LOT-A,改善前,W04,28nm MCU,ETCH-07,B,Plasma Etch,top_right_cluster,右上局部簇状失效，怀疑 chamber B 粒子污染,执行 chamber PM 与 particle clean,14,19,-2.0,3.0,PASS,pass
LOT-A,改善前,W04,28nm MCU,ETCH-07,B,Plasma Etch,top_right_cluster,右上局部簇状失效，怀疑 chamber B 粒子污染,执行 chamber PM 与 particle clean,15,19,-1.0,3.0,PASS,pass
LOT-A,改善前,W04,28nm MCU,ETCH-07,B,Plasma Etch,top_right_cluster,右上局部簇状失效，怀疑 chamber B 粒子污染,执行 chamber PM 与 particle clean,16,19,0.0,3.0,PASS,pass
LOT-A,改善前,W04,28nm MCU,ETCH-07,B,Plasma Etch,top_right_cluster,右上局部簇状失效，怀疑 chamber B 粒子污染,执行 chamber PM 与 particle clean,17,19,1.0,3.0,PASS,pass
LOT-A,改善前,W04,28nm MCU,ETCH-07,B,Plasma Etch,top_right_cluster,右上局部簇状失效，怀疑 chamber B 粒子污染,执行 chamber PM 与 particle clean,18,19,2.0,3.0,PASS,pass
LOT-A,改善前,W04,28nm MCU,ETCH-07,B,Plasma Etch,top_right_cluster,右上局部簇状失效，怀疑 chamber B 粒子污染,执行 chamber PM 与 particle clean,19,19,3.0,3.0,PASS,pass
LOT-A,改善前,W04,28nm MCU,ETCH-07,B,Plasma Etch,top_right_cluster,右上局部簇状失效，怀疑 chamber B 粒子污染,执行 chamber PM 与 particle clean,20,19,4.0,3.0,PASS,pass
LOT-A,改善前,W04,28nm MCU,ETCH-07,B,Plasma Etch,top_right_cluster,右上局部簇状失效，怀疑 chamber B 粒子污染,执行 chamber PM 与 particle clean,21,19,5.0,3.0,PASS,pass
LOT-A,改善前,W04,28nm MCU,ETCH-07,B,Plasma Etch,top_right_cluster,右上局部簇状失效，怀疑 chamber B 粒子污染,执行 chamber PM 与 particle clean,22,19,6.0,3.0,PASS,pass
LOT-A,改善前,W04,28nm MCU,ETCH-07,B,Plasma Etch,top_right_cluster,右上局部簇状失效，怀疑 chamber B 粒子污染,执行 chamber PM 与 particle clean,23,19,7.0,3.0,PASS,pass
LOT-A,改善前,W04,28nm MCU,ETCH-07,B,Plasma Etch,top_right_cluster,右上局部簇状失效，怀疑 chamber B 粒子污染,执行 chamber PM 与 particle clean,24,19,8.0,3.0,PASS,pass
LOT-A,改善前,W04,28nm MCU,ETCH-07,B,Plasma Etch,top_right_cluster,右上局部簇状失效，怀疑 chamber B 粒子污染,执行 chamber PM 与 particle clean,25,19,9.0,3.0,PASS,pass
LOT-A,改善前,W04,28nm MCU,ETCH-07,B,Plasma Etch,top_right_cluster,右上局部簇状失效，怀疑 chamber B 粒子污染,执行 chamber PM 与 particle clean,26,19,10.0,3.0,PASS,pass
LOT-A,改善前,W04,28nm MCU,ETCH-07,B,Plasma Etch,top_right_cluster,右上局部簇状失效，怀疑 chamber B 粒子污染,执行 chamber PM 与 particle clean,27,19,11.0,3.0,PASS,pass
LOT-A,改善前,W04,28nm MCU,ETCH-07,B,Plasma Etch,top_right_cluster,右上局部簇状失效，怀疑 chamber B 粒子污染,执行 chamber PM 与 particle clean,28,19,12.0,3.0,PASS,pass
LOT-A,改善前,W04,28nm MCU,ETCH-07,B,Plasma Etch,top_right_cluster,右上局部簇状失效，怀疑 chamber B 粒子污染,执行 chamber PM 与 particle clean,29,19,13.0,3.0,PASS,pass
LOT-A,改善前,W04,28nm MCU,ETCH-07,B,Plasma Etch,top_right_cluster,右上局部簇状失效，怀疑 chamber B 粒子污染,执行 chamber PM 与 particle clean,30,19,14.0,3.0,PASS,pass
LOT-A,改善前,W04,28nm MCU,ETCH-07,B,Plasma Etch,top_right_cluster,右上局部簇状失效，怀疑 chamber B 粒子污染,执行 chamber PM 与 particle clean,2,20,-14.0,4.0,FAIL,random
LOT-A,改善前,W04,28nm MCU,ETCH-07,B,Plasma Etch,top_right_cluster,右上局部簇状失效，怀疑 chamber B 粒子污染,执行 chamber PM 与 particle clean,3,20,-13.0,4.0,PASS,pass
LOT-A,改善前,W04,28nm MCU,ETCH-07,B,Plasma Etch,top_right_cluster,右上局部簇状失效，怀疑 chamber B 粒子污染,执行 chamber PM 与 particle clean,4,20,-12.0,4.0,PASS,pass
LOT-A,改善前,W04,28nm MCU,ETCH-07,B,Plasma Etch,top_right_cluster,右上局部簇状失效，怀疑 chamber B 粒子污染,执行 chamber PM 与 particle clean,5,20,-11.0,4.0,PASS,pass
LOT-A,改善前,W04,28nm MCU,ETCH-07,B,Plasma Etch,top_right_cluster,右上局部簇状失效，怀疑 chamber B 粒子污染,执行 chamber PM 与 particle clean,6,20,-10.0,4.0,PASS,pass
LOT-A,改善前,W04,28nm MCU,ETCH-07,B,Plasma Etch,top_right_cluster,右上局部簇状失效，怀疑 chamber B 粒子污染,执行 chamber PM 与 particle clean,7,20,-9.0,4.0,PASS,pass
LOT-A,改善前,W04,28nm MCU,ETCH-07,B,Plasma Etch,top_right_cluster,右上局部簇状失效，怀疑 chamber B 粒子污染,执行 chamber PM 与 particle clean,8,20,-8.0,4.0,PASS,pass
LOT-A,改善前,W04,28nm MCU,ETCH-07,B,Plasma Etch,top_right_cluster,右上局部簇状失效，怀疑 chamber B 粒子污染,执行 chamber PM 与 particle clean,9,20,-7.0,4.0,PASS,pass
LOT-A,改善前,W04,28nm MCU,ETCH-07,B,Plasma Etch,top_right_cluster,右上局部簇状失效，怀疑 chamber B 粒子污染,执行 chamber PM 与 particle clean,10,20,-6.0,4.0,PASS,pass
LOT-A,改善前,W04,28nm MCU,ETCH-07,B,Plasma Etch,top_right_cluster,右上局部簇状失效，怀疑 chamber B 粒子污染,执行 chamber PM 与 particle clean,11,20,-5.0,4.0,PASS,pass
LOT-A,改善前,W04,28nm MCU,ETCH-07,B,Plasma Etch,top_right_cluster,右上局部簇状失效，怀疑 chamber B 粒子污染,执行 chamber PM 与 particle clean,12,20,-4.0,4.0,PASS,pass
LOT-A,改善前,W04,28nm MCU,ETCH-07,B,Plasma Etch,top_right_cluster,右上局部簇状失效，怀疑 chamber B 粒子污染,执行 chamber PM 与 particle clean,13,20,-3.0,4.0,PASS,pass
LOT-A,改善前,W04,28nm MCU,ETCH-07,B,Plasma Etch,top_right_cluster,右上局部簇状失效，怀疑 chamber B 粒子污染,执行 chamber PM 与 particle clean,14,20,-2.0,4.0,PASS,pass
LOT-A,改善前,W04,28nm MCU,ETCH-07,B,Plasma Etch,top_right_cluster,右上局部簇状失效，怀疑 chamber B 粒子污染,执行 chamber PM 与 particle clean,15,20,-1.0,4.0,PASS,pass
LOT-A,改善前,W04,28nm MCU,ETCH-07,B,Plasma Etch,top_right_cluster,右上局部簇状失效，怀疑 chamber B 粒子污染,执行 chamber PM 与 particle clean,16,20,0.0,4.0,PASS,pass
LOT-A,改善前,W04,28nm MCU,ETCH-07,B,Plasma Etch,top_right_cluster,右上局部簇状失效，怀疑 chamber B 粒子污染,执行 chamber PM 与 particle clean,17,20,1.0,4.0,PASS,pass
LOT-A,改善前,W04,28nm MCU,ETCH-07,B,Plasma Etch,top_right_cluster,右上局部簇状失效，怀疑 chamber B 粒子污染,执行 chamber PM 与 particle clean,18,20,2.0,4.0,PASS,pass
LOT-A,改善前,W04,28nm MCU,ETCH-07,B,Plasma Etch,top_right_cluster,右上局部簇状失效，怀疑 chamber B 粒子污染,执行 chamber PM 与 particle clean,19,20,3.0,4.0,PASS,pass
LOT-A,改善前,W04,28nm MCU,ETCH-07,B,Plasma Etch,top_right_cluster,右上局部簇状失效，怀疑 chamber B 粒子污染,执行 chamber PM 与 particle clean,20,20,4.0,4.0,PASS,pass
LOT-A,改善前,W04,28nm MCU,ETCH-07,B,Plasma Etch,top_right_cluster,右上局部簇状失效，怀疑 chamber B 粒子污染,执行 chamber PM 与 particle clean,21,20,5.0,4.0,PASS,pass
LOT-A,改善前,W04,28nm MCU,ETCH-07,B,Plasma Etch,top_right_cluster,右上局部簇状失效，怀疑 chamber B 粒子污染,执行 chamber PM 与 particle clean,22,20,6.0,4.0,PASS,pass
LOT-A,改善前,W04,28nm MCU,ETCH-07,B,Plasma Etch,top_right_cluster,右上局部簇状失效，怀疑 chamber B 粒子污染,执行 chamber PM 与 particle clean,23,20,7.0,4.0,PASS,pass
LOT-A,改善前,W04,28nm MCU,ETCH-07,B,Plasma Etch,top_right_cluster,右上局部簇状失效，怀疑 chamber B 粒子污染,执行 chamber PM 与 particle clean,24,20,8.0,4.0,PASS,pass
LOT-A,改善前,W04,28nm MCU,ETCH-07,B,Plasma Etch,top_right_cluster,右上局部簇状失效，怀疑 chamber B 粒子污染,执行 chamber PM 与 particle clean,25,20,9.0,4.0,PASS,pass
LOT-A,改善前,W04,28nm MCU,ETCH-07,B,Plasma Etch,top_right_cluster,右上局部簇状失效，怀疑 chamber B 粒子污染,执行 chamber PM 与 particle clean,26,20,10.0,4.0,PASS,pass
LOT-A,改善前,W04,28nm MCU,ETCH-07,B,Plasma Etch,top_right_cluster,右上局部簇状失效，怀疑 chamber B 粒子污染,执行 chamber PM 与 particle clean,27,20,11.0,4.0,PASS,pass
LOT-A,改善前,W04,28nm MCU,ETCH-07,B,Plasma Etch,top_right_cluster,右上局部簇状失效，怀疑 chamber B 粒子污染,执行 chamber PM 与 particle clean,28,20,12.0,4.0,PASS,pass
LOT-A,改善前,W04,28nm MCU,ETCH-07,B,Plasma Etch,top_right_cluster,右上局部簇状失效，怀疑 chamber B 粒子污染,执行 chamber PM 与 particle clean,29,20,13.0,4.0,PASS,pass
LOT-A,改善前,W04,28nm MCU,ETCH-07,B,Plasma Etch,top_right_cluster,右上局部簇状失效，怀疑 chamber B 粒子污染,执行 chamber PM 与 particle clean,30,20,14.0,4.0,PASS,pass
LOT-A,改善前,W04,28nm MCU,ETCH-07,B,Plasma Etch,top_right_cluster,右上局部簇状失效，怀疑 chamber B 粒子污染,执行 chamber PM 与 particle clean,3,21,-13.0,5.0,PASS,pass
LOT-A,改善前,W04,28nm MCU,ETCH-07,B,Plasma Etch,top_right_cluster,右上局部簇状失效，怀疑 chamber B 粒子污染,执行 chamber PM 与 particle clean,4,21,-12.0,5.0,PASS,pass
LOT-A,改善前,W04,28nm MCU,ETCH-07,B,Plasma Etch,top_right_cluster,右上局部簇状失效，怀疑 chamber B 粒子污染,执行 chamber PM 与 particle clean,5,21,-11.0,5.0,PASS,pass
LOT-A,改善前,W04,28nm MCU,ETCH-07,B,Plasma Etch,top_right_cluster,右上局部簇状失效，怀疑 chamber B 粒子污染,执行 chamber PM 与 particle clean,6,21,-10.0,5.0,PASS,pass
LOT-A,改善前,W04,28nm MCU,ETCH-07,B,Plasma Etch,top_right_cluster,右上局部簇状失效，怀疑 chamber B 粒子污染,执行 chamber PM 与 particle clean,7,21,-9.0,5.0,PASS,pass
LOT-A,改善前,W04,28nm MCU,ETCH-07,B,Plasma Etch,top_right_cluster,右上局部簇状失效，怀疑 chamber B 粒子污染,执行 chamber PM 与 particle clean,8,21,-8.0,5.0,PASS,pass
LOT-A,改善前,W04,28nm MCU,ETCH-07,B,Plasma Etch,top_right_cluster,右上局部簇状失效，怀疑 chamber B 粒子污染,执行 chamber PM 与 particle clean,9,21,-7.0,5.0,PASS,pass
LOT-A,改善前,W04,28nm MCU,ETCH-07,B,Plasma Etch,top_right_cluster,右上局部簇状失效，怀疑 chamber B 粒子污染,执行 chamber PM 与 particle clean,10,21,-6.0,5.0,FAIL,random
LOT-A,改善前,W04,28nm MCU,ETCH-07,B,Plasma Etch,top_right_cluster,右上局部簇状失效，怀疑 chamber B 粒子污染,执行 chamber PM 与 particle clean,11,21,-5.0,5.0,PASS,pass
LOT-A,改善前,W04,28nm MCU,ETCH-07,B,Plasma Etch,top_right_cluster,右上局部簇状失效，怀疑 chamber B 粒子污染,执行 chamber PM 与 particle clean,12,21,-4.0,5.0,PASS,pass
LOT-A,改善前,W04,28nm MCU,ETCH-07,B,Plasma Etch,top_right_cluster,右上局部簇状失效，怀疑 chamber B 粒子污染,执行 chamber PM 与 particle clean,13,21,-3.0,5.0,PASS,pass
LOT-A,改善前,W04,28nm MCU,ETCH-07,B,Plasma Etch,top_right_cluster,右上局部簇状失效，怀疑 chamber B 粒子污染,执行 chamber PM 与 particle clean,14,21,-2.0,5.0,PASS,pass
LOT-A,改善前,W04,28nm MCU,ETCH-07,B,Plasma Etch,top_right_cluster,右上局部簇状失效，怀疑 chamber B 粒子污染,执行 chamber PM 与 particle clean,15,21,-1.0,5.0,PASS,pass
LOT-A,改善前,W04,28nm MCU,ETCH-07,B,Plasma Etch,top_right_cluster,右上局部簇状失效，怀疑 chamber B 粒子污染,执行 chamber PM 与 particle clean,16,21,0.0,5.0,FAIL,random
LOT-A,改善前,W04,28nm MCU,ETCH-07,B,Plasma Etch,top_right_cluster,右上局部簇状失效，怀疑 chamber B 粒子污染,执行 chamber PM 与 particle clean,17,21,1.0,5.0,PASS,pass
LOT-A,改善前,W04,28nm MCU,ETCH-07,B,Plasma Etch,top_right_cluster,右上局部簇状失效，怀疑 chamber B 粒子污染,执行 chamber PM 与 particle clean,18,21,2.0,5.0,PASS,pass
LOT-A,改善前,W04,28nm MCU,ETCH-07,B,Plasma Etch,top_right_cluster,右上局部簇状失效，怀疑 chamber B 粒子污染,执行 chamber PM 与 particle clean,19,21,3.0,5.0,PASS,pass
LOT-A,改善前,W04,28nm MCU,ETCH-07,B,Plasma Etch,top_right_cluster,右上局部簇状失效，怀疑 chamber B 粒子污染,执行 chamber PM 与 particle clean,20,21,4.0,5.0,PASS,pass
LOT-A,改善前,W04,28nm MCU,ETCH-07,B,Plasma Etch,top_right_cluster,右上局部簇状失效，怀疑 chamber B 粒子污染,执行 chamber PM 与 particle clean,21,21,5.0,5.0,PASS,pass
LOT-A,改善前,W04,28nm MCU,ETCH-07,B,Plasma Etch,top_right_cluster,右上局部簇状失效，怀疑 chamber B 粒子污染,执行 chamber PM 与 particle clean,22,21,6.0,5.0,PASS,pass
LOT-A,改善前,W04,28nm MCU,ETCH-07,B,Plasma Etch,top_right_cluster,右上局部簇状失效，怀疑 chamber B 粒子污染,执行 chamber PM 与 particle clean,23,21,7.0,5.0,PASS,pass
LOT-A,改善前,W04,28nm MCU,ETCH-07,B,Plasma Etch,top_right_cluster,右上局部簇状失效，怀疑 chamber B 粒子污染,执行 chamber PM 与 particle clean,24,21,8.0,5.0,PASS,pass
LOT-A,改善前,W04,28nm MCU,ETCH-07,B,Plasma Etch,top_right_cluster,右上局部簇状失效，怀疑 chamber B 粒子污染,执行 chamber PM 与 particle clean,25,21,9.0,5.0,PASS,pass
LOT-A,改善前,W04,28nm MCU,ETCH-07,B,Plasma Etch,top_right_cluster,右上局部簇状失效，怀疑 chamber B 粒子污染,执行 chamber PM 与 particle clean,26,21,10.0,5.0,PASS,pass
LOT-A,改善前,W04,28nm MCU,ETCH-07,B,Plasma Etch,top_right_cluster,右上局部簇状失效，怀疑 chamber B 粒子污染,执行 chamber PM 与 particle clean,27,21,11.0,5.0,PASS,pass
LOT-A,改善前,W04,28nm MCU,ETCH-07,B,Plasma Etch,top_right_cluster,右上局部簇状失效，怀疑 chamber B 粒子污染,执行 chamber PM 与 particle clean,28,21,12.0,5.0,FAIL,random
LOT-A,改善前,W04,28nm MCU,ETCH-07,B,Plasma Etch,top_right_cluster,右上局部簇状失效，怀疑 chamber B 粒子污染,执行 chamber PM 与 particle clean,29,21,13.0,5.0,PASS,pass
LOT-A,改善前,W04,28nm MCU,ETCH-07,B,Plasma Etch,top_right_cluster,右上局部簇状失效，怀疑 chamber B 粒子污染,执行 chamber PM 与 particle clean,3,22,-13.0,6.0,PASS,pass
LOT-A,改善前,W04,28nm MCU,ETCH-07,B,Plasma Etch,top_right_cluster,右上局部簇状失效，怀疑 chamber B 粒子污染,执行 chamber PM 与 particle clean,4,22,-12.0,6.0,PASS,pass
LOT-A,改善前,W04,28nm MCU,ETCH-07,B,Plasma Etch,top_right_cluster,右上局部簇状失效，怀疑 chamber B 粒子污染,执行 chamber PM 与 particle clean,5,22,-11.0,6.0,PASS,pass
LOT-A,改善前,W04,28nm MCU,ETCH-07,B,Plasma Etch,top_right_cluster,右上局部簇状失效，怀疑 chamber B 粒子污染,执行 chamber PM 与 particle clean,6,22,-10.0,6.0,PASS,pass
LOT-A,改善前,W04,28nm MCU,ETCH-07,B,Plasma Etch,top_right_cluster,右上局部簇状失效，怀疑 chamber B 粒子污染,执行 chamber PM 与 particle clean,7,22,-9.0,6.0,PASS,pass
LOT-A,改善前,W04,28nm MCU,ETCH-07,B,Plasma Etch,top_right_cluster,右上局部簇状失效，怀疑 chamber B 粒子污染,执行 chamber PM 与 particle clean,8,22,-8.0,6.0,PASS,pass
LOT-A,改善前,W04,28nm MCU,ETCH-07,B,Plasma Etch,top_right_cluster,右上局部簇状失效，怀疑 chamber B 粒子污染,执行 chamber PM 与 particle clean,9,22,-7.0,6.0,PASS,pass
LOT-A,改善前,W04,28nm MCU,ETCH-07,B,Plasma Etch,top_right_cluster,右上局部簇状失效，怀疑 chamber B 粒子污染,执行 chamber PM 与 particle clean,10,22,-6.0,6.0,PASS,pass
LOT-A,改善前,W04,28nm MCU,ETCH-07,B,Plasma Etch,top_right_cluster,右上局部簇状失效，怀疑 chamber B 粒子污染,执行 chamber PM 与 particle clean,11,22,-5.0,6.0,PASS,pass
LOT-A,改善前,W04,28nm MCU,ETCH-07,B,Plasma Etch,top_right_cluster,右上局部簇状失效，怀疑 chamber B 粒子污染,执行 chamber PM 与 particle clean,12,22,-4.0,6.0,PASS,pass
LOT-A,改善前,W04,28nm MCU,ETCH-07,B,Plasma Etch,top_right_cluster,右上局部簇状失效，怀疑 chamber B 粒子污染,执行 chamber PM 与 particle clean,13,22,-3.0,6.0,PASS,pass
LOT-A,改善前,W04,28nm MCU,ETCH-07,B,Plasma Etch,top_right_cluster,右上局部簇状失效，怀疑 chamber B 粒子污染,执行 chamber PM 与 particle clean,14,22,-2.0,6.0,PASS,pass
LOT-A,改善前,W04,28nm MCU,ETCH-07,B,Plasma Etch,top_right_cluster,右上局部簇状失效，怀疑 chamber B 粒子污染,执行 chamber PM 与 particle clean,15,22,-1.0,6.0,PASS,pass
LOT-A,改善前,W04,28nm MCU,ETCH-07,B,Plasma Etch,top_right_cluster,右上局部簇状失效，怀疑 chamber B 粒子污染,执行 chamber PM 与 particle clean,16,22,0.0,6.0,PASS,pass
LOT-A,改善前,W04,28nm MCU,ETCH-07,B,Plasma Etch,top_right_cluster,右上局部簇状失效，怀疑 chamber B 粒子污染,执行 chamber PM 与 particle clean,17,22,1.0,6.0,PASS,pass
LOT-A,改善前,W04,28nm MCU,ETCH-07,B,Plasma Etch,top_right_cluster,右上局部簇状失效，怀疑 chamber B 粒子污染,执行 chamber PM 与 particle clean,18,22,2.0,6.0,PASS,pass
LOT-A,改善前,W04,28nm MCU,ETCH-07,B,Plasma Etch,top_right_cluster,右上局部簇状失效，怀疑 chamber B 粒子污染,执行 chamber PM 与 particle clean,19,22,3.0,6.0,PASS,pass
LOT-A,改善前,W04,28nm MCU,ETCH-07,B,Plasma Etch,top_right_cluster,右上局部簇状失效，怀疑 chamber B 粒子污染,执行 chamber PM 与 particle clean,20,22,4.0,6.0,PASS,pass
LOT-A,改善前,W04,28nm MCU,ETCH-07,B,Plasma Etch,top_right_cluster,右上局部簇状失效，怀疑 chamber B 粒子污染,执行 chamber PM 与 particle clean,21,22,5.0,6.0,PASS,pass
LOT-A,改善前,W04,28nm MCU,ETCH-07,B,Plasma Etch,top_right_cluster,右上局部簇状失效，怀疑 chamber B 粒子污染,执行 chamber PM 与 particle clean,22,22,6.0,6.0,PASS,pass
LOT-A,改善前,W04,28nm MCU,ETCH-07,B,Plasma Etch,top_right_cluster,右上局部簇状失效，怀疑 chamber B 粒子污染,执行 chamber PM 与 particle clean,23,22,7.0,6.0,PASS,pass
LOT-A,改善前,W04,28nm MCU,ETCH-07,B,Plasma Etch,top_right_cluster,右上局部簇状失效，怀疑 chamber B 粒子污染,执行 chamber PM 与 particle clean,24,22,8.0,6.0,PASS,pass
LOT-A,改善前,W04,28nm MCU,ETCH-07,B,Plasma Etch,top_right_cluster,右上局部簇状失效，怀疑 chamber B 粒子污染,执行 chamber PM 与 particle clean,25,22,9.0,6.0,PASS,pass
LOT-A,改善前,W04,28nm MCU,ETCH-07,B,Plasma Etch,top_right_cluster,右上局部簇状失效，怀疑 chamber B 粒子污染,执行 chamber PM 与 particle clean,26,22,10.0,6.0,PASS,pass
LOT-A,改善前,W04,28nm MCU,ETCH-07,B,Plasma Etch,top_right_cluster,右上局部簇状失效，怀疑 chamber B 粒子污染,执行 chamber PM 与 particle clean,27,22,11.0,6.0,PASS,pass
LOT-A,改善前,W04,28nm MCU,ETCH-07,B,Plasma Etch,top_right_cluster,右上局部簇状失效，怀疑 chamber B 粒子污染,执行 chamber PM 与 particle clean,28,22,12.0,6.0,PASS,pass
LOT-A,改善前,W04,28nm MCU,ETCH-07,B,Plasma Etch,top_right_cluster,右上局部簇状失效，怀疑 chamber B 粒子污染,执行 chamber PM 与 particle clean,29,22,13.0,6.0,PASS,pass
LOT-A,改善前,W04,28nm MCU,ETCH-07,B,Plasma Etch,top_right_cluster,右上局部簇状失效，怀疑 chamber B 粒子污染,执行 chamber PM 与 particle clean,3,23,-13.0,7.0,PASS,pass
LOT-A,改善前,W04,28nm MCU,ETCH-07,B,Plasma Etch,top_right_cluster,右上局部簇状失效，怀疑 chamber B 粒子污染,执行 chamber PM 与 particle clean,4,23,-12.0,7.0,PASS,pass
LOT-A,改善前,W04,28nm MCU,ETCH-07,B,Plasma Etch,top_right_cluster,右上局部簇状失效，怀疑 chamber B 粒子污染,执行 chamber PM 与 particle clean,5,23,-11.0,7.0,PASS,pass
LOT-A,改善前,W04,28nm MCU,ETCH-07,B,Plasma Etch,top_right_cluster,右上局部簇状失效，怀疑 chamber B 粒子污染,执行 chamber PM 与 particle clean,6,23,-10.0,7.0,PASS,pass
LOT-A,改善前,W04,28nm MCU,ETCH-07,B,Plasma Etch,top_right_cluster,右上局部簇状失效，怀疑 chamber B 粒子污染,执行 chamber PM 与 particle clean,7,23,-9.0,7.0,PASS,pass
LOT-A,改善前,W04,28nm MCU,ETCH-07,B,Plasma Etch,top_right_cluster,右上局部簇状失效，怀疑 chamber B 粒子污染,执行 chamber PM 与 particle clean,8,23,-8.0,7.0,PASS,pass
LOT-A,改善前,W04,28nm MCU,ETCH-07,B,Plasma Etch,top_right_cluster,右上局部簇状失效，怀疑 chamber B 粒子污染,执行 chamber PM 与 particle clean,9,23,-7.0,7.0,PASS,pass
LOT-A,改善前,W04,28nm MCU,ETCH-07,B,Plasma Etch,top_right_cluster,右上局部簇状失效，怀疑 chamber B 粒子污染,执行 chamber PM 与 particle clean,10,23,-6.0,7.0,PASS,pass
LOT-A,改善前,W04,28nm MCU,ETCH-07,B,Plasma Etch,top_right_cluster,右上局部簇状失效，怀疑 chamber B 粒子污染,执行 chamber PM 与 particle clean,11,23,-5.0,7.0,PASS,pass
LOT-A,改善前,W04,28nm MCU,ETCH-07,B,Plasma Etch,top_right_cluster,右上局部簇状失效，怀疑 chamber B 粒子污染,执行 chamber PM 与 particle clean,12,23,-4.0,7.0,PASS,pass
LOT-A,改善前,W04,28nm MCU,ETCH-07,B,Plasma Etch,top_right_cluster,右上局部簇状失效，怀疑 chamber B 粒子污染,执行 chamber PM 与 particle clean,13,23,-3.0,7.0,PASS,pass
LOT-A,改善前,W04,28nm MCU,ETCH-07,B,Plasma Etch,top_right_cluster,右上局部簇状失效，怀疑 chamber B 粒子污染,执行 chamber PM 与 particle clean,14,23,-2.0,7.0,PASS,pass
LOT-A,改善前,W04,28nm MCU,ETCH-07,B,Plasma Etch,top_right_cluster,右上局部簇状失效，怀疑 chamber B 粒子污染,执行 chamber PM 与 particle clean,15,23,-1.0,7.0,PASS,pass
LOT-A,改善前,W04,28nm MCU,ETCH-07,B,Plasma Etch,top_right_cluster,右上局部簇状失效，怀疑 chamber B 粒子污染,执行 chamber PM 与 particle clean,16,23,0.0,7.0,PASS,pass
LOT-A,改善前,W04,28nm MCU,ETCH-07,B,Plasma Etch,top_right_cluster,右上局部簇状失效，怀疑 chamber B 粒子污染,执行 chamber PM 与 particle clean,17,23,1.0,7.0,PASS,pass
LOT-A,改善前,W04,28nm MCU,ETCH-07,B,Plasma Etch,top_right_cluster,右上局部簇状失效，怀疑 chamber B 粒子污染,执行 chamber PM 与 particle clean,18,23,2.0,7.0,PASS,pass
LOT-A,改善前,W04,28nm MCU,ETCH-07,B,Plasma Etch,top_right_cluster,右上局部簇状失效，怀疑 chamber B 粒子污染,执行 chamber PM 与 particle clean,19,23,3.0,7.0,PASS,pass
LOT-A,改善前,W04,28nm MCU,ETCH-07,B,Plasma Etch,top_right_cluster,右上局部簇状失效，怀疑 chamber B 粒子污染,执行 chamber PM 与 particle clean,20,23,4.0,7.0,PASS,pass
LOT-A,改善前,W04,28nm MCU,ETCH-07,B,Plasma Etch,top_right_cluster,右上局部簇状失效，怀疑 chamber B 粒子污染,执行 chamber PM 与 particle clean,21,23,5.0,7.0,PASS,pass
LOT-A,改善前,W04,28nm MCU,ETCH-07,B,Plasma Etch,top_right_cluster,右上局部簇状失效，怀疑 chamber B 粒子污染,执行 chamber PM 与 particle clean,22,23,6.0,7.0,PASS,pass
LOT-A,改善前,W04,28nm MCU,ETCH-07,B,Plasma Etch,top_right_cluster,右上局部簇状失效，怀疑 chamber B 粒子污染,执行 chamber PM 与 particle clean,23,23,7.0,7.0,PASS,pass
LOT-A,改善前,W04,28nm MCU,ETCH-07,B,Plasma Etch,top_right_cluster,右上局部簇状失效，怀疑 chamber B 粒子污染,执行 chamber PM 与 particle clean,24,23,8.0,7.0,PASS,pass
LOT-A,改善前,W04,28nm MCU,ETCH-07,B,Plasma Etch,top_right_cluster,右上局部簇状失效，怀疑 chamber B 粒子污染,执行 chamber PM 与 particle clean,25,23,9.0,7.0,PASS,pass
LOT-A,改善前,W04,28nm MCU,ETCH-07,B,Plasma Etch,top_right_cluster,右上局部簇状失效，怀疑 chamber B 粒子污染,执行 chamber PM 与 particle clean,26,23,10.0,7.0,PASS,pass
LOT-A,改善前,W04,28nm MCU,ETCH-07,B,Plasma Etch,top_right_cluster,右上局部簇状失效，怀疑 chamber B 粒子污染,执行 chamber PM 与 particle clean,27,23,11.0,7.0,PASS,pass
LOT-A,改善前,W04,28nm MCU,ETCH-07,B,Plasma Etch,top_right_cluster,右上局部簇状失效，怀疑 chamber B 粒子污染,执行 chamber PM 与 particle clean,28,23,12.0,7.0,PASS,pass
LOT-A,改善前,W04,28nm MCU,ETCH-07,B,Plasma Etch,top_right_cluster,右上局部簇状失效，怀疑 chamber B 粒子污染,执行 chamber PM 与 particle clean,29,23,13.0,7.0,PASS,pass
LOT-A,改善前,W04,28nm MCU,ETCH-07,B,Plasma Etch,top_right_cluster,右上局部簇状失效，怀疑 chamber B 粒子污染,执行 chamber PM 与 particle clean,4,24,-12.0,8.0,PASS,pass
LOT-A,改善前,W04,28nm MCU,ETCH-07,B,Plasma Etch,top_right_cluster,右上局部簇状失效，怀疑 chamber B 粒子污染,执行 chamber PM 与 particle clean,5,24,-11.0,8.0,PASS,pass
LOT-A,改善前,W04,28nm MCU,ETCH-07,B,Plasma Etch,top_right_cluster,右上局部簇状失效，怀疑 chamber B 粒子污染,执行 chamber PM 与 particle clean,6,24,-10.0,8.0,PASS,pass
LOT-A,改善前,W04,28nm MCU,ETCH-07,B,Plasma Etch,top_right_cluster,右上局部簇状失效，怀疑 chamber B 粒子污染,执行 chamber PM 与 particle clean,7,24,-9.0,8.0,PASS,pass
LOT-A,改善前,W04,28nm MCU,ETCH-07,B,Plasma Etch,top_right_cluster,右上局部簇状失效，怀疑 chamber B 粒子污染,执行 chamber PM 与 particle clean,8,24,-8.0,8.0,PASS,pass
LOT-A,改善前,W04,28nm MCU,ETCH-07,B,Plasma Etch,top_right_cluster,右上局部簇状失效，怀疑 chamber B 粒子污染,执行 chamber PM 与 particle clean,9,24,-7.0,8.0,PASS,pass
LOT-A,改善前,W04,28nm MCU,ETCH-07,B,Plasma Etch,top_right_cluster,右上局部簇状失效，怀疑 chamber B 粒子污染,执行 chamber PM 与 particle clean,10,24,-6.0,8.0,PASS,pass
LOT-A,改善前,W04,28nm MCU,ETCH-07,B,Plasma Etch,top_right_cluster,右上局部簇状失效，怀疑 chamber B 粒子污染,执行 chamber PM 与 particle clean,11,24,-5.0,8.0,PASS,pass
LOT-A,改善前,W04,28nm MCU,ETCH-07,B,Plasma Etch,top_right_cluster,右上局部簇状失效，怀疑 chamber B 粒子污染,执行 chamber PM 与 particle clean,12,24,-4.0,8.0,PASS,pass
LOT-A,改善前,W04,28nm MCU,ETCH-07,B,Plasma Etch,top_right_cluster,右上局部簇状失效，怀疑 chamber B 粒子污染,执行 chamber PM 与 particle clean,13,24,-3.0,8.0,PASS,pass
LOT-A,改善前,W04,28nm MCU,ETCH-07,B,Plasma Etch,top_right_cluster,右上局部簇状失效，怀疑 chamber B 粒子污染,执行 chamber PM 与 particle clean,14,24,-2.0,8.0,PASS,pass
LOT-A,改善前,W04,28nm MCU,ETCH-07,B,Plasma Etch,top_right_cluster,右上局部簇状失效，怀疑 chamber B 粒子污染,执行 chamber PM 与 particle clean,15,24,-1.0,8.0,PASS,pass
LOT-A,改善前,W04,28nm MCU,ETCH-07,B,Plasma Etch,top_right_cluster,右上局部簇状失效，怀疑 chamber B 粒子污染,执行 chamber PM 与 particle clean,16,24,0.0,8.0,PASS,pass
LOT-A,改善前,W04,28nm MCU,ETCH-07,B,Plasma Etch,top_right_cluster,右上局部簇状失效，怀疑 chamber B 粒子污染,执行 chamber PM 与 particle clean,17,24,1.0,8.0,PASS,pass
LOT-A,改善前,W04,28nm MCU,ETCH-07,B,Plasma Etch,top_right_cluster,右上局部簇状失效，怀疑 chamber B 粒子污染,执行 chamber PM 与 particle clean,18,24,2.0,8.0,PASS,pass
LOT-A,改善前,W04,28nm MCU,ETCH-07,B,Plasma Etch,top_right_cluster,右上局部簇状失效，怀疑 chamber B 粒子污染,执行 chamber PM 与 particle clean,19,24,3.0,8.0,PASS,pass
LOT-A,改善前,W04,28nm MCU,ETCH-07,B,Plasma Etch,top_right_cluster,右上局部簇状失效，怀疑 chamber B 粒子污染,执行 chamber PM 与 particle clean,20,24,4.0,8.0,PASS,pass
LOT-A,改善前,W04,28nm MCU,ETCH-07,B,Plasma Etch,top_right_cluster,右上局部簇状失效，怀疑 chamber B 粒子污染,执行 chamber PM 与 particle clean,21,24,5.0,8.0,PASS,pass
LOT-A,改善前,W04,28nm MCU,ETCH-07,B,Plasma Etch,top_right_cluster,右上局部簇状失效，怀疑 chamber B 粒子污染,执行 chamber PM 与 particle clean,22,24,6.0,8.0,PASS,pass
LOT-A,改善前,W04,28nm MCU,ETCH-07,B,Plasma Etch,top_right_cluster,右上局部簇状失效，怀疑 chamber B 粒子污染,执行 chamber PM 与 particle clean,23,24,7.0,8.0,PASS,pass
LOT-A,改善前,W04,28nm MCU,ETCH-07,B,Plasma Etch,top_right_cluster,右上局部簇状失效，怀疑 chamber B 粒子污染,执行 chamber PM 与 particle clean,24,24,8.0,8.0,PASS,pass
LOT-A,改善前,W04,28nm MCU,ETCH-07,B,Plasma Etch,top_right_cluster,右上局部簇状失效，怀疑 chamber B 粒子污染,执行 chamber PM 与 particle clean,25,24,9.0,8.0,PASS,pass
LOT-A,改善前,W04,28nm MCU,ETCH-07,B,Plasma Etch,top_right_cluster,右上局部簇状失效，怀疑 chamber B 粒子污染,执行 chamber PM 与 particle clean,26,24,10.0,8.0,PASS,pass
LOT-A,改善前,W04,28nm MCU,ETCH-07,B,Plasma Etch,top_right_cluster,右上局部簇状失效，怀疑 chamber B 粒子污染,执行 chamber PM 与 particle clean,27,24,11.0,8.0,PASS,pass
LOT-A,改善前,W04,28nm MCU,ETCH-07,B,Plasma Etch,top_right_cluster,右上局部簇状失效，怀疑 chamber B 粒子污染,执行 chamber PM 与 particle clean,28,24,12.0,8.0,PASS,pass
LOT-A,改善前,W04,28nm MCU,ETCH-07,B,Plasma Etch,top_right_cluster,右上局部簇状失效，怀疑 chamber B 粒子污染,执行 chamber PM 与 particle clean,5,25,-11.0,9.0,PASS,pass
LOT-A,改善前,W04,28nm MCU,ETCH-07,B,Plasma Etch,top_right_cluster,右上局部簇状失效，怀疑 chamber B 粒子污染,执行 chamber PM 与 particle clean,6,25,-10.0,9.0,PASS,pass
LOT-A,改善前,W04,28nm MCU,ETCH-07,B,Plasma Etch,top_right_cluster,右上局部簇状失效，怀疑 chamber B 粒子污染,执行 chamber PM 与 particle clean,7,25,-9.0,9.0,PASS,pass
LOT-A,改善前,W04,28nm MCU,ETCH-07,B,Plasma Etch,top_right_cluster,右上局部簇状失效，怀疑 chamber B 粒子污染,执行 chamber PM 与 particle clean,8,25,-8.0,9.0,PASS,pass
LOT-A,改善前,W04,28nm MCU,ETCH-07,B,Plasma Etch,top_right_cluster,右上局部簇状失效，怀疑 chamber B 粒子污染,执行 chamber PM 与 particle clean,9,25,-7.0,9.0,PASS,pass
LOT-A,改善前,W04,28nm MCU,ETCH-07,B,Plasma Etch,top_right_cluster,右上局部簇状失效，怀疑 chamber B 粒子污染,执行 chamber PM 与 particle clean,10,25,-6.0,9.0,PASS,pass
LOT-A,改善前,W04,28nm MCU,ETCH-07,B,Plasma Etch,top_right_cluster,右上局部簇状失效，怀疑 chamber B 粒子污染,执行 chamber PM 与 particle clean,11,25,-5.0,9.0,PASS,pass
LOT-A,改善前,W04,28nm MCU,ETCH-07,B,Plasma Etch,top_right_cluster,右上局部簇状失效，怀疑 chamber B 粒子污染,执行 chamber PM 与 particle clean,12,25,-4.0,9.0,PASS,pass
LOT-A,改善前,W04,28nm MCU,ETCH-07,B,Plasma Etch,top_right_cluster,右上局部簇状失效，怀疑 chamber B 粒子污染,执行 chamber PM 与 particle clean,13,25,-3.0,9.0,PASS,pass
LOT-A,改善前,W04,28nm MCU,ETCH-07,B,Plasma Etch,top_right_cluster,右上局部簇状失效，怀疑 chamber B 粒子污染,执行 chamber PM 与 particle clean,14,25,-2.0,9.0,PASS,pass
LOT-A,改善前,W04,28nm MCU,ETCH-07,B,Plasma Etch,top_right_cluster,右上局部簇状失效，怀疑 chamber B 粒子污染,执行 chamber PM 与 particle clean,15,25,-1.0,9.0,PASS,pass
LOT-A,改善前,W04,28nm MCU,ETCH-07,B,Plasma Etch,top_right_cluster,右上局部簇状失效，怀疑 chamber B 粒子污染,执行 chamber PM 与 particle clean,16,25,0.0,9.0,PASS,pass
LOT-A,改善前,W04,28nm MCU,ETCH-07,B,Plasma Etch,top_right_cluster,右上局部簇状失效，怀疑 chamber B 粒子污染,执行 chamber PM 与 particle clean,17,25,1.0,9.0,PASS,pass
LOT-A,改善前,W04,28nm MCU,ETCH-07,B,Plasma Etch,top_right_cluster,右上局部簇状失效，怀疑 chamber B 粒子污染,执行 chamber PM 与 particle clean,18,25,2.0,9.0,PASS,pass
LOT-A,改善前,W04,28nm MCU,ETCH-07,B,Plasma Etch,top_right_cluster,右上局部簇状失效，怀疑 chamber B 粒子污染,执行 chamber PM 与 particle clean,19,25,3.0,9.0,PASS,pass
LOT-A,改善前,W04,28nm MCU,ETCH-07,B,Plasma Etch,top_right_cluster,右上局部簇状失效，怀疑 chamber B 粒子污染,执行 chamber PM 与 particle clean,20,25,4.0,9.0,PASS,pass
LOT-A,改善前,W04,28nm MCU,ETCH-07,B,Plasma Etch,top_right_cluster,右上局部簇状失效，怀疑 chamber B 粒子污染,执行 chamber PM 与 particle clean,21,25,5.0,9.0,PASS,pass
LOT-A,改善前,W04,28nm MCU,ETCH-07,B,Plasma Etch,top_right_cluster,右上局部簇状失效，怀疑 chamber B 粒子污染,执行 chamber PM 与 particle clean,22,25,6.0,9.0,PASS,pass
LOT-A,改善前,W04,28nm MCU,ETCH-07,B,Plasma Etch,top_right_cluster,右上局部簇状失效，怀疑 chamber B 粒子污染,执行 chamber PM 与 particle clean,23,25,7.0,9.0,PASS,pass
LOT-A,改善前,W04,28nm MCU,ETCH-07,B,Plasma Etch,top_right_cluster,右上局部簇状失效，怀疑 chamber B 粒子污染,执行 chamber PM 与 particle clean,24,25,8.0,9.0,PASS,pass
LOT-A,改善前,W04,28nm MCU,ETCH-07,B,Plasma Etch,top_right_cluster,右上局部簇状失效，怀疑 chamber B 粒子污染,执行 chamber PM 与 particle clean,25,25,9.0,9.0,PASS,pass
LOT-A,改善前,W04,28nm MCU,ETCH-07,B,Plasma Etch,top_right_cluster,右上局部簇状失效，怀疑 chamber B 粒子污染,执行 chamber PM 与 particle clean,26,25,10.0,9.0,PASS,pass
LOT-A,改善前,W04,28nm MCU,ETCH-07,B,Plasma Etch,top_right_cluster,右上局部簇状失效，怀疑 chamber B 粒子污染,执行 chamber PM 与 particle clean,27,25,11.0,9.0,PASS,pass
LOT-A,改善前,W04,28nm MCU,ETCH-07,B,Plasma Etch,top_right_cluster,右上局部簇状失效，怀疑 chamber B 粒子污染,执行 chamber PM 与 particle clean,6,26,-10.0,10.0,PASS,pass
LOT-A,改善前,W04,28nm MCU,ETCH-07,B,Plasma Etch,top_right_cluster,右上局部簇状失效，怀疑 chamber B 粒子污染,执行 chamber PM 与 particle clean,7,26,-9.0,10.0,PASS,pass
LOT-A,改善前,W04,28nm MCU,ETCH-07,B,Plasma Etch,top_right_cluster,右上局部簇状失效，怀疑 chamber B 粒子污染,执行 chamber PM 与 particle clean,8,26,-8.0,10.0,PASS,pass
LOT-A,改善前,W04,28nm MCU,ETCH-07,B,Plasma Etch,top_right_cluster,右上局部簇状失效，怀疑 chamber B 粒子污染,执行 chamber PM 与 particle clean,9,26,-7.0,10.0,PASS,pass
LOT-A,改善前,W04,28nm MCU,ETCH-07,B,Plasma Etch,top_right_cluster,右上局部簇状失效，怀疑 chamber B 粒子污染,执行 chamber PM 与 particle clean,10,26,-6.0,10.0,PASS,pass
LOT-A,改善前,W04,28nm MCU,ETCH-07,B,Plasma Etch,top_right_cluster,右上局部簇状失效，怀疑 chamber B 粒子污染,执行 chamber PM 与 particle clean,11,26,-5.0,10.0,PASS,pass
LOT-A,改善前,W04,28nm MCU,ETCH-07,B,Plasma Etch,top_right_cluster,右上局部簇状失效，怀疑 chamber B 粒子污染,执行 chamber PM 与 particle clean,12,26,-4.0,10.0,PASS,pass
LOT-A,改善前,W04,28nm MCU,ETCH-07,B,Plasma Etch,top_right_cluster,右上局部簇状失效，怀疑 chamber B 粒子污染,执行 chamber PM 与 particle clean,13,26,-3.0,10.0,PASS,pass
LOT-A,改善前,W04,28nm MCU,ETCH-07,B,Plasma Etch,top_right_cluster,右上局部簇状失效，怀疑 chamber B 粒子污染,执行 chamber PM 与 particle clean,14,26,-2.0,10.0,PASS,pass
LOT-A,改善前,W04,28nm MCU,ETCH-07,B,Plasma Etch,top_right_cluster,右上局部簇状失效，怀疑 chamber B 粒子污染,执行 chamber PM 与 particle clean,15,26,-1.0,10.0,PASS,pass
LOT-A,改善前,W04,28nm MCU,ETCH-07,B,Plasma Etch,top_right_cluster,右上局部簇状失效，怀疑 chamber B 粒子污染,执行 chamber PM 与 particle clean,16,26,0.0,10.0,PASS,pass
LOT-A,改善前,W04,28nm MCU,ETCH-07,B,Plasma Etch,top_right_cluster,右上局部簇状失效，怀疑 chamber B 粒子污染,执行 chamber PM 与 particle clean,17,26,1.0,10.0,PASS,pass
LOT-A,改善前,W04,28nm MCU,ETCH-07,B,Plasma Etch,top_right_cluster,右上局部簇状失效，怀疑 chamber B 粒子污染,执行 chamber PM 与 particle clean,18,26,2.0,10.0,PASS,pass
LOT-A,改善前,W04,28nm MCU,ETCH-07,B,Plasma Etch,top_right_cluster,右上局部簇状失效，怀疑 chamber B 粒子污染,执行 chamber PM 与 particle clean,19,26,3.0,10.0,PASS,pass
LOT-A,改善前,W04,28nm MCU,ETCH-07,B,Plasma Etch,top_right_cluster,右上局部簇状失效，怀疑 chamber B 粒子污染,执行 chamber PM 与 particle clean,20,26,4.0,10.0,PASS,pass
LOT-A,改善前,W04,28nm MCU,ETCH-07,B,Plasma Etch,top_right_cluster,右上局部簇状失效，怀疑 chamber B 粒子污染,执行 chamber PM 与 particle clean,21,26,5.0,10.0,PASS,pass
LOT-A,改善前,W04,28nm MCU,ETCH-07,B,Plasma Etch,top_right_cluster,右上局部簇状失效，怀疑 chamber B 粒子污染,执行 chamber PM 与 particle clean,22,26,6.0,10.0,PASS,pass
LOT-A,改善前,W04,28nm MCU,ETCH-07,B,Plasma Etch,top_right_cluster,右上局部簇状失效，怀疑 chamber B 粒子污染,执行 chamber PM 与 particle clean,23,26,7.0,10.0,PASS,pass
LOT-A,改善前,W04,28nm MCU,ETCH-07,B,Plasma Etch,top_right_cluster,右上局部簇状失效，怀疑 chamber B 粒子污染,执行 chamber PM 与 particle clean,24,26,8.0,10.0,PASS,pass
LOT-A,改善前,W04,28nm MCU,ETCH-07,B,Plasma Etch,top_right_cluster,右上局部簇状失效，怀疑 chamber B 粒子污染,执行 chamber PM 与 particle clean,25,26,9.0,10.0,PASS,pass
LOT-A,改善前,W04,28nm MCU,ETCH-07,B,Plasma Etch,top_right_cluster,右上局部簇状失效，怀疑 chamber B 粒子污染,执行 chamber PM 与 particle clean,26,26,10.0,10.0,PASS,pass
LOT-A,改善前,W04,28nm MCU,ETCH-07,B,Plasma Etch,top_right_cluster,右上局部簇状失效，怀疑 chamber B 粒子污染,执行 chamber PM 与 particle clean,7,27,-9.0,11.0,PASS,pass
LOT-A,改善前,W04,28nm MCU,ETCH-07,B,Plasma Etch,top_right_cluster,右上局部簇状失效，怀疑 chamber B 粒子污染,执行 chamber PM 与 particle clean,8,27,-8.0,11.0,PASS,pass
LOT-A,改善前,W04,28nm MCU,ETCH-07,B,Plasma Etch,top_right_cluster,右上局部簇状失效，怀疑 chamber B 粒子污染,执行 chamber PM 与 particle clean,9,27,-7.0,11.0,PASS,pass
LOT-A,改善前,W04,28nm MCU,ETCH-07,B,Plasma Etch,top_right_cluster,右上局部簇状失效，怀疑 chamber B 粒子污染,执行 chamber PM 与 particle clean,10,27,-6.0,11.0,PASS,pass
LOT-A,改善前,W04,28nm MCU,ETCH-07,B,Plasma Etch,top_right_cluster,右上局部簇状失效，怀疑 chamber B 粒子污染,执行 chamber PM 与 particle clean,11,27,-5.0,11.0,PASS,pass
LOT-A,改善前,W04,28nm MCU,ETCH-07,B,Plasma Etch,top_right_cluster,右上局部簇状失效，怀疑 chamber B 粒子污染,执行 chamber PM 与 particle clean,12,27,-4.0,11.0,PASS,pass
LOT-A,改善前,W04,28nm MCU,ETCH-07,B,Plasma Etch,top_right_cluster,右上局部簇状失效，怀疑 chamber B 粒子污染,执行 chamber PM 与 particle clean,13,27,-3.0,11.0,PASS,pass
LOT-A,改善前,W04,28nm MCU,ETCH-07,B,Plasma Etch,top_right_cluster,右上局部簇状失效，怀疑 chamber B 粒子污染,执行 chamber PM 与 particle clean,14,27,-2.0,11.0,PASS,pass
LOT-A,改善前,W04,28nm MCU,ETCH-07,B,Plasma Etch,top_right_cluster,右上局部簇状失效，怀疑 chamber B 粒子污染,执行 chamber PM 与 particle clean,15,27,-1.0,11.0,PASS,pass
LOT-A,改善前,W04,28nm MCU,ETCH-07,B,Plasma Etch,top_right_cluster,右上局部簇状失效，怀疑 chamber B 粒子污染,执行 chamber PM 与 particle clean,16,27,0.0,11.0,PASS,pass
LOT-A,改善前,W04,28nm MCU,ETCH-07,B,Plasma Etch,top_right_cluster,右上局部簇状失效，怀疑 chamber B 粒子污染,执行 chamber PM 与 particle clean,17,27,1.0,11.0,PASS,pass
LOT-A,改善前,W04,28nm MCU,ETCH-07,B,Plasma Etch,top_right_cluster,右上局部簇状失效，怀疑 chamber B 粒子污染,执行 chamber PM 与 particle clean,18,27,2.0,11.0,PASS,pass
LOT-A,改善前,W04,28nm MCU,ETCH-07,B,Plasma Etch,top_right_cluster,右上局部簇状失效，怀疑 chamber B 粒子污染,执行 chamber PM 与 particle clean,19,27,3.0,11.0,PASS,pass
LOT-A,改善前,W04,28nm MCU,ETCH-07,B,Plasma Etch,top_right_cluster,右上局部簇状失效，怀疑 chamber B 粒子污染,执行 chamber PM 与 particle clean,20,27,4.0,11.0,PASS,pass
LOT-A,改善前,W04,28nm MCU,ETCH-07,B,Plasma Etch,top_right_cluster,右上局部簇状失效，怀疑 chamber B 粒子污染,执行 chamber PM 与 particle clean,21,27,5.0,11.0,PASS,pass
LOT-A,改善前,W04,28nm MCU,ETCH-07,B,Plasma Etch,top_right_cluster,右上局部簇状失效，怀疑 chamber B 粒子污染,执行 chamber PM 与 particle clean,22,27,6.0,11.0,PASS,pass
LOT-A,改善前,W04,28nm MCU,ETCH-07,B,Plasma Etch,top_right_cluster,右上局部簇状失效，怀疑 chamber B 粒子污染,执行 chamber PM 与 particle clean,23,27,7.0,11.0,PASS,pass
LOT-A,改善前,W04,28nm MCU,ETCH-07,B,Plasma Etch,top_right_cluster,右上局部簇状失效，怀疑 chamber B 粒子污染,执行 chamber PM 与 particle clean,24,27,8.0,11.0,PASS,pass
LOT-A,改善前,W04,28nm MCU,ETCH-07,B,Plasma Etch,top_right_cluster,右上局部簇状失效，怀疑 chamber B 粒子污染,执行 chamber PM 与 particle clean,25,27,9.0,11.0,PASS,pass
LOT-A,改善前,W04,28nm MCU,ETCH-07,B,Plasma Etch,top_right_cluster,右上局部簇状失效，怀疑 chamber B 粒子污染,执行 chamber PM 与 particle clean,8,28,-8.0,12.0,PASS,pass
LOT-A,改善前,W04,28nm MCU,ETCH-07,B,Plasma Etch,top_right_cluster,右上局部簇状失效，怀疑 chamber B 粒子污染,执行 chamber PM 与 particle clean,9,28,-7.0,12.0,PASS,pass
LOT-A,改善前,W04,28nm MCU,ETCH-07,B,Plasma Etch,top_right_cluster,右上局部簇状失效，怀疑 chamber B 粒子污染,执行 chamber PM 与 particle clean,10,28,-6.0,12.0,PASS,pass
LOT-A,改善前,W04,28nm MCU,ETCH-07,B,Plasma Etch,top_right_cluster,右上局部簇状失效，怀疑 chamber B 粒子污染,执行 chamber PM 与 particle clean,11,28,-5.0,12.0,PASS,pass
LOT-A,改善前,W04,28nm MCU,ETCH-07,B,Plasma Etch,top_right_cluster,右上局部簇状失效，怀疑 chamber B 粒子污染,执行 chamber PM 与 particle clean,12,28,-4.0,12.0,PASS,pass
LOT-A,改善前,W04,28nm MCU,ETCH-07,B,Plasma Etch,top_right_cluster,右上局部簇状失效，怀疑 chamber B 粒子污染,执行 chamber PM 与 particle clean,13,28,-3.0,12.0,PASS,pass
LOT-A,改善前,W04,28nm MCU,ETCH-07,B,Plasma Etch,top_right_cluster,右上局部簇状失效，怀疑 chamber B 粒子污染,执行 chamber PM 与 particle clean,14,28,-2.0,12.0,PASS,pass
LOT-A,改善前,W04,28nm MCU,ETCH-07,B,Plasma Etch,top_right_cluster,右上局部簇状失效，怀疑 chamber B 粒子污染,执行 chamber PM 与 particle clean,15,28,-1.0,12.0,PASS,pass
LOT-A,改善前,W04,28nm MCU,ETCH-07,B,Plasma Etch,top_right_cluster,右上局部簇状失效，怀疑 chamber B 粒子污染,执行 chamber PM 与 particle clean,16,28,0.0,12.0,PASS,pass
LOT-A,改善前,W04,28nm MCU,ETCH-07,B,Plasma Etch,top_right_cluster,右上局部簇状失效，怀疑 chamber B 粒子污染,执行 chamber PM 与 particle clean,17,28,1.0,12.0,PASS,pass
LOT-A,改善前,W04,28nm MCU,ETCH-07,B,Plasma Etch,top_right_cluster,右上局部簇状失效，怀疑 chamber B 粒子污染,执行 chamber PM 与 particle clean,18,28,2.0,12.0,PASS,pass
LOT-A,改善前,W04,28nm MCU,ETCH-07,B,Plasma Etch,top_right_cluster,右上局部簇状失效，怀疑 chamber B 粒子污染,执行 chamber PM 与 particle clean,19,28,3.0,12.0,PASS,pass
LOT-A,改善前,W04,28nm MCU,ETCH-07,B,Plasma Etch,top_right_cluster,右上局部簇状失效，怀疑 chamber B 粒子污染,执行 chamber PM 与 particle clean,20,28,4.0,12.0,PASS,pass
LOT-A,改善前,W04,28nm MCU,ETCH-07,B,Plasma Etch,top_right_cluster,右上局部簇状失效，怀疑 chamber B 粒子污染,执行 chamber PM 与 particle clean,21,28,5.0,12.0,PASS,pass
LOT-A,改善前,W04,28nm MCU,ETCH-07,B,Plasma Etch,top_right_cluster,右上局部簇状失效，怀疑 chamber B 粒子污染,执行 chamber PM 与 particle clean,22,28,6.0,12.0,PASS,pass
LOT-A,改善前,W04,28nm MCU,ETCH-07,B,Plasma Etch,top_right_cluster,右上局部簇状失效，怀疑 chamber B 粒子污染,执行 chamber PM 与 particle clean,23,28,7.0,12.0,PASS,pass
LOT-A,改善前,W04,28nm MCU,ETCH-07,B,Plasma Etch,top_right_cluster,右上局部簇状失效，怀疑 chamber B 粒子污染,执行 chamber PM 与 particle clean,24,28,8.0,12.0,PASS,pass
LOT-A,改善前,W04,28nm MCU,ETCH-07,B,Plasma Etch,top_right_cluster,右上局部簇状失效，怀疑 chamber B 粒子污染,执行 chamber PM 与 particle clean,9,29,-7.0,13.0,PASS,pass
LOT-A,改善前,W04,28nm MCU,ETCH-07,B,Plasma Etch,top_right_cluster,右上局部簇状失效，怀疑 chamber B 粒子污染,执行 chamber PM 与 particle clean,10,29,-6.0,13.0,PASS,pass
LOT-A,改善前,W04,28nm MCU,ETCH-07,B,Plasma Etch,top_right_cluster,右上局部簇状失效，怀疑 chamber B 粒子污染,执行 chamber PM 与 particle clean,11,29,-5.0,13.0,PASS,pass
LOT-A,改善前,W04,28nm MCU,ETCH-07,B,Plasma Etch,top_right_cluster,右上局部簇状失效，怀疑 chamber B 粒子污染,执行 chamber PM 与 particle clean,12,29,-4.0,13.0,PASS,pass
LOT-A,改善前,W04,28nm MCU,ETCH-07,B,Plasma Etch,top_right_cluster,右上局部簇状失效，怀疑 chamber B 粒子污染,执行 chamber PM 与 particle clean,13,29,-3.0,13.0,PASS,pass
LOT-A,改善前,W04,28nm MCU,ETCH-07,B,Plasma Etch,top_right_cluster,右上局部簇状失效，怀疑 chamber B 粒子污染,执行 chamber PM 与 particle clean,14,29,-2.0,13.0,PASS,pass
LOT-A,改善前,W04,28nm MCU,ETCH-07,B,Plasma Etch,top_right_cluster,右上局部簇状失效，怀疑 chamber B 粒子污染,执行 chamber PM 与 particle clean,15,29,-1.0,13.0,PASS,pass
LOT-A,改善前,W04,28nm MCU,ETCH-07,B,Plasma Etch,top_right_cluster,右上局部簇状失效，怀疑 chamber B 粒子污染,执行 chamber PM 与 particle clean,16,29,0.0,13.0,PASS,pass
LOT-A,改善前,W04,28nm MCU,ETCH-07,B,Plasma Etch,top_right_cluster,右上局部簇状失效，怀疑 chamber B 粒子污染,执行 chamber PM 与 particle clean,17,29,1.0,13.0,PASS,pass
LOT-A,改善前,W04,28nm MCU,ETCH-07,B,Plasma Etch,top_right_cluster,右上局部簇状失效，怀疑 chamber B 粒子污染,执行 chamber PM 与 particle clean,18,29,2.0,13.0,PASS,pass
LOT-A,改善前,W04,28nm MCU,ETCH-07,B,Plasma Etch,top_right_cluster,右上局部簇状失效，怀疑 chamber B 粒子污染,执行 chamber PM 与 particle clean,19,29,3.0,13.0,PASS,pass
LOT-A,改善前,W04,28nm MCU,ETCH-07,B,Plasma Etch,top_right_cluster,右上局部簇状失效，怀疑 chamber B 粒子污染,执行 chamber PM 与 particle clean,20,29,4.0,13.0,PASS,pass
LOT-A,改善前,W04,28nm MCU,ETCH-07,B,Plasma Etch,top_right_cluster,右上局部簇状失效，怀疑 chamber B 粒子污染,执行 chamber PM 与 particle clean,21,29,5.0,13.0,PASS,pass
LOT-A,改善前,W04,28nm MCU,ETCH-07,B,Plasma Etch,top_right_cluster,右上局部簇状失效，怀疑 chamber B 粒子污染,执行 chamber PM 与 particle clean,22,29,6.0,13.0,PASS,pass
LOT-A,改善前,W04,28nm MCU,ETCH-07,B,Plasma Etch,top_right_cluster,右上局部簇状失效，怀疑 chamber B 粒子污染,执行 chamber PM 与 particle clean,23,29,7.0,13.0,PASS,pass
LOT-A,改善前,W04,28nm MCU,ETCH-07,B,Plasma Etch,top_right_cluster,右上局部簇状失效，怀疑 chamber B 粒子污染,执行 chamber PM 与 particle clean,12,30,-4.0,14.0,PASS,pass
LOT-A,改善前,W04,28nm MCU,ETCH-07,B,Plasma Etch,top_right_cluster,右上局部簇状失效，怀疑 chamber B 粒子污染,执行 chamber PM 与 particle clean,13,30,-3.0,14.0,PASS,pass
LOT-A,改善前,W04,28nm MCU,ETCH-07,B,Plasma Etch,top_right_cluster,右上局部簇状失效，怀疑 chamber B 粒子污染,执行 chamber PM 与 particle clean,14,30,-2.0,14.0,PASS,pass
LOT-A,改善前,W04,28nm MCU,ETCH-07,B,Plasma Etch,top_right_cluster,右上局部簇状失效，怀疑 chamber B 粒子污染,执行 chamber PM 与 particle clean,15,30,-1.0,14.0,PASS,pass
LOT-A,改善前,W04,28nm MCU,ETCH-07,B,Plasma Etch,top_right_cluster,右上局部簇状失效，怀疑 chamber B 粒子污染,执行 chamber PM 与 particle clean,16,30,0.0,14.0,PASS,pass
LOT-A,改善前,W04,28nm MCU,ETCH-07,B,Plasma Etch,top_right_cluster,右上局部簇状失效，怀疑 chamber B 粒子污染,执行 chamber PM 与 particle clean,17,30,1.0,14.0,PASS,pass
LOT-A,改善前,W04,28nm MCU,ETCH-07,B,Plasma Etch,top_right_cluster,右上局部簇状失效，怀疑 chamber B 粒子污染,执行 chamber PM 与 particle clean,18,30,2.0,14.0,PASS,pass
LOT-A,改善前,W04,28nm MCU,ETCH-07,B,Plasma Etch,top_right_cluster,右上局部簇状失效，怀疑 chamber B 粒子污染,执行 chamber PM 与 particle clean,19,30,3.0,14.0,PASS,pass
LOT-A,改善前,W04,28nm MCU,ETCH-07,B,Plasma Etch,top_right_cluster,右上局部簇状失效，怀疑 chamber B 粒子污染,执行 chamber PM 与 particle clean,20,30,4.0,14.0,PASS,pass
LOT-A,改善前,W05,28nm MCU,CMP-03,-,CMP,scratch_diagonal,对角线刮伤，怀疑机械手搬运路径与 pad condition 异常,检查机械手轨迹并更换 pad,12,2,-4.0,-14.0,PASS,pass
LOT-A,改善前,W05,28nm MCU,CMP-03,-,CMP,scratch_diagonal,对角线刮伤，怀疑机械手搬运路径与 pad condition 异常,检查机械手轨迹并更换 pad,13,2,-3.0,-14.0,PASS,pass
LOT-A,改善前,W05,28nm MCU,CMP-03,-,CMP,scratch_diagonal,对角线刮伤，怀疑机械手搬运路径与 pad condition 异常,检查机械手轨迹并更换 pad,14,2,-2.0,-14.0,PASS,pass
LOT-A,改善前,W05,28nm MCU,CMP-03,-,CMP,scratch_diagonal,对角线刮伤，怀疑机械手搬运路径与 pad condition 异常,检查机械手轨迹并更换 pad,15,2,-1.0,-14.0,PASS,pass
LOT-A,改善前,W05,28nm MCU,CMP-03,-,CMP,scratch_diagonal,对角线刮伤，怀疑机械手搬运路径与 pad condition 异常,检查机械手轨迹并更换 pad,16,2,0.0,-14.0,PASS,pass
LOT-A,改善前,W05,28nm MCU,CMP-03,-,CMP,scratch_diagonal,对角线刮伤，怀疑机械手搬运路径与 pad condition 异常,检查机械手轨迹并更换 pad,17,2,1.0,-14.0,PASS,pass
LOT-A,改善前,W05,28nm MCU,CMP-03,-,CMP,scratch_diagonal,对角线刮伤，怀疑机械手搬运路径与 pad condition 异常,检查机械手轨迹并更换 pad,18,2,2.0,-14.0,PASS,pass
LOT-A,改善前,W05,28nm MCU,CMP-03,-,CMP,scratch_diagonal,对角线刮伤，怀疑机械手搬运路径与 pad condition 异常,检查机械手轨迹并更换 pad,19,2,3.0,-14.0,PASS,pass
LOT-A,改善前,W05,28nm MCU,CMP-03,-,CMP,scratch_diagonal,对角线刮伤，怀疑机械手搬运路径与 pad condition 异常,检查机械手轨迹并更换 pad,20,2,4.0,-14.0,PASS,pass
LOT-A,改善前,W05,28nm MCU,CMP-03,-,CMP,scratch_diagonal,对角线刮伤，怀疑机械手搬运路径与 pad condition 异常,检查机械手轨迹并更换 pad,9,3,-7.0,-13.0,PASS,pass
LOT-A,改善前,W05,28nm MCU,CMP-03,-,CMP,scratch_diagonal,对角线刮伤，怀疑机械手搬运路径与 pad condition 异常,检查机械手轨迹并更换 pad,10,3,-6.0,-13.0,PASS,pass
LOT-A,改善前,W05,28nm MCU,CMP-03,-,CMP,scratch_diagonal,对角线刮伤，怀疑机械手搬运路径与 pad condition 异常,检查机械手轨迹并更换 pad,11,3,-5.0,-13.0,PASS,pass
LOT-A,改善前,W05,28nm MCU,CMP-03,-,CMP,scratch_diagonal,对角线刮伤，怀疑机械手搬运路径与 pad condition 异常,检查机械手轨迹并更换 pad,12,3,-4.0,-13.0,PASS,pass
LOT-A,改善前,W05,28nm MCU,CMP-03,-,CMP,scratch_diagonal,对角线刮伤，怀疑机械手搬运路径与 pad condition 异常,检查机械手轨迹并更换 pad,13,3,-3.0,-13.0,PASS,pass
LOT-A,改善前,W05,28nm MCU,CMP-03,-,CMP,scratch_diagonal,对角线刮伤，怀疑机械手搬运路径与 pad condition 异常,检查机械手轨迹并更换 pad,14,3,-2.0,-13.0,PASS,pass
LOT-A,改善前,W05,28nm MCU,CMP-03,-,CMP,scratch_diagonal,对角线刮伤，怀疑机械手搬运路径与 pad condition 异常,检查机械手轨迹并更换 pad,15,3,-1.0,-13.0,PASS,pass
LOT-A,改善前,W05,28nm MCU,CMP-03,-,CMP,scratch_diagonal,对角线刮伤，怀疑机械手搬运路径与 pad condition 异常,检查机械手轨迹并更换 pad,16,3,0.0,-13.0,PASS,pass
LOT-A,改善前,W05,28nm MCU,CMP-03,-,CMP,scratch_diagonal,对角线刮伤，怀疑机械手搬运路径与 pad condition 异常,检查机械手轨迹并更换 pad,17,3,1.0,-13.0,PASS,pass
LOT-A,改善前,W05,28nm MCU,CMP-03,-,CMP,scratch_diagonal,对角线刮伤，怀疑机械手搬运路径与 pad condition 异常,检查机械手轨迹并更换 pad,18,3,2.0,-13.0,PASS,pass
LOT-A,改善前,W05,28nm MCU,CMP-03,-,CMP,scratch_diagonal,对角线刮伤，怀疑机械手搬运路径与 pad condition 异常,检查机械手轨迹并更换 pad,19,3,3.0,-13.0,PASS,pass
LOT-A,改善前,W05,28nm MCU,CMP-03,-,CMP,scratch_diagonal,对角线刮伤，怀疑机械手搬运路径与 pad condition 异常,检查机械手轨迹并更换 pad,20,3,4.0,-13.0,PASS,pass
LOT-A,改善前,W05,28nm MCU,CMP-03,-,CMP,scratch_diagonal,对角线刮伤，怀疑机械手搬运路径与 pad condition 异常,检查机械手轨迹并更换 pad,21,3,5.0,-13.0,PASS,pass
LOT-A,改善前,W05,28nm MCU,CMP-03,-,CMP,scratch_diagonal,对角线刮伤，怀疑机械手搬运路径与 pad condition 异常,检查机械手轨迹并更换 pad,22,3,6.0,-13.0,PASS,pass
LOT-A,改善前,W05,28nm MCU,CMP-03,-,CMP,scratch_diagonal,对角线刮伤，怀疑机械手搬运路径与 pad condition 异常,检查机械手轨迹并更换 pad,23,3,7.0,-13.0,PASS,pass
LOT-A,改善前,W05,28nm MCU,CMP-03,-,CMP,scratch_diagonal,对角线刮伤，怀疑机械手搬运路径与 pad condition 异常,检查机械手轨迹并更换 pad,8,4,-8.0,-12.0,PASS,pass
LOT-A,改善前,W05,28nm MCU,CMP-03,-,CMP,scratch_diagonal,对角线刮伤，怀疑机械手搬运路径与 pad condition 异常,检查机械手轨迹并更换 pad,9,4,-7.0,-12.0,PASS,pass
LOT-A,改善前,W05,28nm MCU,CMP-03,-,CMP,scratch_diagonal,对角线刮伤，怀疑机械手搬运路径与 pad condition 异常,检查机械手轨迹并更换 pad,10,4,-6.0,-12.0,PASS,pass
LOT-A,改善前,W05,28nm MCU,CMP-03,-,CMP,scratch_diagonal,对角线刮伤，怀疑机械手搬运路径与 pad condition 异常,检查机械手轨迹并更换 pad,11,4,-5.0,-12.0,PASS,pass
LOT-A,改善前,W05,28nm MCU,CMP-03,-,CMP,scratch_diagonal,对角线刮伤，怀疑机械手搬运路径与 pad condition 异常,检查机械手轨迹并更换 pad,12,4,-4.0,-12.0,PASS,pass
LOT-A,改善前,W05,28nm MCU,CMP-03,-,CMP,scratch_diagonal,对角线刮伤，怀疑机械手搬运路径与 pad condition 异常,检查机械手轨迹并更换 pad,13,4,-3.0,-12.0,PASS,pass
LOT-A,改善前,W05,28nm MCU,CMP-03,-,CMP,scratch_diagonal,对角线刮伤，怀疑机械手搬运路径与 pad condition 异常,检查机械手轨迹并更换 pad,14,4,-2.0,-12.0,PASS,pass
LOT-A,改善前,W05,28nm MCU,CMP-03,-,CMP,scratch_diagonal,对角线刮伤，怀疑机械手搬运路径与 pad condition 异常,检查机械手轨迹并更换 pad,15,4,-1.0,-12.0,PASS,pass
LOT-A,改善前,W05,28nm MCU,CMP-03,-,CMP,scratch_diagonal,对角线刮伤，怀疑机械手搬运路径与 pad condition 异常,检查机械手轨迹并更换 pad,16,4,0.0,-12.0,PASS,pass
LOT-A,改善前,W05,28nm MCU,CMP-03,-,CMP,scratch_diagonal,对角线刮伤，怀疑机械手搬运路径与 pad condition 异常,检查机械手轨迹并更换 pad,17,4,1.0,-12.0,PASS,pass
LOT-A,改善前,W05,28nm MCU,CMP-03,-,CMP,scratch_diagonal,对角线刮伤，怀疑机械手搬运路径与 pad condition 异常,检查机械手轨迹并更换 pad,18,4,2.0,-12.0,PASS,pass
LOT-A,改善前,W05,28nm MCU,CMP-03,-,CMP,scratch_diagonal,对角线刮伤，怀疑机械手搬运路径与 pad condition 异常,检查机械手轨迹并更换 pad,19,4,3.0,-12.0,PASS,pass
LOT-A,改善前,W05,28nm MCU,CMP-03,-,CMP,scratch_diagonal,对角线刮伤，怀疑机械手搬运路径与 pad condition 异常,检查机械手轨迹并更换 pad,20,4,4.0,-12.0,PASS,pass
LOT-A,改善前,W05,28nm MCU,CMP-03,-,CMP,scratch_diagonal,对角线刮伤，怀疑机械手搬运路径与 pad condition 异常,检查机械手轨迹并更换 pad,21,4,5.0,-12.0,PASS,pass
LOT-A,改善前,W05,28nm MCU,CMP-03,-,CMP,scratch_diagonal,对角线刮伤，怀疑机械手搬运路径与 pad condition 异常,检查机械手轨迹并更换 pad,22,4,6.0,-12.0,PASS,pass
LOT-A,改善前,W05,28nm MCU,CMP-03,-,CMP,scratch_diagonal,对角线刮伤，怀疑机械手搬运路径与 pad condition 异常,检查机械手轨迹并更换 pad,23,4,7.0,-12.0,PASS,pass
LOT-A,改善前,W05,28nm MCU,CMP-03,-,CMP,scratch_diagonal,对角线刮伤，怀疑机械手搬运路径与 pad condition 异常,检查机械手轨迹并更换 pad,24,4,8.0,-12.0,PASS,pass
LOT-A,改善前,W05,28nm MCU,CMP-03,-,CMP,scratch_diagonal,对角线刮伤，怀疑机械手搬运路径与 pad condition 异常,检查机械手轨迹并更换 pad,7,5,-9.0,-11.0,PASS,pass
LOT-A,改善前,W05,28nm MCU,CMP-03,-,CMP,scratch_diagonal,对角线刮伤，怀疑机械手搬运路径与 pad condition 异常,检查机械手轨迹并更换 pad,8,5,-8.0,-11.0,PASS,pass
LOT-A,改善前,W05,28nm MCU,CMP-03,-,CMP,scratch_diagonal,对角线刮伤，怀疑机械手搬运路径与 pad condition 异常,检查机械手轨迹并更换 pad,9,5,-7.0,-11.0,PASS,pass
LOT-A,改善前,W05,28nm MCU,CMP-03,-,CMP,scratch_diagonal,对角线刮伤，怀疑机械手搬运路径与 pad condition 异常,检查机械手轨迹并更换 pad,10,5,-6.0,-11.0,PASS,pass
LOT-A,改善前,W05,28nm MCU,CMP-03,-,CMP,scratch_diagonal,对角线刮伤，怀疑机械手搬运路径与 pad condition 异常,检查机械手轨迹并更换 pad,11,5,-5.0,-11.0,PASS,pass
LOT-A,改善前,W05,28nm MCU,CMP-03,-,CMP,scratch_diagonal,对角线刮伤，怀疑机械手搬运路径与 pad condition 异常,检查机械手轨迹并更换 pad,12,5,-4.0,-11.0,PASS,pass
LOT-A,改善前,W05,28nm MCU,CMP-03,-,CMP,scratch_diagonal,对角线刮伤，怀疑机械手搬运路径与 pad condition 异常,检查机械手轨迹并更换 pad,13,5,-3.0,-11.0,PASS,pass
LOT-A,改善前,W05,28nm MCU,CMP-03,-,CMP,scratch_diagonal,对角线刮伤，怀疑机械手搬运路径与 pad condition 异常,检查机械手轨迹并更换 pad,14,5,-2.0,-11.0,PASS,pass
LOT-A,改善前,W05,28nm MCU,CMP-03,-,CMP,scratch_diagonal,对角线刮伤，怀疑机械手搬运路径与 pad condition 异常,检查机械手轨迹并更换 pad,15,5,-1.0,-11.0,PASS,pass
LOT-A,改善前,W05,28nm MCU,CMP-03,-,CMP,scratch_diagonal,对角线刮伤，怀疑机械手搬运路径与 pad condition 异常,检查机械手轨迹并更换 pad,16,5,0.0,-11.0,PASS,pass
LOT-A,改善前,W05,28nm MCU,CMP-03,-,CMP,scratch_diagonal,对角线刮伤，怀疑机械手搬运路径与 pad condition 异常,检查机械手轨迹并更换 pad,17,5,1.0,-11.0,FAIL,random
LOT-A,改善前,W05,28nm MCU,CMP-03,-,CMP,scratch_diagonal,对角线刮伤，怀疑机械手搬运路径与 pad condition 异常,检查机械手轨迹并更换 pad,18,5,2.0,-11.0,PASS,pass
LOT-A,改善前,W05,28nm MCU,CMP-03,-,CMP,scratch_diagonal,对角线刮伤，怀疑机械手搬运路径与 pad condition 异常,检查机械手轨迹并更换 pad,19,5,3.0,-11.0,PASS,pass
LOT-A,改善前,W05,28nm MCU,CMP-03,-,CMP,scratch_diagonal,对角线刮伤，怀疑机械手搬运路径与 pad condition 异常,检查机械手轨迹并更换 pad,20,5,4.0,-11.0,PASS,pass
LOT-A,改善前,W05,28nm MCU,CMP-03,-,CMP,scratch_diagonal,对角线刮伤，怀疑机械手搬运路径与 pad condition 异常,检查机械手轨迹并更换 pad,21,5,5.0,-11.0,PASS,pass
LOT-A,改善前,W05,28nm MCU,CMP-03,-,CMP,scratch_diagonal,对角线刮伤，怀疑机械手搬运路径与 pad condition 异常,检查机械手轨迹并更换 pad,22,5,6.0,-11.0,PASS,pass
LOT-A,改善前,W05,28nm MCU,CMP-03,-,CMP,scratch_diagonal,对角线刮伤，怀疑机械手搬运路径与 pad condition 异常,检查机械手轨迹并更换 pad,23,5,7.0,-11.0,PASS,pass
LOT-A,改善前,W05,28nm MCU,CMP-03,-,CMP,scratch_diagonal,对角线刮伤，怀疑机械手搬运路径与 pad condition 异常,检查机械手轨迹并更换 pad,24,5,8.0,-11.0,PASS,pass
LOT-A,改善前,W05,28nm MCU,CMP-03,-,CMP,scratch_diagonal,对角线刮伤，怀疑机械手搬运路径与 pad condition 异常,检查机械手轨迹并更换 pad,25,5,9.0,-11.0,PASS,pass
LOT-A,改善前,W05,28nm MCU,CMP-03,-,CMP,scratch_diagonal,对角线刮伤，怀疑机械手搬运路径与 pad condition 异常,检查机械手轨迹并更换 pad,6,6,-10.0,-10.0,PASS,pass
LOT-A,改善前,W05,28nm MCU,CMP-03,-,CMP,scratch_diagonal,对角线刮伤，怀疑机械手搬运路径与 pad condition 异常,检查机械手轨迹并更换 pad,7,6,-9.0,-10.0,PASS,pass
LOT-A,改善前,W05,28nm MCU,CMP-03,-,CMP,scratch_diagonal,对角线刮伤，怀疑机械手搬运路径与 pad condition 异常,检查机械手轨迹并更换 pad,8,6,-8.0,-10.0,PASS,pass
LOT-A,改善前,W05,28nm MCU,CMP-03,-,CMP,scratch_diagonal,对角线刮伤，怀疑机械手搬运路径与 pad condition 异常,检查机械手轨迹并更换 pad,9,6,-7.0,-10.0,PASS,pass
LOT-A,改善前,W05,28nm MCU,CMP-03,-,CMP,scratch_diagonal,对角线刮伤，怀疑机械手搬运路径与 pad condition 异常,检查机械手轨迹并更换 pad,10,6,-6.0,-10.0,PASS,pass
LOT-A,改善前,W05,28nm MCU,CMP-03,-,CMP,scratch_diagonal,对角线刮伤，怀疑机械手搬运路径与 pad condition 异常,检查机械手轨迹并更换 pad,11,6,-5.0,-10.0,PASS,pass
LOT-A,改善前,W05,28nm MCU,CMP-03,-,CMP,scratch_diagonal,对角线刮伤，怀疑机械手搬运路径与 pad condition 异常,检查机械手轨迹并更换 pad,12,6,-4.0,-10.0,PASS,pass
LOT-A,改善前,W05,28nm MCU,CMP-03,-,CMP,scratch_diagonal,对角线刮伤，怀疑机械手搬运路径与 pad condition 异常,检查机械手轨迹并更换 pad,13,6,-3.0,-10.0,PASS,pass
LOT-A,改善前,W05,28nm MCU,CMP-03,-,CMP,scratch_diagonal,对角线刮伤，怀疑机械手搬运路径与 pad condition 异常,检查机械手轨迹并更换 pad,14,6,-2.0,-10.0,PASS,pass
LOT-A,改善前,W05,28nm MCU,CMP-03,-,CMP,scratch_diagonal,对角线刮伤，怀疑机械手搬运路径与 pad condition 异常,检查机械手轨迹并更换 pad,15,6,-1.0,-10.0,PASS,pass
LOT-A,改善前,W05,28nm MCU,CMP-03,-,CMP,scratch_diagonal,对角线刮伤，怀疑机械手搬运路径与 pad condition 异常,检查机械手轨迹并更换 pad,16,6,0.0,-10.0,PASS,pass
LOT-A,改善前,W05,28nm MCU,CMP-03,-,CMP,scratch_diagonal,对角线刮伤，怀疑机械手搬运路径与 pad condition 异常,检查机械手轨迹并更换 pad,17,6,1.0,-10.0,PASS,pass
LOT-A,改善前,W05,28nm MCU,CMP-03,-,CMP,scratch_diagonal,对角线刮伤，怀疑机械手搬运路径与 pad condition 异常,检查机械手轨迹并更换 pad,18,6,2.0,-10.0,PASS,pass
LOT-A,改善前,W05,28nm MCU,CMP-03,-,CMP,scratch_diagonal,对角线刮伤，怀疑机械手搬运路径与 pad condition 异常,检查机械手轨迹并更换 pad,19,6,3.0,-10.0,PASS,pass
LOT-A,改善前,W05,28nm MCU,CMP-03,-,CMP,scratch_diagonal,对角线刮伤，怀疑机械手搬运路径与 pad condition 异常,检查机械手轨迹并更换 pad,20,6,4.0,-10.0,PASS,pass
LOT-A,改善前,W05,28nm MCU,CMP-03,-,CMP,scratch_diagonal,对角线刮伤，怀疑机械手搬运路径与 pad condition 异常,检查机械手轨迹并更换 pad,21,6,5.0,-10.0,PASS,pass
LOT-A,改善前,W05,28nm MCU,CMP-03,-,CMP,scratch_diagonal,对角线刮伤，怀疑机械手搬运路径与 pad condition 异常,检查机械手轨迹并更换 pad,22,6,6.0,-10.0,PASS,pass
LOT-A,改善前,W05,28nm MCU,CMP-03,-,CMP,scratch_diagonal,对角线刮伤，怀疑机械手搬运路径与 pad condition 异常,检查机械手轨迹并更换 pad,23,6,7.0,-10.0,PASS,pass
LOT-A,改善前,W05,28nm MCU,CMP-03,-,CMP,scratch_diagonal,对角线刮伤，怀疑机械手搬运路径与 pad condition 异常,检查机械手轨迹并更换 pad,24,6,8.0,-10.0,PASS,pass
LOT-A,改善前,W05,28nm MCU,CMP-03,-,CMP,scratch_diagonal,对角线刮伤，怀疑机械手搬运路径与 pad condition 异常,检查机械手轨迹并更换 pad,25,6,9.0,-10.0,PASS,pass
LOT-A,改善前,W05,28nm MCU,CMP-03,-,CMP,scratch_diagonal,对角线刮伤，怀疑机械手搬运路径与 pad condition 异常,检查机械手轨迹并更换 pad,26,6,10.0,-10.0,PASS,pass
LOT-A,改善前,W05,28nm MCU,CMP-03,-,CMP,scratch_diagonal,对角线刮伤，怀疑机械手搬运路径与 pad condition 异常,检查机械手轨迹并更换 pad,5,7,-11.0,-9.0,FAIL,scratch_diagonal
LOT-A,改善前,W05,28nm MCU,CMP-03,-,CMP,scratch_diagonal,对角线刮伤，怀疑机械手搬运路径与 pad condition 异常,检查机械手轨迹并更换 pad,6,7,-10.0,-9.0,PASS,pass
LOT-A,改善前,W05,28nm MCU,CMP-03,-,CMP,scratch_diagonal,对角线刮伤，怀疑机械手搬运路径与 pad condition 异常,检查机械手轨迹并更换 pad,7,7,-9.0,-9.0,PASS,pass
LOT-A,改善前,W05,28nm MCU,CMP-03,-,CMP,scratch_diagonal,对角线刮伤，怀疑机械手搬运路径与 pad condition 异常,检查机械手轨迹并更换 pad,8,7,-8.0,-9.0,PASS,pass
LOT-A,改善前,W05,28nm MCU,CMP-03,-,CMP,scratch_diagonal,对角线刮伤，怀疑机械手搬运路径与 pad condition 异常,检查机械手轨迹并更换 pad,9,7,-7.0,-9.0,PASS,pass
LOT-A,改善前,W05,28nm MCU,CMP-03,-,CMP,scratch_diagonal,对角线刮伤，怀疑机械手搬运路径与 pad condition 异常,检查机械手轨迹并更换 pad,10,7,-6.0,-9.0,PASS,pass
LOT-A,改善前,W05,28nm MCU,CMP-03,-,CMP,scratch_diagonal,对角线刮伤，怀疑机械手搬运路径与 pad condition 异常,检查机械手轨迹并更换 pad,11,7,-5.0,-9.0,PASS,pass
LOT-A,改善前,W05,28nm MCU,CMP-03,-,CMP,scratch_diagonal,对角线刮伤，怀疑机械手搬运路径与 pad condition 异常,检查机械手轨迹并更换 pad,12,7,-4.0,-9.0,PASS,pass
LOT-A,改善前,W05,28nm MCU,CMP-03,-,CMP,scratch_diagonal,对角线刮伤，怀疑机械手搬运路径与 pad condition 异常,检查机械手轨迹并更换 pad,13,7,-3.0,-9.0,PASS,pass
LOT-A,改善前,W05,28nm MCU,CMP-03,-,CMP,scratch_diagonal,对角线刮伤，怀疑机械手搬运路径与 pad condition 异常,检查机械手轨迹并更换 pad,14,7,-2.0,-9.0,PASS,pass
LOT-A,改善前,W05,28nm MCU,CMP-03,-,CMP,scratch_diagonal,对角线刮伤，怀疑机械手搬运路径与 pad condition 异常,检查机械手轨迹并更换 pad,15,7,-1.0,-9.0,PASS,pass
LOT-A,改善前,W05,28nm MCU,CMP-03,-,CMP,scratch_diagonal,对角线刮伤，怀疑机械手搬运路径与 pad condition 异常,检查机械手轨迹并更换 pad,16,7,0.0,-9.0,PASS,pass
LOT-A,改善前,W05,28nm MCU,CMP-03,-,CMP,scratch_diagonal,对角线刮伤，怀疑机械手搬运路径与 pad condition 异常,检查机械手轨迹并更换 pad,17,7,1.0,-9.0,PASS,pass
LOT-A,改善前,W05,28nm MCU,CMP-03,-,CMP,scratch_diagonal,对角线刮伤，怀疑机械手搬运路径与 pad condition 异常,检查机械手轨迹并更换 pad,18,7,2.0,-9.0,PASS,pass
LOT-A,改善前,W05,28nm MCU,CMP-03,-,CMP,scratch_diagonal,对角线刮伤，怀疑机械手搬运路径与 pad condition 异常,检查机械手轨迹并更换 pad,19,7,3.0,-9.0,PASS,pass
LOT-A,改善前,W05,28nm MCU,CMP-03,-,CMP,scratch_diagonal,对角线刮伤，怀疑机械手搬运路径与 pad condition 异常,检查机械手轨迹并更换 pad,20,7,4.0,-9.0,PASS,pass
LOT-A,改善前,W05,28nm MCU,CMP-03,-,CMP,scratch_diagonal,对角线刮伤，怀疑机械手搬运路径与 pad condition 异常,检查机械手轨迹并更换 pad,21,7,5.0,-9.0,PASS,pass
LOT-A,改善前,W05,28nm MCU,CMP-03,-,CMP,scratch_diagonal,对角线刮伤，怀疑机械手搬运路径与 pad condition 异常,检查机械手轨迹并更换 pad,22,7,6.0,-9.0,PASS,pass
LOT-A,改善前,W05,28nm MCU,CMP-03,-,CMP,scratch_diagonal,对角线刮伤，怀疑机械手搬运路径与 pad condition 异常,检查机械手轨迹并更换 pad,23,7,7.0,-9.0,PASS,pass
LOT-A,改善前,W05,28nm MCU,CMP-03,-,CMP,scratch_diagonal,对角线刮伤，怀疑机械手搬运路径与 pad condition 异常,检查机械手轨迹并更换 pad,24,7,8.0,-9.0,PASS,pass
LOT-A,改善前,W05,28nm MCU,CMP-03,-,CMP,scratch_diagonal,对角线刮伤，怀疑机械手搬运路径与 pad condition 异常,检查机械手轨迹并更换 pad,25,7,9.0,-9.0,PASS,pass
LOT-A,改善前,W05,28nm MCU,CMP-03,-,CMP,scratch_diagonal,对角线刮伤，怀疑机械手搬运路径与 pad condition 异常,检查机械手轨迹并更换 pad,26,7,10.0,-9.0,PASS,pass
LOT-A,改善前,W05,28nm MCU,CMP-03,-,CMP,scratch_diagonal,对角线刮伤，怀疑机械手搬运路径与 pad condition 异常,检查机械手轨迹并更换 pad,27,7,11.0,-9.0,PASS,pass
LOT-A,改善前,W05,28nm MCU,CMP-03,-,CMP,scratch_diagonal,对角线刮伤，怀疑机械手搬运路径与 pad condition 异常,检查机械手轨迹并更换 pad,4,8,-12.0,-8.0,PASS,pass
LOT-A,改善前,W05,28nm MCU,CMP-03,-,CMP,scratch_diagonal,对角线刮伤，怀疑机械手搬运路径与 pad condition 异常,检查机械手轨迹并更换 pad,5,8,-11.0,-8.0,FAIL,scratch_diagonal
LOT-A,改善前,W05,28nm MCU,CMP-03,-,CMP,scratch_diagonal,对角线刮伤，怀疑机械手搬运路径与 pad condition 异常,检查机械手轨迹并更换 pad,6,8,-10.0,-8.0,FAIL,scratch_diagonal
LOT-A,改善前,W05,28nm MCU,CMP-03,-,CMP,scratch_diagonal,对角线刮伤，怀疑机械手搬运路径与 pad condition 异常,检查机械手轨迹并更换 pad,7,8,-9.0,-8.0,PASS,pass
LOT-A,改善前,W05,28nm MCU,CMP-03,-,CMP,scratch_diagonal,对角线刮伤，怀疑机械手搬运路径与 pad condition 异常,检查机械手轨迹并更换 pad,8,8,-8.0,-8.0,PASS,pass
LOT-A,改善前,W05,28nm MCU,CMP-03,-,CMP,scratch_diagonal,对角线刮伤，怀疑机械手搬运路径与 pad condition 异常,检查机械手轨迹并更换 pad,9,8,-7.0,-8.0,PASS,pass
LOT-A,改善前,W05,28nm MCU,CMP-03,-,CMP,scratch_diagonal,对角线刮伤，怀疑机械手搬运路径与 pad condition 异常,检查机械手轨迹并更换 pad,10,8,-6.0,-8.0,PASS,pass
LOT-A,改善前,W05,28nm MCU,CMP-03,-,CMP,scratch_diagonal,对角线刮伤，怀疑机械手搬运路径与 pad condition 异常,检查机械手轨迹并更换 pad,11,8,-5.0,-8.0,PASS,pass
LOT-A,改善前,W05,28nm MCU,CMP-03,-,CMP,scratch_diagonal,对角线刮伤，怀疑机械手搬运路径与 pad condition 异常,检查机械手轨迹并更换 pad,12,8,-4.0,-8.0,PASS,pass
LOT-A,改善前,W05,28nm MCU,CMP-03,-,CMP,scratch_diagonal,对角线刮伤，怀疑机械手搬运路径与 pad condition 异常,检查机械手轨迹并更换 pad,13,8,-3.0,-8.0,PASS,pass
LOT-A,改善前,W05,28nm MCU,CMP-03,-,CMP,scratch_diagonal,对角线刮伤，怀疑机械手搬运路径与 pad condition 异常,检查机械手轨迹并更换 pad,14,8,-2.0,-8.0,PASS,pass
LOT-A,改善前,W05,28nm MCU,CMP-03,-,CMP,scratch_diagonal,对角线刮伤，怀疑机械手搬运路径与 pad condition 异常,检查机械手轨迹并更换 pad,15,8,-1.0,-8.0,PASS,pass
LOT-A,改善前,W05,28nm MCU,CMP-03,-,CMP,scratch_diagonal,对角线刮伤，怀疑机械手搬运路径与 pad condition 异常,检查机械手轨迹并更换 pad,16,8,0.0,-8.0,PASS,pass
LOT-A,改善前,W05,28nm MCU,CMP-03,-,CMP,scratch_diagonal,对角线刮伤，怀疑机械手搬运路径与 pad condition 异常,检查机械手轨迹并更换 pad,17,8,1.0,-8.0,PASS,pass
LOT-A,改善前,W05,28nm MCU,CMP-03,-,CMP,scratch_diagonal,对角线刮伤，怀疑机械手搬运路径与 pad condition 异常,检查机械手轨迹并更换 pad,18,8,2.0,-8.0,PASS,pass
LOT-A,改善前,W05,28nm MCU,CMP-03,-,CMP,scratch_diagonal,对角线刮伤，怀疑机械手搬运路径与 pad condition 异常,检查机械手轨迹并更换 pad,19,8,3.0,-8.0,PASS,pass
LOT-A,改善前,W05,28nm MCU,CMP-03,-,CMP,scratch_diagonal,对角线刮伤，怀疑机械手搬运路径与 pad condition 异常,检查机械手轨迹并更换 pad,20,8,4.0,-8.0,PASS,pass
LOT-A,改善前,W05,28nm MCU,CMP-03,-,CMP,scratch_diagonal,对角线刮伤，怀疑机械手搬运路径与 pad condition 异常,检查机械手轨迹并更换 pad,21,8,5.0,-8.0,PASS,pass
LOT-A,改善前,W05,28nm MCU,CMP-03,-,CMP,scratch_diagonal,对角线刮伤，怀疑机械手搬运路径与 pad condition 异常,检查机械手轨迹并更换 pad,22,8,6.0,-8.0,PASS,pass
LOT-A,改善前,W05,28nm MCU,CMP-03,-,CMP,scratch_diagonal,对角线刮伤，怀疑机械手搬运路径与 pad condition 异常,检查机械手轨迹并更换 pad,23,8,7.0,-8.0,PASS,pass
LOT-A,改善前,W05,28nm MCU,CMP-03,-,CMP,scratch_diagonal,对角线刮伤，怀疑机械手搬运路径与 pad condition 异常,检查机械手轨迹并更换 pad,24,8,8.0,-8.0,PASS,pass
LOT-A,改善前,W05,28nm MCU,CMP-03,-,CMP,scratch_diagonal,对角线刮伤，怀疑机械手搬运路径与 pad condition 异常,检查机械手轨迹并更换 pad,25,8,9.0,-8.0,PASS,pass
LOT-A,改善前,W05,28nm MCU,CMP-03,-,CMP,scratch_diagonal,对角线刮伤，怀疑机械手搬运路径与 pad condition 异常,检查机械手轨迹并更换 pad,26,8,10.0,-8.0,PASS,pass
LOT-A,改善前,W05,28nm MCU,CMP-03,-,CMP,scratch_diagonal,对角线刮伤，怀疑机械手搬运路径与 pad condition 异常,检查机械手轨迹并更换 pad,27,8,11.0,-8.0,PASS,pass
LOT-A,改善前,W05,28nm MCU,CMP-03,-,CMP,scratch_diagonal,对角线刮伤，怀疑机械手搬运路径与 pad condition 异常,检查机械手轨迹并更换 pad,28,8,12.0,-8.0,PASS,pass
LOT-A,改善前,W05,28nm MCU,CMP-03,-,CMP,scratch_diagonal,对角线刮伤，怀疑机械手搬运路径与 pad condition 异常,检查机械手轨迹并更换 pad,3,9,-13.0,-7.0,PASS,pass
LOT-A,改善前,W05,28nm MCU,CMP-03,-,CMP,scratch_diagonal,对角线刮伤，怀疑机械手搬运路径与 pad condition 异常,检查机械手轨迹并更换 pad,4,9,-12.0,-7.0,PASS,pass
LOT-A,改善前,W05,28nm MCU,CMP-03,-,CMP,scratch_diagonal,对角线刮伤，怀疑机械手搬运路径与 pad condition 异常,检查机械手轨迹并更换 pad,5,9,-11.0,-7.0,PASS,pass
LOT-A,改善前,W05,28nm MCU,CMP-03,-,CMP,scratch_diagonal,对角线刮伤，怀疑机械手搬运路径与 pad condition 异常,检查机械手轨迹并更换 pad,6,9,-10.0,-7.0,FAIL,scratch_diagonal
LOT-A,改善前,W05,28nm MCU,CMP-03,-,CMP,scratch_diagonal,对角线刮伤，怀疑机械手搬运路径与 pad condition 异常,检查机械手轨迹并更换 pad,7,9,-9.0,-7.0,PASS,pass
LOT-A,改善前,W05,28nm MCU,CMP-03,-,CMP,scratch_diagonal,对角线刮伤，怀疑机械手搬运路径与 pad condition 异常,检查机械手轨迹并更换 pad,8,9,-8.0,-7.0,PASS,pass
LOT-A,改善前,W05,28nm MCU,CMP-03,-,CMP,scratch_diagonal,对角线刮伤，怀疑机械手搬运路径与 pad condition 异常,检查机械手轨迹并更换 pad,9,9,-7.0,-7.0,PASS,pass
LOT-A,改善前,W05,28nm MCU,CMP-03,-,CMP,scratch_diagonal,对角线刮伤，怀疑机械手搬运路径与 pad condition 异常,检查机械手轨迹并更换 pad,10,9,-6.0,-7.0,PASS,pass
LOT-A,改善前,W05,28nm MCU,CMP-03,-,CMP,scratch_diagonal,对角线刮伤，怀疑机械手搬运路径与 pad condition 异常,检查机械手轨迹并更换 pad,11,9,-5.0,-7.0,PASS,pass
LOT-A,改善前,W05,28nm MCU,CMP-03,-,CMP,scratch_diagonal,对角线刮伤，怀疑机械手搬运路径与 pad condition 异常,检查机械手轨迹并更换 pad,12,9,-4.0,-7.0,PASS,pass
LOT-A,改善前,W05,28nm MCU,CMP-03,-,CMP,scratch_diagonal,对角线刮伤，怀疑机械手搬运路径与 pad condition 异常,检查机械手轨迹并更换 pad,13,9,-3.0,-7.0,PASS,pass
LOT-A,改善前,W05,28nm MCU,CMP-03,-,CMP,scratch_diagonal,对角线刮伤，怀疑机械手搬运路径与 pad condition 异常,检查机械手轨迹并更换 pad,14,9,-2.0,-7.0,PASS,pass
LOT-A,改善前,W05,28nm MCU,CMP-03,-,CMP,scratch_diagonal,对角线刮伤，怀疑机械手搬运路径与 pad condition 异常,检查机械手轨迹并更换 pad,15,9,-1.0,-7.0,PASS,pass
LOT-A,改善前,W05,28nm MCU,CMP-03,-,CMP,scratch_diagonal,对角线刮伤，怀疑机械手搬运路径与 pad condition 异常,检查机械手轨迹并更换 pad,16,9,0.0,-7.0,PASS,pass
LOT-A,改善前,W05,28nm MCU,CMP-03,-,CMP,scratch_diagonal,对角线刮伤，怀疑机械手搬运路径与 pad condition 异常,检查机械手轨迹并更换 pad,17,9,1.0,-7.0,PASS,pass
LOT-A,改善前,W05,28nm MCU,CMP-03,-,CMP,scratch_diagonal,对角线刮伤，怀疑机械手搬运路径与 pad condition 异常,检查机械手轨迹并更换 pad,18,9,2.0,-7.0,PASS,pass
LOT-A,改善前,W05,28nm MCU,CMP-03,-,CMP,scratch_diagonal,对角线刮伤，怀疑机械手搬运路径与 pad condition 异常,检查机械手轨迹并更换 pad,19,9,3.0,-7.0,PASS,pass
LOT-A,改善前,W05,28nm MCU,CMP-03,-,CMP,scratch_diagonal,对角线刮伤，怀疑机械手搬运路径与 pad condition 异常,检查机械手轨迹并更换 pad,20,9,4.0,-7.0,PASS,pass
LOT-A,改善前,W05,28nm MCU,CMP-03,-,CMP,scratch_diagonal,对角线刮伤，怀疑机械手搬运路径与 pad condition 异常,检查机械手轨迹并更换 pad,21,9,5.0,-7.0,PASS,pass
LOT-A,改善前,W05,28nm MCU,CMP-03,-,CMP,scratch_diagonal,对角线刮伤，怀疑机械手搬运路径与 pad condition 异常,检查机械手轨迹并更换 pad,22,9,6.0,-7.0,PASS,pass
LOT-A,改善前,W05,28nm MCU,CMP-03,-,CMP,scratch_diagonal,对角线刮伤，怀疑机械手搬运路径与 pad condition 异常,检查机械手轨迹并更换 pad,23,9,7.0,-7.0,PASS,pass
LOT-A,改善前,W05,28nm MCU,CMP-03,-,CMP,scratch_diagonal,对角线刮伤，怀疑机械手搬运路径与 pad condition 异常,检查机械手轨迹并更换 pad,24,9,8.0,-7.0,PASS,pass
LOT-A,改善前,W05,28nm MCU,CMP-03,-,CMP,scratch_diagonal,对角线刮伤，怀疑机械手搬运路径与 pad condition 异常,检查机械手轨迹并更换 pad,25,9,9.0,-7.0,PASS,pass
LOT-A,改善前,W05,28nm MCU,CMP-03,-,CMP,scratch_diagonal,对角线刮伤，怀疑机械手搬运路径与 pad condition 异常,检查机械手轨迹并更换 pad,26,9,10.0,-7.0,PASS,pass
LOT-A,改善前,W05,28nm MCU,CMP-03,-,CMP,scratch_diagonal,对角线刮伤，怀疑机械手搬运路径与 pad condition 异常,检查机械手轨迹并更换 pad,27,9,11.0,-7.0,PASS,pass
LOT-A,改善前,W05,28nm MCU,CMP-03,-,CMP,scratch_diagonal,对角线刮伤，怀疑机械手搬运路径与 pad condition 异常,检查机械手轨迹并更换 pad,28,9,12.0,-7.0,PASS,pass
LOT-A,改善前,W05,28nm MCU,CMP-03,-,CMP,scratch_diagonal,对角线刮伤，怀疑机械手搬运路径与 pad condition 异常,检查机械手轨迹并更换 pad,29,9,13.0,-7.0,PASS,pass
LOT-A,改善前,W05,28nm MCU,CMP-03,-,CMP,scratch_diagonal,对角线刮伤，怀疑机械手搬运路径与 pad condition 异常,检查机械手轨迹并更换 pad,3,10,-13.0,-6.0,PASS,pass
LOT-A,改善前,W05,28nm MCU,CMP-03,-,CMP,scratch_diagonal,对角线刮伤，怀疑机械手搬运路径与 pad condition 异常,检查机械手轨迹并更换 pad,4,10,-12.0,-6.0,PASS,pass
LOT-A,改善前,W05,28nm MCU,CMP-03,-,CMP,scratch_diagonal,对角线刮伤，怀疑机械手搬运路径与 pad condition 异常,检查机械手轨迹并更换 pad,5,10,-11.0,-6.0,PASS,pass
LOT-A,改善前,W05,28nm MCU,CMP-03,-,CMP,scratch_diagonal,对角线刮伤，怀疑机械手搬运路径与 pad condition 异常,检查机械手轨迹并更换 pad,6,10,-10.0,-6.0,FAIL,scratch_diagonal
LOT-A,改善前,W05,28nm MCU,CMP-03,-,CMP,scratch_diagonal,对角线刮伤，怀疑机械手搬运路径与 pad condition 异常,检查机械手轨迹并更换 pad,7,10,-9.0,-6.0,FAIL,scratch_diagonal
LOT-A,改善前,W05,28nm MCU,CMP-03,-,CMP,scratch_diagonal,对角线刮伤，怀疑机械手搬运路径与 pad condition 异常,检查机械手轨迹并更换 pad,8,10,-8.0,-6.0,FAIL,scratch_diagonal
LOT-A,改善前,W05,28nm MCU,CMP-03,-,CMP,scratch_diagonal,对角线刮伤，怀疑机械手搬运路径与 pad condition 异常,检查机械手轨迹并更换 pad,9,10,-7.0,-6.0,FAIL,scratch_diagonal
LOT-A,改善前,W05,28nm MCU,CMP-03,-,CMP,scratch_diagonal,对角线刮伤，怀疑机械手搬运路径与 pad condition 异常,检查机械手轨迹并更换 pad,10,10,-6.0,-6.0,PASS,pass
LOT-A,改善前,W05,28nm MCU,CMP-03,-,CMP,scratch_diagonal,对角线刮伤，怀疑机械手搬运路径与 pad condition 异常,检查机械手轨迹并更换 pad,11,10,-5.0,-6.0,PASS,pass
LOT-A,改善前,W05,28nm MCU,CMP-03,-,CMP,scratch_diagonal,对角线刮伤，怀疑机械手搬运路径与 pad condition 异常,检查机械手轨迹并更换 pad,12,10,-4.0,-6.0,PASS,pass
LOT-A,改善前,W05,28nm MCU,CMP-03,-,CMP,scratch_diagonal,对角线刮伤，怀疑机械手搬运路径与 pad condition 异常,检查机械手轨迹并更换 pad,13,10,-3.0,-6.0,PASS,pass
LOT-A,改善前,W05,28nm MCU,CMP-03,-,CMP,scratch_diagonal,对角线刮伤，怀疑机械手搬运路径与 pad condition 异常,检查机械手轨迹并更换 pad,14,10,-2.0,-6.0,PASS,pass
LOT-A,改善前,W05,28nm MCU,CMP-03,-,CMP,scratch_diagonal,对角线刮伤，怀疑机械手搬运路径与 pad condition 异常,检查机械手轨迹并更换 pad,15,10,-1.0,-6.0,PASS,pass
LOT-A,改善前,W05,28nm MCU,CMP-03,-,CMP,scratch_diagonal,对角线刮伤，怀疑机械手搬运路径与 pad condition 异常,检查机械手轨迹并更换 pad,16,10,0.0,-6.0,PASS,pass
LOT-A,改善前,W05,28nm MCU,CMP-03,-,CMP,scratch_diagonal,对角线刮伤，怀疑机械手搬运路径与 pad condition 异常,检查机械手轨迹并更换 pad,17,10,1.0,-6.0,PASS,pass
LOT-A,改善前,W05,28nm MCU,CMP-03,-,CMP,scratch_diagonal,对角线刮伤，怀疑机械手搬运路径与 pad condition 异常,检查机械手轨迹并更换 pad,18,10,2.0,-6.0,PASS,pass
LOT-A,改善前,W05,28nm MCU,CMP-03,-,CMP,scratch_diagonal,对角线刮伤，怀疑机械手搬运路径与 pad condition 异常,检查机械手轨迹并更换 pad,19,10,3.0,-6.0,PASS,pass
LOT-A,改善前,W05,28nm MCU,CMP-03,-,CMP,scratch_diagonal,对角线刮伤，怀疑机械手搬运路径与 pad condition 异常,检查机械手轨迹并更换 pad,20,10,4.0,-6.0,PASS,pass
LOT-A,改善前,W05,28nm MCU,CMP-03,-,CMP,scratch_diagonal,对角线刮伤，怀疑机械手搬运路径与 pad condition 异常,检查机械手轨迹并更换 pad,21,10,5.0,-6.0,PASS,pass
LOT-A,改善前,W05,28nm MCU,CMP-03,-,CMP,scratch_diagonal,对角线刮伤，怀疑机械手搬运路径与 pad condition 异常,检查机械手轨迹并更换 pad,22,10,6.0,-6.0,PASS,pass
LOT-A,改善前,W05,28nm MCU,CMP-03,-,CMP,scratch_diagonal,对角线刮伤，怀疑机械手搬运路径与 pad condition 异常,检查机械手轨迹并更换 pad,23,10,7.0,-6.0,PASS,pass
LOT-A,改善前,W05,28nm MCU,CMP-03,-,CMP,scratch_diagonal,对角线刮伤，怀疑机械手搬运路径与 pad condition 异常,检查机械手轨迹并更换 pad,24,10,8.0,-6.0,PASS,pass
LOT-A,改善前,W05,28nm MCU,CMP-03,-,CMP,scratch_diagonal,对角线刮伤，怀疑机械手搬运路径与 pad condition 异常,检查机械手轨迹并更换 pad,25,10,9.0,-6.0,PASS,pass
LOT-A,改善前,W05,28nm MCU,CMP-03,-,CMP,scratch_diagonal,对角线刮伤，怀疑机械手搬运路径与 pad condition 异常,检查机械手轨迹并更换 pad,26,10,10.0,-6.0,PASS,pass
LOT-A,改善前,W05,28nm MCU,CMP-03,-,CMP,scratch_diagonal,对角线刮伤，怀疑机械手搬运路径与 pad condition 异常,检查机械手轨迹并更换 pad,27,10,11.0,-6.0,PASS,pass
LOT-A,改善前,W05,28nm MCU,CMP-03,-,CMP,scratch_diagonal,对角线刮伤，怀疑机械手搬运路径与 pad condition 异常,检查机械手轨迹并更换 pad,28,10,12.0,-6.0,PASS,pass
LOT-A,改善前,W05,28nm MCU,CMP-03,-,CMP,scratch_diagonal,对角线刮伤，怀疑机械手搬运路径与 pad condition 异常,检查机械手轨迹并更换 pad,29,10,13.0,-6.0,PASS,pass
LOT-A,改善前,W05,28nm MCU,CMP-03,-,CMP,scratch_diagonal,对角线刮伤，怀疑机械手搬运路径与 pad condition 异常,检查机械手轨迹并更换 pad,3,11,-13.0,-5.0,PASS,pass
LOT-A,改善前,W05,28nm MCU,CMP-03,-,CMP,scratch_diagonal,对角线刮伤，怀疑机械手搬运路径与 pad condition 异常,检查机械手轨迹并更换 pad,4,11,-12.0,-5.0,PASS,pass
LOT-A,改善前,W05,28nm MCU,CMP-03,-,CMP,scratch_diagonal,对角线刮伤，怀疑机械手搬运路径与 pad condition 异常,检查机械手轨迹并更换 pad,5,11,-11.0,-5.0,PASS,pass
LOT-A,改善前,W05,28nm MCU,CMP-03,-,CMP,scratch_diagonal,对角线刮伤，怀疑机械手搬运路径与 pad condition 异常,检查机械手轨迹并更换 pad,6,11,-10.0,-5.0,PASS,pass
LOT-A,改善前,W05,28nm MCU,CMP-03,-,CMP,scratch_diagonal,对角线刮伤，怀疑机械手搬运路径与 pad condition 异常,检查机械手轨迹并更换 pad,7,11,-9.0,-5.0,FAIL,scratch_diagonal
LOT-A,改善前,W05,28nm MCU,CMP-03,-,CMP,scratch_diagonal,对角线刮伤，怀疑机械手搬运路径与 pad condition 异常,检查机械手轨迹并更换 pad,8,11,-8.0,-5.0,FAIL,scratch_diagonal
LOT-A,改善前,W05,28nm MCU,CMP-03,-,CMP,scratch_diagonal,对角线刮伤，怀疑机械手搬运路径与 pad condition 异常,检查机械手轨迹并更换 pad,9,11,-7.0,-5.0,FAIL,scratch_diagonal
LOT-A,改善前,W05,28nm MCU,CMP-03,-,CMP,scratch_diagonal,对角线刮伤，怀疑机械手搬运路径与 pad condition 异常,检查机械手轨迹并更换 pad,10,11,-6.0,-5.0,FAIL,scratch_diagonal
LOT-A,改善前,W05,28nm MCU,CMP-03,-,CMP,scratch_diagonal,对角线刮伤，怀疑机械手搬运路径与 pad condition 异常,检查机械手轨迹并更换 pad,11,11,-5.0,-5.0,FAIL,scratch_diagonal
LOT-A,改善前,W05,28nm MCU,CMP-03,-,CMP,scratch_diagonal,对角线刮伤，怀疑机械手搬运路径与 pad condition 异常,检查机械手轨迹并更换 pad,12,11,-4.0,-5.0,PASS,pass
LOT-A,改善前,W05,28nm MCU,CMP-03,-,CMP,scratch_diagonal,对角线刮伤，怀疑机械手搬运路径与 pad condition 异常,检查机械手轨迹并更换 pad,13,11,-3.0,-5.0,PASS,pass
LOT-A,改善前,W05,28nm MCU,CMP-03,-,CMP,scratch_diagonal,对角线刮伤，怀疑机械手搬运路径与 pad condition 异常,检查机械手轨迹并更换 pad,14,11,-2.0,-5.0,PASS,pass
LOT-A,改善前,W05,28nm MCU,CMP-03,-,CMP,scratch_diagonal,对角线刮伤，怀疑机械手搬运路径与 pad condition 异常,检查机械手轨迹并更换 pad,15,11,-1.0,-5.0,PASS,pass
LOT-A,改善前,W05,28nm MCU,CMP-03,-,CMP,scratch_diagonal,对角线刮伤，怀疑机械手搬运路径与 pad condition 异常,检查机械手轨迹并更换 pad,16,11,0.0,-5.0,PASS,pass
LOT-A,改善前,W05,28nm MCU,CMP-03,-,CMP,scratch_diagonal,对角线刮伤，怀疑机械手搬运路径与 pad condition 异常,检查机械手轨迹并更换 pad,17,11,1.0,-5.0,PASS,pass
LOT-A,改善前,W05,28nm MCU,CMP-03,-,CMP,scratch_diagonal,对角线刮伤，怀疑机械手搬运路径与 pad condition 异常,检查机械手轨迹并更换 pad,18,11,2.0,-5.0,PASS,pass
LOT-A,改善前,W05,28nm MCU,CMP-03,-,CMP,scratch_diagonal,对角线刮伤，怀疑机械手搬运路径与 pad condition 异常,检查机械手轨迹并更换 pad,19,11,3.0,-5.0,PASS,pass
LOT-A,改善前,W05,28nm MCU,CMP-03,-,CMP,scratch_diagonal,对角线刮伤，怀疑机械手搬运路径与 pad condition 异常,检查机械手轨迹并更换 pad,20,11,4.0,-5.0,PASS,pass
LOT-A,改善前,W05,28nm MCU,CMP-03,-,CMP,scratch_diagonal,对角线刮伤，怀疑机械手搬运路径与 pad condition 异常,检查机械手轨迹并更换 pad,21,11,5.0,-5.0,PASS,pass
LOT-A,改善前,W05,28nm MCU,CMP-03,-,CMP,scratch_diagonal,对角线刮伤，怀疑机械手搬运路径与 pad condition 异常,检查机械手轨迹并更换 pad,22,11,6.0,-5.0,PASS,pass
LOT-A,改善前,W05,28nm MCU,CMP-03,-,CMP,scratch_diagonal,对角线刮伤，怀疑机械手搬运路径与 pad condition 异常,检查机械手轨迹并更换 pad,23,11,7.0,-5.0,PASS,pass
LOT-A,改善前,W05,28nm MCU,CMP-03,-,CMP,scratch_diagonal,对角线刮伤，怀疑机械手搬运路径与 pad condition 异常,检查机械手轨迹并更换 pad,24,11,8.0,-5.0,PASS,pass
LOT-A,改善前,W05,28nm MCU,CMP-03,-,CMP,scratch_diagonal,对角线刮伤，怀疑机械手搬运路径与 pad condition 异常,检查机械手轨迹并更换 pad,25,11,9.0,-5.0,PASS,pass
LOT-A,改善前,W05,28nm MCU,CMP-03,-,CMP,scratch_diagonal,对角线刮伤，怀疑机械手搬运路径与 pad condition 异常,检查机械手轨迹并更换 pad,26,11,10.0,-5.0,PASS,pass
LOT-A,改善前,W05,28nm MCU,CMP-03,-,CMP,scratch_diagonal,对角线刮伤，怀疑机械手搬运路径与 pad condition 异常,检查机械手轨迹并更换 pad,27,11,11.0,-5.0,PASS,pass
LOT-A,改善前,W05,28nm MCU,CMP-03,-,CMP,scratch_diagonal,对角线刮伤，怀疑机械手搬运路径与 pad condition 异常,检查机械手轨迹并更换 pad,28,11,12.0,-5.0,PASS,pass
LOT-A,改善前,W05,28nm MCU,CMP-03,-,CMP,scratch_diagonal,对角线刮伤，怀疑机械手搬运路径与 pad condition 异常,检查机械手轨迹并更换 pad,29,11,13.0,-5.0,PASS,pass
LOT-A,改善前,W05,28nm MCU,CMP-03,-,CMP,scratch_diagonal,对角线刮伤，怀疑机械手搬运路径与 pad condition 异常,检查机械手轨迹并更换 pad,2,12,-14.0,-4.0,PASS,pass
LOT-A,改善前,W05,28nm MCU,CMP-03,-,CMP,scratch_diagonal,对角线刮伤，怀疑机械手搬运路径与 pad condition 异常,检查机械手轨迹并更换 pad,3,12,-13.0,-4.0,PASS,pass
LOT-A,改善前,W05,28nm MCU,CMP-03,-,CMP,scratch_diagonal,对角线刮伤，怀疑机械手搬运路径与 pad condition 异常,检查机械手轨迹并更换 pad,4,12,-12.0,-4.0,PASS,pass
LOT-A,改善前,W05,28nm MCU,CMP-03,-,CMP,scratch_diagonal,对角线刮伤，怀疑机械手搬运路径与 pad condition 异常,检查机械手轨迹并更换 pad,5,12,-11.0,-4.0,PASS,pass
LOT-A,改善前,W05,28nm MCU,CMP-03,-,CMP,scratch_diagonal,对角线刮伤，怀疑机械手搬运路径与 pad condition 异常,检查机械手轨迹并更换 pad,6,12,-10.0,-4.0,FAIL,random
LOT-A,改善前,W05,28nm MCU,CMP-03,-,CMP,scratch_diagonal,对角线刮伤，怀疑机械手搬运路径与 pad condition 异常,检查机械手轨迹并更换 pad,7,12,-9.0,-4.0,PASS,pass
LOT-A,改善前,W05,28nm MCU,CMP-03,-,CMP,scratch_diagonal,对角线刮伤，怀疑机械手搬运路径与 pad condition 异常,检查机械手轨迹并更换 pad,8,12,-8.0,-4.0,PASS,pass
LOT-A,改善前,W05,28nm MCU,CMP-03,-,CMP,scratch_diagonal,对角线刮伤，怀疑机械手搬运路径与 pad condition 异常,检查机械手轨迹并更换 pad,9,12,-7.0,-4.0,FAIL,scratch_diagonal
LOT-A,改善前,W05,28nm MCU,CMP-03,-,CMP,scratch_diagonal,对角线刮伤，怀疑机械手搬运路径与 pad condition 异常,检查机械手轨迹并更换 pad,10,12,-6.0,-4.0,FAIL,scratch_diagonal
LOT-A,改善前,W05,28nm MCU,CMP-03,-,CMP,scratch_diagonal,对角线刮伤，怀疑机械手搬运路径与 pad condition 异常,检查机械手轨迹并更换 pad,11,12,-5.0,-4.0,FAIL,scratch_diagonal
LOT-A,改善前,W05,28nm MCU,CMP-03,-,CMP,scratch_diagonal,对角线刮伤，怀疑机械手搬运路径与 pad condition 异常,检查机械手轨迹并更换 pad,12,12,-4.0,-4.0,FAIL,scratch_diagonal
LOT-A,改善前,W05,28nm MCU,CMP-03,-,CMP,scratch_diagonal,对角线刮伤，怀疑机械手搬运路径与 pad condition 异常,检查机械手轨迹并更换 pad,13,12,-3.0,-4.0,PASS,pass
LOT-A,改善前,W05,28nm MCU,CMP-03,-,CMP,scratch_diagonal,对角线刮伤，怀疑机械手搬运路径与 pad condition 异常,检查机械手轨迹并更换 pad,14,12,-2.0,-4.0,PASS,pass
LOT-A,改善前,W05,28nm MCU,CMP-03,-,CMP,scratch_diagonal,对角线刮伤，怀疑机械手搬运路径与 pad condition 异常,检查机械手轨迹并更换 pad,15,12,-1.0,-4.0,PASS,pass
LOT-A,改善前,W05,28nm MCU,CMP-03,-,CMP,scratch_diagonal,对角线刮伤，怀疑机械手搬运路径与 pad condition 异常,检查机械手轨迹并更换 pad,16,12,0.0,-4.0,PASS,pass
LOT-A,改善前,W05,28nm MCU,CMP-03,-,CMP,scratch_diagonal,对角线刮伤，怀疑机械手搬运路径与 pad condition 异常,检查机械手轨迹并更换 pad,17,12,1.0,-4.0,PASS,pass
LOT-A,改善前,W05,28nm MCU,CMP-03,-,CMP,scratch_diagonal,对角线刮伤，怀疑机械手搬运路径与 pad condition 异常,检查机械手轨迹并更换 pad,18,12,2.0,-4.0,PASS,pass
LOT-A,改善前,W05,28nm MCU,CMP-03,-,CMP,scratch_diagonal,对角线刮伤，怀疑机械手搬运路径与 pad condition 异常,检查机械手轨迹并更换 pad,19,12,3.0,-4.0,PASS,pass
LOT-A,改善前,W05,28nm MCU,CMP-03,-,CMP,scratch_diagonal,对角线刮伤，怀疑机械手搬运路径与 pad condition 异常,检查机械手轨迹并更换 pad,20,12,4.0,-4.0,PASS,pass
LOT-A,改善前,W05,28nm MCU,CMP-03,-,CMP,scratch_diagonal,对角线刮伤，怀疑机械手搬运路径与 pad condition 异常,检查机械手轨迹并更换 pad,21,12,5.0,-4.0,PASS,pass
LOT-A,改善前,W05,28nm MCU,CMP-03,-,CMP,scratch_diagonal,对角线刮伤，怀疑机械手搬运路径与 pad condition 异常,检查机械手轨迹并更换 pad,22,12,6.0,-4.0,PASS,pass
LOT-A,改善前,W05,28nm MCU,CMP-03,-,CMP,scratch_diagonal,对角线刮伤，怀疑机械手搬运路径与 pad condition 异常,检查机械手轨迹并更换 pad,23,12,7.0,-4.0,PASS,pass
LOT-A,改善前,W05,28nm MCU,CMP-03,-,CMP,scratch_diagonal,对角线刮伤，怀疑机械手搬运路径与 pad condition 异常,检查机械手轨迹并更换 pad,24,12,8.0,-4.0,PASS,pass
LOT-A,改善前,W05,28nm MCU,CMP-03,-,CMP,scratch_diagonal,对角线刮伤，怀疑机械手搬运路径与 pad condition 异常,检查机械手轨迹并更换 pad,25,12,9.0,-4.0,PASS,pass
LOT-A,改善前,W05,28nm MCU,CMP-03,-,CMP,scratch_diagonal,对角线刮伤，怀疑机械手搬运路径与 pad condition 异常,检查机械手轨迹并更换 pad,26,12,10.0,-4.0,PASS,pass
LOT-A,改善前,W05,28nm MCU,CMP-03,-,CMP,scratch_diagonal,对角线刮伤，怀疑机械手搬运路径与 pad condition 异常,检查机械手轨迹并更换 pad,27,12,11.0,-4.0,PASS,pass
LOT-A,改善前,W05,28nm MCU,CMP-03,-,CMP,scratch_diagonal,对角线刮伤，怀疑机械手搬运路径与 pad condition 异常,检查机械手轨迹并更换 pad,28,12,12.0,-4.0,PASS,pass
LOT-A,改善前,W05,28nm MCU,CMP-03,-,CMP,scratch_diagonal,对角线刮伤，怀疑机械手搬运路径与 pad condition 异常,检查机械手轨迹并更换 pad,29,12,13.0,-4.0,PASS,pass
LOT-A,改善前,W05,28nm MCU,CMP-03,-,CMP,scratch_diagonal,对角线刮伤，怀疑机械手搬运路径与 pad condition 异常,检查机械手轨迹并更换 pad,30,12,14.0,-4.0,PASS,pass
LOT-A,改善前,W05,28nm MCU,CMP-03,-,CMP,scratch_diagonal,对角线刮伤，怀疑机械手搬运路径与 pad condition 异常,检查机械手轨迹并更换 pad,2,13,-14.0,-3.0,PASS,pass
LOT-A,改善前,W05,28nm MCU,CMP-03,-,CMP,scratch_diagonal,对角线刮伤，怀疑机械手搬运路径与 pad condition 异常,检查机械手轨迹并更换 pad,3,13,-13.0,-3.0,PASS,pass
LOT-A,改善前,W05,28nm MCU,CMP-03,-,CMP,scratch_diagonal,对角线刮伤，怀疑机械手搬运路径与 pad condition 异常,检查机械手轨迹并更换 pad,4,13,-12.0,-3.0,PASS,pass
LOT-A,改善前,W05,28nm MCU,CMP-03,-,CMP,scratch_diagonal,对角线刮伤，怀疑机械手搬运路径与 pad condition 异常,检查机械手轨迹并更换 pad,5,13,-11.0,-3.0,PASS,pass
LOT-A,改善前,W05,28nm MCU,CMP-03,-,CMP,scratch_diagonal,对角线刮伤，怀疑机械手搬运路径与 pad condition 异常,检查机械手轨迹并更换 pad,6,13,-10.0,-3.0,PASS,pass
LOT-A,改善前,W05,28nm MCU,CMP-03,-,CMP,scratch_diagonal,对角线刮伤，怀疑机械手搬运路径与 pad condition 异常,检查机械手轨迹并更换 pad,7,13,-9.0,-3.0,PASS,pass
LOT-A,改善前,W05,28nm MCU,CMP-03,-,CMP,scratch_diagonal,对角线刮伤，怀疑机械手搬运路径与 pad condition 异常,检查机械手轨迹并更换 pad,8,13,-8.0,-3.0,PASS,pass
LOT-A,改善前,W05,28nm MCU,CMP-03,-,CMP,scratch_diagonal,对角线刮伤，怀疑机械手搬运路径与 pad condition 异常,检查机械手轨迹并更换 pad,9,13,-7.0,-3.0,PASS,pass
LOT-A,改善前,W05,28nm MCU,CMP-03,-,CMP,scratch_diagonal,对角线刮伤，怀疑机械手搬运路径与 pad condition 异常,检查机械手轨迹并更换 pad,10,13,-6.0,-3.0,FAIL,scratch_diagonal
LOT-A,改善前,W05,28nm MCU,CMP-03,-,CMP,scratch_diagonal,对角线刮伤，怀疑机械手搬运路径与 pad condition 异常,检查机械手轨迹并更换 pad,11,13,-5.0,-3.0,FAIL,scratch_diagonal
LOT-A,改善前,W05,28nm MCU,CMP-03,-,CMP,scratch_diagonal,对角线刮伤，怀疑机械手搬运路径与 pad condition 异常,检查机械手轨迹并更换 pad,12,13,-4.0,-3.0,FAIL,scratch_diagonal
LOT-A,改善前,W05,28nm MCU,CMP-03,-,CMP,scratch_diagonal,对角线刮伤，怀疑机械手搬运路径与 pad condition 异常,检查机械手轨迹并更换 pad,13,13,-3.0,-3.0,PASS,pass
LOT-A,改善前,W05,28nm MCU,CMP-03,-,CMP,scratch_diagonal,对角线刮伤，怀疑机械手搬运路径与 pad condition 异常,检查机械手轨迹并更换 pad,14,13,-2.0,-3.0,PASS,pass
LOT-A,改善前,W05,28nm MCU,CMP-03,-,CMP,scratch_diagonal,对角线刮伤，怀疑机械手搬运路径与 pad condition 异常,检查机械手轨迹并更换 pad,15,13,-1.0,-3.0,PASS,pass
LOT-A,改善前,W05,28nm MCU,CMP-03,-,CMP,scratch_diagonal,对角线刮伤，怀疑机械手搬运路径与 pad condition 异常,检查机械手轨迹并更换 pad,16,13,0.0,-3.0,PASS,pass
LOT-A,改善前,W05,28nm MCU,CMP-03,-,CMP,scratch_diagonal,对角线刮伤，怀疑机械手搬运路径与 pad condition 异常,检查机械手轨迹并更换 pad,17,13,1.0,-3.0,PASS,pass
LOT-A,改善前,W05,28nm MCU,CMP-03,-,CMP,scratch_diagonal,对角线刮伤，怀疑机械手搬运路径与 pad condition 异常,检查机械手轨迹并更换 pad,18,13,2.0,-3.0,PASS,pass
LOT-A,改善前,W05,28nm MCU,CMP-03,-,CMP,scratch_diagonal,对角线刮伤，怀疑机械手搬运路径与 pad condition 异常,检查机械手轨迹并更换 pad,19,13,3.0,-3.0,PASS,pass
LOT-A,改善前,W05,28nm MCU,CMP-03,-,CMP,scratch_diagonal,对角线刮伤，怀疑机械手搬运路径与 pad condition 异常,检查机械手轨迹并更换 pad,20,13,4.0,-3.0,PASS,pass
LOT-A,改善前,W05,28nm MCU,CMP-03,-,CMP,scratch_diagonal,对角线刮伤，怀疑机械手搬运路径与 pad condition 异常,检查机械手轨迹并更换 pad,21,13,5.0,-3.0,PASS,pass
LOT-A,改善前,W05,28nm MCU,CMP-03,-,CMP,scratch_diagonal,对角线刮伤，怀疑机械手搬运路径与 pad condition 异常,检查机械手轨迹并更换 pad,22,13,6.0,-3.0,PASS,pass
LOT-A,改善前,W05,28nm MCU,CMP-03,-,CMP,scratch_diagonal,对角线刮伤，怀疑机械手搬运路径与 pad condition 异常,检查机械手轨迹并更换 pad,23,13,7.0,-3.0,PASS,pass
LOT-A,改善前,W05,28nm MCU,CMP-03,-,CMP,scratch_diagonal,对角线刮伤，怀疑机械手搬运路径与 pad condition 异常,检查机械手轨迹并更换 pad,24,13,8.0,-3.0,FAIL,random
LOT-A,改善前,W05,28nm MCU,CMP-03,-,CMP,scratch_diagonal,对角线刮伤，怀疑机械手搬运路径与 pad condition 异常,检查机械手轨迹并更换 pad,25,13,9.0,-3.0,PASS,pass
LOT-A,改善前,W05,28nm MCU,CMP-03,-,CMP,scratch_diagonal,对角线刮伤，怀疑机械手搬运路径与 pad condition 异常,检查机械手轨迹并更换 pad,26,13,10.0,-3.0,PASS,pass
LOT-A,改善前,W05,28nm MCU,CMP-03,-,CMP,scratch_diagonal,对角线刮伤，怀疑机械手搬运路径与 pad condition 异常,检查机械手轨迹并更换 pad,27,13,11.0,-3.0,PASS,pass
LOT-A,改善前,W05,28nm MCU,CMP-03,-,CMP,scratch_diagonal,对角线刮伤，怀疑机械手搬运路径与 pad condition 异常,检查机械手轨迹并更换 pad,28,13,12.0,-3.0,PASS,pass
LOT-A,改善前,W05,28nm MCU,CMP-03,-,CMP,scratch_diagonal,对角线刮伤，怀疑机械手搬运路径与 pad condition 异常,检查机械手轨迹并更换 pad,29,13,13.0,-3.0,PASS,pass
LOT-A,改善前,W05,28nm MCU,CMP-03,-,CMP,scratch_diagonal,对角线刮伤，怀疑机械手搬运路径与 pad condition 异常,检查机械手轨迹并更换 pad,30,13,14.0,-3.0,PASS,pass
LOT-A,改善前,W05,28nm MCU,CMP-03,-,CMP,scratch_diagonal,对角线刮伤，怀疑机械手搬运路径与 pad condition 异常,检查机械手轨迹并更换 pad,2,14,-14.0,-2.0,PASS,pass
LOT-A,改善前,W05,28nm MCU,CMP-03,-,CMP,scratch_diagonal,对角线刮伤，怀疑机械手搬运路径与 pad condition 异常,检查机械手轨迹并更换 pad,3,14,-13.0,-2.0,PASS,pass
LOT-A,改善前,W05,28nm MCU,CMP-03,-,CMP,scratch_diagonal,对角线刮伤，怀疑机械手搬运路径与 pad condition 异常,检查机械手轨迹并更换 pad,4,14,-12.0,-2.0,PASS,pass
LOT-A,改善前,W05,28nm MCU,CMP-03,-,CMP,scratch_diagonal,对角线刮伤，怀疑机械手搬运路径与 pad condition 异常,检查机械手轨迹并更换 pad,5,14,-11.0,-2.0,PASS,pass
LOT-A,改善前,W05,28nm MCU,CMP-03,-,CMP,scratch_diagonal,对角线刮伤，怀疑机械手搬运路径与 pad condition 异常,检查机械手轨迹并更换 pad,6,14,-10.0,-2.0,PASS,pass
LOT-A,改善前,W05,28nm MCU,CMP-03,-,CMP,scratch_diagonal,对角线刮伤，怀疑机械手搬运路径与 pad condition 异常,检查机械手轨迹并更换 pad,7,14,-9.0,-2.0,PASS,pass
LOT-A,改善前,W05,28nm MCU,CMP-03,-,CMP,scratch_diagonal,对角线刮伤，怀疑机械手搬运路径与 pad condition 异常,检查机械手轨迹并更换 pad,8,14,-8.0,-2.0,PASS,pass
LOT-A,改善前,W05,28nm MCU,CMP-03,-,CMP,scratch_diagonal,对角线刮伤，怀疑机械手搬运路径与 pad condition 异常,检查机械手轨迹并更换 pad,9,14,-7.0,-2.0,PASS,pass
LOT-A,改善前,W05,28nm MCU,CMP-03,-,CMP,scratch_diagonal,对角线刮伤，怀疑机械手搬运路径与 pad condition 异常,检查机械手轨迹并更换 pad,10,14,-6.0,-2.0,PASS,pass
LOT-A,改善前,W05,28nm MCU,CMP-03,-,CMP,scratch_diagonal,对角线刮伤，怀疑机械手搬运路径与 pad condition 异常,检查机械手轨迹并更换 pad,11,14,-5.0,-2.0,FAIL,scratch_diagonal
LOT-A,改善前,W05,28nm MCU,CMP-03,-,CMP,scratch_diagonal,对角线刮伤，怀疑机械手搬运路径与 pad condition 异常,检查机械手轨迹并更换 pad,12,14,-4.0,-2.0,FAIL,scratch_diagonal
LOT-A,改善前,W05,28nm MCU,CMP-03,-,CMP,scratch_diagonal,对角线刮伤，怀疑机械手搬运路径与 pad condition 异常,检查机械手轨迹并更换 pad,13,14,-3.0,-2.0,FAIL,scratch_diagonal
LOT-A,改善前,W05,28nm MCU,CMP-03,-,CMP,scratch_diagonal,对角线刮伤，怀疑机械手搬运路径与 pad condition 异常,检查机械手轨迹并更换 pad,14,14,-2.0,-2.0,FAIL,scratch_diagonal
LOT-A,改善前,W05,28nm MCU,CMP-03,-,CMP,scratch_diagonal,对角线刮伤，怀疑机械手搬运路径与 pad condition 异常,检查机械手轨迹并更换 pad,15,14,-1.0,-2.0,PASS,pass
LOT-A,改善前,W05,28nm MCU,CMP-03,-,CMP,scratch_diagonal,对角线刮伤，怀疑机械手搬运路径与 pad condition 异常,检查机械手轨迹并更换 pad,16,14,0.0,-2.0,PASS,pass
LOT-A,改善前,W05,28nm MCU,CMP-03,-,CMP,scratch_diagonal,对角线刮伤，怀疑机械手搬运路径与 pad condition 异常,检查机械手轨迹并更换 pad,17,14,1.0,-2.0,PASS,pass
LOT-A,改善前,W05,28nm MCU,CMP-03,-,CMP,scratch_diagonal,对角线刮伤，怀疑机械手搬运路径与 pad condition 异常,检查机械手轨迹并更换 pad,18,14,2.0,-2.0,PASS,pass
LOT-A,改善前,W05,28nm MCU,CMP-03,-,CMP,scratch_diagonal,对角线刮伤，怀疑机械手搬运路径与 pad condition 异常,检查机械手轨迹并更换 pad,19,14,3.0,-2.0,PASS,pass
LOT-A,改善前,W05,28nm MCU,CMP-03,-,CMP,scratch_diagonal,对角线刮伤，怀疑机械手搬运路径与 pad condition 异常,检查机械手轨迹并更换 pad,20,14,4.0,-2.0,PASS,pass
LOT-A,改善前,W05,28nm MCU,CMP-03,-,CMP,scratch_diagonal,对角线刮伤，怀疑机械手搬运路径与 pad condition 异常,检查机械手轨迹并更换 pad,21,14,5.0,-2.0,PASS,pass
LOT-A,改善前,W05,28nm MCU,CMP-03,-,CMP,scratch_diagonal,对角线刮伤，怀疑机械手搬运路径与 pad condition 异常,检查机械手轨迹并更换 pad,22,14,6.0,-2.0,PASS,pass
LOT-A,改善前,W05,28nm MCU,CMP-03,-,CMP,scratch_diagonal,对角线刮伤，怀疑机械手搬运路径与 pad condition 异常,检查机械手轨迹并更换 pad,23,14,7.0,-2.0,PASS,pass
LOT-A,改善前,W05,28nm MCU,CMP-03,-,CMP,scratch_diagonal,对角线刮伤，怀疑机械手搬运路径与 pad condition 异常,检查机械手轨迹并更换 pad,24,14,8.0,-2.0,PASS,pass
LOT-A,改善前,W05,28nm MCU,CMP-03,-,CMP,scratch_diagonal,对角线刮伤，怀疑机械手搬运路径与 pad condition 异常,检查机械手轨迹并更换 pad,25,14,9.0,-2.0,PASS,pass
LOT-A,改善前,W05,28nm MCU,CMP-03,-,CMP,scratch_diagonal,对角线刮伤，怀疑机械手搬运路径与 pad condition 异常,检查机械手轨迹并更换 pad,26,14,10.0,-2.0,PASS,pass
LOT-A,改善前,W05,28nm MCU,CMP-03,-,CMP,scratch_diagonal,对角线刮伤，怀疑机械手搬运路径与 pad condition 异常,检查机械手轨迹并更换 pad,27,14,11.0,-2.0,PASS,pass
LOT-A,改善前,W05,28nm MCU,CMP-03,-,CMP,scratch_diagonal,对角线刮伤，怀疑机械手搬运路径与 pad condition 异常,检查机械手轨迹并更换 pad,28,14,12.0,-2.0,PASS,pass
LOT-A,改善前,W05,28nm MCU,CMP-03,-,CMP,scratch_diagonal,对角线刮伤，怀疑机械手搬运路径与 pad condition 异常,检查机械手轨迹并更换 pad,29,14,13.0,-2.0,PASS,pass
LOT-A,改善前,W05,28nm MCU,CMP-03,-,CMP,scratch_diagonal,对角线刮伤，怀疑机械手搬运路径与 pad condition 异常,检查机械手轨迹并更换 pad,30,14,14.0,-2.0,PASS,pass
LOT-A,改善前,W05,28nm MCU,CMP-03,-,CMP,scratch_diagonal,对角线刮伤，怀疑机械手搬运路径与 pad condition 异常,检查机械手轨迹并更换 pad,2,15,-14.0,-1.0,PASS,pass
LOT-A,改善前,W05,28nm MCU,CMP-03,-,CMP,scratch_diagonal,对角线刮伤，怀疑机械手搬运路径与 pad condition 异常,检查机械手轨迹并更换 pad,3,15,-13.0,-1.0,PASS,pass
LOT-A,改善前,W05,28nm MCU,CMP-03,-,CMP,scratch_diagonal,对角线刮伤，怀疑机械手搬运路径与 pad condition 异常,检查机械手轨迹并更换 pad,4,15,-12.0,-1.0,PASS,pass
LOT-A,改善前,W05,28nm MCU,CMP-03,-,CMP,scratch_diagonal,对角线刮伤，怀疑机械手搬运路径与 pad condition 异常,检查机械手轨迹并更换 pad,5,15,-11.0,-1.0,PASS,pass
LOT-A,改善前,W05,28nm MCU,CMP-03,-,CMP,scratch_diagonal,对角线刮伤，怀疑机械手搬运路径与 pad condition 异常,检查机械手轨迹并更换 pad,6,15,-10.0,-1.0,PASS,pass
LOT-A,改善前,W05,28nm MCU,CMP-03,-,CMP,scratch_diagonal,对角线刮伤，怀疑机械手搬运路径与 pad condition 异常,检查机械手轨迹并更换 pad,7,15,-9.0,-1.0,PASS,pass
LOT-A,改善前,W05,28nm MCU,CMP-03,-,CMP,scratch_diagonal,对角线刮伤，怀疑机械手搬运路径与 pad condition 异常,检查机械手轨迹并更换 pad,8,15,-8.0,-1.0,PASS,pass
LOT-A,改善前,W05,28nm MCU,CMP-03,-,CMP,scratch_diagonal,对角线刮伤，怀疑机械手搬运路径与 pad condition 异常,检查机械手轨迹并更换 pad,9,15,-7.0,-1.0,PASS,pass
LOT-A,改善前,W05,28nm MCU,CMP-03,-,CMP,scratch_diagonal,对角线刮伤，怀疑机械手搬运路径与 pad condition 异常,检查机械手轨迹并更换 pad,10,15,-6.0,-1.0,PASS,pass
LOT-A,改善前,W05,28nm MCU,CMP-03,-,CMP,scratch_diagonal,对角线刮伤，怀疑机械手搬运路径与 pad condition 异常,检查机械手轨迹并更换 pad,11,15,-5.0,-1.0,PASS,pass
LOT-A,改善前,W05,28nm MCU,CMP-03,-,CMP,scratch_diagonal,对角线刮伤，怀疑机械手搬运路径与 pad condition 异常,检查机械手轨迹并更换 pad,12,15,-4.0,-1.0,FAIL,scratch_diagonal
LOT-A,改善前,W05,28nm MCU,CMP-03,-,CMP,scratch_diagonal,对角线刮伤，怀疑机械手搬运路径与 pad condition 异常,检查机械手轨迹并更换 pad,13,15,-3.0,-1.0,FAIL,scratch_diagonal
LOT-A,改善前,W05,28nm MCU,CMP-03,-,CMP,scratch_diagonal,对角线刮伤，怀疑机械手搬运路径与 pad condition 异常,检查机械手轨迹并更换 pad,14,15,-2.0,-1.0,FAIL,scratch_diagonal
LOT-A,改善前,W05,28nm MCU,CMP-03,-,CMP,scratch_diagonal,对角线刮伤，怀疑机械手搬运路径与 pad condition 异常,检查机械手轨迹并更换 pad,15,15,-1.0,-1.0,FAIL,scratch_diagonal
LOT-A,改善前,W05,28nm MCU,CMP-03,-,CMP,scratch_diagonal,对角线刮伤，怀疑机械手搬运路径与 pad condition 异常,检查机械手轨迹并更换 pad,16,15,0.0,-1.0,PASS,pass
LOT-A,改善前,W05,28nm MCU,CMP-03,-,CMP,scratch_diagonal,对角线刮伤，怀疑机械手搬运路径与 pad condition 异常,检查机械手轨迹并更换 pad,17,15,1.0,-1.0,PASS,pass
LOT-A,改善前,W05,28nm MCU,CMP-03,-,CMP,scratch_diagonal,对角线刮伤，怀疑机械手搬运路径与 pad condition 异常,检查机械手轨迹并更换 pad,18,15,2.0,-1.0,PASS,pass
LOT-A,改善前,W05,28nm MCU,CMP-03,-,CMP,scratch_diagonal,对角线刮伤，怀疑机械手搬运路径与 pad condition 异常,检查机械手轨迹并更换 pad,19,15,3.0,-1.0,PASS,pass
LOT-A,改善前,W05,28nm MCU,CMP-03,-,CMP,scratch_diagonal,对角线刮伤，怀疑机械手搬运路径与 pad condition 异常,检查机械手轨迹并更换 pad,20,15,4.0,-1.0,PASS,pass
LOT-A,改善前,W05,28nm MCU,CMP-03,-,CMP,scratch_diagonal,对角线刮伤，怀疑机械手搬运路径与 pad condition 异常,检查机械手轨迹并更换 pad,21,15,5.0,-1.0,PASS,pass
LOT-A,改善前,W05,28nm MCU,CMP-03,-,CMP,scratch_diagonal,对角线刮伤，怀疑机械手搬运路径与 pad condition 异常,检查机械手轨迹并更换 pad,22,15,6.0,-1.0,PASS,pass
LOT-A,改善前,W05,28nm MCU,CMP-03,-,CMP,scratch_diagonal,对角线刮伤，怀疑机械手搬运路径与 pad condition 异常,检查机械手轨迹并更换 pad,23,15,7.0,-1.0,PASS,pass
LOT-A,改善前,W05,28nm MCU,CMP-03,-,CMP,scratch_diagonal,对角线刮伤，怀疑机械手搬运路径与 pad condition 异常,检查机械手轨迹并更换 pad,24,15,8.0,-1.0,PASS,pass
LOT-A,改善前,W05,28nm MCU,CMP-03,-,CMP,scratch_diagonal,对角线刮伤，怀疑机械手搬运路径与 pad condition 异常,检查机械手轨迹并更换 pad,25,15,9.0,-1.0,PASS,pass
LOT-A,改善前,W05,28nm MCU,CMP-03,-,CMP,scratch_diagonal,对角线刮伤，怀疑机械手搬运路径与 pad condition 异常,检查机械手轨迹并更换 pad,26,15,10.0,-1.0,PASS,pass
LOT-A,改善前,W05,28nm MCU,CMP-03,-,CMP,scratch_diagonal,对角线刮伤，怀疑机械手搬运路径与 pad condition 异常,检查机械手轨迹并更换 pad,27,15,11.0,-1.0,PASS,pass
LOT-A,改善前,W05,28nm MCU,CMP-03,-,CMP,scratch_diagonal,对角线刮伤，怀疑机械手搬运路径与 pad condition 异常,检查机械手轨迹并更换 pad,28,15,12.0,-1.0,PASS,pass
LOT-A,改善前,W05,28nm MCU,CMP-03,-,CMP,scratch_diagonal,对角线刮伤，怀疑机械手搬运路径与 pad condition 异常,检查机械手轨迹并更换 pad,29,15,13.0,-1.0,PASS,pass
LOT-A,改善前,W05,28nm MCU,CMP-03,-,CMP,scratch_diagonal,对角线刮伤，怀疑机械手搬运路径与 pad condition 异常,检查机械手轨迹并更换 pad,30,15,14.0,-1.0,PASS,pass
LOT-A,改善前,W05,28nm MCU,CMP-03,-,CMP,scratch_diagonal,对角线刮伤，怀疑机械手搬运路径与 pad condition 异常,检查机械手轨迹并更换 pad,2,16,-14.0,0.0,PASS,pass
LOT-A,改善前,W05,28nm MCU,CMP-03,-,CMP,scratch_diagonal,对角线刮伤，怀疑机械手搬运路径与 pad condition 异常,检查机械手轨迹并更换 pad,3,16,-13.0,0.0,PASS,pass
LOT-A,改善前,W05,28nm MCU,CMP-03,-,CMP,scratch_diagonal,对角线刮伤，怀疑机械手搬运路径与 pad condition 异常,检查机械手轨迹并更换 pad,4,16,-12.0,0.0,PASS,pass
LOT-A,改善前,W05,28nm MCU,CMP-03,-,CMP,scratch_diagonal,对角线刮伤，怀疑机械手搬运路径与 pad condition 异常,检查机械手轨迹并更换 pad,5,16,-11.0,0.0,PASS,pass
LOT-A,改善前,W05,28nm MCU,CMP-03,-,CMP,scratch_diagonal,对角线刮伤，怀疑机械手搬运路径与 pad condition 异常,检查机械手轨迹并更换 pad,6,16,-10.0,0.0,PASS,pass
LOT-A,改善前,W05,28nm MCU,CMP-03,-,CMP,scratch_diagonal,对角线刮伤，怀疑机械手搬运路径与 pad condition 异常,检查机械手轨迹并更换 pad,7,16,-9.0,0.0,PASS,pass
LOT-A,改善前,W05,28nm MCU,CMP-03,-,CMP,scratch_diagonal,对角线刮伤，怀疑机械手搬运路径与 pad condition 异常,检查机械手轨迹并更换 pad,8,16,-8.0,0.0,PASS,pass
LOT-A,改善前,W05,28nm MCU,CMP-03,-,CMP,scratch_diagonal,对角线刮伤，怀疑机械手搬运路径与 pad condition 异常,检查机械手轨迹并更换 pad,9,16,-7.0,0.0,PASS,pass
LOT-A,改善前,W05,28nm MCU,CMP-03,-,CMP,scratch_diagonal,对角线刮伤，怀疑机械手搬运路径与 pad condition 异常,检查机械手轨迹并更换 pad,10,16,-6.0,0.0,PASS,pass
LOT-A,改善前,W05,28nm MCU,CMP-03,-,CMP,scratch_diagonal,对角线刮伤，怀疑机械手搬运路径与 pad condition 异常,检查机械手轨迹并更换 pad,11,16,-5.0,0.0,PASS,pass
LOT-A,改善前,W05,28nm MCU,CMP-03,-,CMP,scratch_diagonal,对角线刮伤，怀疑机械手搬运路径与 pad condition 异常,检查机械手轨迹并更换 pad,12,16,-4.0,0.0,FAIL,scratch_diagonal
LOT-A,改善前,W05,28nm MCU,CMP-03,-,CMP,scratch_diagonal,对角线刮伤，怀疑机械手搬运路径与 pad condition 异常,检查机械手轨迹并更换 pad,13,16,-3.0,0.0,FAIL,scratch_diagonal
LOT-A,改善前,W05,28nm MCU,CMP-03,-,CMP,scratch_diagonal,对角线刮伤，怀疑机械手搬运路径与 pad condition 异常,检查机械手轨迹并更换 pad,14,16,-2.0,0.0,FAIL,scratch_diagonal
LOT-A,改善前,W05,28nm MCU,CMP-03,-,CMP,scratch_diagonal,对角线刮伤，怀疑机械手搬运路径与 pad condition 异常,检查机械手轨迹并更换 pad,15,16,-1.0,0.0,FAIL,scratch_diagonal
LOT-A,改善前,W05,28nm MCU,CMP-03,-,CMP,scratch_diagonal,对角线刮伤，怀疑机械手搬运路径与 pad condition 异常,检查机械手轨迹并更换 pad,16,16,0.0,0.0,PASS,pass
LOT-A,改善前,W05,28nm MCU,CMP-03,-,CMP,scratch_diagonal,对角线刮伤，怀疑机械手搬运路径与 pad condition 异常,检查机械手轨迹并更换 pad,17,16,1.0,0.0,PASS,pass
LOT-A,改善前,W05,28nm MCU,CMP-03,-,CMP,scratch_diagonal,对角线刮伤，怀疑机械手搬运路径与 pad condition 异常,检查机械手轨迹并更换 pad,18,16,2.0,0.0,PASS,pass
LOT-A,改善前,W05,28nm MCU,CMP-03,-,CMP,scratch_diagonal,对角线刮伤，怀疑机械手搬运路径与 pad condition 异常,检查机械手轨迹并更换 pad,19,16,3.0,0.0,PASS,pass
LOT-A,改善前,W05,28nm MCU,CMP-03,-,CMP,scratch_diagonal,对角线刮伤，怀疑机械手搬运路径与 pad condition 异常,检查机械手轨迹并更换 pad,20,16,4.0,0.0,PASS,pass
LOT-A,改善前,W05,28nm MCU,CMP-03,-,CMP,scratch_diagonal,对角线刮伤，怀疑机械手搬运路径与 pad condition 异常,检查机械手轨迹并更换 pad,21,16,5.0,0.0,PASS,pass
LOT-A,改善前,W05,28nm MCU,CMP-03,-,CMP,scratch_diagonal,对角线刮伤，怀疑机械手搬运路径与 pad condition 异常,检查机械手轨迹并更换 pad,22,16,6.0,0.0,PASS,pass
LOT-A,改善前,W05,28nm MCU,CMP-03,-,CMP,scratch_diagonal,对角线刮伤，怀疑机械手搬运路径与 pad condition 异常,检查机械手轨迹并更换 pad,23,16,7.0,0.0,PASS,pass
LOT-A,改善前,W05,28nm MCU,CMP-03,-,CMP,scratch_diagonal,对角线刮伤，怀疑机械手搬运路径与 pad condition 异常,检查机械手轨迹并更换 pad,24,16,8.0,0.0,PASS,pass
LOT-A,改善前,W05,28nm MCU,CMP-03,-,CMP,scratch_diagonal,对角线刮伤，怀疑机械手搬运路径与 pad condition 异常,检查机械手轨迹并更换 pad,25,16,9.0,0.0,PASS,pass
LOT-A,改善前,W05,28nm MCU,CMP-03,-,CMP,scratch_diagonal,对角线刮伤，怀疑机械手搬运路径与 pad condition 异常,检查机械手轨迹并更换 pad,26,16,10.0,0.0,PASS,pass
LOT-A,改善前,W05,28nm MCU,CMP-03,-,CMP,scratch_diagonal,对角线刮伤，怀疑机械手搬运路径与 pad condition 异常,检查机械手轨迹并更换 pad,27,16,11.0,0.0,PASS,pass
LOT-A,改善前,W05,28nm MCU,CMP-03,-,CMP,scratch_diagonal,对角线刮伤，怀疑机械手搬运路径与 pad condition 异常,检查机械手轨迹并更换 pad,28,16,12.0,0.0,PASS,pass
LOT-A,改善前,W05,28nm MCU,CMP-03,-,CMP,scratch_diagonal,对角线刮伤，怀疑机械手搬运路径与 pad condition 异常,检查机械手轨迹并更换 pad,29,16,13.0,0.0,PASS,pass
LOT-A,改善前,W05,28nm MCU,CMP-03,-,CMP,scratch_diagonal,对角线刮伤，怀疑机械手搬运路径与 pad condition 异常,检查机械手轨迹并更换 pad,30,16,14.0,0.0,PASS,pass
LOT-A,改善前,W05,28nm MCU,CMP-03,-,CMP,scratch_diagonal,对角线刮伤，怀疑机械手搬运路径与 pad condition 异常,检查机械手轨迹并更换 pad,2,17,-14.0,1.0,PASS,pass
LOT-A,改善前,W05,28nm MCU,CMP-03,-,CMP,scratch_diagonal,对角线刮伤，怀疑机械手搬运路径与 pad condition 异常,检查机械手轨迹并更换 pad,3,17,-13.0,1.0,PASS,pass
LOT-A,改善前,W05,28nm MCU,CMP-03,-,CMP,scratch_diagonal,对角线刮伤，怀疑机械手搬运路径与 pad condition 异常,检查机械手轨迹并更换 pad,4,17,-12.0,1.0,PASS,pass
LOT-A,改善前,W05,28nm MCU,CMP-03,-,CMP,scratch_diagonal,对角线刮伤，怀疑机械手搬运路径与 pad condition 异常,检查机械手轨迹并更换 pad,5,17,-11.0,1.0,PASS,pass
LOT-A,改善前,W05,28nm MCU,CMP-03,-,CMP,scratch_diagonal,对角线刮伤，怀疑机械手搬运路径与 pad condition 异常,检查机械手轨迹并更换 pad,6,17,-10.0,1.0,PASS,pass
LOT-A,改善前,W05,28nm MCU,CMP-03,-,CMP,scratch_diagonal,对角线刮伤，怀疑机械手搬运路径与 pad condition 异常,检查机械手轨迹并更换 pad,7,17,-9.0,1.0,PASS,pass
LOT-A,改善前,W05,28nm MCU,CMP-03,-,CMP,scratch_diagonal,对角线刮伤，怀疑机械手搬运路径与 pad condition 异常,检查机械手轨迹并更换 pad,8,17,-8.0,1.0,PASS,pass
LOT-A,改善前,W05,28nm MCU,CMP-03,-,CMP,scratch_diagonal,对角线刮伤，怀疑机械手搬运路径与 pad condition 异常,检查机械手轨迹并更换 pad,9,17,-7.0,1.0,PASS,pass
LOT-A,改善前,W05,28nm MCU,CMP-03,-,CMP,scratch_diagonal,对角线刮伤，怀疑机械手搬运路径与 pad condition 异常,检查机械手轨迹并更换 pad,10,17,-6.0,1.0,PASS,pass
LOT-A,改善前,W05,28nm MCU,CMP-03,-,CMP,scratch_diagonal,对角线刮伤，怀疑机械手搬运路径与 pad condition 异常,检查机械手轨迹并更换 pad,11,17,-5.0,1.0,PASS,pass
LOT-A,改善前,W05,28nm MCU,CMP-03,-,CMP,scratch_diagonal,对角线刮伤，怀疑机械手搬运路径与 pad condition 异常,检查机械手轨迹并更换 pad,12,17,-4.0,1.0,PASS,pass
LOT-A,改善前,W05,28nm MCU,CMP-03,-,CMP,scratch_diagonal,对角线刮伤，怀疑机械手搬运路径与 pad condition 异常,检查机械手轨迹并更换 pad,13,17,-3.0,1.0,PASS,pass
LOT-A,改善前,W05,28nm MCU,CMP-03,-,CMP,scratch_diagonal,对角线刮伤，怀疑机械手搬运路径与 pad condition 异常,检查机械手轨迹并更换 pad,14,17,-2.0,1.0,FAIL,scratch_diagonal
LOT-A,改善前,W05,28nm MCU,CMP-03,-,CMP,scratch_diagonal,对角线刮伤，怀疑机械手搬运路径与 pad condition 异常,检查机械手轨迹并更换 pad,15,17,-1.0,1.0,FAIL,scratch_diagonal
LOT-A,改善前,W05,28nm MCU,CMP-03,-,CMP,scratch_diagonal,对角线刮伤，怀疑机械手搬运路径与 pad condition 异常,检查机械手轨迹并更换 pad,16,17,0.0,1.0,FAIL,scratch_diagonal
LOT-A,改善前,W05,28nm MCU,CMP-03,-,CMP,scratch_diagonal,对角线刮伤，怀疑机械手搬运路径与 pad condition 异常,检查机械手轨迹并更换 pad,17,17,1.0,1.0,PASS,pass
LOT-A,改善前,W05,28nm MCU,CMP-03,-,CMP,scratch_diagonal,对角线刮伤，怀疑机械手搬运路径与 pad condition 异常,检查机械手轨迹并更换 pad,18,17,2.0,1.0,PASS,pass
LOT-A,改善前,W05,28nm MCU,CMP-03,-,CMP,scratch_diagonal,对角线刮伤，怀疑机械手搬运路径与 pad condition 异常,检查机械手轨迹并更换 pad,19,17,3.0,1.0,PASS,pass
LOT-A,改善前,W05,28nm MCU,CMP-03,-,CMP,scratch_diagonal,对角线刮伤，怀疑机械手搬运路径与 pad condition 异常,检查机械手轨迹并更换 pad,20,17,4.0,1.0,PASS,pass
LOT-A,改善前,W05,28nm MCU,CMP-03,-,CMP,scratch_diagonal,对角线刮伤，怀疑机械手搬运路径与 pad condition 异常,检查机械手轨迹并更换 pad,21,17,5.0,1.0,PASS,pass
LOT-A,改善前,W05,28nm MCU,CMP-03,-,CMP,scratch_diagonal,对角线刮伤，怀疑机械手搬运路径与 pad condition 异常,检查机械手轨迹并更换 pad,22,17,6.0,1.0,PASS,pass
LOT-A,改善前,W05,28nm MCU,CMP-03,-,CMP,scratch_diagonal,对角线刮伤，怀疑机械手搬运路径与 pad condition 异常,检查机械手轨迹并更换 pad,23,17,7.0,1.0,PASS,pass
LOT-A,改善前,W05,28nm MCU,CMP-03,-,CMP,scratch_diagonal,对角线刮伤，怀疑机械手搬运路径与 pad condition 异常,检查机械手轨迹并更换 pad,24,17,8.0,1.0,PASS,pass
LOT-A,改善前,W05,28nm MCU,CMP-03,-,CMP,scratch_diagonal,对角线刮伤，怀疑机械手搬运路径与 pad condition 异常,检查机械手轨迹并更换 pad,25,17,9.0,1.0,PASS,pass
LOT-A,改善前,W05,28nm MCU,CMP-03,-,CMP,scratch_diagonal,对角线刮伤，怀疑机械手搬运路径与 pad condition 异常,检查机械手轨迹并更换 pad,26,17,10.0,1.0,PASS,pass
LOT-A,改善前,W05,28nm MCU,CMP-03,-,CMP,scratch_diagonal,对角线刮伤，怀疑机械手搬运路径与 pad condition 异常,检查机械手轨迹并更换 pad,27,17,11.0,1.0,PASS,pass
LOT-A,改善前,W05,28nm MCU,CMP-03,-,CMP,scratch_diagonal,对角线刮伤，怀疑机械手搬运路径与 pad condition 异常,检查机械手轨迹并更换 pad,28,17,12.0,1.0,PASS,pass
LOT-A,改善前,W05,28nm MCU,CMP-03,-,CMP,scratch_diagonal,对角线刮伤，怀疑机械手搬运路径与 pad condition 异常,检查机械手轨迹并更换 pad,29,17,13.0,1.0,PASS,pass
LOT-A,改善前,W05,28nm MCU,CMP-03,-,CMP,scratch_diagonal,对角线刮伤，怀疑机械手搬运路径与 pad condition 异常,检查机械手轨迹并更换 pad,30,17,14.0,1.0,PASS,pass
LOT-A,改善前,W05,28nm MCU,CMP-03,-,CMP,scratch_diagonal,对角线刮伤，怀疑机械手搬运路径与 pad condition 异常,检查机械手轨迹并更换 pad,2,18,-14.0,2.0,PASS,pass
LOT-A,改善前,W05,28nm MCU,CMP-03,-,CMP,scratch_diagonal,对角线刮伤，怀疑机械手搬运路径与 pad condition 异常,检查机械手轨迹并更换 pad,3,18,-13.0,2.0,PASS,pass
LOT-A,改善前,W05,28nm MCU,CMP-03,-,CMP,scratch_diagonal,对角线刮伤，怀疑机械手搬运路径与 pad condition 异常,检查机械手轨迹并更换 pad,4,18,-12.0,2.0,PASS,pass
LOT-A,改善前,W05,28nm MCU,CMP-03,-,CMP,scratch_diagonal,对角线刮伤，怀疑机械手搬运路径与 pad condition 异常,检查机械手轨迹并更换 pad,5,18,-11.0,2.0,PASS,pass
LOT-A,改善前,W05,28nm MCU,CMP-03,-,CMP,scratch_diagonal,对角线刮伤，怀疑机械手搬运路径与 pad condition 异常,检查机械手轨迹并更换 pad,6,18,-10.0,2.0,PASS,pass
LOT-A,改善前,W05,28nm MCU,CMP-03,-,CMP,scratch_diagonal,对角线刮伤，怀疑机械手搬运路径与 pad condition 异常,检查机械手轨迹并更换 pad,7,18,-9.0,2.0,PASS,pass
LOT-A,改善前,W05,28nm MCU,CMP-03,-,CMP,scratch_diagonal,对角线刮伤，怀疑机械手搬运路径与 pad condition 异常,检查机械手轨迹并更换 pad,8,18,-8.0,2.0,PASS,pass
LOT-A,改善前,W05,28nm MCU,CMP-03,-,CMP,scratch_diagonal,对角线刮伤，怀疑机械手搬运路径与 pad condition 异常,检查机械手轨迹并更换 pad,9,18,-7.0,2.0,PASS,pass
LOT-A,改善前,W05,28nm MCU,CMP-03,-,CMP,scratch_diagonal,对角线刮伤，怀疑机械手搬运路径与 pad condition 异常,检查机械手轨迹并更换 pad,10,18,-6.0,2.0,PASS,pass
LOT-A,改善前,W05,28nm MCU,CMP-03,-,CMP,scratch_diagonal,对角线刮伤，怀疑机械手搬运路径与 pad condition 异常,检查机械手轨迹并更换 pad,11,18,-5.0,2.0,PASS,pass
LOT-A,改善前,W05,28nm MCU,CMP-03,-,CMP,scratch_diagonal,对角线刮伤，怀疑机械手搬运路径与 pad condition 异常,检查机械手轨迹并更换 pad,12,18,-4.0,2.0,PASS,pass
LOT-A,改善前,W05,28nm MCU,CMP-03,-,CMP,scratch_diagonal,对角线刮伤，怀疑机械手搬运路径与 pad condition 异常,检查机械手轨迹并更换 pad,13,18,-3.0,2.0,FAIL,random
LOT-A,改善前,W05,28nm MCU,CMP-03,-,CMP,scratch_diagonal,对角线刮伤，怀疑机械手搬运路径与 pad condition 异常,检查机械手轨迹并更换 pad,14,18,-2.0,2.0,PASS,pass
LOT-A,改善前,W05,28nm MCU,CMP-03,-,CMP,scratch_diagonal,对角线刮伤，怀疑机械手搬运路径与 pad condition 异常,检查机械手轨迹并更换 pad,15,18,-1.0,2.0,PASS,pass
LOT-A,改善前,W05,28nm MCU,CMP-03,-,CMP,scratch_diagonal,对角线刮伤，怀疑机械手搬运路径与 pad condition 异常,检查机械手轨迹并更换 pad,16,18,0.0,2.0,FAIL,scratch_diagonal
LOT-A,改善前,W05,28nm MCU,CMP-03,-,CMP,scratch_diagonal,对角线刮伤，怀疑机械手搬运路径与 pad condition 异常,检查机械手轨迹并更换 pad,17,18,1.0,2.0,FAIL,scratch_diagonal
LOT-A,改善前,W05,28nm MCU,CMP-03,-,CMP,scratch_diagonal,对角线刮伤，怀疑机械手搬运路径与 pad condition 异常,检查机械手轨迹并更换 pad,18,18,2.0,2.0,PASS,pass
LOT-A,改善前,W05,28nm MCU,CMP-03,-,CMP,scratch_diagonal,对角线刮伤，怀疑机械手搬运路径与 pad condition 异常,检查机械手轨迹并更换 pad,19,18,3.0,2.0,FAIL,scratch_diagonal
LOT-A,改善前,W05,28nm MCU,CMP-03,-,CMP,scratch_diagonal,对角线刮伤，怀疑机械手搬运路径与 pad condition 异常,检查机械手轨迹并更换 pad,20,18,4.0,2.0,PASS,pass
LOT-A,改善前,W05,28nm MCU,CMP-03,-,CMP,scratch_diagonal,对角线刮伤，怀疑机械手搬运路径与 pad condition 异常,检查机械手轨迹并更换 pad,21,18,5.0,2.0,PASS,pass
LOT-A,改善前,W05,28nm MCU,CMP-03,-,CMP,scratch_diagonal,对角线刮伤，怀疑机械手搬运路径与 pad condition 异常,检查机械手轨迹并更换 pad,22,18,6.0,2.0,PASS,pass
LOT-A,改善前,W05,28nm MCU,CMP-03,-,CMP,scratch_diagonal,对角线刮伤，怀疑机械手搬运路径与 pad condition 异常,检查机械手轨迹并更换 pad,23,18,7.0,2.0,PASS,pass
LOT-A,改善前,W05,28nm MCU,CMP-03,-,CMP,scratch_diagonal,对角线刮伤，怀疑机械手搬运路径与 pad condition 异常,检查机械手轨迹并更换 pad,24,18,8.0,2.0,PASS,pass
LOT-A,改善前,W05,28nm MCU,CMP-03,-,CMP,scratch_diagonal,对角线刮伤，怀疑机械手搬运路径与 pad condition 异常,检查机械手轨迹并更换 pad,25,18,9.0,2.0,PASS,pass
LOT-A,改善前,W05,28nm MCU,CMP-03,-,CMP,scratch_diagonal,对角线刮伤，怀疑机械手搬运路径与 pad condition 异常,检查机械手轨迹并更换 pad,26,18,10.0,2.0,PASS,pass
LOT-A,改善前,W05,28nm MCU,CMP-03,-,CMP,scratch_diagonal,对角线刮伤，怀疑机械手搬运路径与 pad condition 异常,检查机械手轨迹并更换 pad,27,18,11.0,2.0,PASS,pass
LOT-A,改善前,W05,28nm MCU,CMP-03,-,CMP,scratch_diagonal,对角线刮伤，怀疑机械手搬运路径与 pad condition 异常,检查机械手轨迹并更换 pad,28,18,12.0,2.0,PASS,pass
LOT-A,改善前,W05,28nm MCU,CMP-03,-,CMP,scratch_diagonal,对角线刮伤，怀疑机械手搬运路径与 pad condition 异常,检查机械手轨迹并更换 pad,29,18,13.0,2.0,PASS,pass
LOT-A,改善前,W05,28nm MCU,CMP-03,-,CMP,scratch_diagonal,对角线刮伤，怀疑机械手搬运路径与 pad condition 异常,检查机械手轨迹并更换 pad,30,18,14.0,2.0,PASS,pass
LOT-A,改善前,W05,28nm MCU,CMP-03,-,CMP,scratch_diagonal,对角线刮伤，怀疑机械手搬运路径与 pad condition 异常,检查机械手轨迹并更换 pad,2,19,-14.0,3.0,PASS,pass
LOT-A,改善前,W05,28nm MCU,CMP-03,-,CMP,scratch_diagonal,对角线刮伤，怀疑机械手搬运路径与 pad condition 异常,检查机械手轨迹并更换 pad,3,19,-13.0,3.0,PASS,pass
LOT-A,改善前,W05,28nm MCU,CMP-03,-,CMP,scratch_diagonal,对角线刮伤，怀疑机械手搬运路径与 pad condition 异常,检查机械手轨迹并更换 pad,4,19,-12.0,3.0,PASS,pass
LOT-A,改善前,W05,28nm MCU,CMP-03,-,CMP,scratch_diagonal,对角线刮伤，怀疑机械手搬运路径与 pad condition 异常,检查机械手轨迹并更换 pad,5,19,-11.0,3.0,PASS,pass
LOT-A,改善前,W05,28nm MCU,CMP-03,-,CMP,scratch_diagonal,对角线刮伤，怀疑机械手搬运路径与 pad condition 异常,检查机械手轨迹并更换 pad,6,19,-10.0,3.0,PASS,pass
LOT-A,改善前,W05,28nm MCU,CMP-03,-,CMP,scratch_diagonal,对角线刮伤，怀疑机械手搬运路径与 pad condition 异常,检查机械手轨迹并更换 pad,7,19,-9.0,3.0,PASS,pass
LOT-A,改善前,W05,28nm MCU,CMP-03,-,CMP,scratch_diagonal,对角线刮伤，怀疑机械手搬运路径与 pad condition 异常,检查机械手轨迹并更换 pad,8,19,-8.0,3.0,PASS,pass
LOT-A,改善前,W05,28nm MCU,CMP-03,-,CMP,scratch_diagonal,对角线刮伤，怀疑机械手搬运路径与 pad condition 异常,检查机械手轨迹并更换 pad,9,19,-7.0,3.0,PASS,pass
LOT-A,改善前,W05,28nm MCU,CMP-03,-,CMP,scratch_diagonal,对角线刮伤，怀疑机械手搬运路径与 pad condition 异常,检查机械手轨迹并更换 pad,10,19,-6.0,3.0,PASS,pass
LOT-A,改善前,W05,28nm MCU,CMP-03,-,CMP,scratch_diagonal,对角线刮伤，怀疑机械手搬运路径与 pad condition 异常,检查机械手轨迹并更换 pad,11,19,-5.0,3.0,PASS,pass
LOT-A,改善前,W05,28nm MCU,CMP-03,-,CMP,scratch_diagonal,对角线刮伤，怀疑机械手搬运路径与 pad condition 异常,检查机械手轨迹并更换 pad,12,19,-4.0,3.0,PASS,pass
LOT-A,改善前,W05,28nm MCU,CMP-03,-,CMP,scratch_diagonal,对角线刮伤，怀疑机械手搬运路径与 pad condition 异常,检查机械手轨迹并更换 pad,13,19,-3.0,3.0,PASS,pass
LOT-A,改善前,W05,28nm MCU,CMP-03,-,CMP,scratch_diagonal,对角线刮伤，怀疑机械手搬运路径与 pad condition 异常,检查机械手轨迹并更换 pad,14,19,-2.0,3.0,PASS,pass
LOT-A,改善前,W05,28nm MCU,CMP-03,-,CMP,scratch_diagonal,对角线刮伤，怀疑机械手搬运路径与 pad condition 异常,检查机械手轨迹并更换 pad,15,19,-1.0,3.0,PASS,pass
LOT-A,改善前,W05,28nm MCU,CMP-03,-,CMP,scratch_diagonal,对角线刮伤，怀疑机械手搬运路径与 pad condition 异常,检查机械手轨迹并更换 pad,16,19,0.0,3.0,FAIL,scratch_diagonal
LOT-A,改善前,W05,28nm MCU,CMP-03,-,CMP,scratch_diagonal,对角线刮伤，怀疑机械手搬运路径与 pad condition 异常,检查机械手轨迹并更换 pad,17,19,1.0,3.0,FAIL,scratch_diagonal
LOT-A,改善前,W05,28nm MCU,CMP-03,-,CMP,scratch_diagonal,对角线刮伤，怀疑机械手搬运路径与 pad condition 异常,检查机械手轨迹并更换 pad,18,19,2.0,3.0,FAIL,scratch_diagonal
LOT-A,改善前,W05,28nm MCU,CMP-03,-,CMP,scratch_diagonal,对角线刮伤，怀疑机械手搬运路径与 pad condition 异常,检查机械手轨迹并更换 pad,19,19,3.0,3.0,FAIL,scratch_diagonal
LOT-A,改善前,W05,28nm MCU,CMP-03,-,CMP,scratch_diagonal,对角线刮伤，怀疑机械手搬运路径与 pad condition 异常,检查机械手轨迹并更换 pad,20,19,4.0,3.0,FAIL,scratch_diagonal
LOT-A,改善前,W05,28nm MCU,CMP-03,-,CMP,scratch_diagonal,对角线刮伤，怀疑机械手搬运路径与 pad condition 异常,检查机械手轨迹并更换 pad,21,19,5.0,3.0,PASS,pass
LOT-A,改善前,W05,28nm MCU,CMP-03,-,CMP,scratch_diagonal,对角线刮伤，怀疑机械手搬运路径与 pad condition 异常,检查机械手轨迹并更换 pad,22,19,6.0,3.0,PASS,pass
LOT-A,改善前,W05,28nm MCU,CMP-03,-,CMP,scratch_diagonal,对角线刮伤，怀疑机械手搬运路径与 pad condition 异常,检查机械手轨迹并更换 pad,23,19,7.0,3.0,PASS,pass
LOT-A,改善前,W05,28nm MCU,CMP-03,-,CMP,scratch_diagonal,对角线刮伤，怀疑机械手搬运路径与 pad condition 异常,检查机械手轨迹并更换 pad,24,19,8.0,3.0,PASS,pass
LOT-A,改善前,W05,28nm MCU,CMP-03,-,CMP,scratch_diagonal,对角线刮伤，怀疑机械手搬运路径与 pad condition 异常,检查机械手轨迹并更换 pad,25,19,9.0,3.0,PASS,pass
LOT-A,改善前,W05,28nm MCU,CMP-03,-,CMP,scratch_diagonal,对角线刮伤，怀疑机械手搬运路径与 pad condition 异常,检查机械手轨迹并更换 pad,26,19,10.0,3.0,PASS,pass
LOT-A,改善前,W05,28nm MCU,CMP-03,-,CMP,scratch_diagonal,对角线刮伤，怀疑机械手搬运路径与 pad condition 异常,检查机械手轨迹并更换 pad,27,19,11.0,3.0,PASS,pass
LOT-A,改善前,W05,28nm MCU,CMP-03,-,CMP,scratch_diagonal,对角线刮伤，怀疑机械手搬运路径与 pad condition 异常,检查机械手轨迹并更换 pad,28,19,12.0,3.0,PASS,pass
LOT-A,改善前,W05,28nm MCU,CMP-03,-,CMP,scratch_diagonal,对角线刮伤，怀疑机械手搬运路径与 pad condition 异常,检查机械手轨迹并更换 pad,29,19,13.0,3.0,PASS,pass
LOT-A,改善前,W05,28nm MCU,CMP-03,-,CMP,scratch_diagonal,对角线刮伤，怀疑机械手搬运路径与 pad condition 异常,检查机械手轨迹并更换 pad,30,19,14.0,3.0,PASS,pass
LOT-A,改善前,W05,28nm MCU,CMP-03,-,CMP,scratch_diagonal,对角线刮伤，怀疑机械手搬运路径与 pad condition 异常,检查机械手轨迹并更换 pad,2,20,-14.0,4.0,PASS,pass
LOT-A,改善前,W05,28nm MCU,CMP-03,-,CMP,scratch_diagonal,对角线刮伤，怀疑机械手搬运路径与 pad condition 异常,检查机械手轨迹并更换 pad,3,20,-13.0,4.0,PASS,pass
LOT-A,改善前,W05,28nm MCU,CMP-03,-,CMP,scratch_diagonal,对角线刮伤，怀疑机械手搬运路径与 pad condition 异常,检查机械手轨迹并更换 pad,4,20,-12.0,4.0,PASS,pass
LOT-A,改善前,W05,28nm MCU,CMP-03,-,CMP,scratch_diagonal,对角线刮伤，怀疑机械手搬运路径与 pad condition 异常,检查机械手轨迹并更换 pad,5,20,-11.0,4.0,PASS,pass
LOT-A,改善前,W05,28nm MCU,CMP-03,-,CMP,scratch_diagonal,对角线刮伤，怀疑机械手搬运路径与 pad condition 异常,检查机械手轨迹并更换 pad,6,20,-10.0,4.0,PASS,pass
LOT-A,改善前,W05,28nm MCU,CMP-03,-,CMP,scratch_diagonal,对角线刮伤，怀疑机械手搬运路径与 pad condition 异常,检查机械手轨迹并更换 pad,7,20,-9.0,4.0,PASS,pass
LOT-A,改善前,W05,28nm MCU,CMP-03,-,CMP,scratch_diagonal,对角线刮伤，怀疑机械手搬运路径与 pad condition 异常,检查机械手轨迹并更换 pad,8,20,-8.0,4.0,PASS,pass
LOT-A,改善前,W05,28nm MCU,CMP-03,-,CMP,scratch_diagonal,对角线刮伤，怀疑机械手搬运路径与 pad condition 异常,检查机械手轨迹并更换 pad,9,20,-7.0,4.0,PASS,pass
LOT-A,改善前,W05,28nm MCU,CMP-03,-,CMP,scratch_diagonal,对角线刮伤，怀疑机械手搬运路径与 pad condition 异常,检查机械手轨迹并更换 pad,10,20,-6.0,4.0,PASS,pass
LOT-A,改善前,W05,28nm MCU,CMP-03,-,CMP,scratch_diagonal,对角线刮伤，怀疑机械手搬运路径与 pad condition 异常,检查机械手轨迹并更换 pad,11,20,-5.0,4.0,PASS,pass
LOT-A,改善前,W05,28nm MCU,CMP-03,-,CMP,scratch_diagonal,对角线刮伤，怀疑机械手搬运路径与 pad condition 异常,检查机械手轨迹并更换 pad,12,20,-4.0,4.0,PASS,pass
LOT-A,改善前,W05,28nm MCU,CMP-03,-,CMP,scratch_diagonal,对角线刮伤，怀疑机械手搬运路径与 pad condition 异常,检查机械手轨迹并更换 pad,13,20,-3.0,4.0,PASS,pass
LOT-A,改善前,W05,28nm MCU,CMP-03,-,CMP,scratch_diagonal,对角线刮伤，怀疑机械手搬运路径与 pad condition 异常,检查机械手轨迹并更换 pad,14,20,-2.0,4.0,PASS,pass
LOT-A,改善前,W05,28nm MCU,CMP-03,-,CMP,scratch_diagonal,对角线刮伤，怀疑机械手搬运路径与 pad condition 异常,检查机械手轨迹并更换 pad,15,20,-1.0,4.0,PASS,pass
LOT-A,改善前,W05,28nm MCU,CMP-03,-,CMP,scratch_diagonal,对角线刮伤，怀疑机械手搬运路径与 pad condition 异常,检查机械手轨迹并更换 pad,16,20,0.0,4.0,PASS,pass
LOT-A,改善前,W05,28nm MCU,CMP-03,-,CMP,scratch_diagonal,对角线刮伤，怀疑机械手搬运路径与 pad condition 异常,检查机械手轨迹并更换 pad,17,20,1.0,4.0,FAIL,scratch_diagonal
LOT-A,改善前,W05,28nm MCU,CMP-03,-,CMP,scratch_diagonal,对角线刮伤，怀疑机械手搬运路径与 pad condition 异常,检查机械手轨迹并更换 pad,18,20,2.0,4.0,FAIL,scratch_diagonal
LOT-A,改善前,W05,28nm MCU,CMP-03,-,CMP,scratch_diagonal,对角线刮伤，怀疑机械手搬运路径与 pad condition 异常,检查机械手轨迹并更换 pad,19,20,3.0,4.0,FAIL,scratch_diagonal
LOT-A,改善前,W05,28nm MCU,CMP-03,-,CMP,scratch_diagonal,对角线刮伤，怀疑机械手搬运路径与 pad condition 异常,检查机械手轨迹并更换 pad,20,20,4.0,4.0,FAIL,scratch_diagonal
LOT-A,改善前,W05,28nm MCU,CMP-03,-,CMP,scratch_diagonal,对角线刮伤，怀疑机械手搬运路径与 pad condition 异常,检查机械手轨迹并更换 pad,21,20,5.0,4.0,PASS,pass
LOT-A,改善前,W05,28nm MCU,CMP-03,-,CMP,scratch_diagonal,对角线刮伤，怀疑机械手搬运路径与 pad condition 异常,检查机械手轨迹并更换 pad,22,20,6.0,4.0,PASS,pass
LOT-A,改善前,W05,28nm MCU,CMP-03,-,CMP,scratch_diagonal,对角线刮伤，怀疑机械手搬运路径与 pad condition 异常,检查机械手轨迹并更换 pad,23,20,7.0,4.0,PASS,pass
LOT-A,改善前,W05,28nm MCU,CMP-03,-,CMP,scratch_diagonal,对角线刮伤，怀疑机械手搬运路径与 pad condition 异常,检查机械手轨迹并更换 pad,24,20,8.0,4.0,PASS,pass
LOT-A,改善前,W05,28nm MCU,CMP-03,-,CMP,scratch_diagonal,对角线刮伤，怀疑机械手搬运路径与 pad condition 异常,检查机械手轨迹并更换 pad,25,20,9.0,4.0,PASS,pass
LOT-A,改善前,W05,28nm MCU,CMP-03,-,CMP,scratch_diagonal,对角线刮伤，怀疑机械手搬运路径与 pad condition 异常,检查机械手轨迹并更换 pad,26,20,10.0,4.0,PASS,pass
LOT-A,改善前,W05,28nm MCU,CMP-03,-,CMP,scratch_diagonal,对角线刮伤，怀疑机械手搬运路径与 pad condition 异常,检查机械手轨迹并更换 pad,27,20,11.0,4.0,PASS,pass
LOT-A,改善前,W05,28nm MCU,CMP-03,-,CMP,scratch_diagonal,对角线刮伤，怀疑机械手搬运路径与 pad condition 异常,检查机械手轨迹并更换 pad,28,20,12.0,4.0,PASS,pass
LOT-A,改善前,W05,28nm MCU,CMP-03,-,CMP,scratch_diagonal,对角线刮伤，怀疑机械手搬运路径与 pad condition 异常,检查机械手轨迹并更换 pad,29,20,13.0,4.0,PASS,pass
LOT-A,改善前,W05,28nm MCU,CMP-03,-,CMP,scratch_diagonal,对角线刮伤，怀疑机械手搬运路径与 pad condition 异常,检查机械手轨迹并更换 pad,30,20,14.0,4.0,PASS,pass
LOT-A,改善前,W05,28nm MCU,CMP-03,-,CMP,scratch_diagonal,对角线刮伤，怀疑机械手搬运路径与 pad condition 异常,检查机械手轨迹并更换 pad,3,21,-13.0,5.0,PASS,pass
LOT-A,改善前,W05,28nm MCU,CMP-03,-,CMP,scratch_diagonal,对角线刮伤，怀疑机械手搬运路径与 pad condition 异常,检查机械手轨迹并更换 pad,4,21,-12.0,5.0,PASS,pass
LOT-A,改善前,W05,28nm MCU,CMP-03,-,CMP,scratch_diagonal,对角线刮伤，怀疑机械手搬运路径与 pad condition 异常,检查机械手轨迹并更换 pad,5,21,-11.0,5.0,PASS,pass
LOT-A,改善前,W05,28nm MCU,CMP-03,-,CMP,scratch_diagonal,对角线刮伤，怀疑机械手搬运路径与 pad condition 异常,检查机械手轨迹并更换 pad,6,21,-10.0,5.0,PASS,pass
LOT-A,改善前,W05,28nm MCU,CMP-03,-,CMP,scratch_diagonal,对角线刮伤，怀疑机械手搬运路径与 pad condition 异常,检查机械手轨迹并更换 pad,7,21,-9.0,5.0,PASS,pass
LOT-A,改善前,W05,28nm MCU,CMP-03,-,CMP,scratch_diagonal,对角线刮伤，怀疑机械手搬运路径与 pad condition 异常,检查机械手轨迹并更换 pad,8,21,-8.0,5.0,PASS,pass
LOT-A,改善前,W05,28nm MCU,CMP-03,-,CMP,scratch_diagonal,对角线刮伤，怀疑机械手搬运路径与 pad condition 异常,检查机械手轨迹并更换 pad,9,21,-7.0,5.0,PASS,pass
LOT-A,改善前,W05,28nm MCU,CMP-03,-,CMP,scratch_diagonal,对角线刮伤，怀疑机械手搬运路径与 pad condition 异常,检查机械手轨迹并更换 pad,10,21,-6.0,5.0,PASS,pass
LOT-A,改善前,W05,28nm MCU,CMP-03,-,CMP,scratch_diagonal,对角线刮伤，怀疑机械手搬运路径与 pad condition 异常,检查机械手轨迹并更换 pad,11,21,-5.0,5.0,PASS,pass
LOT-A,改善前,W05,28nm MCU,CMP-03,-,CMP,scratch_diagonal,对角线刮伤，怀疑机械手搬运路径与 pad condition 异常,检查机械手轨迹并更换 pad,12,21,-4.0,5.0,PASS,pass
LOT-A,改善前,W05,28nm MCU,CMP-03,-,CMP,scratch_diagonal,对角线刮伤，怀疑机械手搬运路径与 pad condition 异常,检查机械手轨迹并更换 pad,13,21,-3.0,5.0,PASS,pass
LOT-A,改善前,W05,28nm MCU,CMP-03,-,CMP,scratch_diagonal,对角线刮伤，怀疑机械手搬运路径与 pad condition 异常,检查机械手轨迹并更换 pad,14,21,-2.0,5.0,PASS,pass
LOT-A,改善前,W05,28nm MCU,CMP-03,-,CMP,scratch_diagonal,对角线刮伤，怀疑机械手搬运路径与 pad condition 异常,检查机械手轨迹并更换 pad,15,21,-1.0,5.0,PASS,pass
LOT-A,改善前,W05,28nm MCU,CMP-03,-,CMP,scratch_diagonal,对角线刮伤，怀疑机械手搬运路径与 pad condition 异常,检查机械手轨迹并更换 pad,16,21,0.0,5.0,PASS,pass
LOT-A,改善前,W05,28nm MCU,CMP-03,-,CMP,scratch_diagonal,对角线刮伤，怀疑机械手搬运路径与 pad condition 异常,检查机械手轨迹并更换 pad,17,21,1.0,5.0,PASS,pass
LOT-A,改善前,W05,28nm MCU,CMP-03,-,CMP,scratch_diagonal,对角线刮伤，怀疑机械手搬运路径与 pad condition 异常,检查机械手轨迹并更换 pad,18,21,2.0,5.0,PASS,pass
LOT-A,改善前,W05,28nm MCU,CMP-03,-,CMP,scratch_diagonal,对角线刮伤，怀疑机械手搬运路径与 pad condition 异常,检查机械手轨迹并更换 pad,19,21,3.0,5.0,FAIL,scratch_diagonal
LOT-A,改善前,W05,28nm MCU,CMP-03,-,CMP,scratch_diagonal,对角线刮伤，怀疑机械手搬运路径与 pad condition 异常,检查机械手轨迹并更换 pad,20,21,4.0,5.0,FAIL,scratch_diagonal
LOT-A,改善前,W05,28nm MCU,CMP-03,-,CMP,scratch_diagonal,对角线刮伤，怀疑机械手搬运路径与 pad condition 异常,检查机械手轨迹并更换 pad,21,21,5.0,5.0,FAIL,scratch_diagonal
LOT-A,改善前,W05,28nm MCU,CMP-03,-,CMP,scratch_diagonal,对角线刮伤，怀疑机械手搬运路径与 pad condition 异常,检查机械手轨迹并更换 pad,22,21,6.0,5.0,PASS,pass
LOT-A,改善前,W05,28nm MCU,CMP-03,-,CMP,scratch_diagonal,对角线刮伤，怀疑机械手搬运路径与 pad condition 异常,检查机械手轨迹并更换 pad,23,21,7.0,5.0,PASS,pass
LOT-A,改善前,W05,28nm MCU,CMP-03,-,CMP,scratch_diagonal,对角线刮伤，怀疑机械手搬运路径与 pad condition 异常,检查机械手轨迹并更换 pad,24,21,8.0,5.0,PASS,pass
LOT-A,改善前,W05,28nm MCU,CMP-03,-,CMP,scratch_diagonal,对角线刮伤，怀疑机械手搬运路径与 pad condition 异常,检查机械手轨迹并更换 pad,25,21,9.0,5.0,PASS,pass
LOT-A,改善前,W05,28nm MCU,CMP-03,-,CMP,scratch_diagonal,对角线刮伤，怀疑机械手搬运路径与 pad condition 异常,检查机械手轨迹并更换 pad,26,21,10.0,5.0,PASS,pass
LOT-A,改善前,W05,28nm MCU,CMP-03,-,CMP,scratch_diagonal,对角线刮伤，怀疑机械手搬运路径与 pad condition 异常,检查机械手轨迹并更换 pad,27,21,11.0,5.0,FAIL,random
LOT-A,改善前,W05,28nm MCU,CMP-03,-,CMP,scratch_diagonal,对角线刮伤，怀疑机械手搬运路径与 pad condition 异常,检查机械手轨迹并更换 pad,28,21,12.0,5.0,PASS,pass
LOT-A,改善前,W05,28nm MCU,CMP-03,-,CMP,scratch_diagonal,对角线刮伤，怀疑机械手搬运路径与 pad condition 异常,检查机械手轨迹并更换 pad,29,21,13.0,5.0,PASS,pass
LOT-A,改善前,W05,28nm MCU,CMP-03,-,CMP,scratch_diagonal,对角线刮伤，怀疑机械手搬运路径与 pad condition 异常,检查机械手轨迹并更换 pad,3,22,-13.0,6.0,PASS,pass
LOT-A,改善前,W05,28nm MCU,CMP-03,-,CMP,scratch_diagonal,对角线刮伤，怀疑机械手搬运路径与 pad condition 异常,检查机械手轨迹并更换 pad,4,22,-12.0,6.0,PASS,pass
LOT-A,改善前,W05,28nm MCU,CMP-03,-,CMP,scratch_diagonal,对角线刮伤，怀疑机械手搬运路径与 pad condition 异常,检查机械手轨迹并更换 pad,5,22,-11.0,6.0,FAIL,random
LOT-A,改善前,W05,28nm MCU,CMP-03,-,CMP,scratch_diagonal,对角线刮伤，怀疑机械手搬运路径与 pad condition 异常,检查机械手轨迹并更换 pad,6,22,-10.0,6.0,PASS,pass
LOT-A,改善前,W05,28nm MCU,CMP-03,-,CMP,scratch_diagonal,对角线刮伤，怀疑机械手搬运路径与 pad condition 异常,检查机械手轨迹并更换 pad,7,22,-9.0,6.0,PASS,pass
LOT-A,改善前,W05,28nm MCU,CMP-03,-,CMP,scratch_diagonal,对角线刮伤，怀疑机械手搬运路径与 pad condition 异常,检查机械手轨迹并更换 pad,8,22,-8.0,6.0,PASS,pass
LOT-A,改善前,W05,28nm MCU,CMP-03,-,CMP,scratch_diagonal,对角线刮伤，怀疑机械手搬运路径与 pad condition 异常,检查机械手轨迹并更换 pad,9,22,-7.0,6.0,PASS,pass
LOT-A,改善前,W05,28nm MCU,CMP-03,-,CMP,scratch_diagonal,对角线刮伤，怀疑机械手搬运路径与 pad condition 异常,检查机械手轨迹并更换 pad,10,22,-6.0,6.0,PASS,pass
LOT-A,改善前,W05,28nm MCU,CMP-03,-,CMP,scratch_diagonal,对角线刮伤，怀疑机械手搬运路径与 pad condition 异常,检查机械手轨迹并更换 pad,11,22,-5.0,6.0,PASS,pass
LOT-A,改善前,W05,28nm MCU,CMP-03,-,CMP,scratch_diagonal,对角线刮伤，怀疑机械手搬运路径与 pad condition 异常,检查机械手轨迹并更换 pad,12,22,-4.0,6.0,PASS,pass
LOT-A,改善前,W05,28nm MCU,CMP-03,-,CMP,scratch_diagonal,对角线刮伤，怀疑机械手搬运路径与 pad condition 异常,检查机械手轨迹并更换 pad,13,22,-3.0,6.0,PASS,pass
LOT-A,改善前,W05,28nm MCU,CMP-03,-,CMP,scratch_diagonal,对角线刮伤，怀疑机械手搬运路径与 pad condition 异常,检查机械手轨迹并更换 pad,14,22,-2.0,6.0,PASS,pass
LOT-A,改善前,W05,28nm MCU,CMP-03,-,CMP,scratch_diagonal,对角线刮伤，怀疑机械手搬运路径与 pad condition 异常,检查机械手轨迹并更换 pad,15,22,-1.0,6.0,PASS,pass
LOT-A,改善前,W05,28nm MCU,CMP-03,-,CMP,scratch_diagonal,对角线刮伤，怀疑机械手搬运路径与 pad condition 异常,检查机械手轨迹并更换 pad,16,22,0.0,6.0,PASS,pass
LOT-A,改善前,W05,28nm MCU,CMP-03,-,CMP,scratch_diagonal,对角线刮伤，怀疑机械手搬运路径与 pad condition 异常,检查机械手轨迹并更换 pad,17,22,1.0,6.0,PASS,pass
LOT-A,改善前,W05,28nm MCU,CMP-03,-,CMP,scratch_diagonal,对角线刮伤，怀疑机械手搬运路径与 pad condition 异常,检查机械手轨迹并更换 pad,18,22,2.0,6.0,PASS,pass
LOT-A,改善前,W05,28nm MCU,CMP-03,-,CMP,scratch_diagonal,对角线刮伤，怀疑机械手搬运路径与 pad condition 异常,检查机械手轨迹并更换 pad,19,22,3.0,6.0,PASS,pass
LOT-A,改善前,W05,28nm MCU,CMP-03,-,CMP,scratch_diagonal,对角线刮伤，怀疑机械手搬运路径与 pad condition 异常,检查机械手轨迹并更换 pad,20,22,4.0,6.0,FAIL,scratch_diagonal
LOT-A,改善前,W05,28nm MCU,CMP-03,-,CMP,scratch_diagonal,对角线刮伤，怀疑机械手搬运路径与 pad condition 异常,检查机械手轨迹并更换 pad,21,22,5.0,6.0,FAIL,scratch_diagonal
LOT-A,改善前,W05,28nm MCU,CMP-03,-,CMP,scratch_diagonal,对角线刮伤，怀疑机械手搬运路径与 pad condition 异常,检查机械手轨迹并更换 pad,22,22,6.0,6.0,FAIL,scratch_diagonal
LOT-A,改善前,W05,28nm MCU,CMP-03,-,CMP,scratch_diagonal,对角线刮伤，怀疑机械手搬运路径与 pad condition 异常,检查机械手轨迹并更换 pad,23,22,7.0,6.0,FAIL,scratch_diagonal
LOT-A,改善前,W05,28nm MCU,CMP-03,-,CMP,scratch_diagonal,对角线刮伤，怀疑机械手搬运路径与 pad condition 异常,检查机械手轨迹并更换 pad,24,22,8.0,6.0,PASS,pass
LOT-A,改善前,W05,28nm MCU,CMP-03,-,CMP,scratch_diagonal,对角线刮伤，怀疑机械手搬运路径与 pad condition 异常,检查机械手轨迹并更换 pad,25,22,9.0,6.0,FAIL,random
LOT-A,改善前,W05,28nm MCU,CMP-03,-,CMP,scratch_diagonal,对角线刮伤，怀疑机械手搬运路径与 pad condition 异常,检查机械手轨迹并更换 pad,26,22,10.0,6.0,PASS,pass
LOT-A,改善前,W05,28nm MCU,CMP-03,-,CMP,scratch_diagonal,对角线刮伤，怀疑机械手搬运路径与 pad condition 异常,检查机械手轨迹并更换 pad,27,22,11.0,6.0,PASS,pass
LOT-A,改善前,W05,28nm MCU,CMP-03,-,CMP,scratch_diagonal,对角线刮伤，怀疑机械手搬运路径与 pad condition 异常,检查机械手轨迹并更换 pad,28,22,12.0,6.0,PASS,pass
LOT-A,改善前,W05,28nm MCU,CMP-03,-,CMP,scratch_diagonal,对角线刮伤，怀疑机械手搬运路径与 pad condition 异常,检查机械手轨迹并更换 pad,29,22,13.0,6.0,PASS,pass
LOT-A,改善前,W05,28nm MCU,CMP-03,-,CMP,scratch_diagonal,对角线刮伤，怀疑机械手搬运路径与 pad condition 异常,检查机械手轨迹并更换 pad,3,23,-13.0,7.0,PASS,pass
LOT-A,改善前,W05,28nm MCU,CMP-03,-,CMP,scratch_diagonal,对角线刮伤，怀疑机械手搬运路径与 pad condition 异常,检查机械手轨迹并更换 pad,4,23,-12.0,7.0,PASS,pass
LOT-A,改善前,W05,28nm MCU,CMP-03,-,CMP,scratch_diagonal,对角线刮伤，怀疑机械手搬运路径与 pad condition 异常,检查机械手轨迹并更换 pad,5,23,-11.0,7.0,PASS,pass
LOT-A,改善前,W05,28nm MCU,CMP-03,-,CMP,scratch_diagonal,对角线刮伤，怀疑机械手搬运路径与 pad condition 异常,检查机械手轨迹并更换 pad,6,23,-10.0,7.0,PASS,pass
LOT-A,改善前,W05,28nm MCU,CMP-03,-,CMP,scratch_diagonal,对角线刮伤，怀疑机械手搬运路径与 pad condition 异常,检查机械手轨迹并更换 pad,7,23,-9.0,7.0,PASS,pass
LOT-A,改善前,W05,28nm MCU,CMP-03,-,CMP,scratch_diagonal,对角线刮伤，怀疑机械手搬运路径与 pad condition 异常,检查机械手轨迹并更换 pad,8,23,-8.0,7.0,PASS,pass
LOT-A,改善前,W05,28nm MCU,CMP-03,-,CMP,scratch_diagonal,对角线刮伤，怀疑机械手搬运路径与 pad condition 异常,检查机械手轨迹并更换 pad,9,23,-7.0,7.0,PASS,pass
LOT-A,改善前,W05,28nm MCU,CMP-03,-,CMP,scratch_diagonal,对角线刮伤，怀疑机械手搬运路径与 pad condition 异常,检查机械手轨迹并更换 pad,10,23,-6.0,7.0,PASS,pass
LOT-A,改善前,W05,28nm MCU,CMP-03,-,CMP,scratch_diagonal,对角线刮伤，怀疑机械手搬运路径与 pad condition 异常,检查机械手轨迹并更换 pad,11,23,-5.0,7.0,PASS,pass
LOT-A,改善前,W05,28nm MCU,CMP-03,-,CMP,scratch_diagonal,对角线刮伤，怀疑机械手搬运路径与 pad condition 异常,检查机械手轨迹并更换 pad,12,23,-4.0,7.0,PASS,pass
LOT-A,改善前,W05,28nm MCU,CMP-03,-,CMP,scratch_diagonal,对角线刮伤，怀疑机械手搬运路径与 pad condition 异常,检查机械手轨迹并更换 pad,13,23,-3.0,7.0,PASS,pass
LOT-A,改善前,W05,28nm MCU,CMP-03,-,CMP,scratch_diagonal,对角线刮伤，怀疑机械手搬运路径与 pad condition 异常,检查机械手轨迹并更换 pad,14,23,-2.0,7.0,PASS,pass
LOT-A,改善前,W05,28nm MCU,CMP-03,-,CMP,scratch_diagonal,对角线刮伤，怀疑机械手搬运路径与 pad condition 异常,检查机械手轨迹并更换 pad,15,23,-1.0,7.0,PASS,pass
LOT-A,改善前,W05,28nm MCU,CMP-03,-,CMP,scratch_diagonal,对角线刮伤，怀疑机械手搬运路径与 pad condition 异常,检查机械手轨迹并更换 pad,16,23,0.0,7.0,PASS,pass
LOT-A,改善前,W05,28nm MCU,CMP-03,-,CMP,scratch_diagonal,对角线刮伤，怀疑机械手搬运路径与 pad condition 异常,检查机械手轨迹并更换 pad,17,23,1.0,7.0,PASS,pass
LOT-A,改善前,W05,28nm MCU,CMP-03,-,CMP,scratch_diagonal,对角线刮伤，怀疑机械手搬运路径与 pad condition 异常,检查机械手轨迹并更换 pad,18,23,2.0,7.0,PASS,pass
LOT-A,改善前,W05,28nm MCU,CMP-03,-,CMP,scratch_diagonal,对角线刮伤，怀疑机械手搬运路径与 pad condition 异常,检查机械手轨迹并更换 pad,19,23,3.0,7.0,PASS,pass
LOT-A,改善前,W05,28nm MCU,CMP-03,-,CMP,scratch_diagonal,对角线刮伤，怀疑机械手搬运路径与 pad condition 异常,检查机械手轨迹并更换 pad,20,23,4.0,7.0,FAIL,scratch_diagonal
LOT-A,改善前,W05,28nm MCU,CMP-03,-,CMP,scratch_diagonal,对角线刮伤，怀疑机械手搬运路径与 pad condition 异常,检查机械手轨迹并更换 pad,21,23,5.0,7.0,FAIL,scratch_diagonal
LOT-A,改善前,W05,28nm MCU,CMP-03,-,CMP,scratch_diagonal,对角线刮伤，怀疑机械手搬运路径与 pad condition 异常,检查机械手轨迹并更换 pad,22,23,6.0,7.0,PASS,pass
LOT-A,改善前,W05,28nm MCU,CMP-03,-,CMP,scratch_diagonal,对角线刮伤，怀疑机械手搬运路径与 pad condition 异常,检查机械手轨迹并更换 pad,23,23,7.0,7.0,FAIL,scratch_diagonal
LOT-A,改善前,W05,28nm MCU,CMP-03,-,CMP,scratch_diagonal,对角线刮伤，怀疑机械手搬运路径与 pad condition 异常,检查机械手轨迹并更换 pad,24,23,8.0,7.0,PASS,pass
LOT-A,改善前,W05,28nm MCU,CMP-03,-,CMP,scratch_diagonal,对角线刮伤，怀疑机械手搬运路径与 pad condition 异常,检查机械手轨迹并更换 pad,25,23,9.0,7.0,PASS,pass
LOT-A,改善前,W05,28nm MCU,CMP-03,-,CMP,scratch_diagonal,对角线刮伤，怀疑机械手搬运路径与 pad condition 异常,检查机械手轨迹并更换 pad,26,23,10.0,7.0,PASS,pass
LOT-A,改善前,W05,28nm MCU,CMP-03,-,CMP,scratch_diagonal,对角线刮伤，怀疑机械手搬运路径与 pad condition 异常,检查机械手轨迹并更换 pad,27,23,11.0,7.0,PASS,pass
LOT-A,改善前,W05,28nm MCU,CMP-03,-,CMP,scratch_diagonal,对角线刮伤，怀疑机械手搬运路径与 pad condition 异常,检查机械手轨迹并更换 pad,28,23,12.0,7.0,PASS,pass
LOT-A,改善前,W05,28nm MCU,CMP-03,-,CMP,scratch_diagonal,对角线刮伤，怀疑机械手搬运路径与 pad condition 异常,检查机械手轨迹并更换 pad,29,23,13.0,7.0,PASS,pass
LOT-A,改善前,W05,28nm MCU,CMP-03,-,CMP,scratch_diagonal,对角线刮伤，怀疑机械手搬运路径与 pad condition 异常,检查机械手轨迹并更换 pad,4,24,-12.0,8.0,PASS,pass
LOT-A,改善前,W05,28nm MCU,CMP-03,-,CMP,scratch_diagonal,对角线刮伤，怀疑机械手搬运路径与 pad condition 异常,检查机械手轨迹并更换 pad,5,24,-11.0,8.0,PASS,pass
LOT-A,改善前,W05,28nm MCU,CMP-03,-,CMP,scratch_diagonal,对角线刮伤，怀疑机械手搬运路径与 pad condition 异常,检查机械手轨迹并更换 pad,6,24,-10.0,8.0,PASS,pass
LOT-A,改善前,W05,28nm MCU,CMP-03,-,CMP,scratch_diagonal,对角线刮伤，怀疑机械手搬运路径与 pad condition 异常,检查机械手轨迹并更换 pad,7,24,-9.0,8.0,PASS,pass
LOT-A,改善前,W05,28nm MCU,CMP-03,-,CMP,scratch_diagonal,对角线刮伤，怀疑机械手搬运路径与 pad condition 异常,检查机械手轨迹并更换 pad,8,24,-8.0,8.0,PASS,pass
LOT-A,改善前,W05,28nm MCU,CMP-03,-,CMP,scratch_diagonal,对角线刮伤，怀疑机械手搬运路径与 pad condition 异常,检查机械手轨迹并更换 pad,9,24,-7.0,8.0,PASS,pass
LOT-A,改善前,W05,28nm MCU,CMP-03,-,CMP,scratch_diagonal,对角线刮伤，怀疑机械手搬运路径与 pad condition 异常,检查机械手轨迹并更换 pad,10,24,-6.0,8.0,PASS,pass
LOT-A,改善前,W05,28nm MCU,CMP-03,-,CMP,scratch_diagonal,对角线刮伤，怀疑机械手搬运路径与 pad condition 异常,检查机械手轨迹并更换 pad,11,24,-5.0,8.0,PASS,pass
LOT-A,改善前,W05,28nm MCU,CMP-03,-,CMP,scratch_diagonal,对角线刮伤，怀疑机械手搬运路径与 pad condition 异常,检查机械手轨迹并更换 pad,12,24,-4.0,8.0,PASS,pass
LOT-A,改善前,W05,28nm MCU,CMP-03,-,CMP,scratch_diagonal,对角线刮伤，怀疑机械手搬运路径与 pad condition 异常,检查机械手轨迹并更换 pad,13,24,-3.0,8.0,PASS,pass
LOT-A,改善前,W05,28nm MCU,CMP-03,-,CMP,scratch_diagonal,对角线刮伤，怀疑机械手搬运路径与 pad condition 异常,检查机械手轨迹并更换 pad,14,24,-2.0,8.0,PASS,pass
LOT-A,改善前,W05,28nm MCU,CMP-03,-,CMP,scratch_diagonal,对角线刮伤，怀疑机械手搬运路径与 pad condition 异常,检查机械手轨迹并更换 pad,15,24,-1.0,8.0,PASS,pass
LOT-A,改善前,W05,28nm MCU,CMP-03,-,CMP,scratch_diagonal,对角线刮伤，怀疑机械手搬运路径与 pad condition 异常,检查机械手轨迹并更换 pad,16,24,0.0,8.0,PASS,pass
LOT-A,改善前,W05,28nm MCU,CMP-03,-,CMP,scratch_diagonal,对角线刮伤，怀疑机械手搬运路径与 pad condition 异常,检查机械手轨迹并更换 pad,17,24,1.0,8.0,PASS,pass
LOT-A,改善前,W05,28nm MCU,CMP-03,-,CMP,scratch_diagonal,对角线刮伤，怀疑机械手搬运路径与 pad condition 异常,检查机械手轨迹并更换 pad,18,24,2.0,8.0,PASS,pass
LOT-A,改善前,W05,28nm MCU,CMP-03,-,CMP,scratch_diagonal,对角线刮伤，怀疑机械手搬运路径与 pad condition 异常,检查机械手轨迹并更换 pad,19,24,3.0,8.0,PASS,pass
LOT-A,改善前,W05,28nm MCU,CMP-03,-,CMP,scratch_diagonal,对角线刮伤，怀疑机械手搬运路径与 pad condition 异常,检查机械手轨迹并更换 pad,20,24,4.0,8.0,PASS,pass
LOT-A,改善前,W05,28nm MCU,CMP-03,-,CMP,scratch_diagonal,对角线刮伤，怀疑机械手搬运路径与 pad condition 异常,检查机械手轨迹并更换 pad,21,24,5.0,8.0,PASS,pass
LOT-A,改善前,W05,28nm MCU,CMP-03,-,CMP,scratch_diagonal,对角线刮伤，怀疑机械手搬运路径与 pad condition 异常,检查机械手轨迹并更换 pad,22,24,6.0,8.0,FAIL,scratch_diagonal
LOT-A,改善前,W05,28nm MCU,CMP-03,-,CMP,scratch_diagonal,对角线刮伤，怀疑机械手搬运路径与 pad condition 异常,检查机械手轨迹并更换 pad,23,24,7.0,8.0,FAIL,scratch_diagonal
LOT-A,改善前,W05,28nm MCU,CMP-03,-,CMP,scratch_diagonal,对角线刮伤，怀疑机械手搬运路径与 pad condition 异常,检查机械手轨迹并更换 pad,24,24,8.0,8.0,PASS,pass
LOT-A,改善前,W05,28nm MCU,CMP-03,-,CMP,scratch_diagonal,对角线刮伤，怀疑机械手搬运路径与 pad condition 异常,检查机械手轨迹并更换 pad,25,24,9.0,8.0,PASS,pass
LOT-A,改善前,W05,28nm MCU,CMP-03,-,CMP,scratch_diagonal,对角线刮伤，怀疑机械手搬运路径与 pad condition 异常,检查机械手轨迹并更换 pad,26,24,10.0,8.0,PASS,pass
LOT-A,改善前,W05,28nm MCU,CMP-03,-,CMP,scratch_diagonal,对角线刮伤，怀疑机械手搬运路径与 pad condition 异常,检查机械手轨迹并更换 pad,27,24,11.0,8.0,PASS,pass
LOT-A,改善前,W05,28nm MCU,CMP-03,-,CMP,scratch_diagonal,对角线刮伤，怀疑机械手搬运路径与 pad condition 异常,检查机械手轨迹并更换 pad,28,24,12.0,8.0,PASS,pass
LOT-A,改善前,W05,28nm MCU,CMP-03,-,CMP,scratch_diagonal,对角线刮伤，怀疑机械手搬运路径与 pad condition 异常,检查机械手轨迹并更换 pad,5,25,-11.0,9.0,PASS,pass
LOT-A,改善前,W05,28nm MCU,CMP-03,-,CMP,scratch_diagonal,对角线刮伤，怀疑机械手搬运路径与 pad condition 异常,检查机械手轨迹并更换 pad,6,25,-10.0,9.0,PASS,pass
LOT-A,改善前,W05,28nm MCU,CMP-03,-,CMP,scratch_diagonal,对角线刮伤，怀疑机械手搬运路径与 pad condition 异常,检查机械手轨迹并更换 pad,7,25,-9.0,9.0,PASS,pass
LOT-A,改善前,W05,28nm MCU,CMP-03,-,CMP,scratch_diagonal,对角线刮伤，怀疑机械手搬运路径与 pad condition 异常,检查机械手轨迹并更换 pad,8,25,-8.0,9.0,PASS,pass
LOT-A,改善前,W05,28nm MCU,CMP-03,-,CMP,scratch_diagonal,对角线刮伤，怀疑机械手搬运路径与 pad condition 异常,检查机械手轨迹并更换 pad,9,25,-7.0,9.0,PASS,pass
LOT-A,改善前,W05,28nm MCU,CMP-03,-,CMP,scratch_diagonal,对角线刮伤，怀疑机械手搬运路径与 pad condition 异常,检查机械手轨迹并更换 pad,10,25,-6.0,9.0,PASS,pass
LOT-A,改善前,W05,28nm MCU,CMP-03,-,CMP,scratch_diagonal,对角线刮伤，怀疑机械手搬运路径与 pad condition 异常,检查机械手轨迹并更换 pad,11,25,-5.0,9.0,PASS,pass
LOT-A,改善前,W05,28nm MCU,CMP-03,-,CMP,scratch_diagonal,对角线刮伤，怀疑机械手搬运路径与 pad condition 异常,检查机械手轨迹并更换 pad,12,25,-4.0,9.0,PASS,pass
LOT-A,改善前,W05,28nm MCU,CMP-03,-,CMP,scratch_diagonal,对角线刮伤，怀疑机械手搬运路径与 pad condition 异常,检查机械手轨迹并更换 pad,13,25,-3.0,9.0,PASS,pass
LOT-A,改善前,W05,28nm MCU,CMP-03,-,CMP,scratch_diagonal,对角线刮伤，怀疑机械手搬运路径与 pad condition 异常,检查机械手轨迹并更换 pad,14,25,-2.0,9.0,PASS,pass
LOT-A,改善前,W05,28nm MCU,CMP-03,-,CMP,scratch_diagonal,对角线刮伤，怀疑机械手搬运路径与 pad condition 异常,检查机械手轨迹并更换 pad,15,25,-1.0,9.0,PASS,pass
LOT-A,改善前,W05,28nm MCU,CMP-03,-,CMP,scratch_diagonal,对角线刮伤，怀疑机械手搬运路径与 pad condition 异常,检查机械手轨迹并更换 pad,16,25,0.0,9.0,PASS,pass
LOT-A,改善前,W05,28nm MCU,CMP-03,-,CMP,scratch_diagonal,对角线刮伤，怀疑机械手搬运路径与 pad condition 异常,检查机械手轨迹并更换 pad,17,25,1.0,9.0,PASS,pass
LOT-A,改善前,W05,28nm MCU,CMP-03,-,CMP,scratch_diagonal,对角线刮伤，怀疑机械手搬运路径与 pad condition 异常,检查机械手轨迹并更换 pad,18,25,2.0,9.0,PASS,pass
LOT-A,改善前,W05,28nm MCU,CMP-03,-,CMP,scratch_diagonal,对角线刮伤，怀疑机械手搬运路径与 pad condition 异常,检查机械手轨迹并更换 pad,19,25,3.0,9.0,PASS,pass
LOT-A,改善前,W05,28nm MCU,CMP-03,-,CMP,scratch_diagonal,对角线刮伤，怀疑机械手搬运路径与 pad condition 异常,检查机械手轨迹并更换 pad,20,25,4.0,9.0,PASS,pass
LOT-A,改善前,W05,28nm MCU,CMP-03,-,CMP,scratch_diagonal,对角线刮伤，怀疑机械手搬运路径与 pad condition 异常,检查机械手轨迹并更换 pad,21,25,5.0,9.0,PASS,pass
LOT-A,改善前,W05,28nm MCU,CMP-03,-,CMP,scratch_diagonal,对角线刮伤，怀疑机械手搬运路径与 pad condition 异常,检查机械手轨迹并更换 pad,22,25,6.0,9.0,FAIL,scratch_diagonal
LOT-A,改善前,W05,28nm MCU,CMP-03,-,CMP,scratch_diagonal,对角线刮伤，怀疑机械手搬运路径与 pad condition 异常,检查机械手轨迹并更换 pad,23,25,7.0,9.0,FAIL,scratch_diagonal
LOT-A,改善前,W05,28nm MCU,CMP-03,-,CMP,scratch_diagonal,对角线刮伤，怀疑机械手搬运路径与 pad condition 异常,检查机械手轨迹并更换 pad,24,25,8.0,9.0,FAIL,scratch_diagonal
LOT-A,改善前,W05,28nm MCU,CMP-03,-,CMP,scratch_diagonal,对角线刮伤，怀疑机械手搬运路径与 pad condition 异常,检查机械手轨迹并更换 pad,25,25,9.0,9.0,FAIL,scratch_diagonal
LOT-A,改善前,W05,28nm MCU,CMP-03,-,CMP,scratch_diagonal,对角线刮伤，怀疑机械手搬运路径与 pad condition 异常,检查机械手轨迹并更换 pad,26,25,10.0,9.0,FAIL,scratch_diagonal
LOT-A,改善前,W05,28nm MCU,CMP-03,-,CMP,scratch_diagonal,对角线刮伤，怀疑机械手搬运路径与 pad condition 异常,检查机械手轨迹并更换 pad,27,25,11.0,9.0,PASS,pass
LOT-A,改善前,W05,28nm MCU,CMP-03,-,CMP,scratch_diagonal,对角线刮伤，怀疑机械手搬运路径与 pad condition 异常,检查机械手轨迹并更换 pad,6,26,-10.0,10.0,PASS,pass
LOT-A,改善前,W05,28nm MCU,CMP-03,-,CMP,scratch_diagonal,对角线刮伤，怀疑机械手搬运路径与 pad condition 异常,检查机械手轨迹并更换 pad,7,26,-9.0,10.0,PASS,pass
LOT-A,改善前,W05,28nm MCU,CMP-03,-,CMP,scratch_diagonal,对角线刮伤，怀疑机械手搬运路径与 pad condition 异常,检查机械手轨迹并更换 pad,8,26,-8.0,10.0,PASS,pass
LOT-A,改善前,W05,28nm MCU,CMP-03,-,CMP,scratch_diagonal,对角线刮伤，怀疑机械手搬运路径与 pad condition 异常,检查机械手轨迹并更换 pad,9,26,-7.0,10.0,PASS,pass
LOT-A,改善前,W05,28nm MCU,CMP-03,-,CMP,scratch_diagonal,对角线刮伤，怀疑机械手搬运路径与 pad condition 异常,检查机械手轨迹并更换 pad,10,26,-6.0,10.0,FAIL,random
LOT-A,改善前,W05,28nm MCU,CMP-03,-,CMP,scratch_diagonal,对角线刮伤，怀疑机械手搬运路径与 pad condition 异常,检查机械手轨迹并更换 pad,11,26,-5.0,10.0,PASS,pass
LOT-A,改善前,W05,28nm MCU,CMP-03,-,CMP,scratch_diagonal,对角线刮伤，怀疑机械手搬运路径与 pad condition 异常,检查机械手轨迹并更换 pad,12,26,-4.0,10.0,FAIL,random
LOT-A,改善前,W05,28nm MCU,CMP-03,-,CMP,scratch_diagonal,对角线刮伤，怀疑机械手搬运路径与 pad condition 异常,检查机械手轨迹并更换 pad,13,26,-3.0,10.0,PASS,pass
LOT-A,改善前,W05,28nm MCU,CMP-03,-,CMP,scratch_diagonal,对角线刮伤，怀疑机械手搬运路径与 pad condition 异常,检查机械手轨迹并更换 pad,14,26,-2.0,10.0,PASS,pass
LOT-A,改善前,W05,28nm MCU,CMP-03,-,CMP,scratch_diagonal,对角线刮伤，怀疑机械手搬运路径与 pad condition 异常,检查机械手轨迹并更换 pad,15,26,-1.0,10.0,PASS,pass
LOT-A,改善前,W05,28nm MCU,CMP-03,-,CMP,scratch_diagonal,对角线刮伤，怀疑机械手搬运路径与 pad condition 异常,检查机械手轨迹并更换 pad,16,26,0.0,10.0,FAIL,random
LOT-A,改善前,W05,28nm MCU,CMP-03,-,CMP,scratch_diagonal,对角线刮伤，怀疑机械手搬运路径与 pad condition 异常,检查机械手轨迹并更换 pad,17,26,1.0,10.0,PASS,pass
LOT-A,改善前,W05,28nm MCU,CMP-03,-,CMP,scratch_diagonal,对角线刮伤，怀疑机械手搬运路径与 pad condition 异常,检查机械手轨迹并更换 pad,18,26,2.0,10.0,PASS,pass
LOT-A,改善前,W05,28nm MCU,CMP-03,-,CMP,scratch_diagonal,对角线刮伤，怀疑机械手搬运路径与 pad condition 异常,检查机械手轨迹并更换 pad,19,26,3.0,10.0,PASS,pass
LOT-A,改善前,W05,28nm MCU,CMP-03,-,CMP,scratch_diagonal,对角线刮伤，怀疑机械手搬运路径与 pad condition 异常,检查机械手轨迹并更换 pad,20,26,4.0,10.0,PASS,pass
LOT-A,改善前,W05,28nm MCU,CMP-03,-,CMP,scratch_diagonal,对角线刮伤，怀疑机械手搬运路径与 pad condition 异常,检查机械手轨迹并更换 pad,21,26,5.0,10.0,PASS,pass
LOT-A,改善前,W05,28nm MCU,CMP-03,-,CMP,scratch_diagonal,对角线刮伤，怀疑机械手搬运路径与 pad condition 异常,检查机械手轨迹并更换 pad,22,26,6.0,10.0,PASS,pass
LOT-A,改善前,W05,28nm MCU,CMP-03,-,CMP,scratch_diagonal,对角线刮伤，怀疑机械手搬运路径与 pad condition 异常,检查机械手轨迹并更换 pad,23,26,7.0,10.0,PASS,pass
LOT-A,改善前,W05,28nm MCU,CMP-03,-,CMP,scratch_diagonal,对角线刮伤，怀疑机械手搬运路径与 pad condition 异常,检查机械手轨迹并更换 pad,24,26,8.0,10.0,FAIL,scratch_diagonal
LOT-A,改善前,W05,28nm MCU,CMP-03,-,CMP,scratch_diagonal,对角线刮伤，怀疑机械手搬运路径与 pad condition 异常,检查机械手轨迹并更换 pad,25,26,9.0,10.0,FAIL,scratch_diagonal
LOT-A,改善前,W05,28nm MCU,CMP-03,-,CMP,scratch_diagonal,对角线刮伤，怀疑机械手搬运路径与 pad condition 异常,检查机械手轨迹并更换 pad,26,26,10.0,10.0,FAIL,scratch_diagonal
LOT-A,改善前,W05,28nm MCU,CMP-03,-,CMP,scratch_diagonal,对角线刮伤，怀疑机械手搬运路径与 pad condition 异常,检查机械手轨迹并更换 pad,7,27,-9.0,11.0,PASS,pass
LOT-A,改善前,W05,28nm MCU,CMP-03,-,CMP,scratch_diagonal,对角线刮伤，怀疑机械手搬运路径与 pad condition 异常,检查机械手轨迹并更换 pad,8,27,-8.0,11.0,PASS,pass
LOT-A,改善前,W05,28nm MCU,CMP-03,-,CMP,scratch_diagonal,对角线刮伤，怀疑机械手搬运路径与 pad condition 异常,检查机械手轨迹并更换 pad,9,27,-7.0,11.0,PASS,pass
LOT-A,改善前,W05,28nm MCU,CMP-03,-,CMP,scratch_diagonal,对角线刮伤，怀疑机械手搬运路径与 pad condition 异常,检查机械手轨迹并更换 pad,10,27,-6.0,11.0,PASS,pass
LOT-A,改善前,W05,28nm MCU,CMP-03,-,CMP,scratch_diagonal,对角线刮伤，怀疑机械手搬运路径与 pad condition 异常,检查机械手轨迹并更换 pad,11,27,-5.0,11.0,PASS,pass
LOT-A,改善前,W05,28nm MCU,CMP-03,-,CMP,scratch_diagonal,对角线刮伤，怀疑机械手搬运路径与 pad condition 异常,检查机械手轨迹并更换 pad,12,27,-4.0,11.0,PASS,pass
LOT-A,改善前,W05,28nm MCU,CMP-03,-,CMP,scratch_diagonal,对角线刮伤，怀疑机械手搬运路径与 pad condition 异常,检查机械手轨迹并更换 pad,13,27,-3.0,11.0,PASS,pass
LOT-A,改善前,W05,28nm MCU,CMP-03,-,CMP,scratch_diagonal,对角线刮伤，怀疑机械手搬运路径与 pad condition 异常,检查机械手轨迹并更换 pad,14,27,-2.0,11.0,PASS,pass
LOT-A,改善前,W05,28nm MCU,CMP-03,-,CMP,scratch_diagonal,对角线刮伤，怀疑机械手搬运路径与 pad condition 异常,检查机械手轨迹并更换 pad,15,27,-1.0,11.0,PASS,pass
LOT-A,改善前,W05,28nm MCU,CMP-03,-,CMP,scratch_diagonal,对角线刮伤，怀疑机械手搬运路径与 pad condition 异常,检查机械手轨迹并更换 pad,16,27,0.0,11.0,PASS,pass
LOT-A,改善前,W05,28nm MCU,CMP-03,-,CMP,scratch_diagonal,对角线刮伤，怀疑机械手搬运路径与 pad condition 异常,检查机械手轨迹并更换 pad,17,27,1.0,11.0,PASS,pass
LOT-A,改善前,W05,28nm MCU,CMP-03,-,CMP,scratch_diagonal,对角线刮伤，怀疑机械手搬运路径与 pad condition 异常,检查机械手轨迹并更换 pad,18,27,2.0,11.0,PASS,pass
LOT-A,改善前,W05,28nm MCU,CMP-03,-,CMP,scratch_diagonal,对角线刮伤，怀疑机械手搬运路径与 pad condition 异常,检查机械手轨迹并更换 pad,19,27,3.0,11.0,PASS,pass
LOT-A,改善前,W05,28nm MCU,CMP-03,-,CMP,scratch_diagonal,对角线刮伤，怀疑机械手搬运路径与 pad condition 异常,检查机械手轨迹并更换 pad,20,27,4.0,11.0,PASS,pass
LOT-A,改善前,W05,28nm MCU,CMP-03,-,CMP,scratch_diagonal,对角线刮伤，怀疑机械手搬运路径与 pad condition 异常,检查机械手轨迹并更换 pad,21,27,5.0,11.0,PASS,pass
LOT-A,改善前,W05,28nm MCU,CMP-03,-,CMP,scratch_diagonal,对角线刮伤，怀疑机械手搬运路径与 pad condition 异常,检查机械手轨迹并更换 pad,22,27,6.0,11.0,PASS,pass
LOT-A,改善前,W05,28nm MCU,CMP-03,-,CMP,scratch_diagonal,对角线刮伤，怀疑机械手搬运路径与 pad condition 异常,检查机械手轨迹并更换 pad,23,27,7.0,11.0,PASS,pass
LOT-A,改善前,W05,28nm MCU,CMP-03,-,CMP,scratch_diagonal,对角线刮伤，怀疑机械手搬运路径与 pad condition 异常,检查机械手轨迹并更换 pad,24,27,8.0,11.0,PASS,pass
LOT-A,改善前,W05,28nm MCU,CMP-03,-,CMP,scratch_diagonal,对角线刮伤，怀疑机械手搬运路径与 pad condition 异常,检查机械手轨迹并更换 pad,25,27,9.0,11.0,PASS,pass
LOT-A,改善前,W05,28nm MCU,CMP-03,-,CMP,scratch_diagonal,对角线刮伤，怀疑机械手搬运路径与 pad condition 异常,检查机械手轨迹并更换 pad,8,28,-8.0,12.0,PASS,pass
LOT-A,改善前,W05,28nm MCU,CMP-03,-,CMP,scratch_diagonal,对角线刮伤，怀疑机械手搬运路径与 pad condition 异常,检查机械手轨迹并更换 pad,9,28,-7.0,12.0,PASS,pass
LOT-A,改善前,W05,28nm MCU,CMP-03,-,CMP,scratch_diagonal,对角线刮伤，怀疑机械手搬运路径与 pad condition 异常,检查机械手轨迹并更换 pad,10,28,-6.0,12.0,PASS,pass
LOT-A,改善前,W05,28nm MCU,CMP-03,-,CMP,scratch_diagonal,对角线刮伤，怀疑机械手搬运路径与 pad condition 异常,检查机械手轨迹并更换 pad,11,28,-5.0,12.0,PASS,pass
LOT-A,改善前,W05,28nm MCU,CMP-03,-,CMP,scratch_diagonal,对角线刮伤，怀疑机械手搬运路径与 pad condition 异常,检查机械手轨迹并更换 pad,12,28,-4.0,12.0,PASS,pass
LOT-A,改善前,W05,28nm MCU,CMP-03,-,CMP,scratch_diagonal,对角线刮伤，怀疑机械手搬运路径与 pad condition 异常,检查机械手轨迹并更换 pad,13,28,-3.0,12.0,PASS,pass
LOT-A,改善前,W05,28nm MCU,CMP-03,-,CMP,scratch_diagonal,对角线刮伤，怀疑机械手搬运路径与 pad condition 异常,检查机械手轨迹并更换 pad,14,28,-2.0,12.0,PASS,pass
LOT-A,改善前,W05,28nm MCU,CMP-03,-,CMP,scratch_diagonal,对角线刮伤，怀疑机械手搬运路径与 pad condition 异常,检查机械手轨迹并更换 pad,15,28,-1.0,12.0,PASS,pass
LOT-A,改善前,W05,28nm MCU,CMP-03,-,CMP,scratch_diagonal,对角线刮伤，怀疑机械手搬运路径与 pad condition 异常,检查机械手轨迹并更换 pad,16,28,0.0,12.0,PASS,pass
LOT-A,改善前,W05,28nm MCU,CMP-03,-,CMP,scratch_diagonal,对角线刮伤，怀疑机械手搬运路径与 pad condition 异常,检查机械手轨迹并更换 pad,17,28,1.0,12.0,PASS,pass
LOT-A,改善前,W05,28nm MCU,CMP-03,-,CMP,scratch_diagonal,对角线刮伤，怀疑机械手搬运路径与 pad condition 异常,检查机械手轨迹并更换 pad,18,28,2.0,12.0,PASS,pass
LOT-A,改善前,W05,28nm MCU,CMP-03,-,CMP,scratch_diagonal,对角线刮伤，怀疑机械手搬运路径与 pad condition 异常,检查机械手轨迹并更换 pad,19,28,3.0,12.0,PASS,pass
LOT-A,改善前,W05,28nm MCU,CMP-03,-,CMP,scratch_diagonal,对角线刮伤，怀疑机械手搬运路径与 pad condition 异常,检查机械手轨迹并更换 pad,20,28,4.0,12.0,PASS,pass
LOT-A,改善前,W05,28nm MCU,CMP-03,-,CMP,scratch_diagonal,对角线刮伤，怀疑机械手搬运路径与 pad condition 异常,检查机械手轨迹并更换 pad,21,28,5.0,12.0,PASS,pass
LOT-A,改善前,W05,28nm MCU,CMP-03,-,CMP,scratch_diagonal,对角线刮伤，怀疑机械手搬运路径与 pad condition 异常,检查机械手轨迹并更换 pad,22,28,6.0,12.0,PASS,pass
LOT-A,改善前,W05,28nm MCU,CMP-03,-,CMP,scratch_diagonal,对角线刮伤，怀疑机械手搬运路径与 pad condition 异常,检查机械手轨迹并更换 pad,23,28,7.0,12.0,PASS,pass
LOT-A,改善前,W05,28nm MCU,CMP-03,-,CMP,scratch_diagonal,对角线刮伤，怀疑机械手搬运路径与 pad condition 异常,检查机械手轨迹并更换 pad,24,28,8.0,12.0,PASS,pass
LOT-A,改善前,W05,28nm MCU,CMP-03,-,CMP,scratch_diagonal,对角线刮伤，怀疑机械手搬运路径与 pad condition 异常,检查机械手轨迹并更换 pad,9,29,-7.0,13.0,PASS,pass
LOT-A,改善前,W05,28nm MCU,CMP-03,-,CMP,scratch_diagonal,对角线刮伤，怀疑机械手搬运路径与 pad condition 异常,检查机械手轨迹并更换 pad,10,29,-6.0,13.0,PASS,pass
LOT-A,改善前,W05,28nm MCU,CMP-03,-,CMP,scratch_diagonal,对角线刮伤，怀疑机械手搬运路径与 pad condition 异常,检查机械手轨迹并更换 pad,11,29,-5.0,13.0,PASS,pass
LOT-A,改善前,W05,28nm MCU,CMP-03,-,CMP,scratch_diagonal,对角线刮伤，怀疑机械手搬运路径与 pad condition 异常,检查机械手轨迹并更换 pad,12,29,-4.0,13.0,PASS,pass
LOT-A,改善前,W05,28nm MCU,CMP-03,-,CMP,scratch_diagonal,对角线刮伤，怀疑机械手搬运路径与 pad condition 异常,检查机械手轨迹并更换 pad,13,29,-3.0,13.0,PASS,pass
LOT-A,改善前,W05,28nm MCU,CMP-03,-,CMP,scratch_diagonal,对角线刮伤，怀疑机械手搬运路径与 pad condition 异常,检查机械手轨迹并更换 pad,14,29,-2.0,13.0,PASS,pass
LOT-A,改善前,W05,28nm MCU,CMP-03,-,CMP,scratch_diagonal,对角线刮伤，怀疑机械手搬运路径与 pad condition 异常,检查机械手轨迹并更换 pad,15,29,-1.0,13.0,PASS,pass
LOT-A,改善前,W05,28nm MCU,CMP-03,-,CMP,scratch_diagonal,对角线刮伤，怀疑机械手搬运路径与 pad condition 异常,检查机械手轨迹并更换 pad,16,29,0.0,13.0,PASS,pass
LOT-A,改善前,W05,28nm MCU,CMP-03,-,CMP,scratch_diagonal,对角线刮伤，怀疑机械手搬运路径与 pad condition 异常,检查机械手轨迹并更换 pad,17,29,1.0,13.0,PASS,pass
LOT-A,改善前,W05,28nm MCU,CMP-03,-,CMP,scratch_diagonal,对角线刮伤，怀疑机械手搬运路径与 pad condition 异常,检查机械手轨迹并更换 pad,18,29,2.0,13.0,PASS,pass
LOT-A,改善前,W05,28nm MCU,CMP-03,-,CMP,scratch_diagonal,对角线刮伤，怀疑机械手搬运路径与 pad condition 异常,检查机械手轨迹并更换 pad,19,29,3.0,13.0,PASS,pass
LOT-A,改善前,W05,28nm MCU,CMP-03,-,CMP,scratch_diagonal,对角线刮伤，怀疑机械手搬运路径与 pad condition 异常,检查机械手轨迹并更换 pad,20,29,4.0,13.0,PASS,pass
LOT-A,改善前,W05,28nm MCU,CMP-03,-,CMP,scratch_diagonal,对角线刮伤，怀疑机械手搬运路径与 pad condition 异常,检查机械手轨迹并更换 pad,21,29,5.0,13.0,PASS,pass
LOT-A,改善前,W05,28nm MCU,CMP-03,-,CMP,scratch_diagonal,对角线刮伤，怀疑机械手搬运路径与 pad condition 异常,检查机械手轨迹并更换 pad,22,29,6.0,13.0,PASS,pass
LOT-A,改善前,W05,28nm MCU,CMP-03,-,CMP,scratch_diagonal,对角线刮伤，怀疑机械手搬运路径与 pad condition 异常,检查机械手轨迹并更换 pad,23,29,7.0,13.0,PASS,pass
LOT-A,改善前,W05,28nm MCU,CMP-03,-,CMP,scratch_diagonal,对角线刮伤，怀疑机械手搬运路径与 pad condition 异常,检查机械手轨迹并更换 pad,12,30,-4.0,14.0,PASS,pass
LOT-A,改善前,W05,28nm MCU,CMP-03,-,CMP,scratch_diagonal,对角线刮伤，怀疑机械手搬运路径与 pad condition 异常,检查机械手轨迹并更换 pad,13,30,-3.0,14.0,PASS,pass
LOT-A,改善前,W05,28nm MCU,CMP-03,-,CMP,scratch_diagonal,对角线刮伤，怀疑机械手搬运路径与 pad condition 异常,检查机械手轨迹并更换 pad,14,30,-2.0,14.0,PASS,pass
LOT-A,改善前,W05,28nm MCU,CMP-03,-,CMP,scratch_diagonal,对角线刮伤，怀疑机械手搬运路径与 pad condition 异常,检查机械手轨迹并更换 pad,15,30,-1.0,14.0,PASS,pass
LOT-A,改善前,W05,28nm MCU,CMP-03,-,CMP,scratch_diagonal,对角线刮伤，怀疑机械手搬运路径与 pad condition 异常,检查机械手轨迹并更换 pad,16,30,0.0,14.0,PASS,pass
LOT-A,改善前,W05,28nm MCU,CMP-03,-,CMP,scratch_diagonal,对角线刮伤，怀疑机械手搬运路径与 pad condition 异常,检查机械手轨迹并更换 pad,17,30,1.0,14.0,PASS,pass
LOT-A,改善前,W05,28nm MCU,CMP-03,-,CMP,scratch_diagonal,对角线刮伤，怀疑机械手搬运路径与 pad condition 异常,检查机械手轨迹并更换 pad,18,30,2.0,14.0,PASS,pass
LOT-A,改善前,W05,28nm MCU,CMP-03,-,CMP,scratch_diagonal,对角线刮伤，怀疑机械手搬运路径与 pad condition 异常,检查机械手轨迹并更换 pad,19,30,3.0,14.0,PASS,pass
LOT-A,改善前,W05,28nm MCU,CMP-03,-,CMP,scratch_diagonal,对角线刮伤，怀疑机械手搬运路径与 pad condition 异常,检查机械手轨迹并更换 pad,20,30,4.0,14.0,PASS,pass
LOT-A,改善前,W06,28nm MCU,LITHO-02,-,Lithography,center_hotspot,中心热点失效，怀疑 focus map 偏差,重跑 focus/exposure matrix,12,2,-4.0,-14.0,PASS,pass
LOT-A,改善前,W06,28nm MCU,LITHO-02,-,Lithography,center_hotspot,中心热点失效，怀疑 focus map 偏差,重跑 focus/exposure matrix,13,2,-3.0,-14.0,PASS,pass
LOT-A,改善前,W06,28nm MCU,LITHO-02,-,Lithography,center_hotspot,中心热点失效，怀疑 focus map 偏差,重跑 focus/exposure matrix,14,2,-2.0,-14.0,PASS,pass
LOT-A,改善前,W06,28nm MCU,LITHO-02,-,Lithography,center_hotspot,中心热点失效，怀疑 focus map 偏差,重跑 focus/exposure matrix,15,2,-1.0,-14.0,PASS,pass
LOT-A,改善前,W06,28nm MCU,LITHO-02,-,Lithography,center_hotspot,中心热点失效，怀疑 focus map 偏差,重跑 focus/exposure matrix,16,2,0.0,-14.0,PASS,pass
LOT-A,改善前,W06,28nm MCU,LITHO-02,-,Lithography,center_hotspot,中心热点失效，怀疑 focus map 偏差,重跑 focus/exposure matrix,17,2,1.0,-14.0,PASS,pass
LOT-A,改善前,W06,28nm MCU,LITHO-02,-,Lithography,center_hotspot,中心热点失效，怀疑 focus map 偏差,重跑 focus/exposure matrix,18,2,2.0,-14.0,PASS,pass
LOT-A,改善前,W06,28nm MCU,LITHO-02,-,Lithography,center_hotspot,中心热点失效，怀疑 focus map 偏差,重跑 focus/exposure matrix,19,2,3.0,-14.0,PASS,pass
LOT-A,改善前,W06,28nm MCU,LITHO-02,-,Lithography,center_hotspot,中心热点失效，怀疑 focus map 偏差,重跑 focus/exposure matrix,20,2,4.0,-14.0,PASS,pass
LOT-A,改善前,W06,28nm MCU,LITHO-02,-,Lithography,center_hotspot,中心热点失效，怀疑 focus map 偏差,重跑 focus/exposure matrix,9,3,-7.0,-13.0,PASS,pass
LOT-A,改善前,W06,28nm MCU,LITHO-02,-,Lithography,center_hotspot,中心热点失效，怀疑 focus map 偏差,重跑 focus/exposure matrix,10,3,-6.0,-13.0,PASS,pass
LOT-A,改善前,W06,28nm MCU,LITHO-02,-,Lithography,center_hotspot,中心热点失效，怀疑 focus map 偏差,重跑 focus/exposure matrix,11,3,-5.0,-13.0,PASS,pass
LOT-A,改善前,W06,28nm MCU,LITHO-02,-,Lithography,center_hotspot,中心热点失效，怀疑 focus map 偏差,重跑 focus/exposure matrix,12,3,-4.0,-13.0,PASS,pass
LOT-A,改善前,W06,28nm MCU,LITHO-02,-,Lithography,center_hotspot,中心热点失效，怀疑 focus map 偏差,重跑 focus/exposure matrix,13,3,-3.0,-13.0,PASS,pass
LOT-A,改善前,W06,28nm MCU,LITHO-02,-,Lithography,center_hotspot,中心热点失效，怀疑 focus map 偏差,重跑 focus/exposure matrix,14,3,-2.0,-13.0,PASS,pass
LOT-A,改善前,W06,28nm MCU,LITHO-02,-,Lithography,center_hotspot,中心热点失效，怀疑 focus map 偏差,重跑 focus/exposure matrix,15,3,-1.0,-13.0,PASS,pass
LOT-A,改善前,W06,28nm MCU,LITHO-02,-,Lithography,center_hotspot,中心热点失效，怀疑 focus map 偏差,重跑 focus/exposure matrix,16,3,0.0,-13.0,PASS,pass
LOT-A,改善前,W06,28nm MCU,LITHO-02,-,Lithography,center_hotspot,中心热点失效，怀疑 focus map 偏差,重跑 focus/exposure matrix,17,3,1.0,-13.0,PASS,pass
LOT-A,改善前,W06,28nm MCU,LITHO-02,-,Lithography,center_hotspot,中心热点失效，怀疑 focus map 偏差,重跑 focus/exposure matrix,18,3,2.0,-13.0,PASS,pass
LOT-A,改善前,W06,28nm MCU,LITHO-02,-,Lithography,center_hotspot,中心热点失效，怀疑 focus map 偏差,重跑 focus/exposure matrix,19,3,3.0,-13.0,PASS,pass
LOT-A,改善前,W06,28nm MCU,LITHO-02,-,Lithography,center_hotspot,中心热点失效，怀疑 focus map 偏差,重跑 focus/exposure matrix,20,3,4.0,-13.0,PASS,pass
LOT-A,改善前,W06,28nm MCU,LITHO-02,-,Lithography,center_hotspot,中心热点失效，怀疑 focus map 偏差,重跑 focus/exposure matrix,21,3,5.0,-13.0,PASS,pass
LOT-A,改善前,W06,28nm MCU,LITHO-02,-,Lithography,center_hotspot,中心热点失效，怀疑 focus map 偏差,重跑 focus/exposure matrix,22,3,6.0,-13.0,PASS,pass
LOT-A,改善前,W06,28nm MCU,LITHO-02,-,Lithography,center_hotspot,中心热点失效，怀疑 focus map 偏差,重跑 focus/exposure matrix,23,3,7.0,-13.0,PASS,pass
LOT-A,改善前,W06,28nm MCU,LITHO-02,-,Lithography,center_hotspot,中心热点失效，怀疑 focus map 偏差,重跑 focus/exposure matrix,8,4,-8.0,-12.0,PASS,pass
LOT-A,改善前,W06,28nm MCU,LITHO-02,-,Lithography,center_hotspot,中心热点失效，怀疑 focus map 偏差,重跑 focus/exposure matrix,9,4,-7.0,-12.0,PASS,pass
LOT-A,改善前,W06,28nm MCU,LITHO-02,-,Lithography,center_hotspot,中心热点失效，怀疑 focus map 偏差,重跑 focus/exposure matrix,10,4,-6.0,-12.0,PASS,pass
LOT-A,改善前,W06,28nm MCU,LITHO-02,-,Lithography,center_hotspot,中心热点失效，怀疑 focus map 偏差,重跑 focus/exposure matrix,11,4,-5.0,-12.0,PASS,pass
LOT-A,改善前,W06,28nm MCU,LITHO-02,-,Lithography,center_hotspot,中心热点失效，怀疑 focus map 偏差,重跑 focus/exposure matrix,12,4,-4.0,-12.0,PASS,pass
LOT-A,改善前,W06,28nm MCU,LITHO-02,-,Lithography,center_hotspot,中心热点失效，怀疑 focus map 偏差,重跑 focus/exposure matrix,13,4,-3.0,-12.0,PASS,pass
LOT-A,改善前,W06,28nm MCU,LITHO-02,-,Lithography,center_hotspot,中心热点失效，怀疑 focus map 偏差,重跑 focus/exposure matrix,14,4,-2.0,-12.0,PASS,pass
LOT-A,改善前,W06,28nm MCU,LITHO-02,-,Lithography,center_hotspot,中心热点失效，怀疑 focus map 偏差,重跑 focus/exposure matrix,15,4,-1.0,-12.0,PASS,pass
LOT-A,改善前,W06,28nm MCU,LITHO-02,-,Lithography,center_hotspot,中心热点失效，怀疑 focus map 偏差,重跑 focus/exposure matrix,16,4,0.0,-12.0,PASS,pass
LOT-A,改善前,W06,28nm MCU,LITHO-02,-,Lithography,center_hotspot,中心热点失效，怀疑 focus map 偏差,重跑 focus/exposure matrix,17,4,1.0,-12.0,PASS,pass
LOT-A,改善前,W06,28nm MCU,LITHO-02,-,Lithography,center_hotspot,中心热点失效，怀疑 focus map 偏差,重跑 focus/exposure matrix,18,4,2.0,-12.0,PASS,pass
LOT-A,改善前,W06,28nm MCU,LITHO-02,-,Lithography,center_hotspot,中心热点失效，怀疑 focus map 偏差,重跑 focus/exposure matrix,19,4,3.0,-12.0,PASS,pass
LOT-A,改善前,W06,28nm MCU,LITHO-02,-,Lithography,center_hotspot,中心热点失效，怀疑 focus map 偏差,重跑 focus/exposure matrix,20,4,4.0,-12.0,PASS,pass
LOT-A,改善前,W06,28nm MCU,LITHO-02,-,Lithography,center_hotspot,中心热点失效，怀疑 focus map 偏差,重跑 focus/exposure matrix,21,4,5.0,-12.0,PASS,pass
LOT-A,改善前,W06,28nm MCU,LITHO-02,-,Lithography,center_hotspot,中心热点失效，怀疑 focus map 偏差,重跑 focus/exposure matrix,22,4,6.0,-12.0,PASS,pass
LOT-A,改善前,W06,28nm MCU,LITHO-02,-,Lithography,center_hotspot,中心热点失效，怀疑 focus map 偏差,重跑 focus/exposure matrix,23,4,7.0,-12.0,PASS,pass
LOT-A,改善前,W06,28nm MCU,LITHO-02,-,Lithography,center_hotspot,中心热点失效，怀疑 focus map 偏差,重跑 focus/exposure matrix,24,4,8.0,-12.0,PASS,pass
LOT-A,改善前,W06,28nm MCU,LITHO-02,-,Lithography,center_hotspot,中心热点失效，怀疑 focus map 偏差,重跑 focus/exposure matrix,7,5,-9.0,-11.0,PASS,pass
LOT-A,改善前,W06,28nm MCU,LITHO-02,-,Lithography,center_hotspot,中心热点失效，怀疑 focus map 偏差,重跑 focus/exposure matrix,8,5,-8.0,-11.0,PASS,pass
LOT-A,改善前,W06,28nm MCU,LITHO-02,-,Lithography,center_hotspot,中心热点失效，怀疑 focus map 偏差,重跑 focus/exposure matrix,9,5,-7.0,-11.0,PASS,pass
LOT-A,改善前,W06,28nm MCU,LITHO-02,-,Lithography,center_hotspot,中心热点失效，怀疑 focus map 偏差,重跑 focus/exposure matrix,10,5,-6.0,-11.0,PASS,pass
LOT-A,改善前,W06,28nm MCU,LITHO-02,-,Lithography,center_hotspot,中心热点失效，怀疑 focus map 偏差,重跑 focus/exposure matrix,11,5,-5.0,-11.0,PASS,pass
LOT-A,改善前,W06,28nm MCU,LITHO-02,-,Lithography,center_hotspot,中心热点失效，怀疑 focus map 偏差,重跑 focus/exposure matrix,12,5,-4.0,-11.0,PASS,pass
LOT-A,改善前,W06,28nm MCU,LITHO-02,-,Lithography,center_hotspot,中心热点失效，怀疑 focus map 偏差,重跑 focus/exposure matrix,13,5,-3.0,-11.0,PASS,pass
LOT-A,改善前,W06,28nm MCU,LITHO-02,-,Lithography,center_hotspot,中心热点失效，怀疑 focus map 偏差,重跑 focus/exposure matrix,14,5,-2.0,-11.0,PASS,pass
LOT-A,改善前,W06,28nm MCU,LITHO-02,-,Lithography,center_hotspot,中心热点失效，怀疑 focus map 偏差,重跑 focus/exposure matrix,15,5,-1.0,-11.0,PASS,pass
LOT-A,改善前,W06,28nm MCU,LITHO-02,-,Lithography,center_hotspot,中心热点失效，怀疑 focus map 偏差,重跑 focus/exposure matrix,16,5,0.0,-11.0,PASS,pass
LOT-A,改善前,W06,28nm MCU,LITHO-02,-,Lithography,center_hotspot,中心热点失效，怀疑 focus map 偏差,重跑 focus/exposure matrix,17,5,1.0,-11.0,PASS,pass
LOT-A,改善前,W06,28nm MCU,LITHO-02,-,Lithography,center_hotspot,中心热点失效，怀疑 focus map 偏差,重跑 focus/exposure matrix,18,5,2.0,-11.0,PASS,pass
LOT-A,改善前,W06,28nm MCU,LITHO-02,-,Lithography,center_hotspot,中心热点失效，怀疑 focus map 偏差,重跑 focus/exposure matrix,19,5,3.0,-11.0,PASS,pass
LOT-A,改善前,W06,28nm MCU,LITHO-02,-,Lithography,center_hotspot,中心热点失效，怀疑 focus map 偏差,重跑 focus/exposure matrix,20,5,4.0,-11.0,PASS,pass
LOT-A,改善前,W06,28nm MCU,LITHO-02,-,Lithography,center_hotspot,中心热点失效，怀疑 focus map 偏差,重跑 focus/exposure matrix,21,5,5.0,-11.0,PASS,pass
LOT-A,改善前,W06,28nm MCU,LITHO-02,-,Lithography,center_hotspot,中心热点失效，怀疑 focus map 偏差,重跑 focus/exposure matrix,22,5,6.0,-11.0,PASS,pass
LOT-A,改善前,W06,28nm MCU,LITHO-02,-,Lithography,center_hotspot,中心热点失效，怀疑 focus map 偏差,重跑 focus/exposure matrix,23,5,7.0,-11.0,PASS,pass
LOT-A,改善前,W06,28nm MCU,LITHO-02,-,Lithography,center_hotspot,中心热点失效，怀疑 focus map 偏差,重跑 focus/exposure matrix,24,5,8.0,-11.0,PASS,pass
LOT-A,改善前,W06,28nm MCU,LITHO-02,-,Lithography,center_hotspot,中心热点失效，怀疑 focus map 偏差,重跑 focus/exposure matrix,25,5,9.0,-11.0,PASS,pass
LOT-A,改善前,W06,28nm MCU,LITHO-02,-,Lithography,center_hotspot,中心热点失效，怀疑 focus map 偏差,重跑 focus/exposure matrix,6,6,-10.0,-10.0,PASS,pass
LOT-A,改善前,W06,28nm MCU,LITHO-02,-,Lithography,center_hotspot,中心热点失效，怀疑 focus map 偏差,重跑 focus/exposure matrix,7,6,-9.0,-10.0,PASS,pass
LOT-A,改善前,W06,28nm MCU,LITHO-02,-,Lithography,center_hotspot,中心热点失效，怀疑 focus map 偏差,重跑 focus/exposure matrix,8,6,-8.0,-10.0,PASS,pass
LOT-A,改善前,W06,28nm MCU,LITHO-02,-,Lithography,center_hotspot,中心热点失效，怀疑 focus map 偏差,重跑 focus/exposure matrix,9,6,-7.0,-10.0,PASS,pass
LOT-A,改善前,W06,28nm MCU,LITHO-02,-,Lithography,center_hotspot,中心热点失效，怀疑 focus map 偏差,重跑 focus/exposure matrix,10,6,-6.0,-10.0,PASS,pass
LOT-A,改善前,W06,28nm MCU,LITHO-02,-,Lithography,center_hotspot,中心热点失效，怀疑 focus map 偏差,重跑 focus/exposure matrix,11,6,-5.0,-10.0,PASS,pass
LOT-A,改善前,W06,28nm MCU,LITHO-02,-,Lithography,center_hotspot,中心热点失效，怀疑 focus map 偏差,重跑 focus/exposure matrix,12,6,-4.0,-10.0,PASS,pass
LOT-A,改善前,W06,28nm MCU,LITHO-02,-,Lithography,center_hotspot,中心热点失效，怀疑 focus map 偏差,重跑 focus/exposure matrix,13,6,-3.0,-10.0,PASS,pass
LOT-A,改善前,W06,28nm MCU,LITHO-02,-,Lithography,center_hotspot,中心热点失效，怀疑 focus map 偏差,重跑 focus/exposure matrix,14,6,-2.0,-10.0,PASS,pass
LOT-A,改善前,W06,28nm MCU,LITHO-02,-,Lithography,center_hotspot,中心热点失效，怀疑 focus map 偏差,重跑 focus/exposure matrix,15,6,-1.0,-10.0,PASS,pass
LOT-A,改善前,W06,28nm MCU,LITHO-02,-,Lithography,center_hotspot,中心热点失效，怀疑 focus map 偏差,重跑 focus/exposure matrix,16,6,0.0,-10.0,PASS,pass
LOT-A,改善前,W06,28nm MCU,LITHO-02,-,Lithography,center_hotspot,中心热点失效，怀疑 focus map 偏差,重跑 focus/exposure matrix,17,6,1.0,-10.0,PASS,pass
LOT-A,改善前,W06,28nm MCU,LITHO-02,-,Lithography,center_hotspot,中心热点失效，怀疑 focus map 偏差,重跑 focus/exposure matrix,18,6,2.0,-10.0,PASS,pass
LOT-A,改善前,W06,28nm MCU,LITHO-02,-,Lithography,center_hotspot,中心热点失效，怀疑 focus map 偏差,重跑 focus/exposure matrix,19,6,3.0,-10.0,PASS,pass
LOT-A,改善前,W06,28nm MCU,LITHO-02,-,Lithography,center_hotspot,中心热点失效，怀疑 focus map 偏差,重跑 focus/exposure matrix,20,6,4.0,-10.0,PASS,pass
LOT-A,改善前,W06,28nm MCU,LITHO-02,-,Lithography,center_hotspot,中心热点失效，怀疑 focus map 偏差,重跑 focus/exposure matrix,21,6,5.0,-10.0,PASS,pass
LOT-A,改善前,W06,28nm MCU,LITHO-02,-,Lithography,center_hotspot,中心热点失效，怀疑 focus map 偏差,重跑 focus/exposure matrix,22,6,6.0,-10.0,PASS,pass
LOT-A,改善前,W06,28nm MCU,LITHO-02,-,Lithography,center_hotspot,中心热点失效，怀疑 focus map 偏差,重跑 focus/exposure matrix,23,6,7.0,-10.0,PASS,pass
LOT-A,改善前,W06,28nm MCU,LITHO-02,-,Lithography,center_hotspot,中心热点失效，怀疑 focus map 偏差,重跑 focus/exposure matrix,24,6,8.0,-10.0,PASS,pass
LOT-A,改善前,W06,28nm MCU,LITHO-02,-,Lithography,center_hotspot,中心热点失效，怀疑 focus map 偏差,重跑 focus/exposure matrix,25,6,9.0,-10.0,PASS,pass
LOT-A,改善前,W06,28nm MCU,LITHO-02,-,Lithography,center_hotspot,中心热点失效，怀疑 focus map 偏差,重跑 focus/exposure matrix,26,6,10.0,-10.0,PASS,pass
LOT-A,改善前,W06,28nm MCU,LITHO-02,-,Lithography,center_hotspot,中心热点失效，怀疑 focus map 偏差,重跑 focus/exposure matrix,5,7,-11.0,-9.0,PASS,pass
LOT-A,改善前,W06,28nm MCU,LITHO-02,-,Lithography,center_hotspot,中心热点失效，怀疑 focus map 偏差,重跑 focus/exposure matrix,6,7,-10.0,-9.0,PASS,pass
LOT-A,改善前,W06,28nm MCU,LITHO-02,-,Lithography,center_hotspot,中心热点失效，怀疑 focus map 偏差,重跑 focus/exposure matrix,7,7,-9.0,-9.0,PASS,pass
LOT-A,改善前,W06,28nm MCU,LITHO-02,-,Lithography,center_hotspot,中心热点失效，怀疑 focus map 偏差,重跑 focus/exposure matrix,8,7,-8.0,-9.0,PASS,pass
LOT-A,改善前,W06,28nm MCU,LITHO-02,-,Lithography,center_hotspot,中心热点失效，怀疑 focus map 偏差,重跑 focus/exposure matrix,9,7,-7.0,-9.0,PASS,pass
LOT-A,改善前,W06,28nm MCU,LITHO-02,-,Lithography,center_hotspot,中心热点失效，怀疑 focus map 偏差,重跑 focus/exposure matrix,10,7,-6.0,-9.0,PASS,pass
LOT-A,改善前,W06,28nm MCU,LITHO-02,-,Lithography,center_hotspot,中心热点失效，怀疑 focus map 偏差,重跑 focus/exposure matrix,11,7,-5.0,-9.0,PASS,pass
LOT-A,改善前,W06,28nm MCU,LITHO-02,-,Lithography,center_hotspot,中心热点失效，怀疑 focus map 偏差,重跑 focus/exposure matrix,12,7,-4.0,-9.0,PASS,pass
LOT-A,改善前,W06,28nm MCU,LITHO-02,-,Lithography,center_hotspot,中心热点失效，怀疑 focus map 偏差,重跑 focus/exposure matrix,13,7,-3.0,-9.0,PASS,pass
LOT-A,改善前,W06,28nm MCU,LITHO-02,-,Lithography,center_hotspot,中心热点失效，怀疑 focus map 偏差,重跑 focus/exposure matrix,14,7,-2.0,-9.0,PASS,pass
LOT-A,改善前,W06,28nm MCU,LITHO-02,-,Lithography,center_hotspot,中心热点失效，怀疑 focus map 偏差,重跑 focus/exposure matrix,15,7,-1.0,-9.0,PASS,pass
LOT-A,改善前,W06,28nm MCU,LITHO-02,-,Lithography,center_hotspot,中心热点失效，怀疑 focus map 偏差,重跑 focus/exposure matrix,16,7,0.0,-9.0,PASS,pass
LOT-A,改善前,W06,28nm MCU,LITHO-02,-,Lithography,center_hotspot,中心热点失效，怀疑 focus map 偏差,重跑 focus/exposure matrix,17,7,1.0,-9.0,PASS,pass
LOT-A,改善前,W06,28nm MCU,LITHO-02,-,Lithography,center_hotspot,中心热点失效，怀疑 focus map 偏差,重跑 focus/exposure matrix,18,7,2.0,-9.0,PASS,pass
LOT-A,改善前,W06,28nm MCU,LITHO-02,-,Lithography,center_hotspot,中心热点失效，怀疑 focus map 偏差,重跑 focus/exposure matrix,19,7,3.0,-9.0,PASS,pass
LOT-A,改善前,W06,28nm MCU,LITHO-02,-,Lithography,center_hotspot,中心热点失效，怀疑 focus map 偏差,重跑 focus/exposure matrix,20,7,4.0,-9.0,PASS,pass
LOT-A,改善前,W06,28nm MCU,LITHO-02,-,Lithography,center_hotspot,中心热点失效，怀疑 focus map 偏差,重跑 focus/exposure matrix,21,7,5.0,-9.0,PASS,pass
LOT-A,改善前,W06,28nm MCU,LITHO-02,-,Lithography,center_hotspot,中心热点失效，怀疑 focus map 偏差,重跑 focus/exposure matrix,22,7,6.0,-9.0,PASS,pass
LOT-A,改善前,W06,28nm MCU,LITHO-02,-,Lithography,center_hotspot,中心热点失效，怀疑 focus map 偏差,重跑 focus/exposure matrix,23,7,7.0,-9.0,PASS,pass
LOT-A,改善前,W06,28nm MCU,LITHO-02,-,Lithography,center_hotspot,中心热点失效，怀疑 focus map 偏差,重跑 focus/exposure matrix,24,7,8.0,-9.0,PASS,pass
LOT-A,改善前,W06,28nm MCU,LITHO-02,-,Lithography,center_hotspot,中心热点失效，怀疑 focus map 偏差,重跑 focus/exposure matrix,25,7,9.0,-9.0,PASS,pass
LOT-A,改善前,W06,28nm MCU,LITHO-02,-,Lithography,center_hotspot,中心热点失效，怀疑 focus map 偏差,重跑 focus/exposure matrix,26,7,10.0,-9.0,PASS,pass
LOT-A,改善前,W06,28nm MCU,LITHO-02,-,Lithography,center_hotspot,中心热点失效，怀疑 focus map 偏差,重跑 focus/exposure matrix,27,7,11.0,-9.0,PASS,pass
LOT-A,改善前,W06,28nm MCU,LITHO-02,-,Lithography,center_hotspot,中心热点失效，怀疑 focus map 偏差,重跑 focus/exposure matrix,4,8,-12.0,-8.0,PASS,pass
LOT-A,改善前,W06,28nm MCU,LITHO-02,-,Lithography,center_hotspot,中心热点失效，怀疑 focus map 偏差,重跑 focus/exposure matrix,5,8,-11.0,-8.0,PASS,pass
LOT-A,改善前,W06,28nm MCU,LITHO-02,-,Lithography,center_hotspot,中心热点失效，怀疑 focus map 偏差,重跑 focus/exposure matrix,6,8,-10.0,-8.0,PASS,pass
LOT-A,改善前,W06,28nm MCU,LITHO-02,-,Lithography,center_hotspot,中心热点失效，怀疑 focus map 偏差,重跑 focus/exposure matrix,7,8,-9.0,-8.0,PASS,pass
LOT-A,改善前,W06,28nm MCU,LITHO-02,-,Lithography,center_hotspot,中心热点失效，怀疑 focus map 偏差,重跑 focus/exposure matrix,8,8,-8.0,-8.0,PASS,pass
LOT-A,改善前,W06,28nm MCU,LITHO-02,-,Lithography,center_hotspot,中心热点失效，怀疑 focus map 偏差,重跑 focus/exposure matrix,9,8,-7.0,-8.0,PASS,pass
LOT-A,改善前,W06,28nm MCU,LITHO-02,-,Lithography,center_hotspot,中心热点失效，怀疑 focus map 偏差,重跑 focus/exposure matrix,10,8,-6.0,-8.0,PASS,pass
LOT-A,改善前,W06,28nm MCU,LITHO-02,-,Lithography,center_hotspot,中心热点失效，怀疑 focus map 偏差,重跑 focus/exposure matrix,11,8,-5.0,-8.0,PASS,pass
LOT-A,改善前,W06,28nm MCU,LITHO-02,-,Lithography,center_hotspot,中心热点失效，怀疑 focus map 偏差,重跑 focus/exposure matrix,12,8,-4.0,-8.0,PASS,pass
LOT-A,改善前,W06,28nm MCU,LITHO-02,-,Lithography,center_hotspot,中心热点失效，怀疑 focus map 偏差,重跑 focus/exposure matrix,13,8,-3.0,-8.0,PASS,pass
LOT-A,改善前,W06,28nm MCU,LITHO-02,-,Lithography,center_hotspot,中心热点失效，怀疑 focus map 偏差,重跑 focus/exposure matrix,14,8,-2.0,-8.0,PASS,pass
LOT-A,改善前,W06,28nm MCU,LITHO-02,-,Lithography,center_hotspot,中心热点失效，怀疑 focus map 偏差,重跑 focus/exposure matrix,15,8,-1.0,-8.0,PASS,pass
LOT-A,改善前,W06,28nm MCU,LITHO-02,-,Lithography,center_hotspot,中心热点失效，怀疑 focus map 偏差,重跑 focus/exposure matrix,16,8,0.0,-8.0,PASS,pass
LOT-A,改善前,W06,28nm MCU,LITHO-02,-,Lithography,center_hotspot,中心热点失效，怀疑 focus map 偏差,重跑 focus/exposure matrix,17,8,1.0,-8.0,PASS,pass
LOT-A,改善前,W06,28nm MCU,LITHO-02,-,Lithography,center_hotspot,中心热点失效，怀疑 focus map 偏差,重跑 focus/exposure matrix,18,8,2.0,-8.0,PASS,pass
LOT-A,改善前,W06,28nm MCU,LITHO-02,-,Lithography,center_hotspot,中心热点失效，怀疑 focus map 偏差,重跑 focus/exposure matrix,19,8,3.0,-8.0,PASS,pass
LOT-A,改善前,W06,28nm MCU,LITHO-02,-,Lithography,center_hotspot,中心热点失效，怀疑 focus map 偏差,重跑 focus/exposure matrix,20,8,4.0,-8.0,PASS,pass
LOT-A,改善前,W06,28nm MCU,LITHO-02,-,Lithography,center_hotspot,中心热点失效，怀疑 focus map 偏差,重跑 focus/exposure matrix,21,8,5.0,-8.0,PASS,pass
LOT-A,改善前,W06,28nm MCU,LITHO-02,-,Lithography,center_hotspot,中心热点失效，怀疑 focus map 偏差,重跑 focus/exposure matrix,22,8,6.0,-8.0,PASS,pass
LOT-A,改善前,W06,28nm MCU,LITHO-02,-,Lithography,center_hotspot,中心热点失效，怀疑 focus map 偏差,重跑 focus/exposure matrix,23,8,7.0,-8.0,PASS,pass
LOT-A,改善前,W06,28nm MCU,LITHO-02,-,Lithography,center_hotspot,中心热点失效，怀疑 focus map 偏差,重跑 focus/exposure matrix,24,8,8.0,-8.0,PASS,pass
LOT-A,改善前,W06,28nm MCU,LITHO-02,-,Lithography,center_hotspot,中心热点失效，怀疑 focus map 偏差,重跑 focus/exposure matrix,25,8,9.0,-8.0,PASS,pass
LOT-A,改善前,W06,28nm MCU,LITHO-02,-,Lithography,center_hotspot,中心热点失效，怀疑 focus map 偏差,重跑 focus/exposure matrix,26,8,10.0,-8.0,PASS,pass
LOT-A,改善前,W06,28nm MCU,LITHO-02,-,Lithography,center_hotspot,中心热点失效，怀疑 focus map 偏差,重跑 focus/exposure matrix,27,8,11.0,-8.0,PASS,pass
LOT-A,改善前,W06,28nm MCU,LITHO-02,-,Lithography,center_hotspot,中心热点失效，怀疑 focus map 偏差,重跑 focus/exposure matrix,28,8,12.0,-8.0,PASS,pass
LOT-A,改善前,W06,28nm MCU,LITHO-02,-,Lithography,center_hotspot,中心热点失效，怀疑 focus map 偏差,重跑 focus/exposure matrix,3,9,-13.0,-7.0,PASS,pass
LOT-A,改善前,W06,28nm MCU,LITHO-02,-,Lithography,center_hotspot,中心热点失效，怀疑 focus map 偏差,重跑 focus/exposure matrix,4,9,-12.0,-7.0,PASS,pass
LOT-A,改善前,W06,28nm MCU,LITHO-02,-,Lithography,center_hotspot,中心热点失效，怀疑 focus map 偏差,重跑 focus/exposure matrix,5,9,-11.0,-7.0,PASS,pass
LOT-A,改善前,W06,28nm MCU,LITHO-02,-,Lithography,center_hotspot,中心热点失效，怀疑 focus map 偏差,重跑 focus/exposure matrix,6,9,-10.0,-7.0,PASS,pass
LOT-A,改善前,W06,28nm MCU,LITHO-02,-,Lithography,center_hotspot,中心热点失效，怀疑 focus map 偏差,重跑 focus/exposure matrix,7,9,-9.0,-7.0,PASS,pass
LOT-A,改善前,W06,28nm MCU,LITHO-02,-,Lithography,center_hotspot,中心热点失效，怀疑 focus map 偏差,重跑 focus/exposure matrix,8,9,-8.0,-7.0,PASS,pass
LOT-A,改善前,W06,28nm MCU,LITHO-02,-,Lithography,center_hotspot,中心热点失效，怀疑 focus map 偏差,重跑 focus/exposure matrix,9,9,-7.0,-7.0,PASS,pass
LOT-A,改善前,W06,28nm MCU,LITHO-02,-,Lithography,center_hotspot,中心热点失效，怀疑 focus map 偏差,重跑 focus/exposure matrix,10,9,-6.0,-7.0,FAIL,random
LOT-A,改善前,W06,28nm MCU,LITHO-02,-,Lithography,center_hotspot,中心热点失效，怀疑 focus map 偏差,重跑 focus/exposure matrix,11,9,-5.0,-7.0,PASS,pass
LOT-A,改善前,W06,28nm MCU,LITHO-02,-,Lithography,center_hotspot,中心热点失效，怀疑 focus map 偏差,重跑 focus/exposure matrix,12,9,-4.0,-7.0,PASS,pass
LOT-A,改善前,W06,28nm MCU,LITHO-02,-,Lithography,center_hotspot,中心热点失效，怀疑 focus map 偏差,重跑 focus/exposure matrix,13,9,-3.0,-7.0,PASS,pass
LOT-A,改善前,W06,28nm MCU,LITHO-02,-,Lithography,center_hotspot,中心热点失效，怀疑 focus map 偏差,重跑 focus/exposure matrix,14,9,-2.0,-7.0,PASS,pass
LOT-A,改善前,W06,28nm MCU,LITHO-02,-,Lithography,center_hotspot,中心热点失效，怀疑 focus map 偏差,重跑 focus/exposure matrix,15,9,-1.0,-7.0,PASS,pass
LOT-A,改善前,W06,28nm MCU,LITHO-02,-,Lithography,center_hotspot,中心热点失效，怀疑 focus map 偏差,重跑 focus/exposure matrix,16,9,0.0,-7.0,PASS,pass
LOT-A,改善前,W06,28nm MCU,LITHO-02,-,Lithography,center_hotspot,中心热点失效，怀疑 focus map 偏差,重跑 focus/exposure matrix,17,9,1.0,-7.0,PASS,pass
LOT-A,改善前,W06,28nm MCU,LITHO-02,-,Lithography,center_hotspot,中心热点失效，怀疑 focus map 偏差,重跑 focus/exposure matrix,18,9,2.0,-7.0,PASS,pass
LOT-A,改善前,W06,28nm MCU,LITHO-02,-,Lithography,center_hotspot,中心热点失效，怀疑 focus map 偏差,重跑 focus/exposure matrix,19,9,3.0,-7.0,PASS,pass
LOT-A,改善前,W06,28nm MCU,LITHO-02,-,Lithography,center_hotspot,中心热点失效，怀疑 focus map 偏差,重跑 focus/exposure matrix,20,9,4.0,-7.0,PASS,pass
LOT-A,改善前,W06,28nm MCU,LITHO-02,-,Lithography,center_hotspot,中心热点失效，怀疑 focus map 偏差,重跑 focus/exposure matrix,21,9,5.0,-7.0,PASS,pass
LOT-A,改善前,W06,28nm MCU,LITHO-02,-,Lithography,center_hotspot,中心热点失效，怀疑 focus map 偏差,重跑 focus/exposure matrix,22,9,6.0,-7.0,PASS,pass
LOT-A,改善前,W06,28nm MCU,LITHO-02,-,Lithography,center_hotspot,中心热点失效，怀疑 focus map 偏差,重跑 focus/exposure matrix,23,9,7.0,-7.0,PASS,pass
LOT-A,改善前,W06,28nm MCU,LITHO-02,-,Lithography,center_hotspot,中心热点失效，怀疑 focus map 偏差,重跑 focus/exposure matrix,24,9,8.0,-7.0,PASS,pass
LOT-A,改善前,W06,28nm MCU,LITHO-02,-,Lithography,center_hotspot,中心热点失效，怀疑 focus map 偏差,重跑 focus/exposure matrix,25,9,9.0,-7.0,PASS,pass
LOT-A,改善前,W06,28nm MCU,LITHO-02,-,Lithography,center_hotspot,中心热点失效，怀疑 focus map 偏差,重跑 focus/exposure matrix,26,9,10.0,-7.0,PASS,pass
LOT-A,改善前,W06,28nm MCU,LITHO-02,-,Lithography,center_hotspot,中心热点失效，怀疑 focus map 偏差,重跑 focus/exposure matrix,27,9,11.0,-7.0,PASS,pass
LOT-A,改善前,W06,28nm MCU,LITHO-02,-,Lithography,center_hotspot,中心热点失效，怀疑 focus map 偏差,重跑 focus/exposure matrix,28,9,12.0,-7.0,PASS,pass
LOT-A,改善前,W06,28nm MCU,LITHO-02,-,Lithography,center_hotspot,中心热点失效，怀疑 focus map 偏差,重跑 focus/exposure matrix,29,9,13.0,-7.0,PASS,pass
LOT-A,改善前,W06,28nm MCU,LITHO-02,-,Lithography,center_hotspot,中心热点失效，怀疑 focus map 偏差,重跑 focus/exposure matrix,3,10,-13.0,-6.0,PASS,pass
LOT-A,改善前,W06,28nm MCU,LITHO-02,-,Lithography,center_hotspot,中心热点失效，怀疑 focus map 偏差,重跑 focus/exposure matrix,4,10,-12.0,-6.0,PASS,pass
LOT-A,改善前,W06,28nm MCU,LITHO-02,-,Lithography,center_hotspot,中心热点失效，怀疑 focus map 偏差,重跑 focus/exposure matrix,5,10,-11.0,-6.0,PASS,pass
LOT-A,改善前,W06,28nm MCU,LITHO-02,-,Lithography,center_hotspot,中心热点失效，怀疑 focus map 偏差,重跑 focus/exposure matrix,6,10,-10.0,-6.0,PASS,pass
LOT-A,改善前,W06,28nm MCU,LITHO-02,-,Lithography,center_hotspot,中心热点失效，怀疑 focus map 偏差,重跑 focus/exposure matrix,7,10,-9.0,-6.0,PASS,pass
LOT-A,改善前,W06,28nm MCU,LITHO-02,-,Lithography,center_hotspot,中心热点失效，怀疑 focus map 偏差,重跑 focus/exposure matrix,8,10,-8.0,-6.0,PASS,pass
LOT-A,改善前,W06,28nm MCU,LITHO-02,-,Lithography,center_hotspot,中心热点失效，怀疑 focus map 偏差,重跑 focus/exposure matrix,9,10,-7.0,-6.0,PASS,pass
LOT-A,改善前,W06,28nm MCU,LITHO-02,-,Lithography,center_hotspot,中心热点失效，怀疑 focus map 偏差,重跑 focus/exposure matrix,10,10,-6.0,-6.0,PASS,pass
LOT-A,改善前,W06,28nm MCU,LITHO-02,-,Lithography,center_hotspot,中心热点失效，怀疑 focus map 偏差,重跑 focus/exposure matrix,11,10,-5.0,-6.0,PASS,pass
LOT-A,改善前,W06,28nm MCU,LITHO-02,-,Lithography,center_hotspot,中心热点失效，怀疑 focus map 偏差,重跑 focus/exposure matrix,12,10,-4.0,-6.0,PASS,pass
LOT-A,改善前,W06,28nm MCU,LITHO-02,-,Lithography,center_hotspot,中心热点失效，怀疑 focus map 偏差,重跑 focus/exposure matrix,13,10,-3.0,-6.0,PASS,pass
LOT-A,改善前,W06,28nm MCU,LITHO-02,-,Lithography,center_hotspot,中心热点失效，怀疑 focus map 偏差,重跑 focus/exposure matrix,14,10,-2.0,-6.0,PASS,pass
LOT-A,改善前,W06,28nm MCU,LITHO-02,-,Lithography,center_hotspot,中心热点失效，怀疑 focus map 偏差,重跑 focus/exposure matrix,15,10,-1.0,-6.0,FAIL,center_hotspot
LOT-A,改善前,W06,28nm MCU,LITHO-02,-,Lithography,center_hotspot,中心热点失效，怀疑 focus map 偏差,重跑 focus/exposure matrix,16,10,0.0,-6.0,PASS,pass
LOT-A,改善前,W06,28nm MCU,LITHO-02,-,Lithography,center_hotspot,中心热点失效，怀疑 focus map 偏差,重跑 focus/exposure matrix,17,10,1.0,-6.0,PASS,pass
LOT-A,改善前,W06,28nm MCU,LITHO-02,-,Lithography,center_hotspot,中心热点失效，怀疑 focus map 偏差,重跑 focus/exposure matrix,18,10,2.0,-6.0,FAIL,center_hotspot
LOT-A,改善前,W06,28nm MCU,LITHO-02,-,Lithography,center_hotspot,中心热点失效，怀疑 focus map 偏差,重跑 focus/exposure matrix,19,10,3.0,-6.0,PASS,pass
LOT-A,改善前,W06,28nm MCU,LITHO-02,-,Lithography,center_hotspot,中心热点失效，怀疑 focus map 偏差,重跑 focus/exposure matrix,20,10,4.0,-6.0,PASS,pass
LOT-A,改善前,W06,28nm MCU,LITHO-02,-,Lithography,center_hotspot,中心热点失效，怀疑 focus map 偏差,重跑 focus/exposure matrix,21,10,5.0,-6.0,PASS,pass
LOT-A,改善前,W06,28nm MCU,LITHO-02,-,Lithography,center_hotspot,中心热点失效，怀疑 focus map 偏差,重跑 focus/exposure matrix,22,10,6.0,-6.0,PASS,pass
LOT-A,改善前,W06,28nm MCU,LITHO-02,-,Lithography,center_hotspot,中心热点失效，怀疑 focus map 偏差,重跑 focus/exposure matrix,23,10,7.0,-6.0,PASS,pass
LOT-A,改善前,W06,28nm MCU,LITHO-02,-,Lithography,center_hotspot,中心热点失效，怀疑 focus map 偏差,重跑 focus/exposure matrix,24,10,8.0,-6.0,PASS,pass
LOT-A,改善前,W06,28nm MCU,LITHO-02,-,Lithography,center_hotspot,中心热点失效，怀疑 focus map 偏差,重跑 focus/exposure matrix,25,10,9.0,-6.0,PASS,pass
LOT-A,改善前,W06,28nm MCU,LITHO-02,-,Lithography,center_hotspot,中心热点失效，怀疑 focus map 偏差,重跑 focus/exposure matrix,26,10,10.0,-6.0,PASS,pass
LOT-A,改善前,W06,28nm MCU,LITHO-02,-,Lithography,center_hotspot,中心热点失效，怀疑 focus map 偏差,重跑 focus/exposure matrix,27,10,11.0,-6.0,PASS,pass
LOT-A,改善前,W06,28nm MCU,LITHO-02,-,Lithography,center_hotspot,中心热点失效，怀疑 focus map 偏差,重跑 focus/exposure matrix,28,10,12.0,-6.0,PASS,pass
LOT-A,改善前,W06,28nm MCU,LITHO-02,-,Lithography,center_hotspot,中心热点失效，怀疑 focus map 偏差,重跑 focus/exposure matrix,29,10,13.0,-6.0,PASS,pass
LOT-A,改善前,W06,28nm MCU,LITHO-02,-,Lithography,center_hotspot,中心热点失效，怀疑 focus map 偏差,重跑 focus/exposure matrix,3,11,-13.0,-5.0,PASS,pass
LOT-A,改善前,W06,28nm MCU,LITHO-02,-,Lithography,center_hotspot,中心热点失效，怀疑 focus map 偏差,重跑 focus/exposure matrix,4,11,-12.0,-5.0,PASS,pass
LOT-A,改善前,W06,28nm MCU,LITHO-02,-,Lithography,center_hotspot,中心热点失效，怀疑 focus map 偏差,重跑 focus/exposure matrix,5,11,-11.0,-5.0,PASS,pass
LOT-A,改善前,W06,28nm MCU,LITHO-02,-,Lithography,center_hotspot,中心热点失效，怀疑 focus map 偏差,重跑 focus/exposure matrix,6,11,-10.0,-5.0,PASS,pass
LOT-A,改善前,W06,28nm MCU,LITHO-02,-,Lithography,center_hotspot,中心热点失效，怀疑 focus map 偏差,重跑 focus/exposure matrix,7,11,-9.0,-5.0,PASS,pass
LOT-A,改善前,W06,28nm MCU,LITHO-02,-,Lithography,center_hotspot,中心热点失效，怀疑 focus map 偏差,重跑 focus/exposure matrix,8,11,-8.0,-5.0,PASS,pass
LOT-A,改善前,W06,28nm MCU,LITHO-02,-,Lithography,center_hotspot,中心热点失效，怀疑 focus map 偏差,重跑 focus/exposure matrix,9,11,-7.0,-5.0,PASS,pass
LOT-A,改善前,W06,28nm MCU,LITHO-02,-,Lithography,center_hotspot,中心热点失效，怀疑 focus map 偏差,重跑 focus/exposure matrix,10,11,-6.0,-5.0,PASS,pass
LOT-A,改善前,W06,28nm MCU,LITHO-02,-,Lithography,center_hotspot,中心热点失效，怀疑 focus map 偏差,重跑 focus/exposure matrix,11,11,-5.0,-5.0,PASS,pass
LOT-A,改善前,W06,28nm MCU,LITHO-02,-,Lithography,center_hotspot,中心热点失效，怀疑 focus map 偏差,重跑 focus/exposure matrix,12,11,-4.0,-5.0,PASS,pass
LOT-A,改善前,W06,28nm MCU,LITHO-02,-,Lithography,center_hotspot,中心热点失效，怀疑 focus map 偏差,重跑 focus/exposure matrix,13,11,-3.0,-5.0,PASS,pass
LOT-A,改善前,W06,28nm MCU,LITHO-02,-,Lithography,center_hotspot,中心热点失效，怀疑 focus map 偏差,重跑 focus/exposure matrix,14,11,-2.0,-5.0,PASS,pass
LOT-A,改善前,W06,28nm MCU,LITHO-02,-,Lithography,center_hotspot,中心热点失效，怀疑 focus map 偏差,重跑 focus/exposure matrix,15,11,-1.0,-5.0,PASS,pass
LOT-A,改善前,W06,28nm MCU,LITHO-02,-,Lithography,center_hotspot,中心热点失效，怀疑 focus map 偏差,重跑 focus/exposure matrix,16,11,0.0,-5.0,FAIL,center_hotspot
LOT-A,改善前,W06,28nm MCU,LITHO-02,-,Lithography,center_hotspot,中心热点失效，怀疑 focus map 偏差,重跑 focus/exposure matrix,17,11,1.0,-5.0,FAIL,center_hotspot
LOT-A,改善前,W06,28nm MCU,LITHO-02,-,Lithography,center_hotspot,中心热点失效，怀疑 focus map 偏差,重跑 focus/exposure matrix,18,11,2.0,-5.0,FAIL,center_hotspot
LOT-A,改善前,W06,28nm MCU,LITHO-02,-,Lithography,center_hotspot,中心热点失效，怀疑 focus map 偏差,重跑 focus/exposure matrix,19,11,3.0,-5.0,PASS,pass
LOT-A,改善前,W06,28nm MCU,LITHO-02,-,Lithography,center_hotspot,中心热点失效，怀疑 focus map 偏差,重跑 focus/exposure matrix,20,11,4.0,-5.0,FAIL,center_hotspot
LOT-A,改善前,W06,28nm MCU,LITHO-02,-,Lithography,center_hotspot,中心热点失效，怀疑 focus map 偏差,重跑 focus/exposure matrix,21,11,5.0,-5.0,PASS,pass
LOT-A,改善前,W06,28nm MCU,LITHO-02,-,Lithography,center_hotspot,中心热点失效，怀疑 focus map 偏差,重跑 focus/exposure matrix,22,11,6.0,-5.0,PASS,pass
LOT-A,改善前,W06,28nm MCU,LITHO-02,-,Lithography,center_hotspot,中心热点失效，怀疑 focus map 偏差,重跑 focus/exposure matrix,23,11,7.0,-5.0,PASS,pass
LOT-A,改善前,W06,28nm MCU,LITHO-02,-,Lithography,center_hotspot,中心热点失效，怀疑 focus map 偏差,重跑 focus/exposure matrix,24,11,8.0,-5.0,PASS,pass
LOT-A,改善前,W06,28nm MCU,LITHO-02,-,Lithography,center_hotspot,中心热点失效，怀疑 focus map 偏差,重跑 focus/exposure matrix,25,11,9.0,-5.0,PASS,pass
LOT-A,改善前,W06,28nm MCU,LITHO-02,-,Lithography,center_hotspot,中心热点失效，怀疑 focus map 偏差,重跑 focus/exposure matrix,26,11,10.0,-5.0,PASS,pass
LOT-A,改善前,W06,28nm MCU,LITHO-02,-,Lithography,center_hotspot,中心热点失效，怀疑 focus map 偏差,重跑 focus/exposure matrix,27,11,11.0,-5.0,PASS,pass
LOT-A,改善前,W06,28nm MCU,LITHO-02,-,Lithography,center_hotspot,中心热点失效，怀疑 focus map 偏差,重跑 focus/exposure matrix,28,11,12.0,-5.0,PASS,pass
LOT-A,改善前,W06,28nm MCU,LITHO-02,-,Lithography,center_hotspot,中心热点失效，怀疑 focus map 偏差,重跑 focus/exposure matrix,29,11,13.0,-5.0,PASS,pass
LOT-A,改善前,W06,28nm MCU,LITHO-02,-,Lithography,center_hotspot,中心热点失效，怀疑 focus map 偏差,重跑 focus/exposure matrix,2,12,-14.0,-4.0,PASS,pass
LOT-A,改善前,W06,28nm MCU,LITHO-02,-,Lithography,center_hotspot,中心热点失效，怀疑 focus map 偏差,重跑 focus/exposure matrix,3,12,-13.0,-4.0,PASS,pass
LOT-A,改善前,W06,28nm MCU,LITHO-02,-,Lithography,center_hotspot,中心热点失效，怀疑 focus map 偏差,重跑 focus/exposure matrix,4,12,-12.0,-4.0,PASS,pass
LOT-A,改善前,W06,28nm MCU,LITHO-02,-,Lithography,center_hotspot,中心热点失效，怀疑 focus map 偏差,重跑 focus/exposure matrix,5,12,-11.0,-4.0,PASS,pass
LOT-A,改善前,W06,28nm MCU,LITHO-02,-,Lithography,center_hotspot,中心热点失效，怀疑 focus map 偏差,重跑 focus/exposure matrix,6,12,-10.0,-4.0,PASS,pass
LOT-A,改善前,W06,28nm MCU,LITHO-02,-,Lithography,center_hotspot,中心热点失效，怀疑 focus map 偏差,重跑 focus/exposure matrix,7,12,-9.0,-4.0,PASS,pass
LOT-A,改善前,W06,28nm MCU,LITHO-02,-,Lithography,center_hotspot,中心热点失效，怀疑 focus map 偏差,重跑 focus/exposure matrix,8,12,-8.0,-4.0,PASS,pass
LOT-A,改善前,W06,28nm MCU,LITHO-02,-,Lithography,center_hotspot,中心热点失效，怀疑 focus map 偏差,重跑 focus/exposure matrix,9,12,-7.0,-4.0,FAIL,random
LOT-A,改善前,W06,28nm MCU,LITHO-02,-,Lithography,center_hotspot,中心热点失效，怀疑 focus map 偏差,重跑 focus/exposure matrix,10,12,-6.0,-4.0,PASS,pass
LOT-A,改善前,W06,28nm MCU,LITHO-02,-,Lithography,center_hotspot,中心热点失效，怀疑 focus map 偏差,重跑 focus/exposure matrix,11,12,-5.0,-4.0,PASS,pass
LOT-A,改善前,W06,28nm MCU,LITHO-02,-,Lithography,center_hotspot,中心热点失效，怀疑 focus map 偏差,重跑 focus/exposure matrix,12,12,-4.0,-4.0,PASS,pass
LOT-A,改善前,W06,28nm MCU,LITHO-02,-,Lithography,center_hotspot,中心热点失效，怀疑 focus map 偏差,重跑 focus/exposure matrix,13,12,-3.0,-4.0,PASS,pass
LOT-A,改善前,W06,28nm MCU,LITHO-02,-,Lithography,center_hotspot,中心热点失效，怀疑 focus map 偏差,重跑 focus/exposure matrix,14,12,-2.0,-4.0,PASS,pass
LOT-A,改善前,W06,28nm MCU,LITHO-02,-,Lithography,center_hotspot,中心热点失效，怀疑 focus map 偏差,重跑 focus/exposure matrix,15,12,-1.0,-4.0,FAIL,center_hotspot
LOT-A,改善前,W06,28nm MCU,LITHO-02,-,Lithography,center_hotspot,中心热点失效，怀疑 focus map 偏差,重跑 focus/exposure matrix,16,12,0.0,-4.0,FAIL,center_hotspot
LOT-A,改善前,W06,28nm MCU,LITHO-02,-,Lithography,center_hotspot,中心热点失效，怀疑 focus map 偏差,重跑 focus/exposure matrix,17,12,1.0,-4.0,FAIL,center_hotspot
LOT-A,改善前,W06,28nm MCU,LITHO-02,-,Lithography,center_hotspot,中心热点失效，怀疑 focus map 偏差,重跑 focus/exposure matrix,18,12,2.0,-4.0,PASS,pass
LOT-A,改善前,W06,28nm MCU,LITHO-02,-,Lithography,center_hotspot,中心热点失效，怀疑 focus map 偏差,重跑 focus/exposure matrix,19,12,3.0,-4.0,PASS,pass
LOT-A,改善前,W06,28nm MCU,LITHO-02,-,Lithography,center_hotspot,中心热点失效，怀疑 focus map 偏差,重跑 focus/exposure matrix,20,12,4.0,-4.0,FAIL,center_hotspot
LOT-A,改善前,W06,28nm MCU,LITHO-02,-,Lithography,center_hotspot,中心热点失效，怀疑 focus map 偏差,重跑 focus/exposure matrix,21,12,5.0,-4.0,PASS,pass
LOT-A,改善前,W06,28nm MCU,LITHO-02,-,Lithography,center_hotspot,中心热点失效，怀疑 focus map 偏差,重跑 focus/exposure matrix,22,12,6.0,-4.0,PASS,pass
LOT-A,改善前,W06,28nm MCU,LITHO-02,-,Lithography,center_hotspot,中心热点失效，怀疑 focus map 偏差,重跑 focus/exposure matrix,23,12,7.0,-4.0,PASS,pass
LOT-A,改善前,W06,28nm MCU,LITHO-02,-,Lithography,center_hotspot,中心热点失效，怀疑 focus map 偏差,重跑 focus/exposure matrix,24,12,8.0,-4.0,PASS,pass
LOT-A,改善前,W06,28nm MCU,LITHO-02,-,Lithography,center_hotspot,中心热点失效，怀疑 focus map 偏差,重跑 focus/exposure matrix,25,12,9.0,-4.0,PASS,pass
LOT-A,改善前,W06,28nm MCU,LITHO-02,-,Lithography,center_hotspot,中心热点失效，怀疑 focus map 偏差,重跑 focus/exposure matrix,26,12,10.0,-4.0,PASS,pass
LOT-A,改善前,W06,28nm MCU,LITHO-02,-,Lithography,center_hotspot,中心热点失效，怀疑 focus map 偏差,重跑 focus/exposure matrix,27,12,11.0,-4.0,FAIL,random
LOT-A,改善前,W06,28nm MCU,LITHO-02,-,Lithography,center_hotspot,中心热点失效，怀疑 focus map 偏差,重跑 focus/exposure matrix,28,12,12.0,-4.0,PASS,pass
LOT-A,改善前,W06,28nm MCU,LITHO-02,-,Lithography,center_hotspot,中心热点失效，怀疑 focus map 偏差,重跑 focus/exposure matrix,29,12,13.0,-4.0,PASS,pass
LOT-A,改善前,W06,28nm MCU,LITHO-02,-,Lithography,center_hotspot,中心热点失效，怀疑 focus map 偏差,重跑 focus/exposure matrix,30,12,14.0,-4.0,PASS,pass
LOT-A,改善前,W06,28nm MCU,LITHO-02,-,Lithography,center_hotspot,中心热点失效，怀疑 focus map 偏差,重跑 focus/exposure matrix,2,13,-14.0,-3.0,PASS,pass
LOT-A,改善前,W06,28nm MCU,LITHO-02,-,Lithography,center_hotspot,中心热点失效，怀疑 focus map 偏差,重跑 focus/exposure matrix,3,13,-13.0,-3.0,PASS,pass
LOT-A,改善前,W06,28nm MCU,LITHO-02,-,Lithography,center_hotspot,中心热点失效，怀疑 focus map 偏差,重跑 focus/exposure matrix,4,13,-12.0,-3.0,PASS,pass
LOT-A,改善前,W06,28nm MCU,LITHO-02,-,Lithography,center_hotspot,中心热点失效，怀疑 focus map 偏差,重跑 focus/exposure matrix,5,13,-11.0,-3.0,PASS,pass
LOT-A,改善前,W06,28nm MCU,LITHO-02,-,Lithography,center_hotspot,中心热点失效，怀疑 focus map 偏差,重跑 focus/exposure matrix,6,13,-10.0,-3.0,PASS,pass
LOT-A,改善前,W06,28nm MCU,LITHO-02,-,Lithography,center_hotspot,中心热点失效，怀疑 focus map 偏差,重跑 focus/exposure matrix,7,13,-9.0,-3.0,PASS,pass
LOT-A,改善前,W06,28nm MCU,LITHO-02,-,Lithography,center_hotspot,中心热点失效，怀疑 focus map 偏差,重跑 focus/exposure matrix,8,13,-8.0,-3.0,PASS,pass
LOT-A,改善前,W06,28nm MCU,LITHO-02,-,Lithography,center_hotspot,中心热点失效，怀疑 focus map 偏差,重跑 focus/exposure matrix,9,13,-7.0,-3.0,PASS,pass
LOT-A,改善前,W06,28nm MCU,LITHO-02,-,Lithography,center_hotspot,中心热点失效，怀疑 focus map 偏差,重跑 focus/exposure matrix,10,13,-6.0,-3.0,PASS,pass
LOT-A,改善前,W06,28nm MCU,LITHO-02,-,Lithography,center_hotspot,中心热点失效，怀疑 focus map 偏差,重跑 focus/exposure matrix,11,13,-5.0,-3.0,PASS,pass
LOT-A,改善前,W06,28nm MCU,LITHO-02,-,Lithography,center_hotspot,中心热点失效，怀疑 focus map 偏差,重跑 focus/exposure matrix,12,13,-4.0,-3.0,FAIL,center_hotspot
LOT-A,改善前,W06,28nm MCU,LITHO-02,-,Lithography,center_hotspot,中心热点失效，怀疑 focus map 偏差,重跑 focus/exposure matrix,13,13,-3.0,-3.0,FAIL,center_hotspot
LOT-A,改善前,W06,28nm MCU,LITHO-02,-,Lithography,center_hotspot,中心热点失效，怀疑 focus map 偏差,重跑 focus/exposure matrix,14,13,-2.0,-3.0,FAIL,center_hotspot
LOT-A,改善前,W06,28nm MCU,LITHO-02,-,Lithography,center_hotspot,中心热点失效，怀疑 focus map 偏差,重跑 focus/exposure matrix,15,13,-1.0,-3.0,FAIL,center_hotspot
LOT-A,改善前,W06,28nm MCU,LITHO-02,-,Lithography,center_hotspot,中心热点失效，怀疑 focus map 偏差,重跑 focus/exposure matrix,16,13,0.0,-3.0,PASS,pass
LOT-A,改善前,W06,28nm MCU,LITHO-02,-,Lithography,center_hotspot,中心热点失效，怀疑 focus map 偏差,重跑 focus/exposure matrix,17,13,1.0,-3.0,PASS,pass
LOT-A,改善前,W06,28nm MCU,LITHO-02,-,Lithography,center_hotspot,中心热点失效，怀疑 focus map 偏差,重跑 focus/exposure matrix,18,13,2.0,-3.0,PASS,pass
LOT-A,改善前,W06,28nm MCU,LITHO-02,-,Lithography,center_hotspot,中心热点失效，怀疑 focus map 偏差,重跑 focus/exposure matrix,19,13,3.0,-3.0,FAIL,center_hotspot
LOT-A,改善前,W06,28nm MCU,LITHO-02,-,Lithography,center_hotspot,中心热点失效，怀疑 focus map 偏差,重跑 focus/exposure matrix,20,13,4.0,-3.0,PASS,pass
LOT-A,改善前,W06,28nm MCU,LITHO-02,-,Lithography,center_hotspot,中心热点失效，怀疑 focus map 偏差,重跑 focus/exposure matrix,21,13,5.0,-3.0,PASS,pass
LOT-A,改善前,W06,28nm MCU,LITHO-02,-,Lithography,center_hotspot,中心热点失效，怀疑 focus map 偏差,重跑 focus/exposure matrix,22,13,6.0,-3.0,FAIL,random
LOT-A,改善前,W06,28nm MCU,LITHO-02,-,Lithography,center_hotspot,中心热点失效，怀疑 focus map 偏差,重跑 focus/exposure matrix,23,13,7.0,-3.0,PASS,pass
LOT-A,改善前,W06,28nm MCU,LITHO-02,-,Lithography,center_hotspot,中心热点失效，怀疑 focus map 偏差,重跑 focus/exposure matrix,24,13,8.0,-3.0,PASS,pass
LOT-A,改善前,W06,28nm MCU,LITHO-02,-,Lithography,center_hotspot,中心热点失效，怀疑 focus map 偏差,重跑 focus/exposure matrix,25,13,9.0,-3.0,PASS,pass
LOT-A,改善前,W06,28nm MCU,LITHO-02,-,Lithography,center_hotspot,中心热点失效，怀疑 focus map 偏差,重跑 focus/exposure matrix,26,13,10.0,-3.0,PASS,pass
LOT-A,改善前,W06,28nm MCU,LITHO-02,-,Lithography,center_hotspot,中心热点失效，怀疑 focus map 偏差,重跑 focus/exposure matrix,27,13,11.0,-3.0,PASS,pass
LOT-A,改善前,W06,28nm MCU,LITHO-02,-,Lithography,center_hotspot,中心热点失效，怀疑 focus map 偏差,重跑 focus/exposure matrix,28,13,12.0,-3.0,PASS,pass
LOT-A,改善前,W06,28nm MCU,LITHO-02,-,Lithography,center_hotspot,中心热点失效，怀疑 focus map 偏差,重跑 focus/exposure matrix,29,13,13.0,-3.0,PASS,pass
LOT-A,改善前,W06,28nm MCU,LITHO-02,-,Lithography,center_hotspot,中心热点失效，怀疑 focus map 偏差,重跑 focus/exposure matrix,30,13,14.0,-3.0,PASS,pass
LOT-A,改善前,W06,28nm MCU,LITHO-02,-,Lithography,center_hotspot,中心热点失效，怀疑 focus map 偏差,重跑 focus/exposure matrix,2,14,-14.0,-2.0,PASS,pass
LOT-A,改善前,W06,28nm MCU,LITHO-02,-,Lithography,center_hotspot,中心热点失效，怀疑 focus map 偏差,重跑 focus/exposure matrix,3,14,-13.0,-2.0,PASS,pass
LOT-A,改善前,W06,28nm MCU,LITHO-02,-,Lithography,center_hotspot,中心热点失效，怀疑 focus map 偏差,重跑 focus/exposure matrix,4,14,-12.0,-2.0,PASS,pass
LOT-A,改善前,W06,28nm MCU,LITHO-02,-,Lithography,center_hotspot,中心热点失效，怀疑 focus map 偏差,重跑 focus/exposure matrix,5,14,-11.0,-2.0,PASS,pass
LOT-A,改善前,W06,28nm MCU,LITHO-02,-,Lithography,center_hotspot,中心热点失效，怀疑 focus map 偏差,重跑 focus/exposure matrix,6,14,-10.0,-2.0,PASS,pass
LOT-A,改善前,W06,28nm MCU,LITHO-02,-,Lithography,center_hotspot,中心热点失效，怀疑 focus map 偏差,重跑 focus/exposure matrix,7,14,-9.0,-2.0,PASS,pass
LOT-A,改善前,W06,28nm MCU,LITHO-02,-,Lithography,center_hotspot,中心热点失效，怀疑 focus map 偏差,重跑 focus/exposure matrix,8,14,-8.0,-2.0,PASS,pass
LOT-A,改善前,W06,28nm MCU,LITHO-02,-,Lithography,center_hotspot,中心热点失效，怀疑 focus map 偏差,重跑 focus/exposure matrix,9,14,-7.0,-2.0,PASS,pass
LOT-A,改善前,W06,28nm MCU,LITHO-02,-,Lithography,center_hotspot,中心热点失效，怀疑 focus map 偏差,重跑 focus/exposure matrix,10,14,-6.0,-2.0,PASS,pass
LOT-A,改善前,W06,28nm MCU,LITHO-02,-,Lithography,center_hotspot,中心热点失效，怀疑 focus map 偏差,重跑 focus/exposure matrix,11,14,-5.0,-2.0,PASS,pass
LOT-A,改善前,W06,28nm MCU,LITHO-02,-,Lithography,center_hotspot,中心热点失效，怀疑 focus map 偏差,重跑 focus/exposure matrix,12,14,-4.0,-2.0,FAIL,center_hotspot
LOT-A,改善前,W06,28nm MCU,LITHO-02,-,Lithography,center_hotspot,中心热点失效，怀疑 focus map 偏差,重跑 focus/exposure matrix,13,14,-3.0,-2.0,FAIL,center_hotspot
LOT-A,改善前,W06,28nm MCU,LITHO-02,-,Lithography,center_hotspot,中心热点失效，怀疑 focus map 偏差,重跑 focus/exposure matrix,14,14,-2.0,-2.0,FAIL,center_hotspot
LOT-A,改善前,W06,28nm MCU,LITHO-02,-,Lithography,center_hotspot,中心热点失效，怀疑 focus map 偏差,重跑 focus/exposure matrix,15,14,-1.0,-2.0,FAIL,center_hotspot
LOT-A,改善前,W06,28nm MCU,LITHO-02,-,Lithography,center_hotspot,中心热点失效，怀疑 focus map 偏差,重跑 focus/exposure matrix,16,14,0.0,-2.0,PASS,pass
LOT-A,改善前,W06,28nm MCU,LITHO-02,-,Lithography,center_hotspot,中心热点失效，怀疑 focus map 偏差,重跑 focus/exposure matrix,17,14,1.0,-2.0,FAIL,center_hotspot
LOT-A,改善前,W06,28nm MCU,LITHO-02,-,Lithography,center_hotspot,中心热点失效，怀疑 focus map 偏差,重跑 focus/exposure matrix,18,14,2.0,-2.0,FAIL,center_hotspot
LOT-A,改善前,W06,28nm MCU,LITHO-02,-,Lithography,center_hotspot,中心热点失效，怀疑 focus map 偏差,重跑 focus/exposure matrix,19,14,3.0,-2.0,FAIL,center_hotspot
LOT-A,改善前,W06,28nm MCU,LITHO-02,-,Lithography,center_hotspot,中心热点失效，怀疑 focus map 偏差,重跑 focus/exposure matrix,20,14,4.0,-2.0,FAIL,center_hotspot
LOT-A,改善前,W06,28nm MCU,LITHO-02,-,Lithography,center_hotspot,中心热点失效，怀疑 focus map 偏差,重跑 focus/exposure matrix,21,14,5.0,-2.0,PASS,pass
LOT-A,改善前,W06,28nm MCU,LITHO-02,-,Lithography,center_hotspot,中心热点失效，怀疑 focus map 偏差,重跑 focus/exposure matrix,22,14,6.0,-2.0,PASS,pass
LOT-A,改善前,W06,28nm MCU,LITHO-02,-,Lithography,center_hotspot,中心热点失效，怀疑 focus map 偏差,重跑 focus/exposure matrix,23,14,7.0,-2.0,PASS,pass
LOT-A,改善前,W06,28nm MCU,LITHO-02,-,Lithography,center_hotspot,中心热点失效，怀疑 focus map 偏差,重跑 focus/exposure matrix,24,14,8.0,-2.0,PASS,pass
LOT-A,改善前,W06,28nm MCU,LITHO-02,-,Lithography,center_hotspot,中心热点失效，怀疑 focus map 偏差,重跑 focus/exposure matrix,25,14,9.0,-2.0,PASS,pass
LOT-A,改善前,W06,28nm MCU,LITHO-02,-,Lithography,center_hotspot,中心热点失效，怀疑 focus map 偏差,重跑 focus/exposure matrix,26,14,10.0,-2.0,PASS,pass
LOT-A,改善前,W06,28nm MCU,LITHO-02,-,Lithography,center_hotspot,中心热点失效，怀疑 focus map 偏差,重跑 focus/exposure matrix,27,14,11.0,-2.0,FAIL,random
LOT-A,改善前,W06,28nm MCU,LITHO-02,-,Lithography,center_hotspot,中心热点失效，怀疑 focus map 偏差,重跑 focus/exposure matrix,28,14,12.0,-2.0,PASS,pass
LOT-A,改善前,W06,28nm MCU,LITHO-02,-,Lithography,center_hotspot,中心热点失效，怀疑 focus map 偏差,重跑 focus/exposure matrix,29,14,13.0,-2.0,PASS,pass
LOT-A,改善前,W06,28nm MCU,LITHO-02,-,Lithography,center_hotspot,中心热点失效，怀疑 focus map 偏差,重跑 focus/exposure matrix,30,14,14.0,-2.0,PASS,pass
LOT-A,改善前,W06,28nm MCU,LITHO-02,-,Lithography,center_hotspot,中心热点失效，怀疑 focus map 偏差,重跑 focus/exposure matrix,2,15,-14.0,-1.0,PASS,pass
LOT-A,改善前,W06,28nm MCU,LITHO-02,-,Lithography,center_hotspot,中心热点失效，怀疑 focus map 偏差,重跑 focus/exposure matrix,3,15,-13.0,-1.0,PASS,pass
LOT-A,改善前,W06,28nm MCU,LITHO-02,-,Lithography,center_hotspot,中心热点失效，怀疑 focus map 偏差,重跑 focus/exposure matrix,4,15,-12.0,-1.0,PASS,pass
LOT-A,改善前,W06,28nm MCU,LITHO-02,-,Lithography,center_hotspot,中心热点失效，怀疑 focus map 偏差,重跑 focus/exposure matrix,5,15,-11.0,-1.0,PASS,pass
LOT-A,改善前,W06,28nm MCU,LITHO-02,-,Lithography,center_hotspot,中心热点失效，怀疑 focus map 偏差,重跑 focus/exposure matrix,6,15,-10.0,-1.0,PASS,pass
LOT-A,改善前,W06,28nm MCU,LITHO-02,-,Lithography,center_hotspot,中心热点失效，怀疑 focus map 偏差,重跑 focus/exposure matrix,7,15,-9.0,-1.0,PASS,pass
LOT-A,改善前,W06,28nm MCU,LITHO-02,-,Lithography,center_hotspot,中心热点失效，怀疑 focus map 偏差,重跑 focus/exposure matrix,8,15,-8.0,-1.0,PASS,pass
LOT-A,改善前,W06,28nm MCU,LITHO-02,-,Lithography,center_hotspot,中心热点失效，怀疑 focus map 偏差,重跑 focus/exposure matrix,9,15,-7.0,-1.0,PASS,pass
LOT-A,改善前,W06,28nm MCU,LITHO-02,-,Lithography,center_hotspot,中心热点失效，怀疑 focus map 偏差,重跑 focus/exposure matrix,10,15,-6.0,-1.0,PASS,pass
LOT-A,改善前,W06,28nm MCU,LITHO-02,-,Lithography,center_hotspot,中心热点失效，怀疑 focus map 偏差,重跑 focus/exposure matrix,11,15,-5.0,-1.0,FAIL,center_hotspot
LOT-A,改善前,W06,28nm MCU,LITHO-02,-,Lithography,center_hotspot,中心热点失效，怀疑 focus map 偏差,重跑 focus/exposure matrix,12,15,-4.0,-1.0,FAIL,center_hotspot
LOT-A,改善前,W06,28nm MCU,LITHO-02,-,Lithography,center_hotspot,中心热点失效，怀疑 focus map 偏差,重跑 focus/exposure matrix,13,15,-3.0,-1.0,FAIL,center_hotspot
LOT-A,改善前,W06,28nm MCU,LITHO-02,-,Lithography,center_hotspot,中心热点失效，怀疑 focus map 偏差,重跑 focus/exposure matrix,14,15,-2.0,-1.0,PASS,pass
LOT-A,改善前,W06,28nm MCU,LITHO-02,-,Lithography,center_hotspot,中心热点失效，怀疑 focus map 偏差,重跑 focus/exposure matrix,15,15,-1.0,-1.0,FAIL,center_hotspot
LOT-A,改善前,W06,28nm MCU,LITHO-02,-,Lithography,center_hotspot,中心热点失效，怀疑 focus map 偏差,重跑 focus/exposure matrix,16,15,0.0,-1.0,PASS,pass
LOT-A,改善前,W06,28nm MCU,LITHO-02,-,Lithography,center_hotspot,中心热点失效，怀疑 focus map 偏差,重跑 focus/exposure matrix,17,15,1.0,-1.0,FAIL,center_hotspot
LOT-A,改善前,W06,28nm MCU,LITHO-02,-,Lithography,center_hotspot,中心热点失效，怀疑 focus map 偏差,重跑 focus/exposure matrix,18,15,2.0,-1.0,FAIL,center_hotspot
LOT-A,改善前,W06,28nm MCU,LITHO-02,-,Lithography,center_hotspot,中心热点失效，怀疑 focus map 偏差,重跑 focus/exposure matrix,19,15,3.0,-1.0,PASS,pass
LOT-A,改善前,W06,28nm MCU,LITHO-02,-,Lithography,center_hotspot,中心热点失效，怀疑 focus map 偏差,重跑 focus/exposure matrix,20,15,4.0,-1.0,FAIL,center_hotspot
LOT-A,改善前,W06,28nm MCU,LITHO-02,-,Lithography,center_hotspot,中心热点失效，怀疑 focus map 偏差,重跑 focus/exposure matrix,21,15,5.0,-1.0,FAIL,center_hotspot
LOT-A,改善前,W06,28nm MCU,LITHO-02,-,Lithography,center_hotspot,中心热点失效，怀疑 focus map 偏差,重跑 focus/exposure matrix,22,15,6.0,-1.0,PASS,pass
LOT-A,改善前,W06,28nm MCU,LITHO-02,-,Lithography,center_hotspot,中心热点失效，怀疑 focus map 偏差,重跑 focus/exposure matrix,23,15,7.0,-1.0,PASS,pass
LOT-A,改善前,W06,28nm MCU,LITHO-02,-,Lithography,center_hotspot,中心热点失效，怀疑 focus map 偏差,重跑 focus/exposure matrix,24,15,8.0,-1.0,PASS,pass
LOT-A,改善前,W06,28nm MCU,LITHO-02,-,Lithography,center_hotspot,中心热点失效，怀疑 focus map 偏差,重跑 focus/exposure matrix,25,15,9.0,-1.0,PASS,pass
LOT-A,改善前,W06,28nm MCU,LITHO-02,-,Lithography,center_hotspot,中心热点失效，怀疑 focus map 偏差,重跑 focus/exposure matrix,26,15,10.0,-1.0,PASS,pass
LOT-A,改善前,W06,28nm MCU,LITHO-02,-,Lithography,center_hotspot,中心热点失效，怀疑 focus map 偏差,重跑 focus/exposure matrix,27,15,11.0,-1.0,PASS,pass
LOT-A,改善前,W06,28nm MCU,LITHO-02,-,Lithography,center_hotspot,中心热点失效，怀疑 focus map 偏差,重跑 focus/exposure matrix,28,15,12.0,-1.0,PASS,pass
LOT-A,改善前,W06,28nm MCU,LITHO-02,-,Lithography,center_hotspot,中心热点失效，怀疑 focus map 偏差,重跑 focus/exposure matrix,29,15,13.0,-1.0,PASS,pass
LOT-A,改善前,W06,28nm MCU,LITHO-02,-,Lithography,center_hotspot,中心热点失效，怀疑 focus map 偏差,重跑 focus/exposure matrix,30,15,14.0,-1.0,PASS,pass
LOT-A,改善前,W06,28nm MCU,LITHO-02,-,Lithography,center_hotspot,中心热点失效，怀疑 focus map 偏差,重跑 focus/exposure matrix,2,16,-14.0,0.0,PASS,pass
LOT-A,改善前,W06,28nm MCU,LITHO-02,-,Lithography,center_hotspot,中心热点失效，怀疑 focus map 偏差,重跑 focus/exposure matrix,3,16,-13.0,0.0,PASS,pass
LOT-A,改善前,W06,28nm MCU,LITHO-02,-,Lithography,center_hotspot,中心热点失效，怀疑 focus map 偏差,重跑 focus/exposure matrix,4,16,-12.0,0.0,PASS,pass
LOT-A,改善前,W06,28nm MCU,LITHO-02,-,Lithography,center_hotspot,中心热点失效，怀疑 focus map 偏差,重跑 focus/exposure matrix,5,16,-11.0,0.0,PASS,pass
LOT-A,改善前,W06,28nm MCU,LITHO-02,-,Lithography,center_hotspot,中心热点失效，怀疑 focus map 偏差,重跑 focus/exposure matrix,6,16,-10.0,0.0,PASS,pass
LOT-A,改善前,W06,28nm MCU,LITHO-02,-,Lithography,center_hotspot,中心热点失效，怀疑 focus map 偏差,重跑 focus/exposure matrix,7,16,-9.0,0.0,PASS,pass
LOT-A,改善前,W06,28nm MCU,LITHO-02,-,Lithography,center_hotspot,中心热点失效，怀疑 focus map 偏差,重跑 focus/exposure matrix,8,16,-8.0,0.0,PASS,pass
LOT-A,改善前,W06,28nm MCU,LITHO-02,-,Lithography,center_hotspot,中心热点失效，怀疑 focus map 偏差,重跑 focus/exposure matrix,9,16,-7.0,0.0,PASS,pass
LOT-A,改善前,W06,28nm MCU,LITHO-02,-,Lithography,center_hotspot,中心热点失效，怀疑 focus map 偏差,重跑 focus/exposure matrix,10,16,-6.0,0.0,PASS,pass
LOT-A,改善前,W06,28nm MCU,LITHO-02,-,Lithography,center_hotspot,中心热点失效，怀疑 focus map 偏差,重跑 focus/exposure matrix,11,16,-5.0,0.0,PASS,pass
LOT-A,改善前,W06,28nm MCU,LITHO-02,-,Lithography,center_hotspot,中心热点失效，怀疑 focus map 偏差,重跑 focus/exposure matrix,12,16,-4.0,0.0,FAIL,center_hotspot
LOT-A,改善前,W06,28nm MCU,LITHO-02,-,Lithography,center_hotspot,中心热点失效，怀疑 focus map 偏差,重跑 focus/exposure matrix,13,16,-3.0,0.0,FAIL,center_hotspot
LOT-A,改善前,W06,28nm MCU,LITHO-02,-,Lithography,center_hotspot,中心热点失效，怀疑 focus map 偏差,重跑 focus/exposure matrix,14,16,-2.0,0.0,PASS,pass
LOT-A,改善前,W06,28nm MCU,LITHO-02,-,Lithography,center_hotspot,中心热点失效，怀疑 focus map 偏差,重跑 focus/exposure matrix,15,16,-1.0,0.0,FAIL,center_hotspot
LOT-A,改善前,W06,28nm MCU,LITHO-02,-,Lithography,center_hotspot,中心热点失效，怀疑 focus map 偏差,重跑 focus/exposure matrix,16,16,0.0,0.0,PASS,pass
LOT-A,改善前,W06,28nm MCU,LITHO-02,-,Lithography,center_hotspot,中心热点失效，怀疑 focus map 偏差,重跑 focus/exposure matrix,17,16,1.0,0.0,PASS,pass
LOT-A,改善前,W06,28nm MCU,LITHO-02,-,Lithography,center_hotspot,中心热点失效，怀疑 focus map 偏差,重跑 focus/exposure matrix,18,16,2.0,0.0,FAIL,center_hotspot
LOT-A,改善前,W06,28nm MCU,LITHO-02,-,Lithography,center_hotspot,中心热点失效，怀疑 focus map 偏差,重跑 focus/exposure matrix,19,16,3.0,0.0,FAIL,center_hotspot
LOT-A,改善前,W06,28nm MCU,LITHO-02,-,Lithography,center_hotspot,中心热点失效，怀疑 focus map 偏差,重跑 focus/exposure matrix,20,16,4.0,0.0,PASS,pass
LOT-A,改善前,W06,28nm MCU,LITHO-02,-,Lithography,center_hotspot,中心热点失效，怀疑 focus map 偏差,重跑 focus/exposure matrix,21,16,5.0,0.0,PASS,pass
LOT-A,改善前,W06,28nm MCU,LITHO-02,-,Lithography,center_hotspot,中心热点失效，怀疑 focus map 偏差,重跑 focus/exposure matrix,22,16,6.0,0.0,FAIL,center_hotspot
LOT-A,改善前,W06,28nm MCU,LITHO-02,-,Lithography,center_hotspot,中心热点失效，怀疑 focus map 偏差,重跑 focus/exposure matrix,23,16,7.0,0.0,PASS,pass
LOT-A,改善前,W06,28nm MCU,LITHO-02,-,Lithography,center_hotspot,中心热点失效，怀疑 focus map 偏差,重跑 focus/exposure matrix,24,16,8.0,0.0,PASS,pass
LOT-A,改善前,W06,28nm MCU,LITHO-02,-,Lithography,center_hotspot,中心热点失效，怀疑 focus map 偏差,重跑 focus/exposure matrix,25,16,9.0,0.0,PASS,pass
LOT-A,改善前,W06,28nm MCU,LITHO-02,-,Lithography,center_hotspot,中心热点失效，怀疑 focus map 偏差,重跑 focus/exposure matrix,26,16,10.0,0.0,PASS,pass
LOT-A,改善前,W06,28nm MCU,LITHO-02,-,Lithography,center_hotspot,中心热点失效，怀疑 focus map 偏差,重跑 focus/exposure matrix,27,16,11.0,0.0,PASS,pass
LOT-A,改善前,W06,28nm MCU,LITHO-02,-,Lithography,center_hotspot,中心热点失效，怀疑 focus map 偏差,重跑 focus/exposure matrix,28,16,12.0,0.0,PASS,pass
LOT-A,改善前,W06,28nm MCU,LITHO-02,-,Lithography,center_hotspot,中心热点失效，怀疑 focus map 偏差,重跑 focus/exposure matrix,29,16,13.0,0.0,PASS,pass
LOT-A,改善前,W06,28nm MCU,LITHO-02,-,Lithography,center_hotspot,中心热点失效，怀疑 focus map 偏差,重跑 focus/exposure matrix,30,16,14.0,0.0,PASS,pass
LOT-A,改善前,W06,28nm MCU,LITHO-02,-,Lithography,center_hotspot,中心热点失效，怀疑 focus map 偏差,重跑 focus/exposure matrix,2,17,-14.0,1.0,PASS,pass
LOT-A,改善前,W06,28nm MCU,LITHO-02,-,Lithography,center_hotspot,中心热点失效，怀疑 focus map 偏差,重跑 focus/exposure matrix,3,17,-13.0,1.0,PASS,pass
LOT-A,改善前,W06,28nm MCU,LITHO-02,-,Lithography,center_hotspot,中心热点失效，怀疑 focus map 偏差,重跑 focus/exposure matrix,4,17,-12.0,1.0,PASS,pass
LOT-A,改善前,W06,28nm MCU,LITHO-02,-,Lithography,center_hotspot,中心热点失效，怀疑 focus map 偏差,重跑 focus/exposure matrix,5,17,-11.0,1.0,PASS,pass
LOT-A,改善前,W06,28nm MCU,LITHO-02,-,Lithography,center_hotspot,中心热点失效，怀疑 focus map 偏差,重跑 focus/exposure matrix,6,17,-10.0,1.0,PASS,pass
LOT-A,改善前,W06,28nm MCU,LITHO-02,-,Lithography,center_hotspot,中心热点失效，怀疑 focus map 偏差,重跑 focus/exposure matrix,7,17,-9.0,1.0,PASS,pass
LOT-A,改善前,W06,28nm MCU,LITHO-02,-,Lithography,center_hotspot,中心热点失效，怀疑 focus map 偏差,重跑 focus/exposure matrix,8,17,-8.0,1.0,PASS,pass
LOT-A,改善前,W06,28nm MCU,LITHO-02,-,Lithography,center_hotspot,中心热点失效，怀疑 focus map 偏差,重跑 focus/exposure matrix,9,17,-7.0,1.0,PASS,pass
LOT-A,改善前,W06,28nm MCU,LITHO-02,-,Lithography,center_hotspot,中心热点失效，怀疑 focus map 偏差,重跑 focus/exposure matrix,10,17,-6.0,1.0,PASS,pass
LOT-A,改善前,W06,28nm MCU,LITHO-02,-,Lithography,center_hotspot,中心热点失效，怀疑 focus map 偏差,重跑 focus/exposure matrix,11,17,-5.0,1.0,PASS,pass
LOT-A,改善前,W06,28nm MCU,LITHO-02,-,Lithography,center_hotspot,中心热点失效，怀疑 focus map 偏差,重跑 focus/exposure matrix,12,17,-4.0,1.0,PASS,pass
LOT-A,改善前,W06,28nm MCU,LITHO-02,-,Lithography,center_hotspot,中心热点失效，怀疑 focus map 偏差,重跑 focus/exposure matrix,13,17,-3.0,1.0,FAIL,center_hotspot
LOT-A,改善前,W06,28nm MCU,LITHO-02,-,Lithography,center_hotspot,中心热点失效，怀疑 focus map 偏差,重跑 focus/exposure matrix,14,17,-2.0,1.0,FAIL,center_hotspot
LOT-A,改善前,W06,28nm MCU,LITHO-02,-,Lithography,center_hotspot,中心热点失效，怀疑 focus map 偏差,重跑 focus/exposure matrix,15,17,-1.0,1.0,FAIL,center_hotspot
LOT-A,改善前,W06,28nm MCU,LITHO-02,-,Lithography,center_hotspot,中心热点失效，怀疑 focus map 偏差,重跑 focus/exposure matrix,16,17,0.0,1.0,FAIL,center_hotspot
LOT-A,改善前,W06,28nm MCU,LITHO-02,-,Lithography,center_hotspot,中心热点失效，怀疑 focus map 偏差,重跑 focus/exposure matrix,17,17,1.0,1.0,FAIL,center_hotspot
LOT-A,改善前,W06,28nm MCU,LITHO-02,-,Lithography,center_hotspot,中心热点失效，怀疑 focus map 偏差,重跑 focus/exposure matrix,18,17,2.0,1.0,PASS,pass
LOT-A,改善前,W06,28nm MCU,LITHO-02,-,Lithography,center_hotspot,中心热点失效，怀疑 focus map 偏差,重跑 focus/exposure matrix,19,17,3.0,1.0,PASS,pass
LOT-A,改善前,W06,28nm MCU,LITHO-02,-,Lithography,center_hotspot,中心热点失效，怀疑 focus map 偏差,重跑 focus/exposure matrix,20,17,4.0,1.0,FAIL,center_hotspot
LOT-A,改善前,W06,28nm MCU,LITHO-02,-,Lithography,center_hotspot,中心热点失效，怀疑 focus map 偏差,重跑 focus/exposure matrix,21,17,5.0,1.0,FAIL,center_hotspot
LOT-A,改善前,W06,28nm MCU,LITHO-02,-,Lithography,center_hotspot,中心热点失效，怀疑 focus map 偏差,重跑 focus/exposure matrix,22,17,6.0,1.0,PASS,pass
LOT-A,改善前,W06,28nm MCU,LITHO-02,-,Lithography,center_hotspot,中心热点失效，怀疑 focus map 偏差,重跑 focus/exposure matrix,23,17,7.0,1.0,PASS,pass
LOT-A,改善前,W06,28nm MCU,LITHO-02,-,Lithography,center_hotspot,中心热点失效，怀疑 focus map 偏差,重跑 focus/exposure matrix,24,17,8.0,1.0,PASS,pass
LOT-A,改善前,W06,28nm MCU,LITHO-02,-,Lithography,center_hotspot,中心热点失效，怀疑 focus map 偏差,重跑 focus/exposure matrix,25,17,9.0,1.0,PASS,pass
LOT-A,改善前,W06,28nm MCU,LITHO-02,-,Lithography,center_hotspot,中心热点失效，怀疑 focus map 偏差,重跑 focus/exposure matrix,26,17,10.0,1.0,PASS,pass
LOT-A,改善前,W06,28nm MCU,LITHO-02,-,Lithography,center_hotspot,中心热点失效，怀疑 focus map 偏差,重跑 focus/exposure matrix,27,17,11.0,1.0,PASS,pass
LOT-A,改善前,W06,28nm MCU,LITHO-02,-,Lithography,center_hotspot,中心热点失效，怀疑 focus map 偏差,重跑 focus/exposure matrix,28,17,12.0,1.0,PASS,pass
LOT-A,改善前,W06,28nm MCU,LITHO-02,-,Lithography,center_hotspot,中心热点失效，怀疑 focus map 偏差,重跑 focus/exposure matrix,29,17,13.0,1.0,PASS,pass
LOT-A,改善前,W06,28nm MCU,LITHO-02,-,Lithography,center_hotspot,中心热点失效，怀疑 focus map 偏差,重跑 focus/exposure matrix,30,17,14.0,1.0,PASS,pass
LOT-A,改善前,W06,28nm MCU,LITHO-02,-,Lithography,center_hotspot,中心热点失效，怀疑 focus map 偏差,重跑 focus/exposure matrix,2,18,-14.0,2.0,PASS,pass
LOT-A,改善前,W06,28nm MCU,LITHO-02,-,Lithography,center_hotspot,中心热点失效，怀疑 focus map 偏差,重跑 focus/exposure matrix,3,18,-13.0,2.0,PASS,pass
LOT-A,改善前,W06,28nm MCU,LITHO-02,-,Lithography,center_hotspot,中心热点失效，怀疑 focus map 偏差,重跑 focus/exposure matrix,4,18,-12.0,2.0,PASS,pass
LOT-A,改善前,W06,28nm MCU,LITHO-02,-,Lithography,center_hotspot,中心热点失效，怀疑 focus map 偏差,重跑 focus/exposure matrix,5,18,-11.0,2.0,PASS,pass
LOT-A,改善前,W06,28nm MCU,LITHO-02,-,Lithography,center_hotspot,中心热点失效，怀疑 focus map 偏差,重跑 focus/exposure matrix,6,18,-10.0,2.0,PASS,pass
LOT-A,改善前,W06,28nm MCU,LITHO-02,-,Lithography,center_hotspot,中心热点失效，怀疑 focus map 偏差,重跑 focus/exposure matrix,7,18,-9.0,2.0,PASS,pass
LOT-A,改善前,W06,28nm MCU,LITHO-02,-,Lithography,center_hotspot,中心热点失效，怀疑 focus map 偏差,重跑 focus/exposure matrix,8,18,-8.0,2.0,PASS,pass
LOT-A,改善前,W06,28nm MCU,LITHO-02,-,Lithography,center_hotspot,中心热点失效，怀疑 focus map 偏差,重跑 focus/exposure matrix,9,18,-7.0,2.0,PASS,pass
LOT-A,改善前,W06,28nm MCU,LITHO-02,-,Lithography,center_hotspot,中心热点失效，怀疑 focus map 偏差,重跑 focus/exposure matrix,10,18,-6.0,2.0,FAIL,center_hotspot
LOT-A,改善前,W06,28nm MCU,LITHO-02,-,Lithography,center_hotspot,中心热点失效，怀疑 focus map 偏差,重跑 focus/exposure matrix,11,18,-5.0,2.0,PASS,pass
LOT-A,改善前,W06,28nm MCU,LITHO-02,-,Lithography,center_hotspot,中心热点失效，怀疑 focus map 偏差,重跑 focus/exposure matrix,12,18,-4.0,2.0,FAIL,center_hotspot
LOT-A,改善前,W06,28nm MCU,LITHO-02,-,Lithography,center_hotspot,中心热点失效，怀疑 focus map 偏差,重跑 focus/exposure matrix,13,18,-3.0,2.0,PASS,pass
LOT-A,改善前,W06,28nm MCU,LITHO-02,-,Lithography,center_hotspot,中心热点失效，怀疑 focus map 偏差,重跑 focus/exposure matrix,14,18,-2.0,2.0,FAIL,center_hotspot
LOT-A,改善前,W06,28nm MCU,LITHO-02,-,Lithography,center_hotspot,中心热点失效，怀疑 focus map 偏差,重跑 focus/exposure matrix,15,18,-1.0,2.0,FAIL,center_hotspot
LOT-A,改善前,W06,28nm MCU,LITHO-02,-,Lithography,center_hotspot,中心热点失效，怀疑 focus map 偏差,重跑 focus/exposure matrix,16,18,0.0,2.0,FAIL,center_hotspot
LOT-A,改善前,W06,28nm MCU,LITHO-02,-,Lithography,center_hotspot,中心热点失效，怀疑 focus map 偏差,重跑 focus/exposure matrix,17,18,1.0,2.0,PASS,pass
LOT-A,改善前,W06,28nm MCU,LITHO-02,-,Lithography,center_hotspot,中心热点失效，怀疑 focus map 偏差,重跑 focus/exposure matrix,18,18,2.0,2.0,PASS,pass
LOT-A,改善前,W06,28nm MCU,LITHO-02,-,Lithography,center_hotspot,中心热点失效，怀疑 focus map 偏差,重跑 focus/exposure matrix,19,18,3.0,2.0,PASS,pass
LOT-A,改善前,W06,28nm MCU,LITHO-02,-,Lithography,center_hotspot,中心热点失效，怀疑 focus map 偏差,重跑 focus/exposure matrix,20,18,4.0,2.0,FAIL,center_hotspot
LOT-A,改善前,W06,28nm MCU,LITHO-02,-,Lithography,center_hotspot,中心热点失效，怀疑 focus map 偏差,重跑 focus/exposure matrix,21,18,5.0,2.0,FAIL,center_hotspot
LOT-A,改善前,W06,28nm MCU,LITHO-02,-,Lithography,center_hotspot,中心热点失效，怀疑 focus map 偏差,重跑 focus/exposure matrix,22,18,6.0,2.0,PASS,pass
LOT-A,改善前,W06,28nm MCU,LITHO-02,-,Lithography,center_hotspot,中心热点失效，怀疑 focus map 偏差,重跑 focus/exposure matrix,23,18,7.0,2.0,PASS,pass
LOT-A,改善前,W06,28nm MCU,LITHO-02,-,Lithography,center_hotspot,中心热点失效，怀疑 focus map 偏差,重跑 focus/exposure matrix,24,18,8.0,2.0,PASS,pass
LOT-A,改善前,W06,28nm MCU,LITHO-02,-,Lithography,center_hotspot,中心热点失效，怀疑 focus map 偏差,重跑 focus/exposure matrix,25,18,9.0,2.0,PASS,pass
LOT-A,改善前,W06,28nm MCU,LITHO-02,-,Lithography,center_hotspot,中心热点失效，怀疑 focus map 偏差,重跑 focus/exposure matrix,26,18,10.0,2.0,PASS,pass
LOT-A,改善前,W06,28nm MCU,LITHO-02,-,Lithography,center_hotspot,中心热点失效，怀疑 focus map 偏差,重跑 focus/exposure matrix,27,18,11.0,2.0,PASS,pass
LOT-A,改善前,W06,28nm MCU,LITHO-02,-,Lithography,center_hotspot,中心热点失效，怀疑 focus map 偏差,重跑 focus/exposure matrix,28,18,12.0,2.0,PASS,pass
LOT-A,改善前,W06,28nm MCU,LITHO-02,-,Lithography,center_hotspot,中心热点失效，怀疑 focus map 偏差,重跑 focus/exposure matrix,29,18,13.0,2.0,PASS,pass
LOT-A,改善前,W06,28nm MCU,LITHO-02,-,Lithography,center_hotspot,中心热点失效，怀疑 focus map 偏差,重跑 focus/exposure matrix,30,18,14.0,2.0,PASS,pass
LOT-A,改善前,W06,28nm MCU,LITHO-02,-,Lithography,center_hotspot,中心热点失效，怀疑 focus map 偏差,重跑 focus/exposure matrix,2,19,-14.0,3.0,PASS,pass
LOT-A,改善前,W06,28nm MCU,LITHO-02,-,Lithography,center_hotspot,中心热点失效，怀疑 focus map 偏差,重跑 focus/exposure matrix,3,19,-13.0,3.0,PASS,pass
LOT-A,改善前,W06,28nm MCU,LITHO-02,-,Lithography,center_hotspot,中心热点失效，怀疑 focus map 偏差,重跑 focus/exposure matrix,4,19,-12.0,3.0,PASS,pass
LOT-A,改善前,W06,28nm MCU,LITHO-02,-,Lithography,center_hotspot,中心热点失效，怀疑 focus map 偏差,重跑 focus/exposure matrix,5,19,-11.0,3.0,PASS,pass
LOT-A,改善前,W06,28nm MCU,LITHO-02,-,Lithography,center_hotspot,中心热点失效，怀疑 focus map 偏差,重跑 focus/exposure matrix,6,19,-10.0,3.0,PASS,pass
LOT-A,改善前,W06,28nm MCU,LITHO-02,-,Lithography,center_hotspot,中心热点失效，怀疑 focus map 偏差,重跑 focus/exposure matrix,7,19,-9.0,3.0,FAIL,random
LOT-A,改善前,W06,28nm MCU,LITHO-02,-,Lithography,center_hotspot,中心热点失效，怀疑 focus map 偏差,重跑 focus/exposure matrix,8,19,-8.0,3.0,PASS,pass
LOT-A,改善前,W06,28nm MCU,LITHO-02,-,Lithography,center_hotspot,中心热点失效，怀疑 focus map 偏差,重跑 focus/exposure matrix,9,19,-7.0,3.0,PASS,pass
LOT-A,改善前,W06,28nm MCU,LITHO-02,-,Lithography,center_hotspot,中心热点失效，怀疑 focus map 偏差,重跑 focus/exposure matrix,10,19,-6.0,3.0,FAIL,center_hotspot
LOT-A,改善前,W06,28nm MCU,LITHO-02,-,Lithography,center_hotspot,中心热点失效，怀疑 focus map 偏差,重跑 focus/exposure matrix,11,19,-5.0,3.0,PASS,pass
LOT-A,改善前,W06,28nm MCU,LITHO-02,-,Lithography,center_hotspot,中心热点失效，怀疑 focus map 偏差,重跑 focus/exposure matrix,12,19,-4.0,3.0,FAIL,center_hotspot
LOT-A,改善前,W06,28nm MCU,LITHO-02,-,Lithography,center_hotspot,中心热点失效，怀疑 focus map 偏差,重跑 focus/exposure matrix,13,19,-3.0,3.0,PASS,pass
LOT-A,改善前,W06,28nm MCU,LITHO-02,-,Lithography,center_hotspot,中心热点失效，怀疑 focus map 偏差,重跑 focus/exposure matrix,14,19,-2.0,3.0,PASS,pass
LOT-A,改善前,W06,28nm MCU,LITHO-02,-,Lithography,center_hotspot,中心热点失效，怀疑 focus map 偏差,重跑 focus/exposure matrix,15,19,-1.0,3.0,PASS,pass
LOT-A,改善前,W06,28nm MCU,LITHO-02,-,Lithography,center_hotspot,中心热点失效，怀疑 focus map 偏差,重跑 focus/exposure matrix,16,19,0.0,3.0,FAIL,center_hotspot
LOT-A,改善前,W06,28nm MCU,LITHO-02,-,Lithography,center_hotspot,中心热点失效，怀疑 focus map 偏差,重跑 focus/exposure matrix,17,19,1.0,3.0,PASS,pass
LOT-A,改善前,W06,28nm MCU,LITHO-02,-,Lithography,center_hotspot,中心热点失效，怀疑 focus map 偏差,重跑 focus/exposure matrix,18,19,2.0,3.0,FAIL,center_hotspot
LOT-A,改善前,W06,28nm MCU,LITHO-02,-,Lithography,center_hotspot,中心热点失效，怀疑 focus map 偏差,重跑 focus/exposure matrix,19,19,3.0,3.0,PASS,pass
LOT-A,改善前,W06,28nm MCU,LITHO-02,-,Lithography,center_hotspot,中心热点失效，怀疑 focus map 偏差,重跑 focus/exposure matrix,20,19,4.0,3.0,FAIL,center_hotspot
LOT-A,改善前,W06,28nm MCU,LITHO-02,-,Lithography,center_hotspot,中心热点失效，怀疑 focus map 偏差,重跑 focus/exposure matrix,21,19,5.0,3.0,FAIL,center_hotspot
LOT-A,改善前,W06,28nm MCU,LITHO-02,-,Lithography,center_hotspot,中心热点失效，怀疑 focus map 偏差,重跑 focus/exposure matrix,22,19,6.0,3.0,PASS,pass
LOT-A,改善前,W06,28nm MCU,LITHO-02,-,Lithography,center_hotspot,中心热点失效，怀疑 focus map 偏差,重跑 focus/exposure matrix,23,19,7.0,3.0,PASS,pass
LOT-A,改善前,W06,28nm MCU,LITHO-02,-,Lithography,center_hotspot,中心热点失效，怀疑 focus map 偏差,重跑 focus/exposure matrix,24,19,8.0,3.0,PASS,pass
LOT-A,改善前,W06,28nm MCU,LITHO-02,-,Lithography,center_hotspot,中心热点失效，怀疑 focus map 偏差,重跑 focus/exposure matrix,25,19,9.0,3.0,PASS,pass
LOT-A,改善前,W06,28nm MCU,LITHO-02,-,Lithography,center_hotspot,中心热点失效，怀疑 focus map 偏差,重跑 focus/exposure matrix,26,19,10.0,3.0,PASS,pass
LOT-A,改善前,W06,28nm MCU,LITHO-02,-,Lithography,center_hotspot,中心热点失效，怀疑 focus map 偏差,重跑 focus/exposure matrix,27,19,11.0,3.0,PASS,pass
LOT-A,改善前,W06,28nm MCU,LITHO-02,-,Lithography,center_hotspot,中心热点失效，怀疑 focus map 偏差,重跑 focus/exposure matrix,28,19,12.0,3.0,PASS,pass
LOT-A,改善前,W06,28nm MCU,LITHO-02,-,Lithography,center_hotspot,中心热点失效，怀疑 focus map 偏差,重跑 focus/exposure matrix,29,19,13.0,3.0,PASS,pass
LOT-A,改善前,W06,28nm MCU,LITHO-02,-,Lithography,center_hotspot,中心热点失效，怀疑 focus map 偏差,重跑 focus/exposure matrix,30,19,14.0,3.0,PASS,pass
LOT-A,改善前,W06,28nm MCU,LITHO-02,-,Lithography,center_hotspot,中心热点失效，怀疑 focus map 偏差,重跑 focus/exposure matrix,2,20,-14.0,4.0,PASS,pass
LOT-A,改善前,W06,28nm MCU,LITHO-02,-,Lithography,center_hotspot,中心热点失效，怀疑 focus map 偏差,重跑 focus/exposure matrix,3,20,-13.0,4.0,PASS,pass
LOT-A,改善前,W06,28nm MCU,LITHO-02,-,Lithography,center_hotspot,中心热点失效，怀疑 focus map 偏差,重跑 focus/exposure matrix,4,20,-12.0,4.0,PASS,pass
LOT-A,改善前,W06,28nm MCU,LITHO-02,-,Lithography,center_hotspot,中心热点失效，怀疑 focus map 偏差,重跑 focus/exposure matrix,5,20,-11.0,4.0,PASS,pass
LOT-A,改善前,W06,28nm MCU,LITHO-02,-,Lithography,center_hotspot,中心热点失效，怀疑 focus map 偏差,重跑 focus/exposure matrix,6,20,-10.0,4.0,PASS,pass
LOT-A,改善前,W06,28nm MCU,LITHO-02,-,Lithography,center_hotspot,中心热点失效，怀疑 focus map 偏差,重跑 focus/exposure matrix,7,20,-9.0,4.0,PASS,pass
LOT-A,改善前,W06,28nm MCU,LITHO-02,-,Lithography,center_hotspot,中心热点失效，怀疑 focus map 偏差,重跑 focus/exposure matrix,8,20,-8.0,4.0,PASS,pass
LOT-A,改善前,W06,28nm MCU,LITHO-02,-,Lithography,center_hotspot,中心热点失效，怀疑 focus map 偏差,重跑 focus/exposure matrix,9,20,-7.0,4.0,PASS,pass
LOT-A,改善前,W06,28nm MCU,LITHO-02,-,Lithography,center_hotspot,中心热点失效，怀疑 focus map 偏差,重跑 focus/exposure matrix,10,20,-6.0,4.0,PASS,pass
LOT-A,改善前,W06,28nm MCU,LITHO-02,-,Lithography,center_hotspot,中心热点失效，怀疑 focus map 偏差,重跑 focus/exposure matrix,11,20,-5.0,4.0,PASS,pass
LOT-A,改善前,W06,28nm MCU,LITHO-02,-,Lithography,center_hotspot,中心热点失效，怀疑 focus map 偏差,重跑 focus/exposure matrix,12,20,-4.0,4.0,PASS,pass
LOT-A,改善前,W06,28nm MCU,LITHO-02,-,Lithography,center_hotspot,中心热点失效，怀疑 focus map 偏差,重跑 focus/exposure matrix,13,20,-3.0,4.0,PASS,pass
LOT-A,改善前,W06,28nm MCU,LITHO-02,-,Lithography,center_hotspot,中心热点失效，怀疑 focus map 偏差,重跑 focus/exposure matrix,14,20,-2.0,4.0,PASS,pass
LOT-A,改善前,W06,28nm MCU,LITHO-02,-,Lithography,center_hotspot,中心热点失效，怀疑 focus map 偏差,重跑 focus/exposure matrix,15,20,-1.0,4.0,FAIL,center_hotspot
LOT-A,改善前,W06,28nm MCU,LITHO-02,-,Lithography,center_hotspot,中心热点失效，怀疑 focus map 偏差,重跑 focus/exposure matrix,16,20,0.0,4.0,FAIL,center_hotspot
LOT-A,改善前,W06,28nm MCU,LITHO-02,-,Lithography,center_hotspot,中心热点失效，怀疑 focus map 偏差,重跑 focus/exposure matrix,17,20,1.0,4.0,FAIL,center_hotspot
LOT-A,改善前,W06,28nm MCU,LITHO-02,-,Lithography,center_hotspot,中心热点失效，怀疑 focus map 偏差,重跑 focus/exposure matrix,18,20,2.0,4.0,FAIL,center_hotspot
LOT-A,改善前,W06,28nm MCU,LITHO-02,-,Lithography,center_hotspot,中心热点失效，怀疑 focus map 偏差,重跑 focus/exposure matrix,19,20,3.0,4.0,FAIL,center_hotspot
LOT-A,改善前,W06,28nm MCU,LITHO-02,-,Lithography,center_hotspot,中心热点失效，怀疑 focus map 偏差,重跑 focus/exposure matrix,20,20,4.0,4.0,PASS,pass
LOT-A,改善前,W06,28nm MCU,LITHO-02,-,Lithography,center_hotspot,中心热点失效，怀疑 focus map 偏差,重跑 focus/exposure matrix,21,20,5.0,4.0,PASS,pass
LOT-A,改善前,W06,28nm MCU,LITHO-02,-,Lithography,center_hotspot,中心热点失效，怀疑 focus map 偏差,重跑 focus/exposure matrix,22,20,6.0,4.0,PASS,pass
LOT-A,改善前,W06,28nm MCU,LITHO-02,-,Lithography,center_hotspot,中心热点失效，怀疑 focus map 偏差,重跑 focus/exposure matrix,23,20,7.0,4.0,PASS,pass
LOT-A,改善前,W06,28nm MCU,LITHO-02,-,Lithography,center_hotspot,中心热点失效，怀疑 focus map 偏差,重跑 focus/exposure matrix,24,20,8.0,4.0,PASS,pass
LOT-A,改善前,W06,28nm MCU,LITHO-02,-,Lithography,center_hotspot,中心热点失效，怀疑 focus map 偏差,重跑 focus/exposure matrix,25,20,9.0,4.0,PASS,pass
LOT-A,改善前,W06,28nm MCU,LITHO-02,-,Lithography,center_hotspot,中心热点失效，怀疑 focus map 偏差,重跑 focus/exposure matrix,26,20,10.0,4.0,PASS,pass
LOT-A,改善前,W06,28nm MCU,LITHO-02,-,Lithography,center_hotspot,中心热点失效，怀疑 focus map 偏差,重跑 focus/exposure matrix,27,20,11.0,4.0,PASS,pass
LOT-A,改善前,W06,28nm MCU,LITHO-02,-,Lithography,center_hotspot,中心热点失效，怀疑 focus map 偏差,重跑 focus/exposure matrix,28,20,12.0,4.0,PASS,pass
LOT-A,改善前,W06,28nm MCU,LITHO-02,-,Lithography,center_hotspot,中心热点失效，怀疑 focus map 偏差,重跑 focus/exposure matrix,29,20,13.0,4.0,PASS,pass
LOT-A,改善前,W06,28nm MCU,LITHO-02,-,Lithography,center_hotspot,中心热点失效，怀疑 focus map 偏差,重跑 focus/exposure matrix,30,20,14.0,4.0,PASS,pass
LOT-A,改善前,W06,28nm MCU,LITHO-02,-,Lithography,center_hotspot,中心热点失效，怀疑 focus map 偏差,重跑 focus/exposure matrix,3,21,-13.0,5.0,PASS,pass
LOT-A,改善前,W06,28nm MCU,LITHO-02,-,Lithography,center_hotspot,中心热点失效，怀疑 focus map 偏差,重跑 focus/exposure matrix,4,21,-12.0,5.0,PASS,pass
LOT-A,改善前,W06,28nm MCU,LITHO-02,-,Lithography,center_hotspot,中心热点失效，怀疑 focus map 偏差,重跑 focus/exposure matrix,5,21,-11.0,5.0,PASS,pass
LOT-A,改善前,W06,28nm MCU,LITHO-02,-,Lithography,center_hotspot,中心热点失效，怀疑 focus map 偏差,重跑 focus/exposure matrix,6,21,-10.0,5.0,PASS,pass
LOT-A,改善前,W06,28nm MCU,LITHO-02,-,Lithography,center_hotspot,中心热点失效，怀疑 focus map 偏差,重跑 focus/exposure matrix,7,21,-9.0,5.0,PASS,pass
LOT-A,改善前,W06,28nm MCU,LITHO-02,-,Lithography,center_hotspot,中心热点失效，怀疑 focus map 偏差,重跑 focus/exposure matrix,8,21,-8.0,5.0,PASS,pass
LOT-A,改善前,W06,28nm MCU,LITHO-02,-,Lithography,center_hotspot,中心热点失效，怀疑 focus map 偏差,重跑 focus/exposure matrix,9,21,-7.0,5.0,PASS,pass
LOT-A,改善前,W06,28nm MCU,LITHO-02,-,Lithography,center_hotspot,中心热点失效，怀疑 focus map 偏差,重跑 focus/exposure matrix,10,21,-6.0,5.0,PASS,pass
LOT-A,改善前,W06,28nm MCU,LITHO-02,-,Lithography,center_hotspot,中心热点失效，怀疑 focus map 偏差,重跑 focus/exposure matrix,11,21,-5.0,5.0,PASS,pass
LOT-A,改善前,W06,28nm MCU,LITHO-02,-,Lithography,center_hotspot,中心热点失效，怀疑 focus map 偏差,重跑 focus/exposure matrix,12,21,-4.0,5.0,PASS,pass
LOT-A,改善前,W06,28nm MCU,LITHO-02,-,Lithography,center_hotspot,中心热点失效，怀疑 focus map 偏差,重跑 focus/exposure matrix,13,21,-3.0,5.0,FAIL,random
LOT-A,改善前,W06,28nm MCU,LITHO-02,-,Lithography,center_hotspot,中心热点失效，怀疑 focus map 偏差,重跑 focus/exposure matrix,14,21,-2.0,5.0,FAIL,center_hotspot
LOT-A,改善前,W06,28nm MCU,LITHO-02,-,Lithography,center_hotspot,中心热点失效，怀疑 focus map 偏差,重跑 focus/exposure matrix,15,21,-1.0,5.0,PASS,pass
LOT-A,改善前,W06,28nm MCU,LITHO-02,-,Lithography,center_hotspot,中心热点失效，怀疑 focus map 偏差,重跑 focus/exposure matrix,16,21,0.0,5.0,PASS,pass
LOT-A,改善前,W06,28nm MCU,LITHO-02,-,Lithography,center_hotspot,中心热点失效，怀疑 focus map 偏差,重跑 focus/exposure matrix,17,21,1.0,5.0,PASS,pass
LOT-A,改善前,W06,28nm MCU,LITHO-02,-,Lithography,center_hotspot,中心热点失效，怀疑 focus map 偏差,重跑 focus/exposure matrix,18,21,2.0,5.0,FAIL,center_hotspot
LOT-A,改善前,W06,28nm MCU,LITHO-02,-,Lithography,center_hotspot,中心热点失效，怀疑 focus map 偏差,重跑 focus/exposure matrix,19,21,3.0,5.0,PASS,pass
LOT-A,改善前,W06,28nm MCU,LITHO-02,-,Lithography,center_hotspot,中心热点失效，怀疑 focus map 偏差,重跑 focus/exposure matrix,20,21,4.0,5.0,FAIL,center_hotspot
LOT-A,改善前,W06,28nm MCU,LITHO-02,-,Lithography,center_hotspot,中心热点失效，怀疑 focus map 偏差,重跑 focus/exposure matrix,21,21,5.0,5.0,PASS,pass
LOT-A,改善前,W06,28nm MCU,LITHO-02,-,Lithography,center_hotspot,中心热点失效，怀疑 focus map 偏差,重跑 focus/exposure matrix,22,21,6.0,5.0,PASS,pass
LOT-A,改善前,W06,28nm MCU,LITHO-02,-,Lithography,center_hotspot,中心热点失效，怀疑 focus map 偏差,重跑 focus/exposure matrix,23,21,7.0,5.0,PASS,pass
LOT-A,改善前,W06,28nm MCU,LITHO-02,-,Lithography,center_hotspot,中心热点失效，怀疑 focus map 偏差,重跑 focus/exposure matrix,24,21,8.0,5.0,PASS,pass
LOT-A,改善前,W06,28nm MCU,LITHO-02,-,Lithography,center_hotspot,中心热点失效，怀疑 focus map 偏差,重跑 focus/exposure matrix,25,21,9.0,5.0,PASS,pass
LOT-A,改善前,W06,28nm MCU,LITHO-02,-,Lithography,center_hotspot,中心热点失效，怀疑 focus map 偏差,重跑 focus/exposure matrix,26,21,10.0,5.0,PASS,pass
LOT-A,改善前,W06,28nm MCU,LITHO-02,-,Lithography,center_hotspot,中心热点失效，怀疑 focus map 偏差,重跑 focus/exposure matrix,27,21,11.0,5.0,PASS,pass
LOT-A,改善前,W06,28nm MCU,LITHO-02,-,Lithography,center_hotspot,中心热点失效，怀疑 focus map 偏差,重跑 focus/exposure matrix,28,21,12.0,5.0,PASS,pass
LOT-A,改善前,W06,28nm MCU,LITHO-02,-,Lithography,center_hotspot,中心热点失效，怀疑 focus map 偏差,重跑 focus/exposure matrix,29,21,13.0,5.0,PASS,pass
LOT-A,改善前,W06,28nm MCU,LITHO-02,-,Lithography,center_hotspot,中心热点失效，怀疑 focus map 偏差,重跑 focus/exposure matrix,3,22,-13.0,6.0,PASS,pass
LOT-A,改善前,W06,28nm MCU,LITHO-02,-,Lithography,center_hotspot,中心热点失效，怀疑 focus map 偏差,重跑 focus/exposure matrix,4,22,-12.0,6.0,PASS,pass
LOT-A,改善前,W06,28nm MCU,LITHO-02,-,Lithography,center_hotspot,中心热点失效，怀疑 focus map 偏差,重跑 focus/exposure matrix,5,22,-11.0,6.0,PASS,pass
LOT-A,改善前,W06,28nm MCU,LITHO-02,-,Lithography,center_hotspot,中心热点失效，怀疑 focus map 偏差,重跑 focus/exposure matrix,6,22,-10.0,6.0,PASS,pass
LOT-A,改善前,W06,28nm MCU,LITHO-02,-,Lithography,center_hotspot,中心热点失效，怀疑 focus map 偏差,重跑 focus/exposure matrix,7,22,-9.0,6.0,PASS,pass
LOT-A,改善前,W06,28nm MCU,LITHO-02,-,Lithography,center_hotspot,中心热点失效，怀疑 focus map 偏差,重跑 focus/exposure matrix,8,22,-8.0,6.0,PASS,pass
LOT-A,改善前,W06,28nm MCU,LITHO-02,-,Lithography,center_hotspot,中心热点失效，怀疑 focus map 偏差,重跑 focus/exposure matrix,9,22,-7.0,6.0,PASS,pass
LOT-A,改善前,W06,28nm MCU,LITHO-02,-,Lithography,center_hotspot,中心热点失效，怀疑 focus map 偏差,重跑 focus/exposure matrix,10,22,-6.0,6.0,PASS,pass
LOT-A,改善前,W06,28nm MCU,LITHO-02,-,Lithography,center_hotspot,中心热点失效，怀疑 focus map 偏差,重跑 focus/exposure matrix,11,22,-5.0,6.0,PASS,pass
LOT-A,改善前,W06,28nm MCU,LITHO-02,-,Lithography,center_hotspot,中心热点失效，怀疑 focus map 偏差,重跑 focus/exposure matrix,12,22,-4.0,6.0,PASS,pass
LOT-A,改善前,W06,28nm MCU,LITHO-02,-,Lithography,center_hotspot,中心热点失效，怀疑 focus map 偏差,重跑 focus/exposure matrix,13,22,-3.0,6.0,PASS,pass
LOT-A,改善前,W06,28nm MCU,LITHO-02,-,Lithography,center_hotspot,中心热点失效，怀疑 focus map 偏差,重跑 focus/exposure matrix,14,22,-2.0,6.0,FAIL,center_hotspot
LOT-A,改善前,W06,28nm MCU,LITHO-02,-,Lithography,center_hotspot,中心热点失效，怀疑 focus map 偏差,重跑 focus/exposure matrix,15,22,-1.0,6.0,PASS,pass
LOT-A,改善前,W06,28nm MCU,LITHO-02,-,Lithography,center_hotspot,中心热点失效，怀疑 focus map 偏差,重跑 focus/exposure matrix,16,22,0.0,6.0,PASS,pass
LOT-A,改善前,W06,28nm MCU,LITHO-02,-,Lithography,center_hotspot,中心热点失效，怀疑 focus map 偏差,重跑 focus/exposure matrix,17,22,1.0,6.0,PASS,pass
LOT-A,改善前,W06,28nm MCU,LITHO-02,-,Lithography,center_hotspot,中心热点失效，怀疑 focus map 偏差,重跑 focus/exposure matrix,18,22,2.0,6.0,PASS,pass
LOT-A,改善前,W06,28nm MCU,LITHO-02,-,Lithography,center_hotspot,中心热点失效，怀疑 focus map 偏差,重跑 focus/exposure matrix,19,22,3.0,6.0,PASS,pass
LOT-A,改善前,W06,28nm MCU,LITHO-02,-,Lithography,center_hotspot,中心热点失效，怀疑 focus map 偏差,重跑 focus/exposure matrix,20,22,4.0,6.0,PASS,pass
LOT-A,改善前,W06,28nm MCU,LITHO-02,-,Lithography,center_hotspot,中心热点失效，怀疑 focus map 偏差,重跑 focus/exposure matrix,21,22,5.0,6.0,PASS,pass
LOT-A,改善前,W06,28nm MCU,LITHO-02,-,Lithography,center_hotspot,中心热点失效，怀疑 focus map 偏差,重跑 focus/exposure matrix,22,22,6.0,6.0,PASS,pass
LOT-A,改善前,W06,28nm MCU,LITHO-02,-,Lithography,center_hotspot,中心热点失效，怀疑 focus map 偏差,重跑 focus/exposure matrix,23,22,7.0,6.0,PASS,pass
LOT-A,改善前,W06,28nm MCU,LITHO-02,-,Lithography,center_hotspot,中心热点失效，怀疑 focus map 偏差,重跑 focus/exposure matrix,24,22,8.0,6.0,PASS,pass
LOT-A,改善前,W06,28nm MCU,LITHO-02,-,Lithography,center_hotspot,中心热点失效，怀疑 focus map 偏差,重跑 focus/exposure matrix,25,22,9.0,6.0,PASS,pass
LOT-A,改善前,W06,28nm MCU,LITHO-02,-,Lithography,center_hotspot,中心热点失效，怀疑 focus map 偏差,重跑 focus/exposure matrix,26,22,10.0,6.0,PASS,pass
LOT-A,改善前,W06,28nm MCU,LITHO-02,-,Lithography,center_hotspot,中心热点失效，怀疑 focus map 偏差,重跑 focus/exposure matrix,27,22,11.0,6.0,PASS,pass
LOT-A,改善前,W06,28nm MCU,LITHO-02,-,Lithography,center_hotspot,中心热点失效，怀疑 focus map 偏差,重跑 focus/exposure matrix,28,22,12.0,6.0,PASS,pass
LOT-A,改善前,W06,28nm MCU,LITHO-02,-,Lithography,center_hotspot,中心热点失效，怀疑 focus map 偏差,重跑 focus/exposure matrix,29,22,13.0,6.0,PASS,pass
LOT-A,改善前,W06,28nm MCU,LITHO-02,-,Lithography,center_hotspot,中心热点失效，怀疑 focus map 偏差,重跑 focus/exposure matrix,3,23,-13.0,7.0,PASS,pass
LOT-A,改善前,W06,28nm MCU,LITHO-02,-,Lithography,center_hotspot,中心热点失效，怀疑 focus map 偏差,重跑 focus/exposure matrix,4,23,-12.0,7.0,PASS,pass
LOT-A,改善前,W06,28nm MCU,LITHO-02,-,Lithography,center_hotspot,中心热点失效，怀疑 focus map 偏差,重跑 focus/exposure matrix,5,23,-11.0,7.0,PASS,pass
LOT-A,改善前,W06,28nm MCU,LITHO-02,-,Lithography,center_hotspot,中心热点失效，怀疑 focus map 偏差,重跑 focus/exposure matrix,6,23,-10.0,7.0,PASS,pass
LOT-A,改善前,W06,28nm MCU,LITHO-02,-,Lithography,center_hotspot,中心热点失效，怀疑 focus map 偏差,重跑 focus/exposure matrix,7,23,-9.0,7.0,PASS,pass
LOT-A,改善前,W06,28nm MCU,LITHO-02,-,Lithography,center_hotspot,中心热点失效，怀疑 focus map 偏差,重跑 focus/exposure matrix,8,23,-8.0,7.0,PASS,pass
LOT-A,改善前,W06,28nm MCU,LITHO-02,-,Lithography,center_hotspot,中心热点失效，怀疑 focus map 偏差,重跑 focus/exposure matrix,9,23,-7.0,7.0,PASS,pass
LOT-A,改善前,W06,28nm MCU,LITHO-02,-,Lithography,center_hotspot,中心热点失效，怀疑 focus map 偏差,重跑 focus/exposure matrix,10,23,-6.0,7.0,PASS,pass
LOT-A,改善前,W06,28nm MCU,LITHO-02,-,Lithography,center_hotspot,中心热点失效，怀疑 focus map 偏差,重跑 focus/exposure matrix,11,23,-5.0,7.0,PASS,pass
LOT-A,改善前,W06,28nm MCU,LITHO-02,-,Lithography,center_hotspot,中心热点失效，怀疑 focus map 偏差,重跑 focus/exposure matrix,12,23,-4.0,7.0,PASS,pass
LOT-A,改善前,W06,28nm MCU,LITHO-02,-,Lithography,center_hotspot,中心热点失效，怀疑 focus map 偏差,重跑 focus/exposure matrix,13,23,-3.0,7.0,PASS,pass
LOT-A,改善前,W06,28nm MCU,LITHO-02,-,Lithography,center_hotspot,中心热点失效，怀疑 focus map 偏差,重跑 focus/exposure matrix,14,23,-2.0,7.0,PASS,pass
LOT-A,改善前,W06,28nm MCU,LITHO-02,-,Lithography,center_hotspot,中心热点失效，怀疑 focus map 偏差,重跑 focus/exposure matrix,15,23,-1.0,7.0,PASS,pass
LOT-A,改善前,W06,28nm MCU,LITHO-02,-,Lithography,center_hotspot,中心热点失效，怀疑 focus map 偏差,重跑 focus/exposure matrix,16,23,0.0,7.0,PASS,pass
LOT-A,改善前,W06,28nm MCU,LITHO-02,-,Lithography,center_hotspot,中心热点失效，怀疑 focus map 偏差,重跑 focus/exposure matrix,17,23,1.0,7.0,PASS,pass
LOT-A,改善前,W06,28nm MCU,LITHO-02,-,Lithography,center_hotspot,中心热点失效，怀疑 focus map 偏差,重跑 focus/exposure matrix,18,23,2.0,7.0,PASS,pass
LOT-A,改善前,W06,28nm MCU,LITHO-02,-,Lithography,center_hotspot,中心热点失效，怀疑 focus map 偏差,重跑 focus/exposure matrix,19,23,3.0,7.0,PASS,pass
LOT-A,改善前,W06,28nm MCU,LITHO-02,-,Lithography,center_hotspot,中心热点失效，怀疑 focus map 偏差,重跑 focus/exposure matrix,20,23,4.0,7.0,PASS,pass
LOT-A,改善前,W06,28nm MCU,LITHO-02,-,Lithography,center_hotspot,中心热点失效，怀疑 focus map 偏差,重跑 focus/exposure matrix,21,23,5.0,7.0,PASS,pass
LOT-A,改善前,W06,28nm MCU,LITHO-02,-,Lithography,center_hotspot,中心热点失效，怀疑 focus map 偏差,重跑 focus/exposure matrix,22,23,6.0,7.0,PASS,pass
LOT-A,改善前,W06,28nm MCU,LITHO-02,-,Lithography,center_hotspot,中心热点失效，怀疑 focus map 偏差,重跑 focus/exposure matrix,23,23,7.0,7.0,PASS,pass
LOT-A,改善前,W06,28nm MCU,LITHO-02,-,Lithography,center_hotspot,中心热点失效，怀疑 focus map 偏差,重跑 focus/exposure matrix,24,23,8.0,7.0,PASS,pass
LOT-A,改善前,W06,28nm MCU,LITHO-02,-,Lithography,center_hotspot,中心热点失效，怀疑 focus map 偏差,重跑 focus/exposure matrix,25,23,9.0,7.0,PASS,pass
LOT-A,改善前,W06,28nm MCU,LITHO-02,-,Lithography,center_hotspot,中心热点失效，怀疑 focus map 偏差,重跑 focus/exposure matrix,26,23,10.0,7.0,PASS,pass
LOT-A,改善前,W06,28nm MCU,LITHO-02,-,Lithography,center_hotspot,中心热点失效，怀疑 focus map 偏差,重跑 focus/exposure matrix,27,23,11.0,7.0,PASS,pass
LOT-A,改善前,W06,28nm MCU,LITHO-02,-,Lithography,center_hotspot,中心热点失效，怀疑 focus map 偏差,重跑 focus/exposure matrix,28,23,12.0,7.0,PASS,pass
LOT-A,改善前,W06,28nm MCU,LITHO-02,-,Lithography,center_hotspot,中心热点失效，怀疑 focus map 偏差,重跑 focus/exposure matrix,29,23,13.0,7.0,PASS,pass
LOT-A,改善前,W06,28nm MCU,LITHO-02,-,Lithography,center_hotspot,中心热点失效，怀疑 focus map 偏差,重跑 focus/exposure matrix,4,24,-12.0,8.0,PASS,pass
LOT-A,改善前,W06,28nm MCU,LITHO-02,-,Lithography,center_hotspot,中心热点失效，怀疑 focus map 偏差,重跑 focus/exposure matrix,5,24,-11.0,8.0,PASS,pass
LOT-A,改善前,W06,28nm MCU,LITHO-02,-,Lithography,center_hotspot,中心热点失效，怀疑 focus map 偏差,重跑 focus/exposure matrix,6,24,-10.0,8.0,PASS,pass
LOT-A,改善前,W06,28nm MCU,LITHO-02,-,Lithography,center_hotspot,中心热点失效，怀疑 focus map 偏差,重跑 focus/exposure matrix,7,24,-9.0,8.0,PASS,pass
LOT-A,改善前,W06,28nm MCU,LITHO-02,-,Lithography,center_hotspot,中心热点失效，怀疑 focus map 偏差,重跑 focus/exposure matrix,8,24,-8.0,8.0,PASS,pass
LOT-A,改善前,W06,28nm MCU,LITHO-02,-,Lithography,center_hotspot,中心热点失效，怀疑 focus map 偏差,重跑 focus/exposure matrix,9,24,-7.0,8.0,PASS,pass
LOT-A,改善前,W06,28nm MCU,LITHO-02,-,Lithography,center_hotspot,中心热点失效，怀疑 focus map 偏差,重跑 focus/exposure matrix,10,24,-6.0,8.0,PASS,pass
LOT-A,改善前,W06,28nm MCU,LITHO-02,-,Lithography,center_hotspot,中心热点失效，怀疑 focus map 偏差,重跑 focus/exposure matrix,11,24,-5.0,8.0,PASS,pass
LOT-A,改善前,W06,28nm MCU,LITHO-02,-,Lithography,center_hotspot,中心热点失效，怀疑 focus map 偏差,重跑 focus/exposure matrix,12,24,-4.0,8.0,FAIL,random
LOT-A,改善前,W06,28nm MCU,LITHO-02,-,Lithography,center_hotspot,中心热点失效，怀疑 focus map 偏差,重跑 focus/exposure matrix,13,24,-3.0,8.0,PASS,pass
LOT-A,改善前,W06,28nm MCU,LITHO-02,-,Lithography,center_hotspot,中心热点失效，怀疑 focus map 偏差,重跑 focus/exposure matrix,14,24,-2.0,8.0,PASS,pass
LOT-A,改善前,W06,28nm MCU,LITHO-02,-,Lithography,center_hotspot,中心热点失效，怀疑 focus map 偏差,重跑 focus/exposure matrix,15,24,-1.0,8.0,PASS,pass
LOT-A,改善前,W06,28nm MCU,LITHO-02,-,Lithography,center_hotspot,中心热点失效，怀疑 focus map 偏差,重跑 focus/exposure matrix,16,24,0.0,8.0,PASS,pass
LOT-A,改善前,W06,28nm MCU,LITHO-02,-,Lithography,center_hotspot,中心热点失效，怀疑 focus map 偏差,重跑 focus/exposure matrix,17,24,1.0,8.0,PASS,pass
LOT-A,改善前,W06,28nm MCU,LITHO-02,-,Lithography,center_hotspot,中心热点失效，怀疑 focus map 偏差,重跑 focus/exposure matrix,18,24,2.0,8.0,PASS,pass
LOT-A,改善前,W06,28nm MCU,LITHO-02,-,Lithography,center_hotspot,中心热点失效，怀疑 focus map 偏差,重跑 focus/exposure matrix,19,24,3.0,8.0,PASS,pass
LOT-A,改善前,W06,28nm MCU,LITHO-02,-,Lithography,center_hotspot,中心热点失效，怀疑 focus map 偏差,重跑 focus/exposure matrix,20,24,4.0,8.0,PASS,pass
LOT-A,改善前,W06,28nm MCU,LITHO-02,-,Lithography,center_hotspot,中心热点失效，怀疑 focus map 偏差,重跑 focus/exposure matrix,21,24,5.0,8.0,PASS,pass
LOT-A,改善前,W06,28nm MCU,LITHO-02,-,Lithography,center_hotspot,中心热点失效，怀疑 focus map 偏差,重跑 focus/exposure matrix,22,24,6.0,8.0,PASS,pass
LOT-A,改善前,W06,28nm MCU,LITHO-02,-,Lithography,center_hotspot,中心热点失效，怀疑 focus map 偏差,重跑 focus/exposure matrix,23,24,7.0,8.0,PASS,pass
LOT-A,改善前,W06,28nm MCU,LITHO-02,-,Lithography,center_hotspot,中心热点失效，怀疑 focus map 偏差,重跑 focus/exposure matrix,24,24,8.0,8.0,PASS,pass
LOT-A,改善前,W06,28nm MCU,LITHO-02,-,Lithography,center_hotspot,中心热点失效，怀疑 focus map 偏差,重跑 focus/exposure matrix,25,24,9.0,8.0,PASS,pass
LOT-A,改善前,W06,28nm MCU,LITHO-02,-,Lithography,center_hotspot,中心热点失效，怀疑 focus map 偏差,重跑 focus/exposure matrix,26,24,10.0,8.0,PASS,pass
LOT-A,改善前,W06,28nm MCU,LITHO-02,-,Lithography,center_hotspot,中心热点失效，怀疑 focus map 偏差,重跑 focus/exposure matrix,27,24,11.0,8.0,PASS,pass
LOT-A,改善前,W06,28nm MCU,LITHO-02,-,Lithography,center_hotspot,中心热点失效，怀疑 focus map 偏差,重跑 focus/exposure matrix,28,24,12.0,8.0,PASS,pass
LOT-A,改善前,W06,28nm MCU,LITHO-02,-,Lithography,center_hotspot,中心热点失效，怀疑 focus map 偏差,重跑 focus/exposure matrix,5,25,-11.0,9.0,PASS,pass
LOT-A,改善前,W06,28nm MCU,LITHO-02,-,Lithography,center_hotspot,中心热点失效，怀疑 focus map 偏差,重跑 focus/exposure matrix,6,25,-10.0,9.0,PASS,pass
LOT-A,改善前,W06,28nm MCU,LITHO-02,-,Lithography,center_hotspot,中心热点失效，怀疑 focus map 偏差,重跑 focus/exposure matrix,7,25,-9.0,9.0,PASS,pass
LOT-A,改善前,W06,28nm MCU,LITHO-02,-,Lithography,center_hotspot,中心热点失效，怀疑 focus map 偏差,重跑 focus/exposure matrix,8,25,-8.0,9.0,PASS,pass
LOT-A,改善前,W06,28nm MCU,LITHO-02,-,Lithography,center_hotspot,中心热点失效，怀疑 focus map 偏差,重跑 focus/exposure matrix,9,25,-7.0,9.0,PASS,pass
LOT-A,改善前,W06,28nm MCU,LITHO-02,-,Lithography,center_hotspot,中心热点失效，怀疑 focus map 偏差,重跑 focus/exposure matrix,10,25,-6.0,9.0,PASS,pass
LOT-A,改善前,W06,28nm MCU,LITHO-02,-,Lithography,center_hotspot,中心热点失效，怀疑 focus map 偏差,重跑 focus/exposure matrix,11,25,-5.0,9.0,PASS,pass
LOT-A,改善前,W06,28nm MCU,LITHO-02,-,Lithography,center_hotspot,中心热点失效，怀疑 focus map 偏差,重跑 focus/exposure matrix,12,25,-4.0,9.0,PASS,pass
LOT-A,改善前,W06,28nm MCU,LITHO-02,-,Lithography,center_hotspot,中心热点失效，怀疑 focus map 偏差,重跑 focus/exposure matrix,13,25,-3.0,9.0,PASS,pass
LOT-A,改善前,W06,28nm MCU,LITHO-02,-,Lithography,center_hotspot,中心热点失效，怀疑 focus map 偏差,重跑 focus/exposure matrix,14,25,-2.0,9.0,PASS,pass
LOT-A,改善前,W06,28nm MCU,LITHO-02,-,Lithography,center_hotspot,中心热点失效，怀疑 focus map 偏差,重跑 focus/exposure matrix,15,25,-1.0,9.0,PASS,pass
LOT-A,改善前,W06,28nm MCU,LITHO-02,-,Lithography,center_hotspot,中心热点失效，怀疑 focus map 偏差,重跑 focus/exposure matrix,16,25,0.0,9.0,PASS,pass
LOT-A,改善前,W06,28nm MCU,LITHO-02,-,Lithography,center_hotspot,中心热点失效，怀疑 focus map 偏差,重跑 focus/exposure matrix,17,25,1.0,9.0,PASS,pass
LOT-A,改善前,W06,28nm MCU,LITHO-02,-,Lithography,center_hotspot,中心热点失效，怀疑 focus map 偏差,重跑 focus/exposure matrix,18,25,2.0,9.0,PASS,pass
LOT-A,改善前,W06,28nm MCU,LITHO-02,-,Lithography,center_hotspot,中心热点失效，怀疑 focus map 偏差,重跑 focus/exposure matrix,19,25,3.0,9.0,PASS,pass
LOT-A,改善前,W06,28nm MCU,LITHO-02,-,Lithography,center_hotspot,中心热点失效，怀疑 focus map 偏差,重跑 focus/exposure matrix,20,25,4.0,9.0,PASS,pass
LOT-A,改善前,W06,28nm MCU,LITHO-02,-,Lithography,center_hotspot,中心热点失效，怀疑 focus map 偏差,重跑 focus/exposure matrix,21,25,5.0,9.0,PASS,pass
LOT-A,改善前,W06,28nm MCU,LITHO-02,-,Lithography,center_hotspot,中心热点失效，怀疑 focus map 偏差,重跑 focus/exposure matrix,22,25,6.0,9.0,PASS,pass
LOT-A,改善前,W06,28nm MCU,LITHO-02,-,Lithography,center_hotspot,中心热点失效，怀疑 focus map 偏差,重跑 focus/exposure matrix,23,25,7.0,9.0,PASS,pass
LOT-A,改善前,W06,28nm MCU,LITHO-02,-,Lithography,center_hotspot,中心热点失效，怀疑 focus map 偏差,重跑 focus/exposure matrix,24,25,8.0,9.0,PASS,pass
LOT-A,改善前,W06,28nm MCU,LITHO-02,-,Lithography,center_hotspot,中心热点失效，怀疑 focus map 偏差,重跑 focus/exposure matrix,25,25,9.0,9.0,PASS,pass
LOT-A,改善前,W06,28nm MCU,LITHO-02,-,Lithography,center_hotspot,中心热点失效，怀疑 focus map 偏差,重跑 focus/exposure matrix,26,25,10.0,9.0,PASS,pass
LOT-A,改善前,W06,28nm MCU,LITHO-02,-,Lithography,center_hotspot,中心热点失效，怀疑 focus map 偏差,重跑 focus/exposure matrix,27,25,11.0,9.0,PASS,pass
LOT-A,改善前,W06,28nm MCU,LITHO-02,-,Lithography,center_hotspot,中心热点失效，怀疑 focus map 偏差,重跑 focus/exposure matrix,6,26,-10.0,10.0,PASS,pass
LOT-A,改善前,W06,28nm MCU,LITHO-02,-,Lithography,center_hotspot,中心热点失效，怀疑 focus map 偏差,重跑 focus/exposure matrix,7,26,-9.0,10.0,PASS,pass
LOT-A,改善前,W06,28nm MCU,LITHO-02,-,Lithography,center_hotspot,中心热点失效，怀疑 focus map 偏差,重跑 focus/exposure matrix,8,26,-8.0,10.0,PASS,pass
LOT-A,改善前,W06,28nm MCU,LITHO-02,-,Lithography,center_hotspot,中心热点失效，怀疑 focus map 偏差,重跑 focus/exposure matrix,9,26,-7.0,10.0,PASS,pass
LOT-A,改善前,W06,28nm MCU,LITHO-02,-,Lithography,center_hotspot,中心热点失效，怀疑 focus map 偏差,重跑 focus/exposure matrix,10,26,-6.0,10.0,PASS,pass
LOT-A,改善前,W06,28nm MCU,LITHO-02,-,Lithography,center_hotspot,中心热点失效，怀疑 focus map 偏差,重跑 focus/exposure matrix,11,26,-5.0,10.0,PASS,pass
LOT-A,改善前,W06,28nm MCU,LITHO-02,-,Lithography,center_hotspot,中心热点失效，怀疑 focus map 偏差,重跑 focus/exposure matrix,12,26,-4.0,10.0,PASS,pass
LOT-A,改善前,W06,28nm MCU,LITHO-02,-,Lithography,center_hotspot,中心热点失效，怀疑 focus map 偏差,重跑 focus/exposure matrix,13,26,-3.0,10.0,PASS,pass
LOT-A,改善前,W06,28nm MCU,LITHO-02,-,Lithography,center_hotspot,中心热点失效，怀疑 focus map 偏差,重跑 focus/exposure matrix,14,26,-2.0,10.0,PASS,pass
LOT-A,改善前,W06,28nm MCU,LITHO-02,-,Lithography,center_hotspot,中心热点失效，怀疑 focus map 偏差,重跑 focus/exposure matrix,15,26,-1.0,10.0,PASS,pass
LOT-A,改善前,W06,28nm MCU,LITHO-02,-,Lithography,center_hotspot,中心热点失效，怀疑 focus map 偏差,重跑 focus/exposure matrix,16,26,0.0,10.0,PASS,pass
LOT-A,改善前,W06,28nm MCU,LITHO-02,-,Lithography,center_hotspot,中心热点失效，怀疑 focus map 偏差,重跑 focus/exposure matrix,17,26,1.0,10.0,PASS,pass
LOT-A,改善前,W06,28nm MCU,LITHO-02,-,Lithography,center_hotspot,中心热点失效，怀疑 focus map 偏差,重跑 focus/exposure matrix,18,26,2.0,10.0,FAIL,random
LOT-A,改善前,W06,28nm MCU,LITHO-02,-,Lithography,center_hotspot,中心热点失效，怀疑 focus map 偏差,重跑 focus/exposure matrix,19,26,3.0,10.0,PASS,pass
LOT-A,改善前,W06,28nm MCU,LITHO-02,-,Lithography,center_hotspot,中心热点失效，怀疑 focus map 偏差,重跑 focus/exposure matrix,20,26,4.0,10.0,PASS,pass
LOT-A,改善前,W06,28nm MCU,LITHO-02,-,Lithography,center_hotspot,中心热点失效，怀疑 focus map 偏差,重跑 focus/exposure matrix,21,26,5.0,10.0,PASS,pass
LOT-A,改善前,W06,28nm MCU,LITHO-02,-,Lithography,center_hotspot,中心热点失效，怀疑 focus map 偏差,重跑 focus/exposure matrix,22,26,6.0,10.0,PASS,pass
LOT-A,改善前,W06,28nm MCU,LITHO-02,-,Lithography,center_hotspot,中心热点失效，怀疑 focus map 偏差,重跑 focus/exposure matrix,23,26,7.0,10.0,PASS,pass
LOT-A,改善前,W06,28nm MCU,LITHO-02,-,Lithography,center_hotspot,中心热点失效，怀疑 focus map 偏差,重跑 focus/exposure matrix,24,26,8.0,10.0,PASS,pass
LOT-A,改善前,W06,28nm MCU,LITHO-02,-,Lithography,center_hotspot,中心热点失效，怀疑 focus map 偏差,重跑 focus/exposure matrix,25,26,9.0,10.0,PASS,pass
LOT-A,改善前,W06,28nm MCU,LITHO-02,-,Lithography,center_hotspot,中心热点失效，怀疑 focus map 偏差,重跑 focus/exposure matrix,26,26,10.0,10.0,PASS,pass
LOT-A,改善前,W06,28nm MCU,LITHO-02,-,Lithography,center_hotspot,中心热点失效，怀疑 focus map 偏差,重跑 focus/exposure matrix,7,27,-9.0,11.0,PASS,pass
LOT-A,改善前,W06,28nm MCU,LITHO-02,-,Lithography,center_hotspot,中心热点失效，怀疑 focus map 偏差,重跑 focus/exposure matrix,8,27,-8.0,11.0,PASS,pass
LOT-A,改善前,W06,28nm MCU,LITHO-02,-,Lithography,center_hotspot,中心热点失效，怀疑 focus map 偏差,重跑 focus/exposure matrix,9,27,-7.0,11.0,PASS,pass
LOT-A,改善前,W06,28nm MCU,LITHO-02,-,Lithography,center_hotspot,中心热点失效，怀疑 focus map 偏差,重跑 focus/exposure matrix,10,27,-6.0,11.0,PASS,pass
LOT-A,改善前,W06,28nm MCU,LITHO-02,-,Lithography,center_hotspot,中心热点失效，怀疑 focus map 偏差,重跑 focus/exposure matrix,11,27,-5.0,11.0,PASS,pass
LOT-A,改善前,W06,28nm MCU,LITHO-02,-,Lithography,center_hotspot,中心热点失效，怀疑 focus map 偏差,重跑 focus/exposure matrix,12,27,-4.0,11.0,PASS,pass
LOT-A,改善前,W06,28nm MCU,LITHO-02,-,Lithography,center_hotspot,中心热点失效，怀疑 focus map 偏差,重跑 focus/exposure matrix,13,27,-3.0,11.0,PASS,pass
LOT-A,改善前,W06,28nm MCU,LITHO-02,-,Lithography,center_hotspot,中心热点失效，怀疑 focus map 偏差,重跑 focus/exposure matrix,14,27,-2.0,11.0,PASS,pass
LOT-A,改善前,W06,28nm MCU,LITHO-02,-,Lithography,center_hotspot,中心热点失效，怀疑 focus map 偏差,重跑 focus/exposure matrix,15,27,-1.0,11.0,PASS,pass
LOT-A,改善前,W06,28nm MCU,LITHO-02,-,Lithography,center_hotspot,中心热点失效，怀疑 focus map 偏差,重跑 focus/exposure matrix,16,27,0.0,11.0,PASS,pass
LOT-A,改善前,W06,28nm MCU,LITHO-02,-,Lithography,center_hotspot,中心热点失效，怀疑 focus map 偏差,重跑 focus/exposure matrix,17,27,1.0,11.0,PASS,pass
LOT-A,改善前,W06,28nm MCU,LITHO-02,-,Lithography,center_hotspot,中心热点失效，怀疑 focus map 偏差,重跑 focus/exposure matrix,18,27,2.0,11.0,PASS,pass
LOT-A,改善前,W06,28nm MCU,LITHO-02,-,Lithography,center_hotspot,中心热点失效，怀疑 focus map 偏差,重跑 focus/exposure matrix,19,27,3.0,11.0,PASS,pass
LOT-A,改善前,W06,28nm MCU,LITHO-02,-,Lithography,center_hotspot,中心热点失效，怀疑 focus map 偏差,重跑 focus/exposure matrix,20,27,4.0,11.0,PASS,pass
LOT-A,改善前,W06,28nm MCU,LITHO-02,-,Lithography,center_hotspot,中心热点失效，怀疑 focus map 偏差,重跑 focus/exposure matrix,21,27,5.0,11.0,PASS,pass
LOT-A,改善前,W06,28nm MCU,LITHO-02,-,Lithography,center_hotspot,中心热点失效，怀疑 focus map 偏差,重跑 focus/exposure matrix,22,27,6.0,11.0,PASS,pass
LOT-A,改善前,W06,28nm MCU,LITHO-02,-,Lithography,center_hotspot,中心热点失效，怀疑 focus map 偏差,重跑 focus/exposure matrix,23,27,7.0,11.0,PASS,pass
LOT-A,改善前,W06,28nm MCU,LITHO-02,-,Lithography,center_hotspot,中心热点失效，怀疑 focus map 偏差,重跑 focus/exposure matrix,24,27,8.0,11.0,PASS,pass
LOT-A,改善前,W06,28nm MCU,LITHO-02,-,Lithography,center_hotspot,中心热点失效，怀疑 focus map 偏差,重跑 focus/exposure matrix,25,27,9.0,11.0,PASS,pass
LOT-A,改善前,W06,28nm MCU,LITHO-02,-,Lithography,center_hotspot,中心热点失效，怀疑 focus map 偏差,重跑 focus/exposure matrix,8,28,-8.0,12.0,PASS,pass
LOT-A,改善前,W06,28nm MCU,LITHO-02,-,Lithography,center_hotspot,中心热点失效，怀疑 focus map 偏差,重跑 focus/exposure matrix,9,28,-7.0,12.0,PASS,pass
LOT-A,改善前,W06,28nm MCU,LITHO-02,-,Lithography,center_hotspot,中心热点失效，怀疑 focus map 偏差,重跑 focus/exposure matrix,10,28,-6.0,12.0,PASS,pass
LOT-A,改善前,W06,28nm MCU,LITHO-02,-,Lithography,center_hotspot,中心热点失效，怀疑 focus map 偏差,重跑 focus/exposure matrix,11,28,-5.0,12.0,FAIL,random
LOT-A,改善前,W06,28nm MCU,LITHO-02,-,Lithography,center_hotspot,中心热点失效，怀疑 focus map 偏差,重跑 focus/exposure matrix,12,28,-4.0,12.0,PASS,pass
LOT-A,改善前,W06,28nm MCU,LITHO-02,-,Lithography,center_hotspot,中心热点失效，怀疑 focus map 偏差,重跑 focus/exposure matrix,13,28,-3.0,12.0,PASS,pass
LOT-A,改善前,W06,28nm MCU,LITHO-02,-,Lithography,center_hotspot,中心热点失效，怀疑 focus map 偏差,重跑 focus/exposure matrix,14,28,-2.0,12.0,PASS,pass
LOT-A,改善前,W06,28nm MCU,LITHO-02,-,Lithography,center_hotspot,中心热点失效，怀疑 focus map 偏差,重跑 focus/exposure matrix,15,28,-1.0,12.0,PASS,pass
LOT-A,改善前,W06,28nm MCU,LITHO-02,-,Lithography,center_hotspot,中心热点失效，怀疑 focus map 偏差,重跑 focus/exposure matrix,16,28,0.0,12.0,PASS,pass
LOT-A,改善前,W06,28nm MCU,LITHO-02,-,Lithography,center_hotspot,中心热点失效，怀疑 focus map 偏差,重跑 focus/exposure matrix,17,28,1.0,12.0,PASS,pass
LOT-A,改善前,W06,28nm MCU,LITHO-02,-,Lithography,center_hotspot,中心热点失效，怀疑 focus map 偏差,重跑 focus/exposure matrix,18,28,2.0,12.0,PASS,pass
LOT-A,改善前,W06,28nm MCU,LITHO-02,-,Lithography,center_hotspot,中心热点失效，怀疑 focus map 偏差,重跑 focus/exposure matrix,19,28,3.0,12.0,PASS,pass
LOT-A,改善前,W06,28nm MCU,LITHO-02,-,Lithography,center_hotspot,中心热点失效，怀疑 focus map 偏差,重跑 focus/exposure matrix,20,28,4.0,12.0,PASS,pass
LOT-A,改善前,W06,28nm MCU,LITHO-02,-,Lithography,center_hotspot,中心热点失效，怀疑 focus map 偏差,重跑 focus/exposure matrix,21,28,5.0,12.0,PASS,pass
LOT-A,改善前,W06,28nm MCU,LITHO-02,-,Lithography,center_hotspot,中心热点失效，怀疑 focus map 偏差,重跑 focus/exposure matrix,22,28,6.0,12.0,PASS,pass
LOT-A,改善前,W06,28nm MCU,LITHO-02,-,Lithography,center_hotspot,中心热点失效，怀疑 focus map 偏差,重跑 focus/exposure matrix,23,28,7.0,12.0,PASS,pass
LOT-A,改善前,W06,28nm MCU,LITHO-02,-,Lithography,center_hotspot,中心热点失效，怀疑 focus map 偏差,重跑 focus/exposure matrix,24,28,8.0,12.0,PASS,pass
LOT-A,改善前,W06,28nm MCU,LITHO-02,-,Lithography,center_hotspot,中心热点失效，怀疑 focus map 偏差,重跑 focus/exposure matrix,9,29,-7.0,13.0,PASS,pass
LOT-A,改善前,W06,28nm MCU,LITHO-02,-,Lithography,center_hotspot,中心热点失效，怀疑 focus map 偏差,重跑 focus/exposure matrix,10,29,-6.0,13.0,PASS,pass
LOT-A,改善前,W06,28nm MCU,LITHO-02,-,Lithography,center_hotspot,中心热点失效，怀疑 focus map 偏差,重跑 focus/exposure matrix,11,29,-5.0,13.0,PASS,pass
LOT-A,改善前,W06,28nm MCU,LITHO-02,-,Lithography,center_hotspot,中心热点失效，怀疑 focus map 偏差,重跑 focus/exposure matrix,12,29,-4.0,13.0,PASS,pass
LOT-A,改善前,W06,28nm MCU,LITHO-02,-,Lithography,center_hotspot,中心热点失效，怀疑 focus map 偏差,重跑 focus/exposure matrix,13,29,-3.0,13.0,PASS,pass
LOT-A,改善前,W06,28nm MCU,LITHO-02,-,Lithography,center_hotspot,中心热点失效，怀疑 focus map 偏差,重跑 focus/exposure matrix,14,29,-2.0,13.0,PASS,pass
LOT-A,改善前,W06,28nm MCU,LITHO-02,-,Lithography,center_hotspot,中心热点失效，怀疑 focus map 偏差,重跑 focus/exposure matrix,15,29,-1.0,13.0,PASS,pass
LOT-A,改善前,W06,28nm MCU,LITHO-02,-,Lithography,center_hotspot,中心热点失效，怀疑 focus map 偏差,重跑 focus/exposure matrix,16,29,0.0,13.0,PASS,pass
LOT-A,改善前,W06,28nm MCU,LITHO-02,-,Lithography,center_hotspot,中心热点失效，怀疑 focus map 偏差,重跑 focus/exposure matrix,17,29,1.0,13.0,PASS,pass
LOT-A,改善前,W06,28nm MCU,LITHO-02,-,Lithography,center_hotspot,中心热点失效，怀疑 focus map 偏差,重跑 focus/exposure matrix,18,29,2.0,13.0,PASS,pass
LOT-A,改善前,W06,28nm MCU,LITHO-02,-,Lithography,center_hotspot,中心热点失效，怀疑 focus map 偏差,重跑 focus/exposure matrix,19,29,3.0,13.0,PASS,pass
LOT-A,改善前,W06,28nm MCU,LITHO-02,-,Lithography,center_hotspot,中心热点失效，怀疑 focus map 偏差,重跑 focus/exposure matrix,20,29,4.0,13.0,PASS,pass
LOT-A,改善前,W06,28nm MCU,LITHO-02,-,Lithography,center_hotspot,中心热点失效，怀疑 focus map 偏差,重跑 focus/exposure matrix,21,29,5.0,13.0,PASS,pass
LOT-A,改善前,W06,28nm MCU,LITHO-02,-,Lithography,center_hotspot,中心热点失效，怀疑 focus map 偏差,重跑 focus/exposure matrix,22,29,6.0,13.0,PASS,pass
LOT-A,改善前,W06,28nm MCU,LITHO-02,-,Lithography,center_hotspot,中心热点失效，怀疑 focus map 偏差,重跑 focus/exposure matrix,23,29,7.0,13.0,PASS,pass
LOT-A,改善前,W06,28nm MCU,LITHO-02,-,Lithography,center_hotspot,中心热点失效，怀疑 focus map 偏差,重跑 focus/exposure matrix,12,30,-4.0,14.0,PASS,pass
LOT-A,改善前,W06,28nm MCU,LITHO-02,-,Lithography,center_hotspot,中心热点失效，怀疑 focus map 偏差,重跑 focus/exposure matrix,13,30,-3.0,14.0,PASS,pass
LOT-A,改善前,W06,28nm MCU,LITHO-02,-,Lithography,center_hotspot,中心热点失效，怀疑 focus map 偏差,重跑 focus/exposure matrix,14,30,-2.0,14.0,PASS,pass
LOT-A,改善前,W06,28nm MCU,LITHO-02,-,Lithography,center_hotspot,中心热点失效，怀疑 focus map 偏差,重跑 focus/exposure matrix,15,30,-1.0,14.0,PASS,pass
LOT-A,改善前,W06,28nm MCU,LITHO-02,-,Lithography,center_hotspot,中心热点失效，怀疑 focus map 偏差,重跑 focus/exposure matrix,16,30,0.0,14.0,PASS,pass
LOT-A,改善前,W06,28nm MCU,LITHO-02,-,Lithography,center_hotspot,中心热点失效，怀疑 focus map 偏差,重跑 focus/exposure matrix,17,30,1.0,14.0,PASS,pass
LOT-A,改善前,W06,28nm MCU,LITHO-02,-,Lithography,center_hotspot,中心热点失效，怀疑 focus map 偏差,重跑 focus/exposure matrix,18,30,2.0,14.0,PASS,pass
LOT-A,改善前,W06,28nm MCU,LITHO-02,-,Lithography,center_hotspot,中心热点失效，怀疑 focus map 偏差,重跑 focus/exposure matrix,19,30,3.0,14.0,PASS,pass
LOT-A,改善前,W06,28nm MCU,LITHO-02,-,Lithography,center_hotspot,中心热点失效，怀疑 focus map 偏差,重跑 focus/exposure matrix,20,30,4.0,14.0,PASS,pass
LOT-B,改善后,W07,28nm MCU,ETCH-07,A,Plasma Etch,improved_edge_ring,已完成 ESC 调校，边缘失效显著收敛,维持每周 ESC drift monitor,12,2,-4.0,-14.0,PASS,pass
LOT-B,改善后,W07,28nm MCU,ETCH-07,A,Plasma Etch,improved_edge_ring,已完成 ESC 调校，边缘失效显著收敛,维持每周 ESC drift monitor,13,2,-3.0,-14.0,PASS,pass
LOT-B,改善后,W07,28nm MCU,ETCH-07,A,Plasma Etch,improved_edge_ring,已完成 ESC 调校，边缘失效显著收敛,维持每周 ESC drift monitor,14,2,-2.0,-14.0,PASS,pass
LOT-B,改善后,W07,28nm MCU,ETCH-07,A,Plasma Etch,improved_edge_ring,已完成 ESC 调校，边缘失效显著收敛,维持每周 ESC drift monitor,15,2,-1.0,-14.0,PASS,pass
LOT-B,改善后,W07,28nm MCU,ETCH-07,A,Plasma Etch,improved_edge_ring,已完成 ESC 调校，边缘失效显著收敛,维持每周 ESC drift monitor,16,2,0.0,-14.0,PASS,pass
LOT-B,改善后,W07,28nm MCU,ETCH-07,A,Plasma Etch,improved_edge_ring,已完成 ESC 调校，边缘失效显著收敛,维持每周 ESC drift monitor,17,2,1.0,-14.0,PASS,pass
LOT-B,改善后,W07,28nm MCU,ETCH-07,A,Plasma Etch,improved_edge_ring,已完成 ESC 调校，边缘失效显著收敛,维持每周 ESC drift monitor,18,2,2.0,-14.0,PASS,pass
LOT-B,改善后,W07,28nm MCU,ETCH-07,A,Plasma Etch,improved_edge_ring,已完成 ESC 调校，边缘失效显著收敛,维持每周 ESC drift monitor,19,2,3.0,-14.0,PASS,pass
LOT-B,改善后,W07,28nm MCU,ETCH-07,A,Plasma Etch,improved_edge_ring,已完成 ESC 调校，边缘失效显著收敛,维持每周 ESC drift monitor,20,2,4.0,-14.0,PASS,pass
LOT-B,改善后,W07,28nm MCU,ETCH-07,A,Plasma Etch,improved_edge_ring,已完成 ESC 调校，边缘失效显著收敛,维持每周 ESC drift monitor,9,3,-7.0,-13.0,PASS,pass
LOT-B,改善后,W07,28nm MCU,ETCH-07,A,Plasma Etch,improved_edge_ring,已完成 ESC 调校，边缘失效显著收敛,维持每周 ESC drift monitor,10,3,-6.0,-13.0,PASS,pass
LOT-B,改善后,W07,28nm MCU,ETCH-07,A,Plasma Etch,improved_edge_ring,已完成 ESC 调校，边缘失效显著收敛,维持每周 ESC drift monitor,11,3,-5.0,-13.0,PASS,pass
LOT-B,改善后,W07,28nm MCU,ETCH-07,A,Plasma Etch,improved_edge_ring,已完成 ESC 调校，边缘失效显著收敛,维持每周 ESC drift monitor,12,3,-4.0,-13.0,FAIL,edge_ring
LOT-B,改善后,W07,28nm MCU,ETCH-07,A,Plasma Etch,improved_edge_ring,已完成 ESC 调校，边缘失效显著收敛,维持每周 ESC drift monitor,13,3,-3.0,-13.0,FAIL,edge_ring
LOT-B,改善后,W07,28nm MCU,ETCH-07,A,Plasma Etch,improved_edge_ring,已完成 ESC 调校，边缘失效显著收敛,维持每周 ESC drift monitor,14,3,-2.0,-13.0,PASS,pass
LOT-B,改善后,W07,28nm MCU,ETCH-07,A,Plasma Etch,improved_edge_ring,已完成 ESC 调校，边缘失效显著收敛,维持每周 ESC drift monitor,15,3,-1.0,-13.0,PASS,pass
LOT-B,改善后,W07,28nm MCU,ETCH-07,A,Plasma Etch,improved_edge_ring,已完成 ESC 调校，边缘失效显著收敛,维持每周 ESC drift monitor,16,3,0.0,-13.0,PASS,pass
LOT-B,改善后,W07,28nm MCU,ETCH-07,A,Plasma Etch,improved_edge_ring,已完成 ESC 调校，边缘失效显著收敛,维持每周 ESC drift monitor,17,3,1.0,-13.0,PASS,pass
LOT-B,改善后,W07,28nm MCU,ETCH-07,A,Plasma Etch,improved_edge_ring,已完成 ESC 调校，边缘失效显著收敛,维持每周 ESC drift monitor,18,3,2.0,-13.0,FAIL,edge_ring
LOT-B,改善后,W07,28nm MCU,ETCH-07,A,Plasma Etch,improved_edge_ring,已完成 ESC 调校，边缘失效显著收敛,维持每周 ESC drift monitor,19,3,3.0,-13.0,PASS,pass
LOT-B,改善后,W07,28nm MCU,ETCH-07,A,Plasma Etch,improved_edge_ring,已完成 ESC 调校，边缘失效显著收敛,维持每周 ESC drift monitor,20,3,4.0,-13.0,PASS,pass
LOT-B,改善后,W07,28nm MCU,ETCH-07,A,Plasma Etch,improved_edge_ring,已完成 ESC 调校，边缘失效显著收敛,维持每周 ESC drift monitor,21,3,5.0,-13.0,PASS,pass
LOT-B,改善后,W07,28nm MCU,ETCH-07,A,Plasma Etch,improved_edge_ring,已完成 ESC 调校，边缘失效显著收敛,维持每周 ESC drift monitor,22,3,6.0,-13.0,PASS,pass
LOT-B,改善后,W07,28nm MCU,ETCH-07,A,Plasma Etch,improved_edge_ring,已完成 ESC 调校，边缘失效显著收敛,维持每周 ESC drift monitor,23,3,7.0,-13.0,PASS,pass
LOT-B,改善后,W07,28nm MCU,ETCH-07,A,Plasma Etch,improved_edge_ring,已完成 ESC 调校，边缘失效显著收敛,维持每周 ESC drift monitor,8,4,-8.0,-12.0,PASS,pass
LOT-B,改善后,W07,28nm MCU,ETCH-07,A,Plasma Etch,improved_edge_ring,已完成 ESC 调校，边缘失效显著收敛,维持每周 ESC drift monitor,9,4,-7.0,-12.0,PASS,pass
LOT-B,改善后,W07,28nm MCU,ETCH-07,A,Plasma Etch,improved_edge_ring,已完成 ESC 调校，边缘失效显著收敛,维持每周 ESC drift monitor,10,4,-6.0,-12.0,PASS,pass
LOT-B,改善后,W07,28nm MCU,ETCH-07,A,Plasma Etch,improved_edge_ring,已完成 ESC 调校，边缘失效显著收敛,维持每周 ESC drift monitor,11,4,-5.0,-12.0,PASS,pass
LOT-B,改善后,W07,28nm MCU,ETCH-07,A,Plasma Etch,improved_edge_ring,已完成 ESC 调校，边缘失效显著收敛,维持每周 ESC drift monitor,12,4,-4.0,-12.0,PASS,pass
LOT-B,改善后,W07,28nm MCU,ETCH-07,A,Plasma Etch,improved_edge_ring,已完成 ESC 调校，边缘失效显著收敛,维持每周 ESC drift monitor,13,4,-3.0,-12.0,PASS,pass
LOT-B,改善后,W07,28nm MCU,ETCH-07,A,Plasma Etch,improved_edge_ring,已完成 ESC 调校，边缘失效显著收敛,维持每周 ESC drift monitor,14,4,-2.0,-12.0,PASS,pass
LOT-B,改善后,W07,28nm MCU,ETCH-07,A,Plasma Etch,improved_edge_ring,已完成 ESC 调校，边缘失效显著收敛,维持每周 ESC drift monitor,15,4,-1.0,-12.0,PASS,pass
LOT-B,改善后,W07,28nm MCU,ETCH-07,A,Plasma Etch,improved_edge_ring,已完成 ESC 调校，边缘失效显著收敛,维持每周 ESC drift monitor,16,4,0.0,-12.0,PASS,pass
LOT-B,改善后,W07,28nm MCU,ETCH-07,A,Plasma Etch,improved_edge_ring,已完成 ESC 调校，边缘失效显著收敛,维持每周 ESC drift monitor,17,4,1.0,-12.0,PASS,pass
LOT-B,改善后,W07,28nm MCU,ETCH-07,A,Plasma Etch,improved_edge_ring,已完成 ESC 调校，边缘失效显著收敛,维持每周 ESC drift monitor,18,4,2.0,-12.0,PASS,pass
LOT-B,改善后,W07,28nm MCU,ETCH-07,A,Plasma Etch,improved_edge_ring,已完成 ESC 调校，边缘失效显著收敛,维持每周 ESC drift monitor,19,4,3.0,-12.0,PASS,pass
LOT-B,改善后,W07,28nm MCU,ETCH-07,A,Plasma Etch,improved_edge_ring,已完成 ESC 调校，边缘失效显著收敛,维持每周 ESC drift monitor,20,4,4.0,-12.0,PASS,pass
LOT-B,改善后,W07,28nm MCU,ETCH-07,A,Plasma Etch,improved_edge_ring,已完成 ESC 调校，边缘失效显著收敛,维持每周 ESC drift monitor,21,4,5.0,-12.0,PASS,pass
LOT-B,改善后,W07,28nm MCU,ETCH-07,A,Plasma Etch,improved_edge_ring,已完成 ESC 调校，边缘失效显著收敛,维持每周 ESC drift monitor,22,4,6.0,-12.0,PASS,pass
LOT-B,改善后,W07,28nm MCU,ETCH-07,A,Plasma Etch,improved_edge_ring,已完成 ESC 调校，边缘失效显著收敛,维持每周 ESC drift monitor,23,4,7.0,-12.0,PASS,pass
LOT-B,改善后,W07,28nm MCU,ETCH-07,A,Plasma Etch,improved_edge_ring,已完成 ESC 调校，边缘失效显著收敛,维持每周 ESC drift monitor,24,4,8.0,-12.0,PASS,pass
LOT-B,改善后,W07,28nm MCU,ETCH-07,A,Plasma Etch,improved_edge_ring,已完成 ESC 调校，边缘失效显著收敛,维持每周 ESC drift monitor,7,5,-9.0,-11.0,FAIL,edge_ring
LOT-B,改善后,W07,28nm MCU,ETCH-07,A,Plasma Etch,improved_edge_ring,已完成 ESC 调校，边缘失效显著收敛,维持每周 ESC drift monitor,8,5,-8.0,-11.0,PASS,pass
LOT-B,改善后,W07,28nm MCU,ETCH-07,A,Plasma Etch,improved_edge_ring,已完成 ESC 调校，边缘失效显著收敛,维持每周 ESC drift monitor,9,5,-7.0,-11.0,PASS,pass
LOT-B,改善后,W07,28nm MCU,ETCH-07,A,Plasma Etch,improved_edge_ring,已完成 ESC 调校，边缘失效显著收敛,维持每周 ESC drift monitor,10,5,-6.0,-11.0,PASS,pass
LOT-B,改善后,W07,28nm MCU,ETCH-07,A,Plasma Etch,improved_edge_ring,已完成 ESC 调校，边缘失效显著收敛,维持每周 ESC drift monitor,11,5,-5.0,-11.0,PASS,pass
LOT-B,改善后,W07,28nm MCU,ETCH-07,A,Plasma Etch,improved_edge_ring,已完成 ESC 调校，边缘失效显著收敛,维持每周 ESC drift monitor,12,5,-4.0,-11.0,PASS,pass
LOT-B,改善后,W07,28nm MCU,ETCH-07,A,Plasma Etch,improved_edge_ring,已完成 ESC 调校，边缘失效显著收敛,维持每周 ESC drift monitor,13,5,-3.0,-11.0,PASS,pass
LOT-B,改善后,W07,28nm MCU,ETCH-07,A,Plasma Etch,improved_edge_ring,已完成 ESC 调校，边缘失效显著收敛,维持每周 ESC drift monitor,14,5,-2.0,-11.0,PASS,pass
LOT-B,改善后,W07,28nm MCU,ETCH-07,A,Plasma Etch,improved_edge_ring,已完成 ESC 调校，边缘失效显著收敛,维持每周 ESC drift monitor,15,5,-1.0,-11.0,PASS,pass
LOT-B,改善后,W07,28nm MCU,ETCH-07,A,Plasma Etch,improved_edge_ring,已完成 ESC 调校，边缘失效显著收敛,维持每周 ESC drift monitor,16,5,0.0,-11.0,PASS,pass
LOT-B,改善后,W07,28nm MCU,ETCH-07,A,Plasma Etch,improved_edge_ring,已完成 ESC 调校，边缘失效显著收敛,维持每周 ESC drift monitor,17,5,1.0,-11.0,PASS,pass
LOT-B,改善后,W07,28nm MCU,ETCH-07,A,Plasma Etch,improved_edge_ring,已完成 ESC 调校，边缘失效显著收敛,维持每周 ESC drift monitor,18,5,2.0,-11.0,PASS,pass
LOT-B,改善后,W07,28nm MCU,ETCH-07,A,Plasma Etch,improved_edge_ring,已完成 ESC 调校，边缘失效显著收敛,维持每周 ESC drift monitor,19,5,3.0,-11.0,PASS,pass
LOT-B,改善后,W07,28nm MCU,ETCH-07,A,Plasma Etch,improved_edge_ring,已完成 ESC 调校，边缘失效显著收敛,维持每周 ESC drift monitor,20,5,4.0,-11.0,PASS,pass
LOT-B,改善后,W07,28nm MCU,ETCH-07,A,Plasma Etch,improved_edge_ring,已完成 ESC 调校，边缘失效显著收敛,维持每周 ESC drift monitor,21,5,5.0,-11.0,PASS,pass
LOT-B,改善后,W07,28nm MCU,ETCH-07,A,Plasma Etch,improved_edge_ring,已完成 ESC 调校，边缘失效显著收敛,维持每周 ESC drift monitor,22,5,6.0,-11.0,PASS,pass
LOT-B,改善后,W07,28nm MCU,ETCH-07,A,Plasma Etch,improved_edge_ring,已完成 ESC 调校，边缘失效显著收敛,维持每周 ESC drift monitor,23,5,7.0,-11.0,PASS,pass
LOT-B,改善后,W07,28nm MCU,ETCH-07,A,Plasma Etch,improved_edge_ring,已完成 ESC 调校，边缘失效显著收敛,维持每周 ESC drift monitor,24,5,8.0,-11.0,PASS,pass
LOT-B,改善后,W07,28nm MCU,ETCH-07,A,Plasma Etch,improved_edge_ring,已完成 ESC 调校，边缘失效显著收敛,维持每周 ESC drift monitor,25,5,9.0,-11.0,PASS,pass
LOT-B,改善后,W07,28nm MCU,ETCH-07,A,Plasma Etch,improved_edge_ring,已完成 ESC 调校，边缘失效显著收敛,维持每周 ESC drift monitor,6,6,-10.0,-10.0,PASS,pass
LOT-B,改善后,W07,28nm MCU,ETCH-07,A,Plasma Etch,improved_edge_ring,已完成 ESC 调校，边缘失效显著收敛,维持每周 ESC drift monitor,7,6,-9.0,-10.0,PASS,pass
LOT-B,改善后,W07,28nm MCU,ETCH-07,A,Plasma Etch,improved_edge_ring,已完成 ESC 调校，边缘失效显著收敛,维持每周 ESC drift monitor,8,6,-8.0,-10.0,PASS,pass
LOT-B,改善后,W07,28nm MCU,ETCH-07,A,Plasma Etch,improved_edge_ring,已完成 ESC 调校，边缘失效显著收敛,维持每周 ESC drift monitor,9,6,-7.0,-10.0,PASS,pass
LOT-B,改善后,W07,28nm MCU,ETCH-07,A,Plasma Etch,improved_edge_ring,已完成 ESC 调校，边缘失效显著收敛,维持每周 ESC drift monitor,10,6,-6.0,-10.0,PASS,pass
LOT-B,改善后,W07,28nm MCU,ETCH-07,A,Plasma Etch,improved_edge_ring,已完成 ESC 调校，边缘失效显著收敛,维持每周 ESC drift monitor,11,6,-5.0,-10.0,PASS,pass
LOT-B,改善后,W07,28nm MCU,ETCH-07,A,Plasma Etch,improved_edge_ring,已完成 ESC 调校，边缘失效显著收敛,维持每周 ESC drift monitor,12,6,-4.0,-10.0,PASS,pass
LOT-B,改善后,W07,28nm MCU,ETCH-07,A,Plasma Etch,improved_edge_ring,已完成 ESC 调校，边缘失效显著收敛,维持每周 ESC drift monitor,13,6,-3.0,-10.0,PASS,pass
LOT-B,改善后,W07,28nm MCU,ETCH-07,A,Plasma Etch,improved_edge_ring,已完成 ESC 调校，边缘失效显著收敛,维持每周 ESC drift monitor,14,6,-2.0,-10.0,PASS,pass
LOT-B,改善后,W07,28nm MCU,ETCH-07,A,Plasma Etch,improved_edge_ring,已完成 ESC 调校，边缘失效显著收敛,维持每周 ESC drift monitor,15,6,-1.0,-10.0,PASS,pass
LOT-B,改善后,W07,28nm MCU,ETCH-07,A,Plasma Etch,improved_edge_ring,已完成 ESC 调校，边缘失效显著收敛,维持每周 ESC drift monitor,16,6,0.0,-10.0,PASS,pass
LOT-B,改善后,W07,28nm MCU,ETCH-07,A,Plasma Etch,improved_edge_ring,已完成 ESC 调校，边缘失效显著收敛,维持每周 ESC drift monitor,17,6,1.0,-10.0,PASS,pass
LOT-B,改善后,W07,28nm MCU,ETCH-07,A,Plasma Etch,improved_edge_ring,已完成 ESC 调校，边缘失效显著收敛,维持每周 ESC drift monitor,18,6,2.0,-10.0,PASS,pass
LOT-B,改善后,W07,28nm MCU,ETCH-07,A,Plasma Etch,improved_edge_ring,已完成 ESC 调校，边缘失效显著收敛,维持每周 ESC drift monitor,19,6,3.0,-10.0,PASS,pass
LOT-B,改善后,W07,28nm MCU,ETCH-07,A,Plasma Etch,improved_edge_ring,已完成 ESC 调校，边缘失效显著收敛,维持每周 ESC drift monitor,20,6,4.0,-10.0,PASS,pass
LOT-B,改善后,W07,28nm MCU,ETCH-07,A,Plasma Etch,improved_edge_ring,已完成 ESC 调校，边缘失效显著收敛,维持每周 ESC drift monitor,21,6,5.0,-10.0,PASS,pass
LOT-B,改善后,W07,28nm MCU,ETCH-07,A,Plasma Etch,improved_edge_ring,已完成 ESC 调校，边缘失效显著收敛,维持每周 ESC drift monitor,22,6,6.0,-10.0,PASS,pass
LOT-B,改善后,W07,28nm MCU,ETCH-07,A,Plasma Etch,improved_edge_ring,已完成 ESC 调校，边缘失效显著收敛,维持每周 ESC drift monitor,23,6,7.0,-10.0,PASS,pass
LOT-B,改善后,W07,28nm MCU,ETCH-07,A,Plasma Etch,improved_edge_ring,已完成 ESC 调校，边缘失效显著收敛,维持每周 ESC drift monitor,24,6,8.0,-10.0,PASS,pass
LOT-B,改善后,W07,28nm MCU,ETCH-07,A,Plasma Etch,improved_edge_ring,已完成 ESC 调校，边缘失效显著收敛,维持每周 ESC drift monitor,25,6,9.0,-10.0,PASS,pass
LOT-B,改善后,W07,28nm MCU,ETCH-07,A,Plasma Etch,improved_edge_ring,已完成 ESC 调校，边缘失效显著收敛,维持每周 ESC drift monitor,26,6,10.0,-10.0,PASS,pass
LOT-B,改善后,W07,28nm MCU,ETCH-07,A,Plasma Etch,improved_edge_ring,已完成 ESC 调校，边缘失效显著收敛,维持每周 ESC drift monitor,5,7,-11.0,-9.0,PASS,pass
LOT-B,改善后,W07,28nm MCU,ETCH-07,A,Plasma Etch,improved_edge_ring,已完成 ESC 调校，边缘失效显著收敛,维持每周 ESC drift monitor,6,7,-10.0,-9.0,PASS,pass
LOT-B,改善后,W07,28nm MCU,ETCH-07,A,Plasma Etch,improved_edge_ring,已完成 ESC 调校，边缘失效显著收敛,维持每周 ESC drift monitor,7,7,-9.0,-9.0,PASS,pass
LOT-B,改善后,W07,28nm MCU,ETCH-07,A,Plasma Etch,improved_edge_ring,已完成 ESC 调校，边缘失效显著收敛,维持每周 ESC drift monitor,8,7,-8.0,-9.0,PASS,pass
LOT-B,改善后,W07,28nm MCU,ETCH-07,A,Plasma Etch,improved_edge_ring,已完成 ESC 调校，边缘失效显著收敛,维持每周 ESC drift monitor,9,7,-7.0,-9.0,PASS,pass
LOT-B,改善后,W07,28nm MCU,ETCH-07,A,Plasma Etch,improved_edge_ring,已完成 ESC 调校，边缘失效显著收敛,维持每周 ESC drift monitor,10,7,-6.0,-9.0,PASS,pass
LOT-B,改善后,W07,28nm MCU,ETCH-07,A,Plasma Etch,improved_edge_ring,已完成 ESC 调校，边缘失效显著收敛,维持每周 ESC drift monitor,11,7,-5.0,-9.0,PASS,pass
LOT-B,改善后,W07,28nm MCU,ETCH-07,A,Plasma Etch,improved_edge_ring,已完成 ESC 调校，边缘失效显著收敛,维持每周 ESC drift monitor,12,7,-4.0,-9.0,PASS,pass
LOT-B,改善后,W07,28nm MCU,ETCH-07,A,Plasma Etch,improved_edge_ring,已完成 ESC 调校，边缘失效显著收敛,维持每周 ESC drift monitor,13,7,-3.0,-9.0,PASS,pass
LOT-B,改善后,W07,28nm MCU,ETCH-07,A,Plasma Etch,improved_edge_ring,已完成 ESC 调校，边缘失效显著收敛,维持每周 ESC drift monitor,14,7,-2.0,-9.0,PASS,pass
LOT-B,改善后,W07,28nm MCU,ETCH-07,A,Plasma Etch,improved_edge_ring,已完成 ESC 调校，边缘失效显著收敛,维持每周 ESC drift monitor,15,7,-1.0,-9.0,PASS,pass
LOT-B,改善后,W07,28nm MCU,ETCH-07,A,Plasma Etch,improved_edge_ring,已完成 ESC 调校，边缘失效显著收敛,维持每周 ESC drift monitor,16,7,0.0,-9.0,PASS,pass
LOT-B,改善后,W07,28nm MCU,ETCH-07,A,Plasma Etch,improved_edge_ring,已完成 ESC 调校，边缘失效显著收敛,维持每周 ESC drift monitor,17,7,1.0,-9.0,PASS,pass
LOT-B,改善后,W07,28nm MCU,ETCH-07,A,Plasma Etch,improved_edge_ring,已完成 ESC 调校，边缘失效显著收敛,维持每周 ESC drift monitor,18,7,2.0,-9.0,PASS,pass
LOT-B,改善后,W07,28nm MCU,ETCH-07,A,Plasma Etch,improved_edge_ring,已完成 ESC 调校，边缘失效显著收敛,维持每周 ESC drift monitor,19,7,3.0,-9.0,PASS,pass
LOT-B,改善后,W07,28nm MCU,ETCH-07,A,Plasma Etch,improved_edge_ring,已完成 ESC 调校，边缘失效显著收敛,维持每周 ESC drift monitor,20,7,4.0,-9.0,PASS,pass
LOT-B,改善后,W07,28nm MCU,ETCH-07,A,Plasma Etch,improved_edge_ring,已完成 ESC 调校，边缘失效显著收敛,维持每周 ESC drift monitor,21,7,5.0,-9.0,PASS,pass
LOT-B,改善后,W07,28nm MCU,ETCH-07,A,Plasma Etch,improved_edge_ring,已完成 ESC 调校，边缘失效显著收敛,维持每周 ESC drift monitor,22,7,6.0,-9.0,PASS,pass
LOT-B,改善后,W07,28nm MCU,ETCH-07,A,Plasma Etch,improved_edge_ring,已完成 ESC 调校，边缘失效显著收敛,维持每周 ESC drift monitor,23,7,7.0,-9.0,PASS,pass
LOT-B,改善后,W07,28nm MCU,ETCH-07,A,Plasma Etch,improved_edge_ring,已完成 ESC 调校，边缘失效显著收敛,维持每周 ESC drift monitor,24,7,8.0,-9.0,PASS,pass
LOT-B,改善后,W07,28nm MCU,ETCH-07,A,Plasma Etch,improved_edge_ring,已完成 ESC 调校，边缘失效显著收敛,维持每周 ESC drift monitor,25,7,9.0,-9.0,PASS,pass
LOT-B,改善后,W07,28nm MCU,ETCH-07,A,Plasma Etch,improved_edge_ring,已完成 ESC 调校，边缘失效显著收敛,维持每周 ESC drift monitor,26,7,10.0,-9.0,PASS,pass
LOT-B,改善后,W07,28nm MCU,ETCH-07,A,Plasma Etch,improved_edge_ring,已完成 ESC 调校，边缘失效显著收敛,维持每周 ESC drift monitor,27,7,11.0,-9.0,PASS,pass
LOT-B,改善后,W07,28nm MCU,ETCH-07,A,Plasma Etch,improved_edge_ring,已完成 ESC 调校，边缘失效显著收敛,维持每周 ESC drift monitor,4,8,-12.0,-8.0,PASS,pass
LOT-B,改善后,W07,28nm MCU,ETCH-07,A,Plasma Etch,improved_edge_ring,已完成 ESC 调校，边缘失效显著收敛,维持每周 ESC drift monitor,5,8,-11.0,-8.0,PASS,pass
LOT-B,改善后,W07,28nm MCU,ETCH-07,A,Plasma Etch,improved_edge_ring,已完成 ESC 调校，边缘失效显著收敛,维持每周 ESC drift monitor,6,8,-10.0,-8.0,PASS,pass
LOT-B,改善后,W07,28nm MCU,ETCH-07,A,Plasma Etch,improved_edge_ring,已完成 ESC 调校，边缘失效显著收敛,维持每周 ESC drift monitor,7,8,-9.0,-8.0,PASS,pass
LOT-B,改善后,W07,28nm MCU,ETCH-07,A,Plasma Etch,improved_edge_ring,已完成 ESC 调校，边缘失效显著收敛,维持每周 ESC drift monitor,8,8,-8.0,-8.0,PASS,pass
LOT-B,改善后,W07,28nm MCU,ETCH-07,A,Plasma Etch,improved_edge_ring,已完成 ESC 调校，边缘失效显著收敛,维持每周 ESC drift monitor,9,8,-7.0,-8.0,PASS,pass
LOT-B,改善后,W07,28nm MCU,ETCH-07,A,Plasma Etch,improved_edge_ring,已完成 ESC 调校，边缘失效显著收敛,维持每周 ESC drift monitor,10,8,-6.0,-8.0,PASS,pass
LOT-B,改善后,W07,28nm MCU,ETCH-07,A,Plasma Etch,improved_edge_ring,已完成 ESC 调校，边缘失效显著收敛,维持每周 ESC drift monitor,11,8,-5.0,-8.0,PASS,pass
LOT-B,改善后,W07,28nm MCU,ETCH-07,A,Plasma Etch,improved_edge_ring,已完成 ESC 调校，边缘失效显著收敛,维持每周 ESC drift monitor,12,8,-4.0,-8.0,PASS,pass
LOT-B,改善后,W07,28nm MCU,ETCH-07,A,Plasma Etch,improved_edge_ring,已完成 ESC 调校，边缘失效显著收敛,维持每周 ESC drift monitor,13,8,-3.0,-8.0,PASS,pass
LOT-B,改善后,W07,28nm MCU,ETCH-07,A,Plasma Etch,improved_edge_ring,已完成 ESC 调校，边缘失效显著收敛,维持每周 ESC drift monitor,14,8,-2.0,-8.0,PASS,pass
LOT-B,改善后,W07,28nm MCU,ETCH-07,A,Plasma Etch,improved_edge_ring,已完成 ESC 调校，边缘失效显著收敛,维持每周 ESC drift monitor,15,8,-1.0,-8.0,PASS,pass
LOT-B,改善后,W07,28nm MCU,ETCH-07,A,Plasma Etch,improved_edge_ring,已完成 ESC 调校，边缘失效显著收敛,维持每周 ESC drift monitor,16,8,0.0,-8.0,PASS,pass
LOT-B,改善后,W07,28nm MCU,ETCH-07,A,Plasma Etch,improved_edge_ring,已完成 ESC 调校，边缘失效显著收敛,维持每周 ESC drift monitor,17,8,1.0,-8.0,PASS,pass
LOT-B,改善后,W07,28nm MCU,ETCH-07,A,Plasma Etch,improved_edge_ring,已完成 ESC 调校，边缘失效显著收敛,维持每周 ESC drift monitor,18,8,2.0,-8.0,PASS,pass
LOT-B,改善后,W07,28nm MCU,ETCH-07,A,Plasma Etch,improved_edge_ring,已完成 ESC 调校，边缘失效显著收敛,维持每周 ESC drift monitor,19,8,3.0,-8.0,PASS,pass
LOT-B,改善后,W07,28nm MCU,ETCH-07,A,Plasma Etch,improved_edge_ring,已完成 ESC 调校，边缘失效显著收敛,维持每周 ESC drift monitor,20,8,4.0,-8.0,FAIL,random
LOT-B,改善后,W07,28nm MCU,ETCH-07,A,Plasma Etch,improved_edge_ring,已完成 ESC 调校，边缘失效显著收敛,维持每周 ESC drift monitor,21,8,5.0,-8.0,PASS,pass
LOT-B,改善后,W07,28nm MCU,ETCH-07,A,Plasma Etch,improved_edge_ring,已完成 ESC 调校，边缘失效显著收敛,维持每周 ESC drift monitor,22,8,6.0,-8.0,PASS,pass
LOT-B,改善后,W07,28nm MCU,ETCH-07,A,Plasma Etch,improved_edge_ring,已完成 ESC 调校，边缘失效显著收敛,维持每周 ESC drift monitor,23,8,7.0,-8.0,PASS,pass
LOT-B,改善后,W07,28nm MCU,ETCH-07,A,Plasma Etch,improved_edge_ring,已完成 ESC 调校，边缘失效显著收敛,维持每周 ESC drift monitor,24,8,8.0,-8.0,PASS,pass
LOT-B,改善后,W07,28nm MCU,ETCH-07,A,Plasma Etch,improved_edge_ring,已完成 ESC 调校，边缘失效显著收敛,维持每周 ESC drift monitor,25,8,9.0,-8.0,PASS,pass
LOT-B,改善后,W07,28nm MCU,ETCH-07,A,Plasma Etch,improved_edge_ring,已完成 ESC 调校，边缘失效显著收敛,维持每周 ESC drift monitor,26,8,10.0,-8.0,PASS,pass
LOT-B,改善后,W07,28nm MCU,ETCH-07,A,Plasma Etch,improved_edge_ring,已完成 ESC 调校，边缘失效显著收敛,维持每周 ESC drift monitor,27,8,11.0,-8.0,PASS,pass
LOT-B,改善后,W07,28nm MCU,ETCH-07,A,Plasma Etch,improved_edge_ring,已完成 ESC 调校，边缘失效显著收敛,维持每周 ESC drift monitor,28,8,12.0,-8.0,PASS,pass
LOT-B,改善后,W07,28nm MCU,ETCH-07,A,Plasma Etch,improved_edge_ring,已完成 ESC 调校，边缘失效显著收敛,维持每周 ESC drift monitor,3,9,-13.0,-7.0,PASS,pass
LOT-B,改善后,W07,28nm MCU,ETCH-07,A,Plasma Etch,improved_edge_ring,已完成 ESC 调校，边缘失效显著收敛,维持每周 ESC drift monitor,4,9,-12.0,-7.0,PASS,pass
LOT-B,改善后,W07,28nm MCU,ETCH-07,A,Plasma Etch,improved_edge_ring,已完成 ESC 调校，边缘失效显著收敛,维持每周 ESC drift monitor,5,9,-11.0,-7.0,FAIL,edge_ring
LOT-B,改善后,W07,28nm MCU,ETCH-07,A,Plasma Etch,improved_edge_ring,已完成 ESC 调校，边缘失效显著收敛,维持每周 ESC drift monitor,6,9,-10.0,-7.0,PASS,pass
LOT-B,改善后,W07,28nm MCU,ETCH-07,A,Plasma Etch,improved_edge_ring,已完成 ESC 调校，边缘失效显著收敛,维持每周 ESC drift monitor,7,9,-9.0,-7.0,PASS,pass
LOT-B,改善后,W07,28nm MCU,ETCH-07,A,Plasma Etch,improved_edge_ring,已完成 ESC 调校，边缘失效显著收敛,维持每周 ESC drift monitor,8,9,-8.0,-7.0,PASS,pass
LOT-B,改善后,W07,28nm MCU,ETCH-07,A,Plasma Etch,improved_edge_ring,已完成 ESC 调校，边缘失效显著收敛,维持每周 ESC drift monitor,9,9,-7.0,-7.0,PASS,pass
LOT-B,改善后,W07,28nm MCU,ETCH-07,A,Plasma Etch,improved_edge_ring,已完成 ESC 调校，边缘失效显著收敛,维持每周 ESC drift monitor,10,9,-6.0,-7.0,PASS,pass
LOT-B,改善后,W07,28nm MCU,ETCH-07,A,Plasma Etch,improved_edge_ring,已完成 ESC 调校，边缘失效显著收敛,维持每周 ESC drift monitor,11,9,-5.0,-7.0,PASS,pass
LOT-B,改善后,W07,28nm MCU,ETCH-07,A,Plasma Etch,improved_edge_ring,已完成 ESC 调校，边缘失效显著收敛,维持每周 ESC drift monitor,12,9,-4.0,-7.0,PASS,pass
LOT-B,改善后,W07,28nm MCU,ETCH-07,A,Plasma Etch,improved_edge_ring,已完成 ESC 调校，边缘失效显著收敛,维持每周 ESC drift monitor,13,9,-3.0,-7.0,PASS,pass
LOT-B,改善后,W07,28nm MCU,ETCH-07,A,Plasma Etch,improved_edge_ring,已完成 ESC 调校，边缘失效显著收敛,维持每周 ESC drift monitor,14,9,-2.0,-7.0,PASS,pass
LOT-B,改善后,W07,28nm MCU,ETCH-07,A,Plasma Etch,improved_edge_ring,已完成 ESC 调校，边缘失效显著收敛,维持每周 ESC drift monitor,15,9,-1.0,-7.0,PASS,pass
LOT-B,改善后,W07,28nm MCU,ETCH-07,A,Plasma Etch,improved_edge_ring,已完成 ESC 调校，边缘失效显著收敛,维持每周 ESC drift monitor,16,9,0.0,-7.0,PASS,pass
LOT-B,改善后,W07,28nm MCU,ETCH-07,A,Plasma Etch,improved_edge_ring,已完成 ESC 调校，边缘失效显著收敛,维持每周 ESC drift monitor,17,9,1.0,-7.0,PASS,pass
LOT-B,改善后,W07,28nm MCU,ETCH-07,A,Plasma Etch,improved_edge_ring,已完成 ESC 调校，边缘失效显著收敛,维持每周 ESC drift monitor,18,9,2.0,-7.0,PASS,pass
LOT-B,改善后,W07,28nm MCU,ETCH-07,A,Plasma Etch,improved_edge_ring,已完成 ESC 调校，边缘失效显著收敛,维持每周 ESC drift monitor,19,9,3.0,-7.0,PASS,pass
LOT-B,改善后,W07,28nm MCU,ETCH-07,A,Plasma Etch,improved_edge_ring,已完成 ESC 调校，边缘失效显著收敛,维持每周 ESC drift monitor,20,9,4.0,-7.0,PASS,pass
LOT-B,改善后,W07,28nm MCU,ETCH-07,A,Plasma Etch,improved_edge_ring,已完成 ESC 调校，边缘失效显著收敛,维持每周 ESC drift monitor,21,9,5.0,-7.0,PASS,pass
LOT-B,改善后,W07,28nm MCU,ETCH-07,A,Plasma Etch,improved_edge_ring,已完成 ESC 调校，边缘失效显著收敛,维持每周 ESC drift monitor,22,9,6.0,-7.0,PASS,pass
LOT-B,改善后,W07,28nm MCU,ETCH-07,A,Plasma Etch,improved_edge_ring,已完成 ESC 调校，边缘失效显著收敛,维持每周 ESC drift monitor,23,9,7.0,-7.0,PASS,pass
LOT-B,改善后,W07,28nm MCU,ETCH-07,A,Plasma Etch,improved_edge_ring,已完成 ESC 调校，边缘失效显著收敛,维持每周 ESC drift monitor,24,9,8.0,-7.0,PASS,pass
LOT-B,改善后,W07,28nm MCU,ETCH-07,A,Plasma Etch,improved_edge_ring,已完成 ESC 调校，边缘失效显著收敛,维持每周 ESC drift monitor,25,9,9.0,-7.0,PASS,pass
LOT-B,改善后,W07,28nm MCU,ETCH-07,A,Plasma Etch,improved_edge_ring,已完成 ESC 调校，边缘失效显著收敛,维持每周 ESC drift monitor,26,9,10.0,-7.0,PASS,pass
LOT-B,改善后,W07,28nm MCU,ETCH-07,A,Plasma Etch,improved_edge_ring,已完成 ESC 调校，边缘失效显著收敛,维持每周 ESC drift monitor,27,9,11.0,-7.0,PASS,pass
LOT-B,改善后,W07,28nm MCU,ETCH-07,A,Plasma Etch,improved_edge_ring,已完成 ESC 调校，边缘失效显著收敛,维持每周 ESC drift monitor,28,9,12.0,-7.0,FAIL,edge_ring
LOT-B,改善后,W07,28nm MCU,ETCH-07,A,Plasma Etch,improved_edge_ring,已完成 ESC 调校，边缘失效显著收敛,维持每周 ESC drift monitor,29,9,13.0,-7.0,PASS,pass
LOT-B,改善后,W07,28nm MCU,ETCH-07,A,Plasma Etch,improved_edge_ring,已完成 ESC 调校，边缘失效显著收敛,维持每周 ESC drift monitor,3,10,-13.0,-6.0,PASS,pass
LOT-B,改善后,W07,28nm MCU,ETCH-07,A,Plasma Etch,improved_edge_ring,已完成 ESC 调校，边缘失效显著收敛,维持每周 ESC drift monitor,4,10,-12.0,-6.0,PASS,pass
LOT-B,改善后,W07,28nm MCU,ETCH-07,A,Plasma Etch,improved_edge_ring,已完成 ESC 调校，边缘失效显著收敛,维持每周 ESC drift monitor,5,10,-11.0,-6.0,PASS,pass
LOT-B,改善后,W07,28nm MCU,ETCH-07,A,Plasma Etch,improved_edge_ring,已完成 ESC 调校，边缘失效显著收敛,维持每周 ESC drift monitor,6,10,-10.0,-6.0,PASS,pass
LOT-B,改善后,W07,28nm MCU,ETCH-07,A,Plasma Etch,improved_edge_ring,已完成 ESC 调校，边缘失效显著收敛,维持每周 ESC drift monitor,7,10,-9.0,-6.0,PASS,pass
LOT-B,改善后,W07,28nm MCU,ETCH-07,A,Plasma Etch,improved_edge_ring,已完成 ESC 调校，边缘失效显著收敛,维持每周 ESC drift monitor,8,10,-8.0,-6.0,PASS,pass
LOT-B,改善后,W07,28nm MCU,ETCH-07,A,Plasma Etch,improved_edge_ring,已完成 ESC 调校，边缘失效显著收敛,维持每周 ESC drift monitor,9,10,-7.0,-6.0,PASS,pass
LOT-B,改善后,W07,28nm MCU,ETCH-07,A,Plasma Etch,improved_edge_ring,已完成 ESC 调校，边缘失效显著收敛,维持每周 ESC drift monitor,10,10,-6.0,-6.0,PASS,pass
LOT-B,改善后,W07,28nm MCU,ETCH-07,A,Plasma Etch,improved_edge_ring,已完成 ESC 调校，边缘失效显著收敛,维持每周 ESC drift monitor,11,10,-5.0,-6.0,PASS,pass
LOT-B,改善后,W07,28nm MCU,ETCH-07,A,Plasma Etch,improved_edge_ring,已完成 ESC 调校，边缘失效显著收敛,维持每周 ESC drift monitor,12,10,-4.0,-6.0,PASS,pass
LOT-B,改善后,W07,28nm MCU,ETCH-07,A,Plasma Etch,improved_edge_ring,已完成 ESC 调校，边缘失效显著收敛,维持每周 ESC drift monitor,13,10,-3.0,-6.0,PASS,pass
LOT-B,改善后,W07,28nm MCU,ETCH-07,A,Plasma Etch,improved_edge_ring,已完成 ESC 调校，边缘失效显著收敛,维持每周 ESC drift monitor,14,10,-2.0,-6.0,PASS,pass
LOT-B,改善后,W07,28nm MCU,ETCH-07,A,Plasma Etch,improved_edge_ring,已完成 ESC 调校，边缘失效显著收敛,维持每周 ESC drift monitor,15,10,-1.0,-6.0,PASS,pass
LOT-B,改善后,W07,28nm MCU,ETCH-07,A,Plasma Etch,improved_edge_ring,已完成 ESC 调校，边缘失效显著收敛,维持每周 ESC drift monitor,16,10,0.0,-6.0,PASS,pass
LOT-B,改善后,W07,28nm MCU,ETCH-07,A,Plasma Etch,improved_edge_ring,已完成 ESC 调校，边缘失效显著收敛,维持每周 ESC drift monitor,17,10,1.0,-6.0,PASS,pass
LOT-B,改善后,W07,28nm MCU,ETCH-07,A,Plasma Etch,improved_edge_ring,已完成 ESC 调校，边缘失效显著收敛,维持每周 ESC drift monitor,18,10,2.0,-6.0,PASS,pass
LOT-B,改善后,W07,28nm MCU,ETCH-07,A,Plasma Etch,improved_edge_ring,已完成 ESC 调校，边缘失效显著收敛,维持每周 ESC drift monitor,19,10,3.0,-6.0,PASS,pass
LOT-B,改善后,W07,28nm MCU,ETCH-07,A,Plasma Etch,improved_edge_ring,已完成 ESC 调校，边缘失效显著收敛,维持每周 ESC drift monitor,20,10,4.0,-6.0,PASS,pass
LOT-B,改善后,W07,28nm MCU,ETCH-07,A,Plasma Etch,improved_edge_ring,已完成 ESC 调校，边缘失效显著收敛,维持每周 ESC drift monitor,21,10,5.0,-6.0,PASS,pass
LOT-B,改善后,W07,28nm MCU,ETCH-07,A,Plasma Etch,improved_edge_ring,已完成 ESC 调校，边缘失效显著收敛,维持每周 ESC drift monitor,22,10,6.0,-6.0,PASS,pass
LOT-B,改善后,W07,28nm MCU,ETCH-07,A,Plasma Etch,improved_edge_ring,已完成 ESC 调校，边缘失效显著收敛,维持每周 ESC drift monitor,23,10,7.0,-6.0,PASS,pass
LOT-B,改善后,W07,28nm MCU,ETCH-07,A,Plasma Etch,improved_edge_ring,已完成 ESC 调校，边缘失效显著收敛,维持每周 ESC drift monitor,24,10,8.0,-6.0,PASS,pass
LOT-B,改善后,W07,28nm MCU,ETCH-07,A,Plasma Etch,improved_edge_ring,已完成 ESC 调校，边缘失效显著收敛,维持每周 ESC drift monitor,25,10,9.0,-6.0,PASS,pass
LOT-B,改善后,W07,28nm MCU,ETCH-07,A,Plasma Etch,improved_edge_ring,已完成 ESC 调校，边缘失效显著收敛,维持每周 ESC drift monitor,26,10,10.0,-6.0,PASS,pass
LOT-B,改善后,W07,28nm MCU,ETCH-07,A,Plasma Etch,improved_edge_ring,已完成 ESC 调校，边缘失效显著收敛,维持每周 ESC drift monitor,27,10,11.0,-6.0,PASS,pass
LOT-B,改善后,W07,28nm MCU,ETCH-07,A,Plasma Etch,improved_edge_ring,已完成 ESC 调校，边缘失效显著收敛,维持每周 ESC drift monitor,28,10,12.0,-6.0,PASS,pass
LOT-B,改善后,W07,28nm MCU,ETCH-07,A,Plasma Etch,improved_edge_ring,已完成 ESC 调校，边缘失效显著收敛,维持每周 ESC drift monitor,29,10,13.0,-6.0,FAIL,edge_ring
LOT-B,改善后,W07,28nm MCU,ETCH-07,A,Plasma Etch,improved_edge_ring,已完成 ESC 调校，边缘失效显著收敛,维持每周 ESC drift monitor,3,11,-13.0,-5.0,PASS,pass
LOT-B,改善后,W07,28nm MCU,ETCH-07,A,Plasma Etch,improved_edge_ring,已完成 ESC 调校，边缘失效显著收敛,维持每周 ESC drift monitor,4,11,-12.0,-5.0,PASS,pass
LOT-B,改善后,W07,28nm MCU,ETCH-07,A,Plasma Etch,improved_edge_ring,已完成 ESC 调校，边缘失效显著收敛,维持每周 ESC drift monitor,5,11,-11.0,-5.0,PASS,pass
LOT-B,改善后,W07,28nm MCU,ETCH-07,A,Plasma Etch,improved_edge_ring,已完成 ESC 调校，边缘失效显著收敛,维持每周 ESC drift monitor,6,11,-10.0,-5.0,PASS,pass
LOT-B,改善后,W07,28nm MCU,ETCH-07,A,Plasma Etch,improved_edge_ring,已完成 ESC 调校，边缘失效显著收敛,维持每周 ESC drift monitor,7,11,-9.0,-5.0,PASS,pass
LOT-B,改善后,W07,28nm MCU,ETCH-07,A,Plasma Etch,improved_edge_ring,已完成 ESC 调校，边缘失效显著收敛,维持每周 ESC drift monitor,8,11,-8.0,-5.0,PASS,pass
LOT-B,改善后,W07,28nm MCU,ETCH-07,A,Plasma Etch,improved_edge_ring,已完成 ESC 调校，边缘失效显著收敛,维持每周 ESC drift monitor,9,11,-7.0,-5.0,PASS,pass
LOT-B,改善后,W07,28nm MCU,ETCH-07,A,Plasma Etch,improved_edge_ring,已完成 ESC 调校，边缘失效显著收敛,维持每周 ESC drift monitor,10,11,-6.0,-5.0,PASS,pass
LOT-B,改善后,W07,28nm MCU,ETCH-07,A,Plasma Etch,improved_edge_ring,已完成 ESC 调校，边缘失效显著收敛,维持每周 ESC drift monitor,11,11,-5.0,-5.0,PASS,pass
LOT-B,改善后,W07,28nm MCU,ETCH-07,A,Plasma Etch,improved_edge_ring,已完成 ESC 调校，边缘失效显著收敛,维持每周 ESC drift monitor,12,11,-4.0,-5.0,PASS,pass
LOT-B,改善后,W07,28nm MCU,ETCH-07,A,Plasma Etch,improved_edge_ring,已完成 ESC 调校，边缘失效显著收敛,维持每周 ESC drift monitor,13,11,-3.0,-5.0,PASS,pass
LOT-B,改善后,W07,28nm MCU,ETCH-07,A,Plasma Etch,improved_edge_ring,已完成 ESC 调校，边缘失效显著收敛,维持每周 ESC drift monitor,14,11,-2.0,-5.0,PASS,pass
LOT-B,改善后,W07,28nm MCU,ETCH-07,A,Plasma Etch,improved_edge_ring,已完成 ESC 调校，边缘失效显著收敛,维持每周 ESC drift monitor,15,11,-1.0,-5.0,PASS,pass
LOT-B,改善后,W07,28nm MCU,ETCH-07,A,Plasma Etch,improved_edge_ring,已完成 ESC 调校，边缘失效显著收敛,维持每周 ESC drift monitor,16,11,0.0,-5.0,PASS,pass
LOT-B,改善后,W07,28nm MCU,ETCH-07,A,Plasma Etch,improved_edge_ring,已完成 ESC 调校，边缘失效显著收敛,维持每周 ESC drift monitor,17,11,1.0,-5.0,PASS,pass
LOT-B,改善后,W07,28nm MCU,ETCH-07,A,Plasma Etch,improved_edge_ring,已完成 ESC 调校，边缘失效显著收敛,维持每周 ESC drift monitor,18,11,2.0,-5.0,PASS,pass
LOT-B,改善后,W07,28nm MCU,ETCH-07,A,Plasma Etch,improved_edge_ring,已完成 ESC 调校，边缘失效显著收敛,维持每周 ESC drift monitor,19,11,3.0,-5.0,PASS,pass
LOT-B,改善后,W07,28nm MCU,ETCH-07,A,Plasma Etch,improved_edge_ring,已完成 ESC 调校，边缘失效显著收敛,维持每周 ESC drift monitor,20,11,4.0,-5.0,PASS,pass
LOT-B,改善后,W07,28nm MCU,ETCH-07,A,Plasma Etch,improved_edge_ring,已完成 ESC 调校，边缘失效显著收敛,维持每周 ESC drift monitor,21,11,5.0,-5.0,PASS,pass
LOT-B,改善后,W07,28nm MCU,ETCH-07,A,Plasma Etch,improved_edge_ring,已完成 ESC 调校，边缘失效显著收敛,维持每周 ESC drift monitor,22,11,6.0,-5.0,PASS,pass
LOT-B,改善后,W07,28nm MCU,ETCH-07,A,Plasma Etch,improved_edge_ring,已完成 ESC 调校，边缘失效显著收敛,维持每周 ESC drift monitor,23,11,7.0,-5.0,PASS,pass
LOT-B,改善后,W07,28nm MCU,ETCH-07,A,Plasma Etch,improved_edge_ring,已完成 ESC 调校，边缘失效显著收敛,维持每周 ESC drift monitor,24,11,8.0,-5.0,PASS,pass
LOT-B,改善后,W07,28nm MCU,ETCH-07,A,Plasma Etch,improved_edge_ring,已完成 ESC 调校，边缘失效显著收敛,维持每周 ESC drift monitor,25,11,9.0,-5.0,PASS,pass
LOT-B,改善后,W07,28nm MCU,ETCH-07,A,Plasma Etch,improved_edge_ring,已完成 ESC 调校，边缘失效显著收敛,维持每周 ESC drift monitor,26,11,10.0,-5.0,PASS,pass
LOT-B,改善后,W07,28nm MCU,ETCH-07,A,Plasma Etch,improved_edge_ring,已完成 ESC 调校，边缘失效显著收敛,维持每周 ESC drift monitor,27,11,11.0,-5.0,PASS,pass
LOT-B,改善后,W07,28nm MCU,ETCH-07,A,Plasma Etch,improved_edge_ring,已完成 ESC 调校，边缘失效显著收敛,维持每周 ESC drift monitor,28,11,12.0,-5.0,PASS,pass
LOT-B,改善后,W07,28nm MCU,ETCH-07,A,Plasma Etch,improved_edge_ring,已完成 ESC 调校，边缘失效显著收敛,维持每周 ESC drift monitor,29,11,13.0,-5.0,PASS,pass
LOT-B,改善后,W07,28nm MCU,ETCH-07,A,Plasma Etch,improved_edge_ring,已完成 ESC 调校，边缘失效显著收敛,维持每周 ESC drift monitor,2,12,-14.0,-4.0,PASS,pass
LOT-B,改善后,W07,28nm MCU,ETCH-07,A,Plasma Etch,improved_edge_ring,已完成 ESC 调校，边缘失效显著收敛,维持每周 ESC drift monitor,3,12,-13.0,-4.0,PASS,pass
LOT-B,改善后,W07,28nm MCU,ETCH-07,A,Plasma Etch,improved_edge_ring,已完成 ESC 调校，边缘失效显著收敛,维持每周 ESC drift monitor,4,12,-12.0,-4.0,PASS,pass
LOT-B,改善后,W07,28nm MCU,ETCH-07,A,Plasma Etch,improved_edge_ring,已完成 ESC 调校，边缘失效显著收敛,维持每周 ESC drift monitor,5,12,-11.0,-4.0,PASS,pass
LOT-B,改善后,W07,28nm MCU,ETCH-07,A,Plasma Etch,improved_edge_ring,已完成 ESC 调校，边缘失效显著收敛,维持每周 ESC drift monitor,6,12,-10.0,-4.0,PASS,pass
LOT-B,改善后,W07,28nm MCU,ETCH-07,A,Plasma Etch,improved_edge_ring,已完成 ESC 调校，边缘失效显著收敛,维持每周 ESC drift monitor,7,12,-9.0,-4.0,PASS,pass
LOT-B,改善后,W07,28nm MCU,ETCH-07,A,Plasma Etch,improved_edge_ring,已完成 ESC 调校，边缘失效显著收敛,维持每周 ESC drift monitor,8,12,-8.0,-4.0,PASS,pass
LOT-B,改善后,W07,28nm MCU,ETCH-07,A,Plasma Etch,improved_edge_ring,已完成 ESC 调校，边缘失效显著收敛,维持每周 ESC drift monitor,9,12,-7.0,-4.0,PASS,pass
LOT-B,改善后,W07,28nm MCU,ETCH-07,A,Plasma Etch,improved_edge_ring,已完成 ESC 调校，边缘失效显著收敛,维持每周 ESC drift monitor,10,12,-6.0,-4.0,PASS,pass
LOT-B,改善后,W07,28nm MCU,ETCH-07,A,Plasma Etch,improved_edge_ring,已完成 ESC 调校，边缘失效显著收敛,维持每周 ESC drift monitor,11,12,-5.0,-4.0,PASS,pass
LOT-B,改善后,W07,28nm MCU,ETCH-07,A,Plasma Etch,improved_edge_ring,已完成 ESC 调校，边缘失效显著收敛,维持每周 ESC drift monitor,12,12,-4.0,-4.0,PASS,pass
LOT-B,改善后,W07,28nm MCU,ETCH-07,A,Plasma Etch,improved_edge_ring,已完成 ESC 调校，边缘失效显著收敛,维持每周 ESC drift monitor,13,12,-3.0,-4.0,PASS,pass
LOT-B,改善后,W07,28nm MCU,ETCH-07,A,Plasma Etch,improved_edge_ring,已完成 ESC 调校，边缘失效显著收敛,维持每周 ESC drift monitor,14,12,-2.0,-4.0,PASS,pass
LOT-B,改善后,W07,28nm MCU,ETCH-07,A,Plasma Etch,improved_edge_ring,已完成 ESC 调校，边缘失效显著收敛,维持每周 ESC drift monitor,15,12,-1.0,-4.0,PASS,pass
LOT-B,改善后,W07,28nm MCU,ETCH-07,A,Plasma Etch,improved_edge_ring,已完成 ESC 调校，边缘失效显著收敛,维持每周 ESC drift monitor,16,12,0.0,-4.0,PASS,pass
LOT-B,改善后,W07,28nm MCU,ETCH-07,A,Plasma Etch,improved_edge_ring,已完成 ESC 调校，边缘失效显著收敛,维持每周 ESC drift monitor,17,12,1.0,-4.0,PASS,pass
LOT-B,改善后,W07,28nm MCU,ETCH-07,A,Plasma Etch,improved_edge_ring,已完成 ESC 调校，边缘失效显著收敛,维持每周 ESC drift monitor,18,12,2.0,-4.0,PASS,pass
LOT-B,改善后,W07,28nm MCU,ETCH-07,A,Plasma Etch,improved_edge_ring,已完成 ESC 调校，边缘失效显著收敛,维持每周 ESC drift monitor,19,12,3.0,-4.0,PASS,pass
LOT-B,改善后,W07,28nm MCU,ETCH-07,A,Plasma Etch,improved_edge_ring,已完成 ESC 调校，边缘失效显著收敛,维持每周 ESC drift monitor,20,12,4.0,-4.0,PASS,pass
LOT-B,改善后,W07,28nm MCU,ETCH-07,A,Plasma Etch,improved_edge_ring,已完成 ESC 调校，边缘失效显著收敛,维持每周 ESC drift monitor,21,12,5.0,-4.0,PASS,pass
LOT-B,改善后,W07,28nm MCU,ETCH-07,A,Plasma Etch,improved_edge_ring,已完成 ESC 调校，边缘失效显著收敛,维持每周 ESC drift monitor,22,12,6.0,-4.0,PASS,pass
LOT-B,改善后,W07,28nm MCU,ETCH-07,A,Plasma Etch,improved_edge_ring,已完成 ESC 调校，边缘失效显著收敛,维持每周 ESC drift monitor,23,12,7.0,-4.0,PASS,pass
LOT-B,改善后,W07,28nm MCU,ETCH-07,A,Plasma Etch,improved_edge_ring,已完成 ESC 调校，边缘失效显著收敛,维持每周 ESC drift monitor,24,12,8.0,-4.0,PASS,pass
LOT-B,改善后,W07,28nm MCU,ETCH-07,A,Plasma Etch,improved_edge_ring,已完成 ESC 调校，边缘失效显著收敛,维持每周 ESC drift monitor,25,12,9.0,-4.0,PASS,pass
LOT-B,改善后,W07,28nm MCU,ETCH-07,A,Plasma Etch,improved_edge_ring,已完成 ESC 调校，边缘失效显著收敛,维持每周 ESC drift monitor,26,12,10.0,-4.0,PASS,pass
LOT-B,改善后,W07,28nm MCU,ETCH-07,A,Plasma Etch,improved_edge_ring,已完成 ESC 调校，边缘失效显著收敛,维持每周 ESC drift monitor,27,12,11.0,-4.0,PASS,pass
LOT-B,改善后,W07,28nm MCU,ETCH-07,A,Plasma Etch,improved_edge_ring,已完成 ESC 调校，边缘失效显著收敛,维持每周 ESC drift monitor,28,12,12.0,-4.0,PASS,pass
LOT-B,改善后,W07,28nm MCU,ETCH-07,A,Plasma Etch,improved_edge_ring,已完成 ESC 调校，边缘失效显著收敛,维持每周 ESC drift monitor,29,12,13.0,-4.0,PASS,pass
LOT-B,改善后,W07,28nm MCU,ETCH-07,A,Plasma Etch,improved_edge_ring,已完成 ESC 调校，边缘失效显著收敛,维持每周 ESC drift monitor,30,12,14.0,-4.0,PASS,pass
LOT-B,改善后,W07,28nm MCU,ETCH-07,A,Plasma Etch,improved_edge_ring,已完成 ESC 调校，边缘失效显著收敛,维持每周 ESC drift monitor,2,13,-14.0,-3.0,PASS,pass
LOT-B,改善后,W07,28nm MCU,ETCH-07,A,Plasma Etch,improved_edge_ring,已完成 ESC 调校，边缘失效显著收敛,维持每周 ESC drift monitor,3,13,-13.0,-3.0,PASS,pass
LOT-B,改善后,W07,28nm MCU,ETCH-07,A,Plasma Etch,improved_edge_ring,已完成 ESC 调校，边缘失效显著收敛,维持每周 ESC drift monitor,4,13,-12.0,-3.0,PASS,pass
LOT-B,改善后,W07,28nm MCU,ETCH-07,A,Plasma Etch,improved_edge_ring,已完成 ESC 调校，边缘失效显著收敛,维持每周 ESC drift monitor,5,13,-11.0,-3.0,PASS,pass
LOT-B,改善后,W07,28nm MCU,ETCH-07,A,Plasma Etch,improved_edge_ring,已完成 ESC 调校，边缘失效显著收敛,维持每周 ESC drift monitor,6,13,-10.0,-3.0,PASS,pass
LOT-B,改善后,W07,28nm MCU,ETCH-07,A,Plasma Etch,improved_edge_ring,已完成 ESC 调校，边缘失效显著收敛,维持每周 ESC drift monitor,7,13,-9.0,-3.0,PASS,pass
LOT-B,改善后,W07,28nm MCU,ETCH-07,A,Plasma Etch,improved_edge_ring,已完成 ESC 调校，边缘失效显著收敛,维持每周 ESC drift monitor,8,13,-8.0,-3.0,PASS,pass
LOT-B,改善后,W07,28nm MCU,ETCH-07,A,Plasma Etch,improved_edge_ring,已完成 ESC 调校，边缘失效显著收敛,维持每周 ESC drift monitor,9,13,-7.0,-3.0,PASS,pass
LOT-B,改善后,W07,28nm MCU,ETCH-07,A,Plasma Etch,improved_edge_ring,已完成 ESC 调校，边缘失效显著收敛,维持每周 ESC drift monitor,10,13,-6.0,-3.0,PASS,pass
LOT-B,改善后,W07,28nm MCU,ETCH-07,A,Plasma Etch,improved_edge_ring,已完成 ESC 调校，边缘失效显著收敛,维持每周 ESC drift monitor,11,13,-5.0,-3.0,PASS,pass
LOT-B,改善后,W07,28nm MCU,ETCH-07,A,Plasma Etch,improved_edge_ring,已完成 ESC 调校，边缘失效显著收敛,维持每周 ESC drift monitor,12,13,-4.0,-3.0,PASS,pass
LOT-B,改善后,W07,28nm MCU,ETCH-07,A,Plasma Etch,improved_edge_ring,已完成 ESC 调校，边缘失效显著收敛,维持每周 ESC drift monitor,13,13,-3.0,-3.0,PASS,pass
LOT-B,改善后,W07,28nm MCU,ETCH-07,A,Plasma Etch,improved_edge_ring,已完成 ESC 调校，边缘失效显著收敛,维持每周 ESC drift monitor,14,13,-2.0,-3.0,PASS,pass
LOT-B,改善后,W07,28nm MCU,ETCH-07,A,Plasma Etch,improved_edge_ring,已完成 ESC 调校，边缘失效显著收敛,维持每周 ESC drift monitor,15,13,-1.0,-3.0,PASS,pass
LOT-B,改善后,W07,28nm MCU,ETCH-07,A,Plasma Etch,improved_edge_ring,已完成 ESC 调校，边缘失效显著收敛,维持每周 ESC drift monitor,16,13,0.0,-3.0,PASS,pass
LOT-B,改善后,W07,28nm MCU,ETCH-07,A,Plasma Etch,improved_edge_ring,已完成 ESC 调校，边缘失效显著收敛,维持每周 ESC drift monitor,17,13,1.0,-3.0,PASS,pass
LOT-B,改善后,W07,28nm MCU,ETCH-07,A,Plasma Etch,improved_edge_ring,已完成 ESC 调校，边缘失效显著收敛,维持每周 ESC drift monitor,18,13,2.0,-3.0,PASS,pass
LOT-B,改善后,W07,28nm MCU,ETCH-07,A,Plasma Etch,improved_edge_ring,已完成 ESC 调校，边缘失效显著收敛,维持每周 ESC drift monitor,19,13,3.0,-3.0,PASS,pass
LOT-B,改善后,W07,28nm MCU,ETCH-07,A,Plasma Etch,improved_edge_ring,已完成 ESC 调校，边缘失效显著收敛,维持每周 ESC drift monitor,20,13,4.0,-3.0,PASS,pass
LOT-B,改善后,W07,28nm MCU,ETCH-07,A,Plasma Etch,improved_edge_ring,已完成 ESC 调校，边缘失效显著收敛,维持每周 ESC drift monitor,21,13,5.0,-3.0,PASS,pass
LOT-B,改善后,W07,28nm MCU,ETCH-07,A,Plasma Etch,improved_edge_ring,已完成 ESC 调校，边缘失效显著收敛,维持每周 ESC drift monitor,22,13,6.0,-3.0,PASS,pass
LOT-B,改善后,W07,28nm MCU,ETCH-07,A,Plasma Etch,improved_edge_ring,已完成 ESC 调校，边缘失效显著收敛,维持每周 ESC drift monitor,23,13,7.0,-3.0,PASS,pass
LOT-B,改善后,W07,28nm MCU,ETCH-07,A,Plasma Etch,improved_edge_ring,已完成 ESC 调校，边缘失效显著收敛,维持每周 ESC drift monitor,24,13,8.0,-3.0,PASS,pass
LOT-B,改善后,W07,28nm MCU,ETCH-07,A,Plasma Etch,improved_edge_ring,已完成 ESC 调校，边缘失效显著收敛,维持每周 ESC drift monitor,25,13,9.0,-3.0,PASS,pass
LOT-B,改善后,W07,28nm MCU,ETCH-07,A,Plasma Etch,improved_edge_ring,已完成 ESC 调校，边缘失效显著收敛,维持每周 ESC drift monitor,26,13,10.0,-3.0,PASS,pass
LOT-B,改善后,W07,28nm MCU,ETCH-07,A,Plasma Etch,improved_edge_ring,已完成 ESC 调校，边缘失效显著收敛,维持每周 ESC drift monitor,27,13,11.0,-3.0,PASS,pass
LOT-B,改善后,W07,28nm MCU,ETCH-07,A,Plasma Etch,improved_edge_ring,已完成 ESC 调校，边缘失效显著收敛,维持每周 ESC drift monitor,28,13,12.0,-3.0,PASS,pass
LOT-B,改善后,W07,28nm MCU,ETCH-07,A,Plasma Etch,improved_edge_ring,已完成 ESC 调校，边缘失效显著收敛,维持每周 ESC drift monitor,29,13,13.0,-3.0,PASS,pass
LOT-B,改善后,W07,28nm MCU,ETCH-07,A,Plasma Etch,improved_edge_ring,已完成 ESC 调校，边缘失效显著收敛,维持每周 ESC drift monitor,30,13,14.0,-3.0,PASS,pass
LOT-B,改善后,W07,28nm MCU,ETCH-07,A,Plasma Etch,improved_edge_ring,已完成 ESC 调校，边缘失效显著收敛,维持每周 ESC drift monitor,2,14,-14.0,-2.0,PASS,pass
LOT-B,改善后,W07,28nm MCU,ETCH-07,A,Plasma Etch,improved_edge_ring,已完成 ESC 调校，边缘失效显著收敛,维持每周 ESC drift monitor,3,14,-13.0,-2.0,PASS,pass
LOT-B,改善后,W07,28nm MCU,ETCH-07,A,Plasma Etch,improved_edge_ring,已完成 ESC 调校，边缘失效显著收敛,维持每周 ESC drift monitor,4,14,-12.0,-2.0,PASS,pass
LOT-B,改善后,W07,28nm MCU,ETCH-07,A,Plasma Etch,improved_edge_ring,已完成 ESC 调校，边缘失效显著收敛,维持每周 ESC drift monitor,5,14,-11.0,-2.0,PASS,pass
LOT-B,改善后,W07,28nm MCU,ETCH-07,A,Plasma Etch,improved_edge_ring,已完成 ESC 调校，边缘失效显著收敛,维持每周 ESC drift monitor,6,14,-10.0,-2.0,PASS,pass
LOT-B,改善后,W07,28nm MCU,ETCH-07,A,Plasma Etch,improved_edge_ring,已完成 ESC 调校，边缘失效显著收敛,维持每周 ESC drift monitor,7,14,-9.0,-2.0,PASS,pass
LOT-B,改善后,W07,28nm MCU,ETCH-07,A,Plasma Etch,improved_edge_ring,已完成 ESC 调校，边缘失效显著收敛,维持每周 ESC drift monitor,8,14,-8.0,-2.0,PASS,pass
LOT-B,改善后,W07,28nm MCU,ETCH-07,A,Plasma Etch,improved_edge_ring,已完成 ESC 调校，边缘失效显著收敛,维持每周 ESC drift monitor,9,14,-7.0,-2.0,FAIL,random
LOT-B,改善后,W07,28nm MCU,ETCH-07,A,Plasma Etch,improved_edge_ring,已完成 ESC 调校，边缘失效显著收敛,维持每周 ESC drift monitor,10,14,-6.0,-2.0,PASS,pass
LOT-B,改善后,W07,28nm MCU,ETCH-07,A,Plasma Etch,improved_edge_ring,已完成 ESC 调校，边缘失效显著收敛,维持每周 ESC drift monitor,11,14,-5.0,-2.0,PASS,pass
LOT-B,改善后,W07,28nm MCU,ETCH-07,A,Plasma Etch,improved_edge_ring,已完成 ESC 调校，边缘失效显著收敛,维持每周 ESC drift monitor,12,14,-4.0,-2.0,PASS,pass
LOT-B,改善后,W07,28nm MCU,ETCH-07,A,Plasma Etch,improved_edge_ring,已完成 ESC 调校，边缘失效显著收敛,维持每周 ESC drift monitor,13,14,-3.0,-2.0,PASS,pass
LOT-B,改善后,W07,28nm MCU,ETCH-07,A,Plasma Etch,improved_edge_ring,已完成 ESC 调校，边缘失效显著收敛,维持每周 ESC drift monitor,14,14,-2.0,-2.0,PASS,pass
LOT-B,改善后,W07,28nm MCU,ETCH-07,A,Plasma Etch,improved_edge_ring,已完成 ESC 调校，边缘失效显著收敛,维持每周 ESC drift monitor,15,14,-1.0,-2.0,PASS,pass
LOT-B,改善后,W07,28nm MCU,ETCH-07,A,Plasma Etch,improved_edge_ring,已完成 ESC 调校，边缘失效显著收敛,维持每周 ESC drift monitor,16,14,0.0,-2.0,PASS,pass
LOT-B,改善后,W07,28nm MCU,ETCH-07,A,Plasma Etch,improved_edge_ring,已完成 ESC 调校，边缘失效显著收敛,维持每周 ESC drift monitor,17,14,1.0,-2.0,PASS,pass
LOT-B,改善后,W07,28nm MCU,ETCH-07,A,Plasma Etch,improved_edge_ring,已完成 ESC 调校，边缘失效显著收敛,维持每周 ESC drift monitor,18,14,2.0,-2.0,FAIL,random
LOT-B,改善后,W07,28nm MCU,ETCH-07,A,Plasma Etch,improved_edge_ring,已完成 ESC 调校，边缘失效显著收敛,维持每周 ESC drift monitor,19,14,3.0,-2.0,PASS,pass
LOT-B,改善后,W07,28nm MCU,ETCH-07,A,Plasma Etch,improved_edge_ring,已完成 ESC 调校，边缘失效显著收敛,维持每周 ESC drift monitor,20,14,4.0,-2.0,PASS,pass
LOT-B,改善后,W07,28nm MCU,ETCH-07,A,Plasma Etch,improved_edge_ring,已完成 ESC 调校，边缘失效显著收敛,维持每周 ESC drift monitor,21,14,5.0,-2.0,PASS,pass
LOT-B,改善后,W07,28nm MCU,ETCH-07,A,Plasma Etch,improved_edge_ring,已完成 ESC 调校，边缘失效显著收敛,维持每周 ESC drift monitor,22,14,6.0,-2.0,PASS,pass
LOT-B,改善后,W07,28nm MCU,ETCH-07,A,Plasma Etch,improved_edge_ring,已完成 ESC 调校，边缘失效显著收敛,维持每周 ESC drift monitor,23,14,7.0,-2.0,PASS,pass
LOT-B,改善后,W07,28nm MCU,ETCH-07,A,Plasma Etch,improved_edge_ring,已完成 ESC 调校，边缘失效显著收敛,维持每周 ESC drift monitor,24,14,8.0,-2.0,PASS,pass
LOT-B,改善后,W07,28nm MCU,ETCH-07,A,Plasma Etch,improved_edge_ring,已完成 ESC 调校，边缘失效显著收敛,维持每周 ESC drift monitor,25,14,9.0,-2.0,PASS,pass
LOT-B,改善后,W07,28nm MCU,ETCH-07,A,Plasma Etch,improved_edge_ring,已完成 ESC 调校，边缘失效显著收敛,维持每周 ESC drift monitor,26,14,10.0,-2.0,PASS,pass
LOT-B,改善后,W07,28nm MCU,ETCH-07,A,Plasma Etch,improved_edge_ring,已完成 ESC 调校，边缘失效显著收敛,维持每周 ESC drift monitor,27,14,11.0,-2.0,PASS,pass
LOT-B,改善后,W07,28nm MCU,ETCH-07,A,Plasma Etch,improved_edge_ring,已完成 ESC 调校，边缘失效显著收敛,维持每周 ESC drift monitor,28,14,12.0,-2.0,PASS,pass
LOT-B,改善后,W07,28nm MCU,ETCH-07,A,Plasma Etch,improved_edge_ring,已完成 ESC 调校，边缘失效显著收敛,维持每周 ESC drift monitor,29,14,13.0,-2.0,PASS,pass
LOT-B,改善后,W07,28nm MCU,ETCH-07,A,Plasma Etch,improved_edge_ring,已完成 ESC 调校，边缘失效显著收敛,维持每周 ESC drift monitor,30,14,14.0,-2.0,PASS,pass
LOT-B,改善后,W07,28nm MCU,ETCH-07,A,Plasma Etch,improved_edge_ring,已完成 ESC 调校，边缘失效显著收敛,维持每周 ESC drift monitor,2,15,-14.0,-1.0,PASS,pass
LOT-B,改善后,W07,28nm MCU,ETCH-07,A,Plasma Etch,improved_edge_ring,已完成 ESC 调校，边缘失效显著收敛,维持每周 ESC drift monitor,3,15,-13.0,-1.0,PASS,pass
LOT-B,改善后,W07,28nm MCU,ETCH-07,A,Plasma Etch,improved_edge_ring,已完成 ESC 调校，边缘失效显著收敛,维持每周 ESC drift monitor,4,15,-12.0,-1.0,PASS,pass
LOT-B,改善后,W07,28nm MCU,ETCH-07,A,Plasma Etch,improved_edge_ring,已完成 ESC 调校，边缘失效显著收敛,维持每周 ESC drift monitor,5,15,-11.0,-1.0,PASS,pass
LOT-B,改善后,W07,28nm MCU,ETCH-07,A,Plasma Etch,improved_edge_ring,已完成 ESC 调校，边缘失效显著收敛,维持每周 ESC drift monitor,6,15,-10.0,-1.0,PASS,pass
LOT-B,改善后,W07,28nm MCU,ETCH-07,A,Plasma Etch,improved_edge_ring,已完成 ESC 调校，边缘失效显著收敛,维持每周 ESC drift monitor,7,15,-9.0,-1.0,PASS,pass
LOT-B,改善后,W07,28nm MCU,ETCH-07,A,Plasma Etch,improved_edge_ring,已完成 ESC 调校，边缘失效显著收敛,维持每周 ESC drift monitor,8,15,-8.0,-1.0,PASS,pass
LOT-B,改善后,W07,28nm MCU,ETCH-07,A,Plasma Etch,improved_edge_ring,已完成 ESC 调校，边缘失效显著收敛,维持每周 ESC drift monitor,9,15,-7.0,-1.0,PASS,pass
LOT-B,改善后,W07,28nm MCU,ETCH-07,A,Plasma Etch,improved_edge_ring,已完成 ESC 调校，边缘失效显著收敛,维持每周 ESC drift monitor,10,15,-6.0,-1.0,PASS,pass
LOT-B,改善后,W07,28nm MCU,ETCH-07,A,Plasma Etch,improved_edge_ring,已完成 ESC 调校，边缘失效显著收敛,维持每周 ESC drift monitor,11,15,-5.0,-1.0,PASS,pass
LOT-B,改善后,W07,28nm MCU,ETCH-07,A,Plasma Etch,improved_edge_ring,已完成 ESC 调校，边缘失效显著收敛,维持每周 ESC drift monitor,12,15,-4.0,-1.0,PASS,pass
LOT-B,改善后,W07,28nm MCU,ETCH-07,A,Plasma Etch,improved_edge_ring,已完成 ESC 调校，边缘失效显著收敛,维持每周 ESC drift monitor,13,15,-3.0,-1.0,PASS,pass
LOT-B,改善后,W07,28nm MCU,ETCH-07,A,Plasma Etch,improved_edge_ring,已完成 ESC 调校，边缘失效显著收敛,维持每周 ESC drift monitor,14,15,-2.0,-1.0,PASS,pass
LOT-B,改善后,W07,28nm MCU,ETCH-07,A,Plasma Etch,improved_edge_ring,已完成 ESC 调校，边缘失效显著收敛,维持每周 ESC drift monitor,15,15,-1.0,-1.0,PASS,pass
LOT-B,改善后,W07,28nm MCU,ETCH-07,A,Plasma Etch,improved_edge_ring,已完成 ESC 调校，边缘失效显著收敛,维持每周 ESC drift monitor,16,15,0.0,-1.0,PASS,pass
LOT-B,改善后,W07,28nm MCU,ETCH-07,A,Plasma Etch,improved_edge_ring,已完成 ESC 调校，边缘失效显著收敛,维持每周 ESC drift monitor,17,15,1.0,-1.0,PASS,pass
LOT-B,改善后,W07,28nm MCU,ETCH-07,A,Plasma Etch,improved_edge_ring,已完成 ESC 调校，边缘失效显著收敛,维持每周 ESC drift monitor,18,15,2.0,-1.0,PASS,pass
LOT-B,改善后,W07,28nm MCU,ETCH-07,A,Plasma Etch,improved_edge_ring,已完成 ESC 调校，边缘失效显著收敛,维持每周 ESC drift monitor,19,15,3.0,-1.0,PASS,pass
LOT-B,改善后,W07,28nm MCU,ETCH-07,A,Plasma Etch,improved_edge_ring,已完成 ESC 调校，边缘失效显著收敛,维持每周 ESC drift monitor,20,15,4.0,-1.0,PASS,pass
LOT-B,改善后,W07,28nm MCU,ETCH-07,A,Plasma Etch,improved_edge_ring,已完成 ESC 调校，边缘失效显著收敛,维持每周 ESC drift monitor,21,15,5.0,-1.0,PASS,pass
LOT-B,改善后,W07,28nm MCU,ETCH-07,A,Plasma Etch,improved_edge_ring,已完成 ESC 调校，边缘失效显著收敛,维持每周 ESC drift monitor,22,15,6.0,-1.0,PASS,pass
LOT-B,改善后,W07,28nm MCU,ETCH-07,A,Plasma Etch,improved_edge_ring,已完成 ESC 调校，边缘失效显著收敛,维持每周 ESC drift monitor,23,15,7.0,-1.0,PASS,pass
LOT-B,改善后,W07,28nm MCU,ETCH-07,A,Plasma Etch,improved_edge_ring,已完成 ESC 调校，边缘失效显著收敛,维持每周 ESC drift monitor,24,15,8.0,-1.0,PASS,pass
LOT-B,改善后,W07,28nm MCU,ETCH-07,A,Plasma Etch,improved_edge_ring,已完成 ESC 调校，边缘失效显著收敛,维持每周 ESC drift monitor,25,15,9.0,-1.0,PASS,pass
LOT-B,改善后,W07,28nm MCU,ETCH-07,A,Plasma Etch,improved_edge_ring,已完成 ESC 调校，边缘失效显著收敛,维持每周 ESC drift monitor,26,15,10.0,-1.0,PASS,pass
LOT-B,改善后,W07,28nm MCU,ETCH-07,A,Plasma Etch,improved_edge_ring,已完成 ESC 调校，边缘失效显著收敛,维持每周 ESC drift monitor,27,15,11.0,-1.0,PASS,pass
LOT-B,改善后,W07,28nm MCU,ETCH-07,A,Plasma Etch,improved_edge_ring,已完成 ESC 调校，边缘失效显著收敛,维持每周 ESC drift monitor,28,15,12.0,-1.0,PASS,pass
LOT-B,改善后,W07,28nm MCU,ETCH-07,A,Plasma Etch,improved_edge_ring,已完成 ESC 调校，边缘失效显著收敛,维持每周 ESC drift monitor,29,15,13.0,-1.0,FAIL,edge_ring
LOT-B,改善后,W07,28nm MCU,ETCH-07,A,Plasma Etch,improved_edge_ring,已完成 ESC 调校，边缘失效显著收敛,维持每周 ESC drift monitor,30,15,14.0,-1.0,FAIL,edge_ring
LOT-B,改善后,W07,28nm MCU,ETCH-07,A,Plasma Etch,improved_edge_ring,已完成 ESC 调校，边缘失效显著收敛,维持每周 ESC drift monitor,2,16,-14.0,0.0,FAIL,edge_ring
LOT-B,改善后,W07,28nm MCU,ETCH-07,A,Plasma Etch,improved_edge_ring,已完成 ESC 调校，边缘失效显著收敛,维持每周 ESC drift monitor,3,16,-13.0,0.0,PASS,pass
LOT-B,改善后,W07,28nm MCU,ETCH-07,A,Plasma Etch,improved_edge_ring,已完成 ESC 调校，边缘失效显著收敛,维持每周 ESC drift monitor,4,16,-12.0,0.0,PASS,pass
LOT-B,改善后,W07,28nm MCU,ETCH-07,A,Plasma Etch,improved_edge_ring,已完成 ESC 调校，边缘失效显著收敛,维持每周 ESC drift monitor,5,16,-11.0,0.0,PASS,pass
LOT-B,改善后,W07,28nm MCU,ETCH-07,A,Plasma Etch,improved_edge_ring,已完成 ESC 调校，边缘失效显著收敛,维持每周 ESC drift monitor,6,16,-10.0,0.0,PASS,pass
LOT-B,改善后,W07,28nm MCU,ETCH-07,A,Plasma Etch,improved_edge_ring,已完成 ESC 调校，边缘失效显著收敛,维持每周 ESC drift monitor,7,16,-9.0,0.0,PASS,pass
LOT-B,改善后,W07,28nm MCU,ETCH-07,A,Plasma Etch,improved_edge_ring,已完成 ESC 调校，边缘失效显著收敛,维持每周 ESC drift monitor,8,16,-8.0,0.0,PASS,pass
LOT-B,改善后,W07,28nm MCU,ETCH-07,A,Plasma Etch,improved_edge_ring,已完成 ESC 调校，边缘失效显著收敛,维持每周 ESC drift monitor,9,16,-7.0,0.0,PASS,pass
LOT-B,改善后,W07,28nm MCU,ETCH-07,A,Plasma Etch,improved_edge_ring,已完成 ESC 调校，边缘失效显著收敛,维持每周 ESC drift monitor,10,16,-6.0,0.0,PASS,pass
LOT-B,改善后,W07,28nm MCU,ETCH-07,A,Plasma Etch,improved_edge_ring,已完成 ESC 调校，边缘失效显著收敛,维持每周 ESC drift monitor,11,16,-5.0,0.0,PASS,pass
LOT-B,改善后,W07,28nm MCU,ETCH-07,A,Plasma Etch,improved_edge_ring,已完成 ESC 调校，边缘失效显著收敛,维持每周 ESC drift monitor,12,16,-4.0,0.0,PASS,pass
LOT-B,改善后,W07,28nm MCU,ETCH-07,A,Plasma Etch,improved_edge_ring,已完成 ESC 调校，边缘失效显著收敛,维持每周 ESC drift monitor,13,16,-3.0,0.0,PASS,pass
LOT-B,改善后,W07,28nm MCU,ETCH-07,A,Plasma Etch,improved_edge_ring,已完成 ESC 调校，边缘失效显著收敛,维持每周 ESC drift monitor,14,16,-2.0,0.0,PASS,pass
LOT-B,改善后,W07,28nm MCU,ETCH-07,A,Plasma Etch,improved_edge_ring,已完成 ESC 调校，边缘失效显著收敛,维持每周 ESC drift monitor,15,16,-1.0,0.0,PASS,pass
LOT-B,改善后,W07,28nm MCU,ETCH-07,A,Plasma Etch,improved_edge_ring,已完成 ESC 调校，边缘失效显著收敛,维持每周 ESC drift monitor,16,16,0.0,0.0,PASS,pass
LOT-B,改善后,W07,28nm MCU,ETCH-07,A,Plasma Etch,improved_edge_ring,已完成 ESC 调校，边缘失效显著收敛,维持每周 ESC drift monitor,17,16,1.0,0.0,PASS,pass
LOT-B,改善后,W07,28nm MCU,ETCH-07,A,Plasma Etch,improved_edge_ring,已完成 ESC 调校，边缘失效显著收敛,维持每周 ESC drift monitor,18,16,2.0,0.0,PASS,pass
LOT-B,改善后,W07,28nm MCU,ETCH-07,A,Plasma Etch,improved_edge_ring,已完成 ESC 调校，边缘失效显著收敛,维持每周 ESC drift monitor,19,16,3.0,0.0,PASS,pass
LOT-B,改善后,W07,28nm MCU,ETCH-07,A,Plasma Etch,improved_edge_ring,已完成 ESC 调校，边缘失效显著收敛,维持每周 ESC drift monitor,20,16,4.0,0.0,PASS,pass
LOT-B,改善后,W07,28nm MCU,ETCH-07,A,Plasma Etch,improved_edge_ring,已完成 ESC 调校，边缘失效显著收敛,维持每周 ESC drift monitor,21,16,5.0,0.0,PASS,pass
LOT-B,改善后,W07,28nm MCU,ETCH-07,A,Plasma Etch,improved_edge_ring,已完成 ESC 调校，边缘失效显著收敛,维持每周 ESC drift monitor,22,16,6.0,0.0,PASS,pass
LOT-B,改善后,W07,28nm MCU,ETCH-07,A,Plasma Etch,improved_edge_ring,已完成 ESC 调校，边缘失效显著收敛,维持每周 ESC drift monitor,23,16,7.0,0.0,PASS,pass
LOT-B,改善后,W07,28nm MCU,ETCH-07,A,Plasma Etch,improved_edge_ring,已完成 ESC 调校，边缘失效显著收敛,维持每周 ESC drift monitor,24,16,8.0,0.0,PASS,pass
LOT-B,改善后,W07,28nm MCU,ETCH-07,A,Plasma Etch,improved_edge_ring,已完成 ESC 调校，边缘失效显著收敛,维持每周 ESC drift monitor,25,16,9.0,0.0,FAIL,random
LOT-B,改善后,W07,28nm MCU,ETCH-07,A,Plasma Etch,improved_edge_ring,已完成 ESC 调校，边缘失效显著收敛,维持每周 ESC drift monitor,26,16,10.0,0.0,PASS,pass
LOT-B,改善后,W07,28nm MCU,ETCH-07,A,Plasma Etch,improved_edge_ring,已完成 ESC 调校，边缘失效显著收敛,维持每周 ESC drift monitor,27,16,11.0,0.0,PASS,pass
LOT-B,改善后,W07,28nm MCU,ETCH-07,A,Plasma Etch,improved_edge_ring,已完成 ESC 调校，边缘失效显著收敛,维持每周 ESC drift monitor,28,16,12.0,0.0,PASS,pass
LOT-B,改善后,W07,28nm MCU,ETCH-07,A,Plasma Etch,improved_edge_ring,已完成 ESC 调校，边缘失效显著收敛,维持每周 ESC drift monitor,29,16,13.0,0.0,PASS,pass
LOT-B,改善后,W07,28nm MCU,ETCH-07,A,Plasma Etch,improved_edge_ring,已完成 ESC 调校，边缘失效显著收敛,维持每周 ESC drift monitor,30,16,14.0,0.0,PASS,pass
LOT-B,改善后,W07,28nm MCU,ETCH-07,A,Plasma Etch,improved_edge_ring,已完成 ESC 调校，边缘失效显著收敛,维持每周 ESC drift monitor,2,17,-14.0,1.0,PASS,pass
LOT-B,改善后,W07,28nm MCU,ETCH-07,A,Plasma Etch,improved_edge_ring,已完成 ESC 调校，边缘失效显著收敛,维持每周 ESC drift monitor,3,17,-13.0,1.0,FAIL,edge_ring
LOT-B,改善后,W07,28nm MCU,ETCH-07,A,Plasma Etch,improved_edge_ring,已完成 ESC 调校，边缘失效显著收敛,维持每周 ESC drift monitor,4,17,-12.0,1.0,PASS,pass
LOT-B,改善后,W07,28nm MCU,ETCH-07,A,Plasma Etch,improved_edge_ring,已完成 ESC 调校，边缘失效显著收敛,维持每周 ESC drift monitor,5,17,-11.0,1.0,PASS,pass
LOT-B,改善后,W07,28nm MCU,ETCH-07,A,Plasma Etch,improved_edge_ring,已完成 ESC 调校，边缘失效显著收敛,维持每周 ESC drift monitor,6,17,-10.0,1.0,PASS,pass
LOT-B,改善后,W07,28nm MCU,ETCH-07,A,Plasma Etch,improved_edge_ring,已完成 ESC 调校，边缘失效显著收敛,维持每周 ESC drift monitor,7,17,-9.0,1.0,PASS,pass
LOT-B,改善后,W07,28nm MCU,ETCH-07,A,Plasma Etch,improved_edge_ring,已完成 ESC 调校，边缘失效显著收敛,维持每周 ESC drift monitor,8,17,-8.0,1.0,PASS,pass
LOT-B,改善后,W07,28nm MCU,ETCH-07,A,Plasma Etch,improved_edge_ring,已完成 ESC 调校，边缘失效显著收敛,维持每周 ESC drift monitor,9,17,-7.0,1.0,PASS,pass
LOT-B,改善后,W07,28nm MCU,ETCH-07,A,Plasma Etch,improved_edge_ring,已完成 ESC 调校，边缘失效显著收敛,维持每周 ESC drift monitor,10,17,-6.0,1.0,PASS,pass
LOT-B,改善后,W07,28nm MCU,ETCH-07,A,Plasma Etch,improved_edge_ring,已完成 ESC 调校，边缘失效显著收敛,维持每周 ESC drift monitor,11,17,-5.0,1.0,PASS,pass
LOT-B,改善后,W07,28nm MCU,ETCH-07,A,Plasma Etch,improved_edge_ring,已完成 ESC 调校，边缘失效显著收敛,维持每周 ESC drift monitor,12,17,-4.0,1.0,PASS,pass
LOT-B,改善后,W07,28nm MCU,ETCH-07,A,Plasma Etch,improved_edge_ring,已完成 ESC 调校，边缘失效显著收敛,维持每周 ESC drift monitor,13,17,-3.0,1.0,PASS,pass
LOT-B,改善后,W07,28nm MCU,ETCH-07,A,Plasma Etch,improved_edge_ring,已完成 ESC 调校，边缘失效显著收敛,维持每周 ESC drift monitor,14,17,-2.0,1.0,PASS,pass
LOT-B,改善后,W07,28nm MCU,ETCH-07,A,Plasma Etch,improved_edge_ring,已完成 ESC 调校，边缘失效显著收敛,维持每周 ESC drift monitor,15,17,-1.0,1.0,PASS,pass
LOT-B,改善后,W07,28nm MCU,ETCH-07,A,Plasma Etch,improved_edge_ring,已完成 ESC 调校，边缘失效显著收敛,维持每周 ESC drift monitor,16,17,0.0,1.0,PASS,pass
LOT-B,改善后,W07,28nm MCU,ETCH-07,A,Plasma Etch,improved_edge_ring,已完成 ESC 调校，边缘失效显著收敛,维持每周 ESC drift monitor,17,17,1.0,1.0,PASS,pass
LOT-B,改善后,W07,28nm MCU,ETCH-07,A,Plasma Etch,improved_edge_ring,已完成 ESC 调校，边缘失效显著收敛,维持每周 ESC drift monitor,18,17,2.0,1.0,PASS,pass
LOT-B,改善后,W07,28nm MCU,ETCH-07,A,Plasma Etch,improved_edge_ring,已完成 ESC 调校，边缘失效显著收敛,维持每周 ESC drift monitor,19,17,3.0,1.0,PASS,pass
LOT-B,改善后,W07,28nm MCU,ETCH-07,A,Plasma Etch,improved_edge_ring,已完成 ESC 调校，边缘失效显著收敛,维持每周 ESC drift monitor,20,17,4.0,1.0,PASS,pass
LOT-B,改善后,W07,28nm MCU,ETCH-07,A,Plasma Etch,improved_edge_ring,已完成 ESC 调校，边缘失效显著收敛,维持每周 ESC drift monitor,21,17,5.0,1.0,PASS,pass
LOT-B,改善后,W07,28nm MCU,ETCH-07,A,Plasma Etch,improved_edge_ring,已完成 ESC 调校，边缘失效显著收敛,维持每周 ESC drift monitor,22,17,6.0,1.0,PASS,pass
LOT-B,改善后,W07,28nm MCU,ETCH-07,A,Plasma Etch,improved_edge_ring,已完成 ESC 调校，边缘失效显著收敛,维持每周 ESC drift monitor,23,17,7.0,1.0,PASS,pass
LOT-B,改善后,W07,28nm MCU,ETCH-07,A,Plasma Etch,improved_edge_ring,已完成 ESC 调校，边缘失效显著收敛,维持每周 ESC drift monitor,24,17,8.0,1.0,PASS,pass
LOT-B,改善后,W07,28nm MCU,ETCH-07,A,Plasma Etch,improved_edge_ring,已完成 ESC 调校，边缘失效显著收敛,维持每周 ESC drift monitor,25,17,9.0,1.0,PASS,pass
LOT-B,改善后,W07,28nm MCU,ETCH-07,A,Plasma Etch,improved_edge_ring,已完成 ESC 调校，边缘失效显著收敛,维持每周 ESC drift monitor,26,17,10.0,1.0,PASS,pass
LOT-B,改善后,W07,28nm MCU,ETCH-07,A,Plasma Etch,improved_edge_ring,已完成 ESC 调校，边缘失效显著收敛,维持每周 ESC drift monitor,27,17,11.0,1.0,PASS,pass
LOT-B,改善后,W07,28nm MCU,ETCH-07,A,Plasma Etch,improved_edge_ring,已完成 ESC 调校，边缘失效显著收敛,维持每周 ESC drift monitor,28,17,12.0,1.0,PASS,pass
LOT-B,改善后,W07,28nm MCU,ETCH-07,A,Plasma Etch,improved_edge_ring,已完成 ESC 调校，边缘失效显著收敛,维持每周 ESC drift monitor,29,17,13.0,1.0,FAIL,edge_ring
LOT-B,改善后,W07,28nm MCU,ETCH-07,A,Plasma Etch,improved_edge_ring,已完成 ESC 调校，边缘失效显著收敛,维持每周 ESC drift monitor,30,17,14.0,1.0,FAIL,edge_ring
LOT-B,改善后,W07,28nm MCU,ETCH-07,A,Plasma Etch,improved_edge_ring,已完成 ESC 调校，边缘失效显著收敛,维持每周 ESC drift monitor,2,18,-14.0,2.0,PASS,pass
LOT-B,改善后,W07,28nm MCU,ETCH-07,A,Plasma Etch,improved_edge_ring,已完成 ESC 调校，边缘失效显著收敛,维持每周 ESC drift monitor,3,18,-13.0,2.0,PASS,pass
LOT-B,改善后,W07,28nm MCU,ETCH-07,A,Plasma Etch,improved_edge_ring,已完成 ESC 调校，边缘失效显著收敛,维持每周 ESC drift monitor,4,18,-12.0,2.0,PASS,pass
LOT-B,改善后,W07,28nm MCU,ETCH-07,A,Plasma Etch,improved_edge_ring,已完成 ESC 调校，边缘失效显著收敛,维持每周 ESC drift monitor,5,18,-11.0,2.0,PASS,pass
LOT-B,改善后,W07,28nm MCU,ETCH-07,A,Plasma Etch,improved_edge_ring,已完成 ESC 调校，边缘失效显著收敛,维持每周 ESC drift monitor,6,18,-10.0,2.0,PASS,pass
LOT-B,改善后,W07,28nm MCU,ETCH-07,A,Plasma Etch,improved_edge_ring,已完成 ESC 调校，边缘失效显著收敛,维持每周 ESC drift monitor,7,18,-9.0,2.0,PASS,pass
LOT-B,改善后,W07,28nm MCU,ETCH-07,A,Plasma Etch,improved_edge_ring,已完成 ESC 调校，边缘失效显著收敛,维持每周 ESC drift monitor,8,18,-8.0,2.0,PASS,pass
LOT-B,改善后,W07,28nm MCU,ETCH-07,A,Plasma Etch,improved_edge_ring,已完成 ESC 调校，边缘失效显著收敛,维持每周 ESC drift monitor,9,18,-7.0,2.0,PASS,pass
LOT-B,改善后,W07,28nm MCU,ETCH-07,A,Plasma Etch,improved_edge_ring,已完成 ESC 调校，边缘失效显著收敛,维持每周 ESC drift monitor,10,18,-6.0,2.0,PASS,pass
LOT-B,改善后,W07,28nm MCU,ETCH-07,A,Plasma Etch,improved_edge_ring,已完成 ESC 调校，边缘失效显著收敛,维持每周 ESC drift monitor,11,18,-5.0,2.0,PASS,pass
LOT-B,改善后,W07,28nm MCU,ETCH-07,A,Plasma Etch,improved_edge_ring,已完成 ESC 调校，边缘失效显著收敛,维持每周 ESC drift monitor,12,18,-4.0,2.0,PASS,pass
LOT-B,改善后,W07,28nm MCU,ETCH-07,A,Plasma Etch,improved_edge_ring,已完成 ESC 调校，边缘失效显著收敛,维持每周 ESC drift monitor,13,18,-3.0,2.0,PASS,pass
LOT-B,改善后,W07,28nm MCU,ETCH-07,A,Plasma Etch,improved_edge_ring,已完成 ESC 调校，边缘失效显著收敛,维持每周 ESC drift monitor,14,18,-2.0,2.0,PASS,pass
LOT-B,改善后,W07,28nm MCU,ETCH-07,A,Plasma Etch,improved_edge_ring,已完成 ESC 调校，边缘失效显著收敛,维持每周 ESC drift monitor,15,18,-1.0,2.0,PASS,pass
LOT-B,改善后,W07,28nm MCU,ETCH-07,A,Plasma Etch,improved_edge_ring,已完成 ESC 调校，边缘失效显著收敛,维持每周 ESC drift monitor,16,18,0.0,2.0,PASS,pass
LOT-B,改善后,W07,28nm MCU,ETCH-07,A,Plasma Etch,improved_edge_ring,已完成 ESC 调校，边缘失效显著收敛,维持每周 ESC drift monitor,17,18,1.0,2.0,PASS,pass
LOT-B,改善后,W07,28nm MCU,ETCH-07,A,Plasma Etch,improved_edge_ring,已完成 ESC 调校，边缘失效显著收敛,维持每周 ESC drift monitor,18,18,2.0,2.0,PASS,pass
LOT-B,改善后,W07,28nm MCU,ETCH-07,A,Plasma Etch,improved_edge_ring,已完成 ESC 调校，边缘失效显著收敛,维持每周 ESC drift monitor,19,18,3.0,2.0,PASS,pass
LOT-B,改善后,W07,28nm MCU,ETCH-07,A,Plasma Etch,improved_edge_ring,已完成 ESC 调校，边缘失效显著收敛,维持每周 ESC drift monitor,20,18,4.0,2.0,PASS,pass
LOT-B,改善后,W07,28nm MCU,ETCH-07,A,Plasma Etch,improved_edge_ring,已完成 ESC 调校，边缘失效显著收敛,维持每周 ESC drift monitor,21,18,5.0,2.0,PASS,pass
LOT-B,改善后,W07,28nm MCU,ETCH-07,A,Plasma Etch,improved_edge_ring,已完成 ESC 调校，边缘失效显著收敛,维持每周 ESC drift monitor,22,18,6.0,2.0,PASS,pass
LOT-B,改善后,W07,28nm MCU,ETCH-07,A,Plasma Etch,improved_edge_ring,已完成 ESC 调校，边缘失效显著收敛,维持每周 ESC drift monitor,23,18,7.0,2.0,PASS,pass
LOT-B,改善后,W07,28nm MCU,ETCH-07,A,Plasma Etch,improved_edge_ring,已完成 ESC 调校，边缘失效显著收敛,维持每周 ESC drift monitor,24,18,8.0,2.0,PASS,pass
LOT-B,改善后,W07,28nm MCU,ETCH-07,A,Plasma Etch,improved_edge_ring,已完成 ESC 调校，边缘失效显著收敛,维持每周 ESC drift monitor,25,18,9.0,2.0,FAIL,random
LOT-B,改善后,W07,28nm MCU,ETCH-07,A,Plasma Etch,improved_edge_ring,已完成 ESC 调校，边缘失效显著收敛,维持每周 ESC drift monitor,26,18,10.0,2.0,PASS,pass
LOT-B,改善后,W07,28nm MCU,ETCH-07,A,Plasma Etch,improved_edge_ring,已完成 ESC 调校，边缘失效显著收敛,维持每周 ESC drift monitor,27,18,11.0,2.0,PASS,pass
LOT-B,改善后,W07,28nm MCU,ETCH-07,A,Plasma Etch,improved_edge_ring,已完成 ESC 调校，边缘失效显著收敛,维持每周 ESC drift monitor,28,18,12.0,2.0,PASS,pass
LOT-B,改善后,W07,28nm MCU,ETCH-07,A,Plasma Etch,improved_edge_ring,已完成 ESC 调校，边缘失效显著收敛,维持每周 ESC drift monitor,29,18,13.0,2.0,FAIL,edge_ring
LOT-B,改善后,W07,28nm MCU,ETCH-07,A,Plasma Etch,improved_edge_ring,已完成 ESC 调校，边缘失效显著收敛,维持每周 ESC drift monitor,30,18,14.0,2.0,PASS,pass
LOT-B,改善后,W07,28nm MCU,ETCH-07,A,Plasma Etch,improved_edge_ring,已完成 ESC 调校，边缘失效显著收敛,维持每周 ESC drift monitor,2,19,-14.0,3.0,PASS,pass
LOT-B,改善后,W07,28nm MCU,ETCH-07,A,Plasma Etch,improved_edge_ring,已完成 ESC 调校，边缘失效显著收敛,维持每周 ESC drift monitor,3,19,-13.0,3.0,PASS,pass
LOT-B,改善后,W07,28nm MCU,ETCH-07,A,Plasma Etch,improved_edge_ring,已完成 ESC 调校，边缘失效显著收敛,维持每周 ESC drift monitor,4,19,-12.0,3.0,PASS,pass
LOT-B,改善后,W07,28nm MCU,ETCH-07,A,Plasma Etch,improved_edge_ring,已完成 ESC 调校，边缘失效显著收敛,维持每周 ESC drift monitor,5,19,-11.0,3.0,PASS,pass
LOT-B,改善后,W07,28nm MCU,ETCH-07,A,Plasma Etch,improved_edge_ring,已完成 ESC 调校，边缘失效显著收敛,维持每周 ESC drift monitor,6,19,-10.0,3.0,PASS,pass
LOT-B,改善后,W07,28nm MCU,ETCH-07,A,Plasma Etch,improved_edge_ring,已完成 ESC 调校，边缘失效显著收敛,维持每周 ESC drift monitor,7,19,-9.0,3.0,PASS,pass
LOT-B,改善后,W07,28nm MCU,ETCH-07,A,Plasma Etch,improved_edge_ring,已完成 ESC 调校，边缘失效显著收敛,维持每周 ESC drift monitor,8,19,-8.0,3.0,PASS,pass
LOT-B,改善后,W07,28nm MCU,ETCH-07,A,Plasma Etch,improved_edge_ring,已完成 ESC 调校，边缘失效显著收敛,维持每周 ESC drift monitor,9,19,-7.0,3.0,PASS,pass
LOT-B,改善后,W07,28nm MCU,ETCH-07,A,Plasma Etch,improved_edge_ring,已完成 ESC 调校，边缘失效显著收敛,维持每周 ESC drift monitor,10,19,-6.0,3.0,PASS,pass
LOT-B,改善后,W07,28nm MCU,ETCH-07,A,Plasma Etch,improved_edge_ring,已完成 ESC 调校，边缘失效显著收敛,维持每周 ESC drift monitor,11,19,-5.0,3.0,PASS,pass
LOT-B,改善后,W07,28nm MCU,ETCH-07,A,Plasma Etch,improved_edge_ring,已完成 ESC 调校，边缘失效显著收敛,维持每周 ESC drift monitor,12,19,-4.0,3.0,PASS,pass
LOT-B,改善后,W07,28nm MCU,ETCH-07,A,Plasma Etch,improved_edge_ring,已完成 ESC 调校，边缘失效显著收敛,维持每周 ESC drift monitor,13,19,-3.0,3.0,PASS,pass
LOT-B,改善后,W07,28nm MCU,ETCH-07,A,Plasma Etch,improved_edge_ring,已完成 ESC 调校，边缘失效显著收敛,维持每周 ESC drift monitor,14,19,-2.0,3.0,PASS,pass
LOT-B,改善后,W07,28nm MCU,ETCH-07,A,Plasma Etch,improved_edge_ring,已完成 ESC 调校，边缘失效显著收敛,维持每周 ESC drift monitor,15,19,-1.0,3.0,PASS,pass
LOT-B,改善后,W07,28nm MCU,ETCH-07,A,Plasma Etch,improved_edge_ring,已完成 ESC 调校，边缘失效显著收敛,维持每周 ESC drift monitor,16,19,0.0,3.0,PASS,pass
LOT-B,改善后,W07,28nm MCU,ETCH-07,A,Plasma Etch,improved_edge_ring,已完成 ESC 调校，边缘失效显著收敛,维持每周 ESC drift monitor,17,19,1.0,3.0,PASS,pass
LOT-B,改善后,W07,28nm MCU,ETCH-07,A,Plasma Etch,improved_edge_ring,已完成 ESC 调校，边缘失效显著收敛,维持每周 ESC drift monitor,18,19,2.0,3.0,PASS,pass
LOT-B,改善后,W07,28nm MCU,ETCH-07,A,Plasma Etch,improved_edge_ring,已完成 ESC 调校，边缘失效显著收敛,维持每周 ESC drift monitor,19,19,3.0,3.0,PASS,pass
LOT-B,改善后,W07,28nm MCU,ETCH-07,A,Plasma Etch,improved_edge_ring,已完成 ESC 调校，边缘失效显著收敛,维持每周 ESC drift monitor,20,19,4.0,3.0,PASS,pass
LOT-B,改善后,W07,28nm MCU,ETCH-07,A,Plasma Etch,improved_edge_ring,已完成 ESC 调校，边缘失效显著收敛,维持每周 ESC drift monitor,21,19,5.0,3.0,PASS,pass
LOT-B,改善后,W07,28nm MCU,ETCH-07,A,Plasma Etch,improved_edge_ring,已完成 ESC 调校，边缘失效显著收敛,维持每周 ESC drift monitor,22,19,6.0,3.0,PASS,pass
LOT-B,改善后,W07,28nm MCU,ETCH-07,A,Plasma Etch,improved_edge_ring,已完成 ESC 调校，边缘失效显著收敛,维持每周 ESC drift monitor,23,19,7.0,3.0,PASS,pass
LOT-B,改善后,W07,28nm MCU,ETCH-07,A,Plasma Etch,improved_edge_ring,已完成 ESC 调校，边缘失效显著收敛,维持每周 ESC drift monitor,24,19,8.0,3.0,PASS,pass
LOT-B,改善后,W07,28nm MCU,ETCH-07,A,Plasma Etch,improved_edge_ring,已完成 ESC 调校，边缘失效显著收敛,维持每周 ESC drift monitor,25,19,9.0,3.0,PASS,pass
LOT-B,改善后,W07,28nm MCU,ETCH-07,A,Plasma Etch,improved_edge_ring,已完成 ESC 调校，边缘失效显著收敛,维持每周 ESC drift monitor,26,19,10.0,3.0,PASS,pass
LOT-B,改善后,W07,28nm MCU,ETCH-07,A,Plasma Etch,improved_edge_ring,已完成 ESC 调校，边缘失效显著收敛,维持每周 ESC drift monitor,27,19,11.0,3.0,PASS,pass
LOT-B,改善后,W07,28nm MCU,ETCH-07,A,Plasma Etch,improved_edge_ring,已完成 ESC 调校，边缘失效显著收敛,维持每周 ESC drift monitor,28,19,12.0,3.0,PASS,pass
LOT-B,改善后,W07,28nm MCU,ETCH-07,A,Plasma Etch,improved_edge_ring,已完成 ESC 调校，边缘失效显著收敛,维持每周 ESC drift monitor,29,19,13.0,3.0,PASS,pass
LOT-B,改善后,W07,28nm MCU,ETCH-07,A,Plasma Etch,improved_edge_ring,已完成 ESC 调校，边缘失效显著收敛,维持每周 ESC drift monitor,30,19,14.0,3.0,PASS,pass
LOT-B,改善后,W07,28nm MCU,ETCH-07,A,Plasma Etch,improved_edge_ring,已完成 ESC 调校，边缘失效显著收敛,维持每周 ESC drift monitor,2,20,-14.0,4.0,PASS,pass
LOT-B,改善后,W07,28nm MCU,ETCH-07,A,Plasma Etch,improved_edge_ring,已完成 ESC 调校，边缘失效显著收敛,维持每周 ESC drift monitor,3,20,-13.0,4.0,FAIL,edge_ring
LOT-B,改善后,W07,28nm MCU,ETCH-07,A,Plasma Etch,improved_edge_ring,已完成 ESC 调校，边缘失效显著收敛,维持每周 ESC drift monitor,4,20,-12.0,4.0,PASS,pass
LOT-B,改善后,W07,28nm MCU,ETCH-07,A,Plasma Etch,improved_edge_ring,已完成 ESC 调校，边缘失效显著收敛,维持每周 ESC drift monitor,5,20,-11.0,4.0,PASS,pass
LOT-B,改善后,W07,28nm MCU,ETCH-07,A,Plasma Etch,improved_edge_ring,已完成 ESC 调校，边缘失效显著收敛,维持每周 ESC drift monitor,6,20,-10.0,4.0,PASS,pass
LOT-B,改善后,W07,28nm MCU,ETCH-07,A,Plasma Etch,improved_edge_ring,已完成 ESC 调校，边缘失效显著收敛,维持每周 ESC drift monitor,7,20,-9.0,4.0,PASS,pass
LOT-B,改善后,W07,28nm MCU,ETCH-07,A,Plasma Etch,improved_edge_ring,已完成 ESC 调校，边缘失效显著收敛,维持每周 ESC drift monitor,8,20,-8.0,4.0,PASS,pass
LOT-B,改善后,W07,28nm MCU,ETCH-07,A,Plasma Etch,improved_edge_ring,已完成 ESC 调校，边缘失效显著收敛,维持每周 ESC drift monitor,9,20,-7.0,4.0,PASS,pass
LOT-B,改善后,W07,28nm MCU,ETCH-07,A,Plasma Etch,improved_edge_ring,已完成 ESC 调校，边缘失效显著收敛,维持每周 ESC drift monitor,10,20,-6.0,4.0,PASS,pass
LOT-B,改善后,W07,28nm MCU,ETCH-07,A,Plasma Etch,improved_edge_ring,已完成 ESC 调校，边缘失效显著收敛,维持每周 ESC drift monitor,11,20,-5.0,4.0,PASS,pass
LOT-B,改善后,W07,28nm MCU,ETCH-07,A,Plasma Etch,improved_edge_ring,已完成 ESC 调校，边缘失效显著收敛,维持每周 ESC drift monitor,12,20,-4.0,4.0,PASS,pass
LOT-B,改善后,W07,28nm MCU,ETCH-07,A,Plasma Etch,improved_edge_ring,已完成 ESC 调校，边缘失效显著收敛,维持每周 ESC drift monitor,13,20,-3.0,4.0,PASS,pass
LOT-B,改善后,W07,28nm MCU,ETCH-07,A,Plasma Etch,improved_edge_ring,已完成 ESC 调校，边缘失效显著收敛,维持每周 ESC drift monitor,14,20,-2.0,4.0,PASS,pass
LOT-B,改善后,W07,28nm MCU,ETCH-07,A,Plasma Etch,improved_edge_ring,已完成 ESC 调校，边缘失效显著收敛,维持每周 ESC drift monitor,15,20,-1.0,4.0,PASS,pass
LOT-B,改善后,W07,28nm MCU,ETCH-07,A,Plasma Etch,improved_edge_ring,已完成 ESC 调校，边缘失效显著收敛,维持每周 ESC drift monitor,16,20,0.0,4.0,PASS,pass
LOT-B,改善后,W07,28nm MCU,ETCH-07,A,Plasma Etch,improved_edge_ring,已完成 ESC 调校，边缘失效显著收敛,维持每周 ESC drift monitor,17,20,1.0,4.0,PASS,pass
LOT-B,改善后,W07,28nm MCU,ETCH-07,A,Plasma Etch,improved_edge_ring,已完成 ESC 调校，边缘失效显著收敛,维持每周 ESC drift monitor,18,20,2.0,4.0,PASS,pass
LOT-B,改善后,W07,28nm MCU,ETCH-07,A,Plasma Etch,improved_edge_ring,已完成 ESC 调校，边缘失效显著收敛,维持每周 ESC drift monitor,19,20,3.0,4.0,PASS,pass
LOT-B,改善后,W07,28nm MCU,ETCH-07,A,Plasma Etch,improved_edge_ring,已完成 ESC 调校，边缘失效显著收敛,维持每周 ESC drift monitor,20,20,4.0,4.0,PASS,pass
LOT-B,改善后,W07,28nm MCU,ETCH-07,A,Plasma Etch,improved_edge_ring,已完成 ESC 调校，边缘失效显著收敛,维持每周 ESC drift monitor,21,20,5.0,4.0,PASS,pass
LOT-B,改善后,W07,28nm MCU,ETCH-07,A,Plasma Etch,improved_edge_ring,已完成 ESC 调校，边缘失效显著收敛,维持每周 ESC drift monitor,22,20,6.0,4.0,PASS,pass
LOT-B,改善后,W07,28nm MCU,ETCH-07,A,Plasma Etch,improved_edge_ring,已完成 ESC 调校，边缘失效显著收敛,维持每周 ESC drift monitor,23,20,7.0,4.0,PASS,pass
LOT-B,改善后,W07,28nm MCU,ETCH-07,A,Plasma Etch,improved_edge_ring,已完成 ESC 调校，边缘失效显著收敛,维持每周 ESC drift monitor,24,20,8.0,4.0,PASS,pass
LOT-B,改善后,W07,28nm MCU,ETCH-07,A,Plasma Etch,improved_edge_ring,已完成 ESC 调校，边缘失效显著收敛,维持每周 ESC drift monitor,25,20,9.0,4.0,PASS,pass
LOT-B,改善后,W07,28nm MCU,ETCH-07,A,Plasma Etch,improved_edge_ring,已完成 ESC 调校，边缘失效显著收敛,维持每周 ESC drift monitor,26,20,10.0,4.0,PASS,pass
LOT-B,改善后,W07,28nm MCU,ETCH-07,A,Plasma Etch,improved_edge_ring,已完成 ESC 调校，边缘失效显著收敛,维持每周 ESC drift monitor,27,20,11.0,4.0,PASS,pass
LOT-B,改善后,W07,28nm MCU,ETCH-07,A,Plasma Etch,improved_edge_ring,已完成 ESC 调校，边缘失效显著收敛,维持每周 ESC drift monitor,28,20,12.0,4.0,PASS,pass
LOT-B,改善后,W07,28nm MCU,ETCH-07,A,Plasma Etch,improved_edge_ring,已完成 ESC 调校，边缘失效显著收敛,维持每周 ESC drift monitor,29,20,13.0,4.0,PASS,pass
LOT-B,改善后,W07,28nm MCU,ETCH-07,A,Plasma Etch,improved_edge_ring,已完成 ESC 调校，边缘失效显著收敛,维持每周 ESC drift monitor,30,20,14.0,4.0,PASS,pass
LOT-B,改善后,W07,28nm MCU,ETCH-07,A,Plasma Etch,improved_edge_ring,已完成 ESC 调校，边缘失效显著收敛,维持每周 ESC drift monitor,3,21,-13.0,5.0,FAIL,edge_ring
LOT-B,改善后,W07,28nm MCU,ETCH-07,A,Plasma Etch,improved_edge_ring,已完成 ESC 调校，边缘失效显著收敛,维持每周 ESC drift monitor,4,21,-12.0,5.0,PASS,pass
LOT-B,改善后,W07,28nm MCU,ETCH-07,A,Plasma Etch,improved_edge_ring,已完成 ESC 调校，边缘失效显著收敛,维持每周 ESC drift monitor,5,21,-11.0,5.0,PASS,pass
LOT-B,改善后,W07,28nm MCU,ETCH-07,A,Plasma Etch,improved_edge_ring,已完成 ESC 调校，边缘失效显著收敛,维持每周 ESC drift monitor,6,21,-10.0,5.0,PASS,pass
LOT-B,改善后,W07,28nm MCU,ETCH-07,A,Plasma Etch,improved_edge_ring,已完成 ESC 调校，边缘失效显著收敛,维持每周 ESC drift monitor,7,21,-9.0,5.0,PASS,pass
LOT-B,改善后,W07,28nm MCU,ETCH-07,A,Plasma Etch,improved_edge_ring,已完成 ESC 调校，边缘失效显著收敛,维持每周 ESC drift monitor,8,21,-8.0,5.0,PASS,pass
LOT-B,改善后,W07,28nm MCU,ETCH-07,A,Plasma Etch,improved_edge_ring,已完成 ESC 调校，边缘失效显著收敛,维持每周 ESC drift monitor,9,21,-7.0,5.0,PASS,pass
LOT-B,改善后,W07,28nm MCU,ETCH-07,A,Plasma Etch,improved_edge_ring,已完成 ESC 调校，边缘失效显著收敛,维持每周 ESC drift monitor,10,21,-6.0,5.0,PASS,pass
LOT-B,改善后,W07,28nm MCU,ETCH-07,A,Plasma Etch,improved_edge_ring,已完成 ESC 调校，边缘失效显著收敛,维持每周 ESC drift monitor,11,21,-5.0,5.0,PASS,pass
LOT-B,改善后,W07,28nm MCU,ETCH-07,A,Plasma Etch,improved_edge_ring,已完成 ESC 调校，边缘失效显著收敛,维持每周 ESC drift monitor,12,21,-4.0,5.0,PASS,pass
LOT-B,改善后,W07,28nm MCU,ETCH-07,A,Plasma Etch,improved_edge_ring,已完成 ESC 调校，边缘失效显著收敛,维持每周 ESC drift monitor,13,21,-3.0,5.0,PASS,pass
LOT-B,改善后,W07,28nm MCU,ETCH-07,A,Plasma Etch,improved_edge_ring,已完成 ESC 调校，边缘失效显著收敛,维持每周 ESC drift monitor,14,21,-2.0,5.0,PASS,pass
LOT-B,改善后,W07,28nm MCU,ETCH-07,A,Plasma Etch,improved_edge_ring,已完成 ESC 调校，边缘失效显著收敛,维持每周 ESC drift monitor,15,21,-1.0,5.0,PASS,pass
LOT-B,改善后,W07,28nm MCU,ETCH-07,A,Plasma Etch,improved_edge_ring,已完成 ESC 调校，边缘失效显著收敛,维持每周 ESC drift monitor,16,21,0.0,5.0,PASS,pass
LOT-B,改善后,W07,28nm MCU,ETCH-07,A,Plasma Etch,improved_edge_ring,已完成 ESC 调校，边缘失效显著收敛,维持每周 ESC drift monitor,17,21,1.0,5.0,PASS,pass
LOT-B,改善后,W07,28nm MCU,ETCH-07,A,Plasma Etch,improved_edge_ring,已完成 ESC 调校，边缘失效显著收敛,维持每周 ESC drift monitor,18,21,2.0,5.0,PASS,pass
LOT-B,改善后,W07,28nm MCU,ETCH-07,A,Plasma Etch,improved_edge_ring,已完成 ESC 调校，边缘失效显著收敛,维持每周 ESC drift monitor,19,21,3.0,5.0,PASS,pass
LOT-B,改善后,W07,28nm MCU,ETCH-07,A,Plasma Etch,improved_edge_ring,已完成 ESC 调校，边缘失效显著收敛,维持每周 ESC drift monitor,20,21,4.0,5.0,PASS,pass
LOT-B,改善后,W07,28nm MCU,ETCH-07,A,Plasma Etch,improved_edge_ring,已完成 ESC 调校，边缘失效显著收敛,维持每周 ESC drift monitor,21,21,5.0,5.0,PASS,pass
LOT-B,改善后,W07,28nm MCU,ETCH-07,A,Plasma Etch,improved_edge_ring,已完成 ESC 调校，边缘失效显著收敛,维持每周 ESC drift monitor,22,21,6.0,5.0,PASS,pass
LOT-B,改善后,W07,28nm MCU,ETCH-07,A,Plasma Etch,improved_edge_ring,已完成 ESC 调校，边缘失效显著收敛,维持每周 ESC drift monitor,23,21,7.0,5.0,PASS,pass
LOT-B,改善后,W07,28nm MCU,ETCH-07,A,Plasma Etch,improved_edge_ring,已完成 ESC 调校，边缘失效显著收敛,维持每周 ESC drift monitor,24,21,8.0,5.0,PASS,pass
LOT-B,改善后,W07,28nm MCU,ETCH-07,A,Plasma Etch,improved_edge_ring,已完成 ESC 调校，边缘失效显著收敛,维持每周 ESC drift monitor,25,21,9.0,5.0,PASS,pass
LOT-B,改善后,W07,28nm MCU,ETCH-07,A,Plasma Etch,improved_edge_ring,已完成 ESC 调校，边缘失效显著收敛,维持每周 ESC drift monitor,26,21,10.0,5.0,PASS,pass
LOT-B,改善后,W07,28nm MCU,ETCH-07,A,Plasma Etch,improved_edge_ring,已完成 ESC 调校，边缘失效显著收敛,维持每周 ESC drift monitor,27,21,11.0,5.0,PASS,pass
LOT-B,改善后,W07,28nm MCU,ETCH-07,A,Plasma Etch,improved_edge_ring,已完成 ESC 调校，边缘失效显著收敛,维持每周 ESC drift monitor,28,21,12.0,5.0,PASS,pass
LOT-B,改善后,W07,28nm MCU,ETCH-07,A,Plasma Etch,improved_edge_ring,已完成 ESC 调校，边缘失效显著收敛,维持每周 ESC drift monitor,29,21,13.0,5.0,FAIL,edge_ring
LOT-B,改善后,W07,28nm MCU,ETCH-07,A,Plasma Etch,improved_edge_ring,已完成 ESC 调校，边缘失效显著收敛,维持每周 ESC drift monitor,3,22,-13.0,6.0,PASS,pass
LOT-B,改善后,W07,28nm MCU,ETCH-07,A,Plasma Etch,improved_edge_ring,已完成 ESC 调校，边缘失效显著收敛,维持每周 ESC drift monitor,4,22,-12.0,6.0,PASS,pass
LOT-B,改善后,W07,28nm MCU,ETCH-07,A,Plasma Etch,improved_edge_ring,已完成 ESC 调校，边缘失效显著收敛,维持每周 ESC drift monitor,5,22,-11.0,6.0,PASS,pass
LOT-B,改善后,W07,28nm MCU,ETCH-07,A,Plasma Etch,improved_edge_ring,已完成 ESC 调校，边缘失效显著收敛,维持每周 ESC drift monitor,6,22,-10.0,6.0,PASS,pass
LOT-B,改善后,W07,28nm MCU,ETCH-07,A,Plasma Etch,improved_edge_ring,已完成 ESC 调校，边缘失效显著收敛,维持每周 ESC drift monitor,7,22,-9.0,6.0,PASS,pass
LOT-B,改善后,W07,28nm MCU,ETCH-07,A,Plasma Etch,improved_edge_ring,已完成 ESC 调校，边缘失效显著收敛,维持每周 ESC drift monitor,8,22,-8.0,6.0,PASS,pass
LOT-B,改善后,W07,28nm MCU,ETCH-07,A,Plasma Etch,improved_edge_ring,已完成 ESC 调校，边缘失效显著收敛,维持每周 ESC drift monitor,9,22,-7.0,6.0,PASS,pass
LOT-B,改善后,W07,28nm MCU,ETCH-07,A,Plasma Etch,improved_edge_ring,已完成 ESC 调校，边缘失效显著收敛,维持每周 ESC drift monitor,10,22,-6.0,6.0,PASS,pass
LOT-B,改善后,W07,28nm MCU,ETCH-07,A,Plasma Etch,improved_edge_ring,已完成 ESC 调校，边缘失效显著收敛,维持每周 ESC drift monitor,11,22,-5.0,6.0,PASS,pass
LOT-B,改善后,W07,28nm MCU,ETCH-07,A,Plasma Etch,improved_edge_ring,已完成 ESC 调校，边缘失效显著收敛,维持每周 ESC drift monitor,12,22,-4.0,6.0,PASS,pass
LOT-B,改善后,W07,28nm MCU,ETCH-07,A,Plasma Etch,improved_edge_ring,已完成 ESC 调校，边缘失效显著收敛,维持每周 ESC drift monitor,13,22,-3.0,6.0,PASS,pass
LOT-B,改善后,W07,28nm MCU,ETCH-07,A,Plasma Etch,improved_edge_ring,已完成 ESC 调校，边缘失效显著收敛,维持每周 ESC drift monitor,14,22,-2.0,6.0,PASS,pass
LOT-B,改善后,W07,28nm MCU,ETCH-07,A,Plasma Etch,improved_edge_ring,已完成 ESC 调校，边缘失效显著收敛,维持每周 ESC drift monitor,15,22,-1.0,6.0,PASS,pass
LOT-B,改善后,W07,28nm MCU,ETCH-07,A,Plasma Etch,improved_edge_ring,已完成 ESC 调校，边缘失效显著收敛,维持每周 ESC drift monitor,16,22,0.0,6.0,PASS,pass
LOT-B,改善后,W07,28nm MCU,ETCH-07,A,Plasma Etch,improved_edge_ring,已完成 ESC 调校，边缘失效显著收敛,维持每周 ESC drift monitor,17,22,1.0,6.0,PASS,pass
LOT-B,改善后,W07,28nm MCU,ETCH-07,A,Plasma Etch,improved_edge_ring,已完成 ESC 调校，边缘失效显著收敛,维持每周 ESC drift monitor,18,22,2.0,6.0,PASS,pass
LOT-B,改善后,W07,28nm MCU,ETCH-07,A,Plasma Etch,improved_edge_ring,已完成 ESC 调校，边缘失效显著收敛,维持每周 ESC drift monitor,19,22,3.0,6.0,PASS,pass
LOT-B,改善后,W07,28nm MCU,ETCH-07,A,Plasma Etch,improved_edge_ring,已完成 ESC 调校，边缘失效显著收敛,维持每周 ESC drift monitor,20,22,4.0,6.0,PASS,pass
LOT-B,改善后,W07,28nm MCU,ETCH-07,A,Plasma Etch,improved_edge_ring,已完成 ESC 调校，边缘失效显著收敛,维持每周 ESC drift monitor,21,22,5.0,6.0,PASS,pass
LOT-B,改善后,W07,28nm MCU,ETCH-07,A,Plasma Etch,improved_edge_ring,已完成 ESC 调校，边缘失效显著收敛,维持每周 ESC drift monitor,22,22,6.0,6.0,PASS,pass
LOT-B,改善后,W07,28nm MCU,ETCH-07,A,Plasma Etch,improved_edge_ring,已完成 ESC 调校，边缘失效显著收敛,维持每周 ESC drift monitor,23,22,7.0,6.0,PASS,pass
LOT-B,改善后,W07,28nm MCU,ETCH-07,A,Plasma Etch,improved_edge_ring,已完成 ESC 调校，边缘失效显著收敛,维持每周 ESC drift monitor,24,22,8.0,6.0,PASS,pass
LOT-B,改善后,W07,28nm MCU,ETCH-07,A,Plasma Etch,improved_edge_ring,已完成 ESC 调校，边缘失效显著收敛,维持每周 ESC drift monitor,25,22,9.0,6.0,PASS,pass
LOT-B,改善后,W07,28nm MCU,ETCH-07,A,Plasma Etch,improved_edge_ring,已完成 ESC 调校，边缘失效显著收敛,维持每周 ESC drift monitor,26,22,10.0,6.0,PASS,pass
LOT-B,改善后,W07,28nm MCU,ETCH-07,A,Plasma Etch,improved_edge_ring,已完成 ESC 调校，边缘失效显著收敛,维持每周 ESC drift monitor,27,22,11.0,6.0,PASS,pass
LOT-B,改善后,W07,28nm MCU,ETCH-07,A,Plasma Etch,improved_edge_ring,已完成 ESC 调校，边缘失效显著收敛,维持每周 ESC drift monitor,28,22,12.0,6.0,PASS,pass
LOT-B,改善后,W07,28nm MCU,ETCH-07,A,Plasma Etch,improved_edge_ring,已完成 ESC 调校，边缘失效显著收敛,维持每周 ESC drift monitor,29,22,13.0,6.0,PASS,pass
LOT-B,改善后,W07,28nm MCU,ETCH-07,A,Plasma Etch,improved_edge_ring,已完成 ESC 调校，边缘失效显著收敛,维持每周 ESC drift monitor,3,23,-13.0,7.0,PASS,pass
LOT-B,改善后,W07,28nm MCU,ETCH-07,A,Plasma Etch,improved_edge_ring,已完成 ESC 调校，边缘失效显著收敛,维持每周 ESC drift monitor,4,23,-12.0,7.0,PASS,pass
LOT-B,改善后,W07,28nm MCU,ETCH-07,A,Plasma Etch,improved_edge_ring,已完成 ESC 调校，边缘失效显著收敛,维持每周 ESC drift monitor,5,23,-11.0,7.0,FAIL,edge_ring
LOT-B,改善后,W07,28nm MCU,ETCH-07,A,Plasma Etch,improved_edge_ring,已完成 ESC 调校，边缘失效显著收敛,维持每周 ESC drift monitor,6,23,-10.0,7.0,PASS,pass
LOT-B,改善后,W07,28nm MCU,ETCH-07,A,Plasma Etch,improved_edge_ring,已完成 ESC 调校，边缘失效显著收敛,维持每周 ESC drift monitor,7,23,-9.0,7.0,PASS,pass
LOT-B,改善后,W07,28nm MCU,ETCH-07,A,Plasma Etch,improved_edge_ring,已完成 ESC 调校，边缘失效显著收敛,维持每周 ESC drift monitor,8,23,-8.0,7.0,PASS,pass
LOT-B,改善后,W07,28nm MCU,ETCH-07,A,Plasma Etch,improved_edge_ring,已完成 ESC 调校，边缘失效显著收敛,维持每周 ESC drift monitor,9,23,-7.0,7.0,PASS,pass
LOT-B,改善后,W07,28nm MCU,ETCH-07,A,Plasma Etch,improved_edge_ring,已完成 ESC 调校，边缘失效显著收敛,维持每周 ESC drift monitor,10,23,-6.0,7.0,PASS,pass
LOT-B,改善后,W07,28nm MCU,ETCH-07,A,Plasma Etch,improved_edge_ring,已完成 ESC 调校，边缘失效显著收敛,维持每周 ESC drift monitor,11,23,-5.0,7.0,PASS,pass
LOT-B,改善后,W07,28nm MCU,ETCH-07,A,Plasma Etch,improved_edge_ring,已完成 ESC 调校，边缘失效显著收敛,维持每周 ESC drift monitor,12,23,-4.0,7.0,PASS,pass
LOT-B,改善后,W07,28nm MCU,ETCH-07,A,Plasma Etch,improved_edge_ring,已完成 ESC 调校，边缘失效显著收敛,维持每周 ESC drift monitor,13,23,-3.0,7.0,PASS,pass
LOT-B,改善后,W07,28nm MCU,ETCH-07,A,Plasma Etch,improved_edge_ring,已完成 ESC 调校，边缘失效显著收敛,维持每周 ESC drift monitor,14,23,-2.0,7.0,PASS,pass
LOT-B,改善后,W07,28nm MCU,ETCH-07,A,Plasma Etch,improved_edge_ring,已完成 ESC 调校，边缘失效显著收敛,维持每周 ESC drift monitor,15,23,-1.0,7.0,PASS,pass
LOT-B,改善后,W07,28nm MCU,ETCH-07,A,Plasma Etch,improved_edge_ring,已完成 ESC 调校，边缘失效显著收敛,维持每周 ESC drift monitor,16,23,0.0,7.0,PASS,pass
LOT-B,改善后,W07,28nm MCU,ETCH-07,A,Plasma Etch,improved_edge_ring,已完成 ESC 调校，边缘失效显著收敛,维持每周 ESC drift monitor,17,23,1.0,7.0,PASS,pass
LOT-B,改善后,W07,28nm MCU,ETCH-07,A,Plasma Etch,improved_edge_ring,已完成 ESC 调校，边缘失效显著收敛,维持每周 ESC drift monitor,18,23,2.0,7.0,PASS,pass
LOT-B,改善后,W07,28nm MCU,ETCH-07,A,Plasma Etch,improved_edge_ring,已完成 ESC 调校，边缘失效显著收敛,维持每周 ESC drift monitor,19,23,3.0,7.0,PASS,pass
LOT-B,改善后,W07,28nm MCU,ETCH-07,A,Plasma Etch,improved_edge_ring,已完成 ESC 调校，边缘失效显著收敛,维持每周 ESC drift monitor,20,23,4.0,7.0,PASS,pass
LOT-B,改善后,W07,28nm MCU,ETCH-07,A,Plasma Etch,improved_edge_ring,已完成 ESC 调校，边缘失效显著收敛,维持每周 ESC drift monitor,21,23,5.0,7.0,PASS,pass
LOT-B,改善后,W07,28nm MCU,ETCH-07,A,Plasma Etch,improved_edge_ring,已完成 ESC 调校，边缘失效显著收敛,维持每周 ESC drift monitor,22,23,6.0,7.0,PASS,pass
LOT-B,改善后,W07,28nm MCU,ETCH-07,A,Plasma Etch,improved_edge_ring,已完成 ESC 调校，边缘失效显著收敛,维持每周 ESC drift monitor,23,23,7.0,7.0,PASS,pass
LOT-B,改善后,W07,28nm MCU,ETCH-07,A,Plasma Etch,improved_edge_ring,已完成 ESC 调校，边缘失效显著收敛,维持每周 ESC drift monitor,24,23,8.0,7.0,PASS,pass
LOT-B,改善后,W07,28nm MCU,ETCH-07,A,Plasma Etch,improved_edge_ring,已完成 ESC 调校，边缘失效显著收敛,维持每周 ESC drift monitor,25,23,9.0,7.0,PASS,pass
LOT-B,改善后,W07,28nm MCU,ETCH-07,A,Plasma Etch,improved_edge_ring,已完成 ESC 调校，边缘失效显著收敛,维持每周 ESC drift monitor,26,23,10.0,7.0,PASS,pass
LOT-B,改善后,W07,28nm MCU,ETCH-07,A,Plasma Etch,improved_edge_ring,已完成 ESC 调校，边缘失效显著收敛,维持每周 ESC drift monitor,27,23,11.0,7.0,PASS,pass
LOT-B,改善后,W07,28nm MCU,ETCH-07,A,Plasma Etch,improved_edge_ring,已完成 ESC 调校，边缘失效显著收敛,维持每周 ESC drift monitor,28,23,12.0,7.0,PASS,pass
LOT-B,改善后,W07,28nm MCU,ETCH-07,A,Plasma Etch,improved_edge_ring,已完成 ESC 调校，边缘失效显著收敛,维持每周 ESC drift monitor,29,23,13.0,7.0,PASS,pass
LOT-B,改善后,W07,28nm MCU,ETCH-07,A,Plasma Etch,improved_edge_ring,已完成 ESC 调校，边缘失效显著收敛,维持每周 ESC drift monitor,4,24,-12.0,8.0,PASS,pass
LOT-B,改善后,W07,28nm MCU,ETCH-07,A,Plasma Etch,improved_edge_ring,已完成 ESC 调校，边缘失效显著收敛,维持每周 ESC drift monitor,5,24,-11.0,8.0,PASS,pass
LOT-B,改善后,W07,28nm MCU,ETCH-07,A,Plasma Etch,improved_edge_ring,已完成 ESC 调校，边缘失效显著收敛,维持每周 ESC drift monitor,6,24,-10.0,8.0,FAIL,edge_ring
LOT-B,改善后,W07,28nm MCU,ETCH-07,A,Plasma Etch,improved_edge_ring,已完成 ESC 调校，边缘失效显著收敛,维持每周 ESC drift monitor,7,24,-9.0,8.0,PASS,pass
LOT-B,改善后,W07,28nm MCU,ETCH-07,A,Plasma Etch,improved_edge_ring,已完成 ESC 调校，边缘失效显著收敛,维持每周 ESC drift monitor,8,24,-8.0,8.0,PASS,pass
LOT-B,改善后,W07,28nm MCU,ETCH-07,A,Plasma Etch,improved_edge_ring,已完成 ESC 调校，边缘失效显著收敛,维持每周 ESC drift monitor,9,24,-7.0,8.0,PASS,pass
LOT-B,改善后,W07,28nm MCU,ETCH-07,A,Plasma Etch,improved_edge_ring,已完成 ESC 调校，边缘失效显著收敛,维持每周 ESC drift monitor,10,24,-6.0,8.0,PASS,pass
LOT-B,改善后,W07,28nm MCU,ETCH-07,A,Plasma Etch,improved_edge_ring,已完成 ESC 调校，边缘失效显著收敛,维持每周 ESC drift monitor,11,24,-5.0,8.0,PASS,pass
LOT-B,改善后,W07,28nm MCU,ETCH-07,A,Plasma Etch,improved_edge_ring,已完成 ESC 调校，边缘失效显著收敛,维持每周 ESC drift monitor,12,24,-4.0,8.0,PASS,pass
LOT-B,改善后,W07,28nm MCU,ETCH-07,A,Plasma Etch,improved_edge_ring,已完成 ESC 调校，边缘失效显著收敛,维持每周 ESC drift monitor,13,24,-3.0,8.0,PASS,pass
LOT-B,改善后,W07,28nm MCU,ETCH-07,A,Plasma Etch,improved_edge_ring,已完成 ESC 调校，边缘失效显著收敛,维持每周 ESC drift monitor,14,24,-2.0,8.0,PASS,pass
LOT-B,改善后,W07,28nm MCU,ETCH-07,A,Plasma Etch,improved_edge_ring,已完成 ESC 调校，边缘失效显著收敛,维持每周 ESC drift monitor,15,24,-1.0,8.0,PASS,pass
LOT-B,改善后,W07,28nm MCU,ETCH-07,A,Plasma Etch,improved_edge_ring,已完成 ESC 调校，边缘失效显著收敛,维持每周 ESC drift monitor,16,24,0.0,8.0,PASS,pass
LOT-B,改善后,W07,28nm MCU,ETCH-07,A,Plasma Etch,improved_edge_ring,已完成 ESC 调校，边缘失效显著收敛,维持每周 ESC drift monitor,17,24,1.0,8.0,PASS,pass
LOT-B,改善后,W07,28nm MCU,ETCH-07,A,Plasma Etch,improved_edge_ring,已完成 ESC 调校，边缘失效显著收敛,维持每周 ESC drift monitor,18,24,2.0,8.0,FAIL,random
LOT-B,改善后,W07,28nm MCU,ETCH-07,A,Plasma Etch,improved_edge_ring,已完成 ESC 调校，边缘失效显著收敛,维持每周 ESC drift monitor,19,24,3.0,8.0,PASS,pass
LOT-B,改善后,W07,28nm MCU,ETCH-07,A,Plasma Etch,improved_edge_ring,已完成 ESC 调校，边缘失效显著收敛,维持每周 ESC drift monitor,20,24,4.0,8.0,PASS,pass
LOT-B,改善后,W07,28nm MCU,ETCH-07,A,Plasma Etch,improved_edge_ring,已完成 ESC 调校，边缘失效显著收敛,维持每周 ESC drift monitor,21,24,5.0,8.0,PASS,pass
LOT-B,改善后,W07,28nm MCU,ETCH-07,A,Plasma Etch,improved_edge_ring,已完成 ESC 调校，边缘失效显著收敛,维持每周 ESC drift monitor,22,24,6.0,8.0,PASS,pass
LOT-B,改善后,W07,28nm MCU,ETCH-07,A,Plasma Etch,improved_edge_ring,已完成 ESC 调校，边缘失效显著收敛,维持每周 ESC drift monitor,23,24,7.0,8.0,PASS,pass
LOT-B,改善后,W07,28nm MCU,ETCH-07,A,Plasma Etch,improved_edge_ring,已完成 ESC 调校，边缘失效显著收敛,维持每周 ESC drift monitor,24,24,8.0,8.0,PASS,pass
LOT-B,改善后,W07,28nm MCU,ETCH-07,A,Plasma Etch,improved_edge_ring,已完成 ESC 调校，边缘失效显著收敛,维持每周 ESC drift monitor,25,24,9.0,8.0,PASS,pass
LOT-B,改善后,W07,28nm MCU,ETCH-07,A,Plasma Etch,improved_edge_ring,已完成 ESC 调校，边缘失效显著收敛,维持每周 ESC drift monitor,26,24,10.0,8.0,PASS,pass
LOT-B,改善后,W07,28nm MCU,ETCH-07,A,Plasma Etch,improved_edge_ring,已完成 ESC 调校，边缘失效显著收敛,维持每周 ESC drift monitor,27,24,11.0,8.0,PASS,pass
LOT-B,改善后,W07,28nm MCU,ETCH-07,A,Plasma Etch,improved_edge_ring,已完成 ESC 调校，边缘失效显著收敛,维持每周 ESC drift monitor,28,24,12.0,8.0,PASS,pass
LOT-B,改善后,W07,28nm MCU,ETCH-07,A,Plasma Etch,improved_edge_ring,已完成 ESC 调校，边缘失效显著收敛,维持每周 ESC drift monitor,5,25,-11.0,9.0,PASS,pass
LOT-B,改善后,W07,28nm MCU,ETCH-07,A,Plasma Etch,improved_edge_ring,已完成 ESC 调校，边缘失效显著收敛,维持每周 ESC drift monitor,6,25,-10.0,9.0,PASS,pass
LOT-B,改善后,W07,28nm MCU,ETCH-07,A,Plasma Etch,improved_edge_ring,已完成 ESC 调校，边缘失效显著收敛,维持每周 ESC drift monitor,7,25,-9.0,9.0,PASS,pass
LOT-B,改善后,W07,28nm MCU,ETCH-07,A,Plasma Etch,improved_edge_ring,已完成 ESC 调校，边缘失效显著收敛,维持每周 ESC drift monitor,8,25,-8.0,9.0,PASS,pass
LOT-B,改善后,W07,28nm MCU,ETCH-07,A,Plasma Etch,improved_edge_ring,已完成 ESC 调校，边缘失效显著收敛,维持每周 ESC drift monitor,9,25,-7.0,9.0,PASS,pass
LOT-B,改善后,W07,28nm MCU,ETCH-07,A,Plasma Etch,improved_edge_ring,已完成 ESC 调校，边缘失效显著收敛,维持每周 ESC drift monitor,10,25,-6.0,9.0,PASS,pass
LOT-B,改善后,W07,28nm MCU,ETCH-07,A,Plasma Etch,improved_edge_ring,已完成 ESC 调校，边缘失效显著收敛,维持每周 ESC drift monitor,11,25,-5.0,9.0,PASS,pass
LOT-B,改善后,W07,28nm MCU,ETCH-07,A,Plasma Etch,improved_edge_ring,已完成 ESC 调校，边缘失效显著收敛,维持每周 ESC drift monitor,12,25,-4.0,9.0,PASS,pass
LOT-B,改善后,W07,28nm MCU,ETCH-07,A,Plasma Etch,improved_edge_ring,已完成 ESC 调校，边缘失效显著收敛,维持每周 ESC drift monitor,13,25,-3.0,9.0,PASS,pass
LOT-B,改善后,W07,28nm MCU,ETCH-07,A,Plasma Etch,improved_edge_ring,已完成 ESC 调校，边缘失效显著收敛,维持每周 ESC drift monitor,14,25,-2.0,9.0,PASS,pass
LOT-B,改善后,W07,28nm MCU,ETCH-07,A,Plasma Etch,improved_edge_ring,已完成 ESC 调校，边缘失效显著收敛,维持每周 ESC drift monitor,15,25,-1.0,9.0,PASS,pass
LOT-B,改善后,W07,28nm MCU,ETCH-07,A,Plasma Etch,improved_edge_ring,已完成 ESC 调校，边缘失效显著收敛,维持每周 ESC drift monitor,16,25,0.0,9.0,PASS,pass
LOT-B,改善后,W07,28nm MCU,ETCH-07,A,Plasma Etch,improved_edge_ring,已完成 ESC 调校，边缘失效显著收敛,维持每周 ESC drift monitor,17,25,1.0,9.0,PASS,pass
LOT-B,改善后,W07,28nm MCU,ETCH-07,A,Plasma Etch,improved_edge_ring,已完成 ESC 调校，边缘失效显著收敛,维持每周 ESC drift monitor,18,25,2.0,9.0,PASS,pass
LOT-B,改善后,W07,28nm MCU,ETCH-07,A,Plasma Etch,improved_edge_ring,已完成 ESC 调校，边缘失效显著收敛,维持每周 ESC drift monitor,19,25,3.0,9.0,PASS,pass
LOT-B,改善后,W07,28nm MCU,ETCH-07,A,Plasma Etch,improved_edge_ring,已完成 ESC 调校，边缘失效显著收敛,维持每周 ESC drift monitor,20,25,4.0,9.0,PASS,pass
LOT-B,改善后,W07,28nm MCU,ETCH-07,A,Plasma Etch,improved_edge_ring,已完成 ESC 调校，边缘失效显著收敛,维持每周 ESC drift monitor,21,25,5.0,9.0,PASS,pass
LOT-B,改善后,W07,28nm MCU,ETCH-07,A,Plasma Etch,improved_edge_ring,已完成 ESC 调校，边缘失效显著收敛,维持每周 ESC drift monitor,22,25,6.0,9.0,PASS,pass
LOT-B,改善后,W07,28nm MCU,ETCH-07,A,Plasma Etch,improved_edge_ring,已完成 ESC 调校，边缘失效显著收敛,维持每周 ESC drift monitor,23,25,7.0,9.0,PASS,pass
LOT-B,改善后,W07,28nm MCU,ETCH-07,A,Plasma Etch,improved_edge_ring,已完成 ESC 调校，边缘失效显著收敛,维持每周 ESC drift monitor,24,25,8.0,9.0,PASS,pass
LOT-B,改善后,W07,28nm MCU,ETCH-07,A,Plasma Etch,improved_edge_ring,已完成 ESC 调校，边缘失效显著收敛,维持每周 ESC drift monitor,25,25,9.0,9.0,PASS,pass
LOT-B,改善后,W07,28nm MCU,ETCH-07,A,Plasma Etch,improved_edge_ring,已完成 ESC 调校，边缘失效显著收敛,维持每周 ESC drift monitor,26,25,10.0,9.0,FAIL,edge_ring
LOT-B,改善后,W07,28nm MCU,ETCH-07,A,Plasma Etch,improved_edge_ring,已完成 ESC 调校，边缘失效显著收敛,维持每周 ESC drift monitor,27,25,11.0,9.0,PASS,pass
LOT-B,改善后,W07,28nm MCU,ETCH-07,A,Plasma Etch,improved_edge_ring,已完成 ESC 调校，边缘失效显著收敛,维持每周 ESC drift monitor,6,26,-10.0,10.0,PASS,pass
LOT-B,改善后,W07,28nm MCU,ETCH-07,A,Plasma Etch,improved_edge_ring,已完成 ESC 调校，边缘失效显著收敛,维持每周 ESC drift monitor,7,26,-9.0,10.0,PASS,pass
LOT-B,改善后,W07,28nm MCU,ETCH-07,A,Plasma Etch,improved_edge_ring,已完成 ESC 调校，边缘失效显著收敛,维持每周 ESC drift monitor,8,26,-8.0,10.0,PASS,pass
LOT-B,改善后,W07,28nm MCU,ETCH-07,A,Plasma Etch,improved_edge_ring,已完成 ESC 调校，边缘失效显著收敛,维持每周 ESC drift monitor,9,26,-7.0,10.0,PASS,pass
LOT-B,改善后,W07,28nm MCU,ETCH-07,A,Plasma Etch,improved_edge_ring,已完成 ESC 调校，边缘失效显著收敛,维持每周 ESC drift monitor,10,26,-6.0,10.0,PASS,pass
LOT-B,改善后,W07,28nm MCU,ETCH-07,A,Plasma Etch,improved_edge_ring,已完成 ESC 调校，边缘失效显著收敛,维持每周 ESC drift monitor,11,26,-5.0,10.0,PASS,pass
LOT-B,改善后,W07,28nm MCU,ETCH-07,A,Plasma Etch,improved_edge_ring,已完成 ESC 调校，边缘失效显著收敛,维持每周 ESC drift monitor,12,26,-4.0,10.0,PASS,pass
LOT-B,改善后,W07,28nm MCU,ETCH-07,A,Plasma Etch,improved_edge_ring,已完成 ESC 调校，边缘失效显著收敛,维持每周 ESC drift monitor,13,26,-3.0,10.0,PASS,pass
LOT-B,改善后,W07,28nm MCU,ETCH-07,A,Plasma Etch,improved_edge_ring,已完成 ESC 调校，边缘失效显著收敛,维持每周 ESC drift monitor,14,26,-2.0,10.0,PASS,pass
LOT-B,改善后,W07,28nm MCU,ETCH-07,A,Plasma Etch,improved_edge_ring,已完成 ESC 调校，边缘失效显著收敛,维持每周 ESC drift monitor,15,26,-1.0,10.0,PASS,pass
LOT-B,改善后,W07,28nm MCU,ETCH-07,A,Plasma Etch,improved_edge_ring,已完成 ESC 调校，边缘失效显著收敛,维持每周 ESC drift monitor,16,26,0.0,10.0,PASS,pass
LOT-B,改善后,W07,28nm MCU,ETCH-07,A,Plasma Etch,improved_edge_ring,已完成 ESC 调校，边缘失效显著收敛,维持每周 ESC drift monitor,17,26,1.0,10.0,PASS,pass
LOT-B,改善后,W07,28nm MCU,ETCH-07,A,Plasma Etch,improved_edge_ring,已完成 ESC 调校，边缘失效显著收敛,维持每周 ESC drift monitor,18,26,2.0,10.0,PASS,pass
LOT-B,改善后,W07,28nm MCU,ETCH-07,A,Plasma Etch,improved_edge_ring,已完成 ESC 调校，边缘失效显著收敛,维持每周 ESC drift monitor,19,26,3.0,10.0,PASS,pass
LOT-B,改善后,W07,28nm MCU,ETCH-07,A,Plasma Etch,improved_edge_ring,已完成 ESC 调校，边缘失效显著收敛,维持每周 ESC drift monitor,20,26,4.0,10.0,PASS,pass
LOT-B,改善后,W07,28nm MCU,ETCH-07,A,Plasma Etch,improved_edge_ring,已完成 ESC 调校，边缘失效显著收敛,维持每周 ESC drift monitor,21,26,5.0,10.0,PASS,pass
LOT-B,改善后,W07,28nm MCU,ETCH-07,A,Plasma Etch,improved_edge_ring,已完成 ESC 调校，边缘失效显著收敛,维持每周 ESC drift monitor,22,26,6.0,10.0,PASS,pass
LOT-B,改善后,W07,28nm MCU,ETCH-07,A,Plasma Etch,improved_edge_ring,已完成 ESC 调校，边缘失效显著收敛,维持每周 ESC drift monitor,23,26,7.0,10.0,PASS,pass
LOT-B,改善后,W07,28nm MCU,ETCH-07,A,Plasma Etch,improved_edge_ring,已完成 ESC 调校，边缘失效显著收敛,维持每周 ESC drift monitor,24,26,8.0,10.0,PASS,pass
LOT-B,改善后,W07,28nm MCU,ETCH-07,A,Plasma Etch,improved_edge_ring,已完成 ESC 调校，边缘失效显著收敛,维持每周 ESC drift monitor,25,26,9.0,10.0,PASS,pass
LOT-B,改善后,W07,28nm MCU,ETCH-07,A,Plasma Etch,improved_edge_ring,已完成 ESC 调校，边缘失效显著收敛,维持每周 ESC drift monitor,26,26,10.0,10.0,PASS,pass
LOT-B,改善后,W07,28nm MCU,ETCH-07,A,Plasma Etch,improved_edge_ring,已完成 ESC 调校，边缘失效显著收敛,维持每周 ESC drift monitor,7,27,-9.0,11.0,PASS,pass
LOT-B,改善后,W07,28nm MCU,ETCH-07,A,Plasma Etch,improved_edge_ring,已完成 ESC 调校，边缘失效显著收敛,维持每周 ESC drift monitor,8,27,-8.0,11.0,PASS,pass
LOT-B,改善后,W07,28nm MCU,ETCH-07,A,Plasma Etch,improved_edge_ring,已完成 ESC 调校，边缘失效显著收敛,维持每周 ESC drift monitor,9,27,-7.0,11.0,PASS,pass
LOT-B,改善后,W07,28nm MCU,ETCH-07,A,Plasma Etch,improved_edge_ring,已完成 ESC 调校，边缘失效显著收敛,维持每周 ESC drift monitor,10,27,-6.0,11.0,PASS,pass
LOT-B,改善后,W07,28nm MCU,ETCH-07,A,Plasma Etch,improved_edge_ring,已完成 ESC 调校，边缘失效显著收敛,维持每周 ESC drift monitor,11,27,-5.0,11.0,PASS,pass
LOT-B,改善后,W07,28nm MCU,ETCH-07,A,Plasma Etch,improved_edge_ring,已完成 ESC 调校，边缘失效显著收敛,维持每周 ESC drift monitor,12,27,-4.0,11.0,PASS,pass
LOT-B,改善后,W07,28nm MCU,ETCH-07,A,Plasma Etch,improved_edge_ring,已完成 ESC 调校，边缘失效显著收敛,维持每周 ESC drift monitor,13,27,-3.0,11.0,PASS,pass
LOT-B,改善后,W07,28nm MCU,ETCH-07,A,Plasma Etch,improved_edge_ring,已完成 ESC 调校，边缘失效显著收敛,维持每周 ESC drift monitor,14,27,-2.0,11.0,PASS,pass
LOT-B,改善后,W07,28nm MCU,ETCH-07,A,Plasma Etch,improved_edge_ring,已完成 ESC 调校，边缘失效显著收敛,维持每周 ESC drift monitor,15,27,-1.0,11.0,PASS,pass
LOT-B,改善后,W07,28nm MCU,ETCH-07,A,Plasma Etch,improved_edge_ring,已完成 ESC 调校，边缘失效显著收敛,维持每周 ESC drift monitor,16,27,0.0,11.0,PASS,pass
LOT-B,改善后,W07,28nm MCU,ETCH-07,A,Plasma Etch,improved_edge_ring,已完成 ESC 调校，边缘失效显著收敛,维持每周 ESC drift monitor,17,27,1.0,11.0,PASS,pass
LOT-B,改善后,W07,28nm MCU,ETCH-07,A,Plasma Etch,improved_edge_ring,已完成 ESC 调校，边缘失效显著收敛,维持每周 ESC drift monitor,18,27,2.0,11.0,PASS,pass
LOT-B,改善后,W07,28nm MCU,ETCH-07,A,Plasma Etch,improved_edge_ring,已完成 ESC 调校，边缘失效显著收敛,维持每周 ESC drift monitor,19,27,3.0,11.0,PASS,pass
LOT-B,改善后,W07,28nm MCU,ETCH-07,A,Plasma Etch,improved_edge_ring,已完成 ESC 调校，边缘失效显著收敛,维持每周 ESC drift monitor,20,27,4.0,11.0,PASS,pass
LOT-B,改善后,W07,28nm MCU,ETCH-07,A,Plasma Etch,improved_edge_ring,已完成 ESC 调校，边缘失效显著收敛,维持每周 ESC drift monitor,21,27,5.0,11.0,PASS,pass
LOT-B,改善后,W07,28nm MCU,ETCH-07,A,Plasma Etch,improved_edge_ring,已完成 ESC 调校，边缘失效显著收敛,维持每周 ESC drift monitor,22,27,6.0,11.0,PASS,pass
LOT-B,改善后,W07,28nm MCU,ETCH-07,A,Plasma Etch,improved_edge_ring,已完成 ESC 调校，边缘失效显著收敛,维持每周 ESC drift monitor,23,27,7.0,11.0,PASS,pass
LOT-B,改善后,W07,28nm MCU,ETCH-07,A,Plasma Etch,improved_edge_ring,已完成 ESC 调校，边缘失效显著收敛,维持每周 ESC drift monitor,24,27,8.0,11.0,PASS,pass
LOT-B,改善后,W07,28nm MCU,ETCH-07,A,Plasma Etch,improved_edge_ring,已完成 ESC 调校，边缘失效显著收敛,维持每周 ESC drift monitor,25,27,9.0,11.0,PASS,pass
LOT-B,改善后,W07,28nm MCU,ETCH-07,A,Plasma Etch,improved_edge_ring,已完成 ESC 调校，边缘失效显著收敛,维持每周 ESC drift monitor,8,28,-8.0,12.0,PASS,pass
LOT-B,改善后,W07,28nm MCU,ETCH-07,A,Plasma Etch,improved_edge_ring,已完成 ESC 调校，边缘失效显著收敛,维持每周 ESC drift monitor,9,28,-7.0,12.0,PASS,pass
LOT-B,改善后,W07,28nm MCU,ETCH-07,A,Plasma Etch,improved_edge_ring,已完成 ESC 调校，边缘失效显著收敛,维持每周 ESC drift monitor,10,28,-6.0,12.0,PASS,pass
LOT-B,改善后,W07,28nm MCU,ETCH-07,A,Plasma Etch,improved_edge_ring,已完成 ESC 调校，边缘失效显著收敛,维持每周 ESC drift monitor,11,28,-5.0,12.0,PASS,pass
LOT-B,改善后,W07,28nm MCU,ETCH-07,A,Plasma Etch,improved_edge_ring,已完成 ESC 调校，边缘失效显著收敛,维持每周 ESC drift monitor,12,28,-4.0,12.0,PASS,pass
LOT-B,改善后,W07,28nm MCU,ETCH-07,A,Plasma Etch,improved_edge_ring,已完成 ESC 调校，边缘失效显著收敛,维持每周 ESC drift monitor,13,28,-3.0,12.0,PASS,pass
LOT-B,改善后,W07,28nm MCU,ETCH-07,A,Plasma Etch,improved_edge_ring,已完成 ESC 调校，边缘失效显著收敛,维持每周 ESC drift monitor,14,28,-2.0,12.0,PASS,pass
LOT-B,改善后,W07,28nm MCU,ETCH-07,A,Plasma Etch,improved_edge_ring,已完成 ESC 调校，边缘失效显著收敛,维持每周 ESC drift monitor,15,28,-1.0,12.0,PASS,pass
LOT-B,改善后,W07,28nm MCU,ETCH-07,A,Plasma Etch,improved_edge_ring,已完成 ESC 调校，边缘失效显著收敛,维持每周 ESC drift monitor,16,28,0.0,12.0,PASS,pass
LOT-B,改善后,W07,28nm MCU,ETCH-07,A,Plasma Etch,improved_edge_ring,已完成 ESC 调校，边缘失效显著收敛,维持每周 ESC drift monitor,17,28,1.0,12.0,PASS,pass
LOT-B,改善后,W07,28nm MCU,ETCH-07,A,Plasma Etch,improved_edge_ring,已完成 ESC 调校，边缘失效显著收敛,维持每周 ESC drift monitor,18,28,2.0,12.0,PASS,pass
LOT-B,改善后,W07,28nm MCU,ETCH-07,A,Plasma Etch,improved_edge_ring,已完成 ESC 调校，边缘失效显著收敛,维持每周 ESC drift monitor,19,28,3.0,12.0,PASS,pass
LOT-B,改善后,W07,28nm MCU,ETCH-07,A,Plasma Etch,improved_edge_ring,已完成 ESC 调校，边缘失效显著收敛,维持每周 ESC drift monitor,20,28,4.0,12.0,PASS,pass
LOT-B,改善后,W07,28nm MCU,ETCH-07,A,Plasma Etch,improved_edge_ring,已完成 ESC 调校，边缘失效显著收敛,维持每周 ESC drift monitor,21,28,5.0,12.0,PASS,pass
LOT-B,改善后,W07,28nm MCU,ETCH-07,A,Plasma Etch,improved_edge_ring,已完成 ESC 调校，边缘失效显著收敛,维持每周 ESC drift monitor,22,28,6.0,12.0,PASS,pass
LOT-B,改善后,W07,28nm MCU,ETCH-07,A,Plasma Etch,improved_edge_ring,已完成 ESC 调校，边缘失效显著收敛,维持每周 ESC drift monitor,23,28,7.0,12.0,PASS,pass
LOT-B,改善后,W07,28nm MCU,ETCH-07,A,Plasma Etch,improved_edge_ring,已完成 ESC 调校，边缘失效显著收敛,维持每周 ESC drift monitor,24,28,8.0,12.0,PASS,pass
LOT-B,改善后,W07,28nm MCU,ETCH-07,A,Plasma Etch,improved_edge_ring,已完成 ESC 调校，边缘失效显著收敛,维持每周 ESC drift monitor,9,29,-7.0,13.0,FAIL,edge_ring
LOT-B,改善后,W07,28nm MCU,ETCH-07,A,Plasma Etch,improved_edge_ring,已完成 ESC 调校，边缘失效显著收敛,维持每周 ESC drift monitor,10,29,-6.0,13.0,PASS,pass
LOT-B,改善后,W07,28nm MCU,ETCH-07,A,Plasma Etch,improved_edge_ring,已完成 ESC 调校，边缘失效显著收敛,维持每周 ESC drift monitor,11,29,-5.0,13.0,PASS,pass
LOT-B,改善后,W07,28nm MCU,ETCH-07,A,Plasma Etch,improved_edge_ring,已完成 ESC 调校，边缘失效显著收敛,维持每周 ESC drift monitor,12,29,-4.0,13.0,PASS,pass
LOT-B,改善后,W07,28nm MCU,ETCH-07,A,Plasma Etch,improved_edge_ring,已完成 ESC 调校，边缘失效显著收敛,维持每周 ESC drift monitor,13,29,-3.0,13.0,PASS,pass
LOT-B,改善后,W07,28nm MCU,ETCH-07,A,Plasma Etch,improved_edge_ring,已完成 ESC 调校，边缘失效显著收敛,维持每周 ESC drift monitor,14,29,-2.0,13.0,PASS,pass
LOT-B,改善后,W07,28nm MCU,ETCH-07,A,Plasma Etch,improved_edge_ring,已完成 ESC 调校，边缘失效显著收敛,维持每周 ESC drift monitor,15,29,-1.0,13.0,PASS,pass
LOT-B,改善后,W07,28nm MCU,ETCH-07,A,Plasma Etch,improved_edge_ring,已完成 ESC 调校，边缘失效显著收敛,维持每周 ESC drift monitor,16,29,0.0,13.0,PASS,pass
LOT-B,改善后,W07,28nm MCU,ETCH-07,A,Plasma Etch,improved_edge_ring,已完成 ESC 调校，边缘失效显著收敛,维持每周 ESC drift monitor,17,29,1.0,13.0,FAIL,edge_ring
LOT-B,改善后,W07,28nm MCU,ETCH-07,A,Plasma Etch,improved_edge_ring,已完成 ESC 调校，边缘失效显著收敛,维持每周 ESC drift monitor,18,29,2.0,13.0,PASS,pass
LOT-B,改善后,W07,28nm MCU,ETCH-07,A,Plasma Etch,improved_edge_ring,已完成 ESC 调校，边缘失效显著收敛,维持每周 ESC drift monitor,19,29,3.0,13.0,PASS,pass
LOT-B,改善后,W07,28nm MCU,ETCH-07,A,Plasma Etch,improved_edge_ring,已完成 ESC 调校，边缘失效显著收敛,维持每周 ESC drift monitor,20,29,4.0,13.0,PASS,pass
LOT-B,改善后,W07,28nm MCU,ETCH-07,A,Plasma Etch,improved_edge_ring,已完成 ESC 调校，边缘失效显著收敛,维持每周 ESC drift monitor,21,29,5.0,13.0,PASS,pass
LOT-B,改善后,W07,28nm MCU,ETCH-07,A,Plasma Etch,improved_edge_ring,已完成 ESC 调校，边缘失效显著收敛,维持每周 ESC drift monitor,22,29,6.0,13.0,FAIL,edge_ring
LOT-B,改善后,W07,28nm MCU,ETCH-07,A,Plasma Etch,improved_edge_ring,已完成 ESC 调校，边缘失效显著收敛,维持每周 ESC drift monitor,23,29,7.0,13.0,PASS,pass
LOT-B,改善后,W07,28nm MCU,ETCH-07,A,Plasma Etch,improved_edge_ring,已完成 ESC 调校，边缘失效显著收敛,维持每周 ESC drift monitor,12,30,-4.0,14.0,PASS,pass
LOT-B,改善后,W07,28nm MCU,ETCH-07,A,Plasma Etch,improved_edge_ring,已完成 ESC 调校，边缘失效显著收敛,维持每周 ESC drift monitor,13,30,-3.0,14.0,PASS,pass
LOT-B,改善后,W07,28nm MCU,ETCH-07,A,Plasma Etch,improved_edge_ring,已完成 ESC 调校，边缘失效显著收敛,维持每周 ESC drift monitor,14,30,-2.0,14.0,PASS,pass
LOT-B,改善后,W07,28nm MCU,ETCH-07,A,Plasma Etch,improved_edge_ring,已完成 ESC 调校，边缘失效显著收敛,维持每周 ESC drift monitor,15,30,-1.0,14.0,PASS,pass
LOT-B,改善后,W07,28nm MCU,ETCH-07,A,Plasma Etch,improved_edge_ring,已完成 ESC 调校，边缘失效显著收敛,维持每周 ESC drift monitor,16,30,0.0,14.0,PASS,pass
LOT-B,改善后,W07,28nm MCU,ETCH-07,A,Plasma Etch,improved_edge_ring,已完成 ESC 调校，边缘失效显著收敛,维持每周 ESC drift monitor,17,30,1.0,14.0,PASS,pass
LOT-B,改善后,W07,28nm MCU,ETCH-07,A,Plasma Etch,improved_edge_ring,已完成 ESC 调校，边缘失效显著收敛,维持每周 ESC drift monitor,18,30,2.0,14.0,PASS,pass
LOT-B,改善后,W07,28nm MCU,ETCH-07,A,Plasma Etch,improved_edge_ring,已完成 ESC 调校，边缘失效显著收敛,维持每周 ESC drift monitor,19,30,3.0,14.0,PASS,pass
LOT-B,改善后,W07,28nm MCU,ETCH-07,A,Plasma Etch,improved_edge_ring,已完成 ESC 调校，边缘失效显著收敛,维持每周 ESC drift monitor,20,30,4.0,14.0,FAIL,edge_ring
LOT-B,改善后,W08,28nm MCU,ETCH-07,B,Plasma Etch,improved_cluster,已完成 PM，局部粒子 cluster 显著减少,维持 particle SPC 门限,12,2,-4.0,-14.0,PASS,pass
LOT-B,改善后,W08,28nm MCU,ETCH-07,B,Plasma Etch,improved_cluster,已完成 PM，局部粒子 cluster 显著减少,维持 particle SPC 门限,13,2,-3.0,-14.0,PASS,pass
LOT-B,改善后,W08,28nm MCU,ETCH-07,B,Plasma Etch,improved_cluster,已完成 PM，局部粒子 cluster 显著减少,维持 particle SPC 门限,14,2,-2.0,-14.0,PASS,pass
LOT-B,改善后,W08,28nm MCU,ETCH-07,B,Plasma Etch,improved_cluster,已完成 PM，局部粒子 cluster 显著减少,维持 particle SPC 门限,15,2,-1.0,-14.0,FAIL,random
LOT-B,改善后,W08,28nm MCU,ETCH-07,B,Plasma Etch,improved_cluster,已完成 PM，局部粒子 cluster 显著减少,维持 particle SPC 门限,16,2,0.0,-14.0,PASS,pass
LOT-B,改善后,W08,28nm MCU,ETCH-07,B,Plasma Etch,improved_cluster,已完成 PM，局部粒子 cluster 显著减少,维持 particle SPC 门限,17,2,1.0,-14.0,PASS,pass
LOT-B,改善后,W08,28nm MCU,ETCH-07,B,Plasma Etch,improved_cluster,已完成 PM，局部粒子 cluster 显著减少,维持 particle SPC 门限,18,2,2.0,-14.0,PASS,pass
LOT-B,改善后,W08,28nm MCU,ETCH-07,B,Plasma Etch,improved_cluster,已完成 PM，局部粒子 cluster 显著减少,维持 particle SPC 门限,19,2,3.0,-14.0,PASS,pass
LOT-B,改善后,W08,28nm MCU,ETCH-07,B,Plasma Etch,improved_cluster,已完成 PM，局部粒子 cluster 显著减少,维持 particle SPC 门限,20,2,4.0,-14.0,PASS,pass
LOT-B,改善后,W08,28nm MCU,ETCH-07,B,Plasma Etch,improved_cluster,已完成 PM，局部粒子 cluster 显著减少,维持 particle SPC 门限,9,3,-7.0,-13.0,PASS,pass
LOT-B,改善后,W08,28nm MCU,ETCH-07,B,Plasma Etch,improved_cluster,已完成 PM，局部粒子 cluster 显著减少,维持 particle SPC 门限,10,3,-6.0,-13.0,PASS,pass
LOT-B,改善后,W08,28nm MCU,ETCH-07,B,Plasma Etch,improved_cluster,已完成 PM，局部粒子 cluster 显著减少,维持 particle SPC 门限,11,3,-5.0,-13.0,PASS,pass
LOT-B,改善后,W08,28nm MCU,ETCH-07,B,Plasma Etch,improved_cluster,已完成 PM，局部粒子 cluster 显著减少,维持 particle SPC 门限,12,3,-4.0,-13.0,PASS,pass
LOT-B,改善后,W08,28nm MCU,ETCH-07,B,Plasma Etch,improved_cluster,已完成 PM，局部粒子 cluster 显著减少,维持 particle SPC 门限,13,3,-3.0,-13.0,PASS,pass
LOT-B,改善后,W08,28nm MCU,ETCH-07,B,Plasma Etch,improved_cluster,已完成 PM，局部粒子 cluster 显著减少,维持 particle SPC 门限,14,3,-2.0,-13.0,PASS,pass
LOT-B,改善后,W08,28nm MCU,ETCH-07,B,Plasma Etch,improved_cluster,已完成 PM，局部粒子 cluster 显著减少,维持 particle SPC 门限,15,3,-1.0,-13.0,PASS,pass
LOT-B,改善后,W08,28nm MCU,ETCH-07,B,Plasma Etch,improved_cluster,已完成 PM，局部粒子 cluster 显著减少,维持 particle SPC 门限,16,3,0.0,-13.0,PASS,pass
LOT-B,改善后,W08,28nm MCU,ETCH-07,B,Plasma Etch,improved_cluster,已完成 PM，局部粒子 cluster 显著减少,维持 particle SPC 门限,17,3,1.0,-13.0,PASS,pass
LOT-B,改善后,W08,28nm MCU,ETCH-07,B,Plasma Etch,improved_cluster,已完成 PM，局部粒子 cluster 显著减少,维持 particle SPC 门限,18,3,2.0,-13.0,PASS,pass
LOT-B,改善后,W08,28nm MCU,ETCH-07,B,Plasma Etch,improved_cluster,已完成 PM，局部粒子 cluster 显著减少,维持 particle SPC 门限,19,3,3.0,-13.0,PASS,pass
LOT-B,改善后,W08,28nm MCU,ETCH-07,B,Plasma Etch,improved_cluster,已完成 PM，局部粒子 cluster 显著减少,维持 particle SPC 门限,20,3,4.0,-13.0,PASS,pass
LOT-B,改善后,W08,28nm MCU,ETCH-07,B,Plasma Etch,improved_cluster,已完成 PM，局部粒子 cluster 显著减少,维持 particle SPC 门限,21,3,5.0,-13.0,FAIL,top_right_cluster
LOT-B,改善后,W08,28nm MCU,ETCH-07,B,Plasma Etch,improved_cluster,已完成 PM，局部粒子 cluster 显著减少,维持 particle SPC 门限,22,3,6.0,-13.0,PASS,pass
LOT-B,改善后,W08,28nm MCU,ETCH-07,B,Plasma Etch,improved_cluster,已完成 PM，局部粒子 cluster 显著减少,维持 particle SPC 门限,23,3,7.0,-13.0,PASS,pass
LOT-B,改善后,W08,28nm MCU,ETCH-07,B,Plasma Etch,improved_cluster,已完成 PM，局部粒子 cluster 显著减少,维持 particle SPC 门限,8,4,-8.0,-12.0,PASS,pass
LOT-B,改善后,W08,28nm MCU,ETCH-07,B,Plasma Etch,improved_cluster,已完成 PM，局部粒子 cluster 显著减少,维持 particle SPC 门限,9,4,-7.0,-12.0,PASS,pass
LOT-B,改善后,W08,28nm MCU,ETCH-07,B,Plasma Etch,improved_cluster,已完成 PM，局部粒子 cluster 显著减少,维持 particle SPC 门限,10,4,-6.0,-12.0,PASS,pass
LOT-B,改善后,W08,28nm MCU,ETCH-07,B,Plasma Etch,improved_cluster,已完成 PM，局部粒子 cluster 显著减少,维持 particle SPC 门限,11,4,-5.0,-12.0,PASS,pass
LOT-B,改善后,W08,28nm MCU,ETCH-07,B,Plasma Etch,improved_cluster,已完成 PM，局部粒子 cluster 显著减少,维持 particle SPC 门限,12,4,-4.0,-12.0,PASS,pass
LOT-B,改善后,W08,28nm MCU,ETCH-07,B,Plasma Etch,improved_cluster,已完成 PM，局部粒子 cluster 显著减少,维持 particle SPC 门限,13,4,-3.0,-12.0,PASS,pass
LOT-B,改善后,W08,28nm MCU,ETCH-07,B,Plasma Etch,improved_cluster,已完成 PM，局部粒子 cluster 显著减少,维持 particle SPC 门限,14,4,-2.0,-12.0,PASS,pass
LOT-B,改善后,W08,28nm MCU,ETCH-07,B,Plasma Etch,improved_cluster,已完成 PM，局部粒子 cluster 显著减少,维持 particle SPC 门限,15,4,-1.0,-12.0,PASS,pass
LOT-B,改善后,W08,28nm MCU,ETCH-07,B,Plasma Etch,improved_cluster,已完成 PM，局部粒子 cluster 显著减少,维持 particle SPC 门限,16,4,0.0,-12.0,PASS,pass
LOT-B,改善后,W08,28nm MCU,ETCH-07,B,Plasma Etch,improved_cluster,已完成 PM，局部粒子 cluster 显著减少,维持 particle SPC 门限,17,4,1.0,-12.0,PASS,pass
LOT-B,改善后,W08,28nm MCU,ETCH-07,B,Plasma Etch,improved_cluster,已完成 PM，局部粒子 cluster 显著减少,维持 particle SPC 门限,18,4,2.0,-12.0,PASS,pass
LOT-B,改善后,W08,28nm MCU,ETCH-07,B,Plasma Etch,improved_cluster,已完成 PM，局部粒子 cluster 显著减少,维持 particle SPC 门限,19,4,3.0,-12.0,PASS,pass
LOT-B,改善后,W08,28nm MCU,ETCH-07,B,Plasma Etch,improved_cluster,已完成 PM，局部粒子 cluster 显著减少,维持 particle SPC 门限,20,4,4.0,-12.0,PASS,pass
LOT-B,改善后,W08,28nm MCU,ETCH-07,B,Plasma Etch,improved_cluster,已完成 PM，局部粒子 cluster 显著减少,维持 particle SPC 门限,21,4,5.0,-12.0,PASS,pass
LOT-B,改善后,W08,28nm MCU,ETCH-07,B,Plasma Etch,improved_cluster,已完成 PM，局部粒子 cluster 显著减少,维持 particle SPC 门限,22,4,6.0,-12.0,PASS,pass
LOT-B,改善后,W08,28nm MCU,ETCH-07,B,Plasma Etch,improved_cluster,已完成 PM，局部粒子 cluster 显著减少,维持 particle SPC 门限,23,4,7.0,-12.0,PASS,pass
LOT-B,改善后,W08,28nm MCU,ETCH-07,B,Plasma Etch,improved_cluster,已完成 PM，局部粒子 cluster 显著减少,维持 particle SPC 门限,24,4,8.0,-12.0,PASS,pass
LOT-B,改善后,W08,28nm MCU,ETCH-07,B,Plasma Etch,improved_cluster,已完成 PM，局部粒子 cluster 显著减少,维持 particle SPC 门限,7,5,-9.0,-11.0,PASS,pass
LOT-B,改善后,W08,28nm MCU,ETCH-07,B,Plasma Etch,improved_cluster,已完成 PM，局部粒子 cluster 显著减少,维持 particle SPC 门限,8,5,-8.0,-11.0,PASS,pass
LOT-B,改善后,W08,28nm MCU,ETCH-07,B,Plasma Etch,improved_cluster,已完成 PM，局部粒子 cluster 显著减少,维持 particle SPC 门限,9,5,-7.0,-11.0,PASS,pass
LOT-B,改善后,W08,28nm MCU,ETCH-07,B,Plasma Etch,improved_cluster,已完成 PM，局部粒子 cluster 显著减少,维持 particle SPC 门限,10,5,-6.0,-11.0,PASS,pass
LOT-B,改善后,W08,28nm MCU,ETCH-07,B,Plasma Etch,improved_cluster,已完成 PM，局部粒子 cluster 显著减少,维持 particle SPC 门限,11,5,-5.0,-11.0,PASS,pass
LOT-B,改善后,W08,28nm MCU,ETCH-07,B,Plasma Etch,improved_cluster,已完成 PM，局部粒子 cluster 显著减少,维持 particle SPC 门限,12,5,-4.0,-11.0,PASS,pass
LOT-B,改善后,W08,28nm MCU,ETCH-07,B,Plasma Etch,improved_cluster,已完成 PM，局部粒子 cluster 显著减少,维持 particle SPC 门限,13,5,-3.0,-11.0,PASS,pass
LOT-B,改善后,W08,28nm MCU,ETCH-07,B,Plasma Etch,improved_cluster,已完成 PM，局部粒子 cluster 显著减少,维持 particle SPC 门限,14,5,-2.0,-11.0,PASS,pass
LOT-B,改善后,W08,28nm MCU,ETCH-07,B,Plasma Etch,improved_cluster,已完成 PM，局部粒子 cluster 显著减少,维持 particle SPC 门限,15,5,-1.0,-11.0,PASS,pass
LOT-B,改善后,W08,28nm MCU,ETCH-07,B,Plasma Etch,improved_cluster,已完成 PM，局部粒子 cluster 显著减少,维持 particle SPC 门限,16,5,0.0,-11.0,FAIL,random
LOT-B,改善后,W08,28nm MCU,ETCH-07,B,Plasma Etch,improved_cluster,已完成 PM，局部粒子 cluster 显著减少,维持 particle SPC 门限,17,5,1.0,-11.0,PASS,pass
LOT-B,改善后,W08,28nm MCU,ETCH-07,B,Plasma Etch,improved_cluster,已完成 PM，局部粒子 cluster 显著减少,维持 particle SPC 门限,18,5,2.0,-11.0,PASS,pass
LOT-B,改善后,W08,28nm MCU,ETCH-07,B,Plasma Etch,improved_cluster,已完成 PM，局部粒子 cluster 显著减少,维持 particle SPC 门限,19,5,3.0,-11.0,PASS,pass
LOT-B,改善后,W08,28nm MCU,ETCH-07,B,Plasma Etch,improved_cluster,已完成 PM，局部粒子 cluster 显著减少,维持 particle SPC 门限,20,5,4.0,-11.0,PASS,pass
LOT-B,改善后,W08,28nm MCU,ETCH-07,B,Plasma Etch,improved_cluster,已完成 PM，局部粒子 cluster 显著减少,维持 particle SPC 门限,21,5,5.0,-11.0,FAIL,top_right_cluster
LOT-B,改善后,W08,28nm MCU,ETCH-07,B,Plasma Etch,improved_cluster,已完成 PM，局部粒子 cluster 显著减少,维持 particle SPC 门限,22,5,6.0,-11.0,PASS,pass
LOT-B,改善后,W08,28nm MCU,ETCH-07,B,Plasma Etch,improved_cluster,已完成 PM，局部粒子 cluster 显著减少,维持 particle SPC 门限,23,5,7.0,-11.0,PASS,pass
LOT-B,改善后,W08,28nm MCU,ETCH-07,B,Plasma Etch,improved_cluster,已完成 PM，局部粒子 cluster 显著减少,维持 particle SPC 门限,24,5,8.0,-11.0,PASS,pass
LOT-B,改善后,W08,28nm MCU,ETCH-07,B,Plasma Etch,improved_cluster,已完成 PM，局部粒子 cluster 显著减少,维持 particle SPC 门限,25,5,9.0,-11.0,PASS,pass
LOT-B,改善后,W08,28nm MCU,ETCH-07,B,Plasma Etch,improved_cluster,已完成 PM，局部粒子 cluster 显著减少,维持 particle SPC 门限,6,6,-10.0,-10.0,PASS,pass
LOT-B,改善后,W08,28nm MCU,ETCH-07,B,Plasma Etch,improved_cluster,已完成 PM，局部粒子 cluster 显著减少,维持 particle SPC 门限,7,6,-9.0,-10.0,PASS,pass
LOT-B,改善后,W08,28nm MCU,ETCH-07,B,Plasma Etch,improved_cluster,已完成 PM，局部粒子 cluster 显著减少,维持 particle SPC 门限,8,6,-8.0,-10.0,PASS,pass
LOT-B,改善后,W08,28nm MCU,ETCH-07,B,Plasma Etch,improved_cluster,已完成 PM，局部粒子 cluster 显著减少,维持 particle SPC 门限,9,6,-7.0,-10.0,PASS,pass
LOT-B,改善后,W08,28nm MCU,ETCH-07,B,Plasma Etch,improved_cluster,已完成 PM，局部粒子 cluster 显著减少,维持 particle SPC 门限,10,6,-6.0,-10.0,PASS,pass
LOT-B,改善后,W08,28nm MCU,ETCH-07,B,Plasma Etch,improved_cluster,已完成 PM，局部粒子 cluster 显著减少,维持 particle SPC 门限,11,6,-5.0,-10.0,PASS,pass
LOT-B,改善后,W08,28nm MCU,ETCH-07,B,Plasma Etch,improved_cluster,已完成 PM，局部粒子 cluster 显著减少,维持 particle SPC 门限,12,6,-4.0,-10.0,PASS,pass
LOT-B,改善后,W08,28nm MCU,ETCH-07,B,Plasma Etch,improved_cluster,已完成 PM，局部粒子 cluster 显著减少,维持 particle SPC 门限,13,6,-3.0,-10.0,PASS,pass
LOT-B,改善后,W08,28nm MCU,ETCH-07,B,Plasma Etch,improved_cluster,已完成 PM，局部粒子 cluster 显著减少,维持 particle SPC 门限,14,6,-2.0,-10.0,PASS,pass
LOT-B,改善后,W08,28nm MCU,ETCH-07,B,Plasma Etch,improved_cluster,已完成 PM，局部粒子 cluster 显著减少,维持 particle SPC 门限,15,6,-1.0,-10.0,PASS,pass
LOT-B,改善后,W08,28nm MCU,ETCH-07,B,Plasma Etch,improved_cluster,已完成 PM，局部粒子 cluster 显著减少,维持 particle SPC 门限,16,6,0.0,-10.0,PASS,pass
LOT-B,改善后,W08,28nm MCU,ETCH-07,B,Plasma Etch,improved_cluster,已完成 PM，局部粒子 cluster 显著减少,维持 particle SPC 门限,17,6,1.0,-10.0,PASS,pass
LOT-B,改善后,W08,28nm MCU,ETCH-07,B,Plasma Etch,improved_cluster,已完成 PM，局部粒子 cluster 显著减少,维持 particle SPC 门限,18,6,2.0,-10.0,PASS,pass
LOT-B,改善后,W08,28nm MCU,ETCH-07,B,Plasma Etch,improved_cluster,已完成 PM，局部粒子 cluster 显著减少,维持 particle SPC 门限,19,6,3.0,-10.0,PASS,pass
LOT-B,改善后,W08,28nm MCU,ETCH-07,B,Plasma Etch,improved_cluster,已完成 PM，局部粒子 cluster 显著减少,维持 particle SPC 门限,20,6,4.0,-10.0,PASS,pass
LOT-B,改善后,W08,28nm MCU,ETCH-07,B,Plasma Etch,improved_cluster,已完成 PM，局部粒子 cluster 显著减少,维持 particle SPC 门限,21,6,5.0,-10.0,PASS,pass
LOT-B,改善后,W08,28nm MCU,ETCH-07,B,Plasma Etch,improved_cluster,已完成 PM，局部粒子 cluster 显著减少,维持 particle SPC 门限,22,6,6.0,-10.0,FAIL,top_right_cluster
LOT-B,改善后,W08,28nm MCU,ETCH-07,B,Plasma Etch,improved_cluster,已完成 PM，局部粒子 cluster 显著减少,维持 particle SPC 门限,23,6,7.0,-10.0,FAIL,top_right_cluster
LOT-B,改善后,W08,28nm MCU,ETCH-07,B,Plasma Etch,improved_cluster,已完成 PM，局部粒子 cluster 显著减少,维持 particle SPC 门限,24,6,8.0,-10.0,PASS,pass
LOT-B,改善后,W08,28nm MCU,ETCH-07,B,Plasma Etch,improved_cluster,已完成 PM，局部粒子 cluster 显著减少,维持 particle SPC 门限,25,6,9.0,-10.0,PASS,pass
LOT-B,改善后,W08,28nm MCU,ETCH-07,B,Plasma Etch,improved_cluster,已完成 PM，局部粒子 cluster 显著减少,维持 particle SPC 门限,26,6,10.0,-10.0,FAIL,top_right_cluster
LOT-B,改善后,W08,28nm MCU,ETCH-07,B,Plasma Etch,improved_cluster,已完成 PM，局部粒子 cluster 显著减少,维持 particle SPC 门限,5,7,-11.0,-9.0,PASS,pass
LOT-B,改善后,W08,28nm MCU,ETCH-07,B,Plasma Etch,improved_cluster,已完成 PM，局部粒子 cluster 显著减少,维持 particle SPC 门限,6,7,-10.0,-9.0,PASS,pass
LOT-B,改善后,W08,28nm MCU,ETCH-07,B,Plasma Etch,improved_cluster,已完成 PM，局部粒子 cluster 显著减少,维持 particle SPC 门限,7,7,-9.0,-9.0,PASS,pass
LOT-B,改善后,W08,28nm MCU,ETCH-07,B,Plasma Etch,improved_cluster,已完成 PM，局部粒子 cluster 显著减少,维持 particle SPC 门限,8,7,-8.0,-9.0,PASS,pass
LOT-B,改善后,W08,28nm MCU,ETCH-07,B,Plasma Etch,improved_cluster,已完成 PM，局部粒子 cluster 显著减少,维持 particle SPC 门限,9,7,-7.0,-9.0,PASS,pass
LOT-B,改善后,W08,28nm MCU,ETCH-07,B,Plasma Etch,improved_cluster,已完成 PM，局部粒子 cluster 显著减少,维持 particle SPC 门限,10,7,-6.0,-9.0,PASS,pass
LOT-B,改善后,W08,28nm MCU,ETCH-07,B,Plasma Etch,improved_cluster,已完成 PM，局部粒子 cluster 显著减少,维持 particle SPC 门限,11,7,-5.0,-9.0,PASS,pass
LOT-B,改善后,W08,28nm MCU,ETCH-07,B,Plasma Etch,improved_cluster,已完成 PM，局部粒子 cluster 显著减少,维持 particle SPC 门限,12,7,-4.0,-9.0,PASS,pass
LOT-B,改善后,W08,28nm MCU,ETCH-07,B,Plasma Etch,improved_cluster,已完成 PM，局部粒子 cluster 显著减少,维持 particle SPC 门限,13,7,-3.0,-9.0,PASS,pass
LOT-B,改善后,W08,28nm MCU,ETCH-07,B,Plasma Etch,improved_cluster,已完成 PM，局部粒子 cluster 显著减少,维持 particle SPC 门限,14,7,-2.0,-9.0,PASS,pass
LOT-B,改善后,W08,28nm MCU,ETCH-07,B,Plasma Etch,improved_cluster,已完成 PM，局部粒子 cluster 显著减少,维持 particle SPC 门限,15,7,-1.0,-9.0,PASS,pass
LOT-B,改善后,W08,28nm MCU,ETCH-07,B,Plasma Etch,improved_cluster,已完成 PM，局部粒子 cluster 显著减少,维持 particle SPC 门限,16,7,0.0,-9.0,PASS,pass
LOT-B,改善后,W08,28nm MCU,ETCH-07,B,Plasma Etch,improved_cluster,已完成 PM，局部粒子 cluster 显著减少,维持 particle SPC 门限,17,7,1.0,-9.0,PASS,pass
LOT-B,改善后,W08,28nm MCU,ETCH-07,B,Plasma Etch,improved_cluster,已完成 PM，局部粒子 cluster 显著减少,维持 particle SPC 门限,18,7,2.0,-9.0,PASS,pass
LOT-B,改善后,W08,28nm MCU,ETCH-07,B,Plasma Etch,improved_cluster,已完成 PM，局部粒子 cluster 显著减少,维持 particle SPC 门限,19,7,3.0,-9.0,PASS,pass
LOT-B,改善后,W08,28nm MCU,ETCH-07,B,Plasma Etch,improved_cluster,已完成 PM，局部粒子 cluster 显著减少,维持 particle SPC 门限,20,7,4.0,-9.0,PASS,pass
LOT-B,改善后,W08,28nm MCU,ETCH-07,B,Plasma Etch,improved_cluster,已完成 PM，局部粒子 cluster 显著减少,维持 particle SPC 门限,21,7,5.0,-9.0,PASS,pass
LOT-B,改善后,W08,28nm MCU,ETCH-07,B,Plasma Etch,improved_cluster,已完成 PM，局部粒子 cluster 显著减少,维持 particle SPC 门限,22,7,6.0,-9.0,PASS,pass
LOT-B,改善后,W08,28nm MCU,ETCH-07,B,Plasma Etch,improved_cluster,已完成 PM，局部粒子 cluster 显著减少,维持 particle SPC 门限,23,7,7.0,-9.0,PASS,pass
LOT-B,改善后,W08,28nm MCU,ETCH-07,B,Plasma Etch,improved_cluster,已完成 PM，局部粒子 cluster 显著减少,维持 particle SPC 门限,24,7,8.0,-9.0,PASS,pass
LOT-B,改善后,W08,28nm MCU,ETCH-07,B,Plasma Etch,improved_cluster,已完成 PM，局部粒子 cluster 显著减少,维持 particle SPC 门限,25,7,9.0,-9.0,PASS,pass
LOT-B,改善后,W08,28nm MCU,ETCH-07,B,Plasma Etch,improved_cluster,已完成 PM，局部粒子 cluster 显著减少,维持 particle SPC 门限,26,7,10.0,-9.0,PASS,pass
LOT-B,改善后,W08,28nm MCU,ETCH-07,B,Plasma Etch,improved_cluster,已完成 PM，局部粒子 cluster 显著减少,维持 particle SPC 门限,27,7,11.0,-9.0,PASS,pass
LOT-B,改善后,W08,28nm MCU,ETCH-07,B,Plasma Etch,improved_cluster,已完成 PM，局部粒子 cluster 显著减少,维持 particle SPC 门限,4,8,-12.0,-8.0,PASS,pass
LOT-B,改善后,W08,28nm MCU,ETCH-07,B,Plasma Etch,improved_cluster,已完成 PM，局部粒子 cluster 显著减少,维持 particle SPC 门限,5,8,-11.0,-8.0,PASS,pass
LOT-B,改善后,W08,28nm MCU,ETCH-07,B,Plasma Etch,improved_cluster,已完成 PM，局部粒子 cluster 显著减少,维持 particle SPC 门限,6,8,-10.0,-8.0,PASS,pass
LOT-B,改善后,W08,28nm MCU,ETCH-07,B,Plasma Etch,improved_cluster,已完成 PM，局部粒子 cluster 显著减少,维持 particle SPC 门限,7,8,-9.0,-8.0,PASS,pass
LOT-B,改善后,W08,28nm MCU,ETCH-07,B,Plasma Etch,improved_cluster,已完成 PM，局部粒子 cluster 显著减少,维持 particle SPC 门限,8,8,-8.0,-8.0,PASS,pass
LOT-B,改善后,W08,28nm MCU,ETCH-07,B,Plasma Etch,improved_cluster,已完成 PM，局部粒子 cluster 显著减少,维持 particle SPC 门限,9,8,-7.0,-8.0,PASS,pass
LOT-B,改善后,W08,28nm MCU,ETCH-07,B,Plasma Etch,improved_cluster,已完成 PM，局部粒子 cluster 显著减少,维持 particle SPC 门限,10,8,-6.0,-8.0,PASS,pass
LOT-B,改善后,W08,28nm MCU,ETCH-07,B,Plasma Etch,improved_cluster,已完成 PM，局部粒子 cluster 显著减少,维持 particle SPC 门限,11,8,-5.0,-8.0,PASS,pass
LOT-B,改善后,W08,28nm MCU,ETCH-07,B,Plasma Etch,improved_cluster,已完成 PM，局部粒子 cluster 显著减少,维持 particle SPC 门限,12,8,-4.0,-8.0,PASS,pass
LOT-B,改善后,W08,28nm MCU,ETCH-07,B,Plasma Etch,improved_cluster,已完成 PM，局部粒子 cluster 显著减少,维持 particle SPC 门限,13,8,-3.0,-8.0,PASS,pass
LOT-B,改善后,W08,28nm MCU,ETCH-07,B,Plasma Etch,improved_cluster,已完成 PM，局部粒子 cluster 显著减少,维持 particle SPC 门限,14,8,-2.0,-8.0,PASS,pass
LOT-B,改善后,W08,28nm MCU,ETCH-07,B,Plasma Etch,improved_cluster,已完成 PM，局部粒子 cluster 显著减少,维持 particle SPC 门限,15,8,-1.0,-8.0,PASS,pass
LOT-B,改善后,W08,28nm MCU,ETCH-07,B,Plasma Etch,improved_cluster,已完成 PM，局部粒子 cluster 显著减少,维持 particle SPC 门限,16,8,0.0,-8.0,PASS,pass
LOT-B,改善后,W08,28nm MCU,ETCH-07,B,Plasma Etch,improved_cluster,已完成 PM，局部粒子 cluster 显著减少,维持 particle SPC 门限,17,8,1.0,-8.0,PASS,pass
LOT-B,改善后,W08,28nm MCU,ETCH-07,B,Plasma Etch,improved_cluster,已完成 PM，局部粒子 cluster 显著减少,维持 particle SPC 门限,18,8,2.0,-8.0,PASS,pass
LOT-B,改善后,W08,28nm MCU,ETCH-07,B,Plasma Etch,improved_cluster,已完成 PM，局部粒子 cluster 显著减少,维持 particle SPC 门限,19,8,3.0,-8.0,PASS,pass
LOT-B,改善后,W08,28nm MCU,ETCH-07,B,Plasma Etch,improved_cluster,已完成 PM，局部粒子 cluster 显著减少,维持 particle SPC 门限,20,8,4.0,-8.0,PASS,pass
LOT-B,改善后,W08,28nm MCU,ETCH-07,B,Plasma Etch,improved_cluster,已完成 PM，局部粒子 cluster 显著减少,维持 particle SPC 门限,21,8,5.0,-8.0,PASS,pass
LOT-B,改善后,W08,28nm MCU,ETCH-07,B,Plasma Etch,improved_cluster,已完成 PM，局部粒子 cluster 显著减少,维持 particle SPC 门限,22,8,6.0,-8.0,FAIL,top_right_cluster
LOT-B,改善后,W08,28nm MCU,ETCH-07,B,Plasma Etch,improved_cluster,已完成 PM，局部粒子 cluster 显著减少,维持 particle SPC 门限,23,8,7.0,-8.0,FAIL,top_right_cluster
LOT-B,改善后,W08,28nm MCU,ETCH-07,B,Plasma Etch,improved_cluster,已完成 PM，局部粒子 cluster 显著减少,维持 particle SPC 门限,24,8,8.0,-8.0,FAIL,top_right_cluster
LOT-B,改善后,W08,28nm MCU,ETCH-07,B,Plasma Etch,improved_cluster,已完成 PM，局部粒子 cluster 显著减少,维持 particle SPC 门限,25,8,9.0,-8.0,PASS,pass
LOT-B,改善后,W08,28nm MCU,ETCH-07,B,Plasma Etch,improved_cluster,已完成 PM，局部粒子 cluster 显著减少,维持 particle SPC 门限,26,8,10.0,-8.0,PASS,pass
LOT-B,改善后,W08,28nm MCU,ETCH-07,B,Plasma Etch,improved_cluster,已完成 PM，局部粒子 cluster 显著减少,维持 particle SPC 门限,27,8,11.0,-8.0,PASS,pass
LOT-B,改善后,W08,28nm MCU,ETCH-07,B,Plasma Etch,improved_cluster,已完成 PM，局部粒子 cluster 显著减少,维持 particle SPC 门限,28,8,12.0,-8.0,PASS,pass
LOT-B,改善后,W08,28nm MCU,ETCH-07,B,Plasma Etch,improved_cluster,已完成 PM，局部粒子 cluster 显著减少,维持 particle SPC 门限,3,9,-13.0,-7.0,PASS,pass
LOT-B,改善后,W08,28nm MCU,ETCH-07,B,Plasma Etch,improved_cluster,已完成 PM，局部粒子 cluster 显著减少,维持 particle SPC 门限,4,9,-12.0,-7.0,PASS,pass
LOT-B,改善后,W08,28nm MCU,ETCH-07,B,Plasma Etch,improved_cluster,已完成 PM，局部粒子 cluster 显著减少,维持 particle SPC 门限,5,9,-11.0,-7.0,PASS,pass
LOT-B,改善后,W08,28nm MCU,ETCH-07,B,Plasma Etch,improved_cluster,已完成 PM，局部粒子 cluster 显著减少,维持 particle SPC 门限,6,9,-10.0,-7.0,PASS,pass
LOT-B,改善后,W08,28nm MCU,ETCH-07,B,Plasma Etch,improved_cluster,已完成 PM，局部粒子 cluster 显著减少,维持 particle SPC 门限,7,9,-9.0,-7.0,PASS,pass
LOT-B,改善后,W08,28nm MCU,ETCH-07,B,Plasma Etch,improved_cluster,已完成 PM，局部粒子 cluster 显著减少,维持 particle SPC 门限,8,9,-8.0,-7.0,PASS,pass
LOT-B,改善后,W08,28nm MCU,ETCH-07,B,Plasma Etch,improved_cluster,已完成 PM，局部粒子 cluster 显著减少,维持 particle SPC 门限,9,9,-7.0,-7.0,PASS,pass
LOT-B,改善后,W08,28nm MCU,ETCH-07,B,Plasma Etch,improved_cluster,已完成 PM，局部粒子 cluster 显著减少,维持 particle SPC 门限,10,9,-6.0,-7.0,PASS,pass
LOT-B,改善后,W08,28nm MCU,ETCH-07,B,Plasma Etch,improved_cluster,已完成 PM，局部粒子 cluster 显著减少,维持 particle SPC 门限,11,9,-5.0,-7.0,PASS,pass
LOT-B,改善后,W08,28nm MCU,ETCH-07,B,Plasma Etch,improved_cluster,已完成 PM，局部粒子 cluster 显著减少,维持 particle SPC 门限,12,9,-4.0,-7.0,PASS,pass
LOT-B,改善后,W08,28nm MCU,ETCH-07,B,Plasma Etch,improved_cluster,已完成 PM，局部粒子 cluster 显著减少,维持 particle SPC 门限,13,9,-3.0,-7.0,PASS,pass
LOT-B,改善后,W08,28nm MCU,ETCH-07,B,Plasma Etch,improved_cluster,已完成 PM，局部粒子 cluster 显著减少,维持 particle SPC 门限,14,9,-2.0,-7.0,PASS,pass
LOT-B,改善后,W08,28nm MCU,ETCH-07,B,Plasma Etch,improved_cluster,已完成 PM，局部粒子 cluster 显著减少,维持 particle SPC 门限,15,9,-1.0,-7.0,PASS,pass
LOT-B,改善后,W08,28nm MCU,ETCH-07,B,Plasma Etch,improved_cluster,已完成 PM，局部粒子 cluster 显著减少,维持 particle SPC 门限,16,9,0.0,-7.0,PASS,pass
LOT-B,改善后,W08,28nm MCU,ETCH-07,B,Plasma Etch,improved_cluster,已完成 PM，局部粒子 cluster 显著减少,维持 particle SPC 门限,17,9,1.0,-7.0,PASS,pass
LOT-B,改善后,W08,28nm MCU,ETCH-07,B,Plasma Etch,improved_cluster,已完成 PM，局部粒子 cluster 显著减少,维持 particle SPC 门限,18,9,2.0,-7.0,PASS,pass
LOT-B,改善后,W08,28nm MCU,ETCH-07,B,Plasma Etch,improved_cluster,已完成 PM，局部粒子 cluster 显著减少,维持 particle SPC 门限,19,9,3.0,-7.0,PASS,pass
LOT-B,改善后,W08,28nm MCU,ETCH-07,B,Plasma Etch,improved_cluster,已完成 PM，局部粒子 cluster 显著减少,维持 particle SPC 门限,20,9,4.0,-7.0,PASS,pass
LOT-B,改善后,W08,28nm MCU,ETCH-07,B,Plasma Etch,improved_cluster,已完成 PM，局部粒子 cluster 显著减少,维持 particle SPC 门限,21,9,5.0,-7.0,PASS,pass
LOT-B,改善后,W08,28nm MCU,ETCH-07,B,Plasma Etch,improved_cluster,已完成 PM，局部粒子 cluster 显著减少,维持 particle SPC 门限,22,9,6.0,-7.0,PASS,pass
LOT-B,改善后,W08,28nm MCU,ETCH-07,B,Plasma Etch,improved_cluster,已完成 PM，局部粒子 cluster 显著减少,维持 particle SPC 门限,23,9,7.0,-7.0,PASS,pass
LOT-B,改善后,W08,28nm MCU,ETCH-07,B,Plasma Etch,improved_cluster,已完成 PM，局部粒子 cluster 显著减少,维持 particle SPC 门限,24,9,8.0,-7.0,PASS,pass
LOT-B,改善后,W08,28nm MCU,ETCH-07,B,Plasma Etch,improved_cluster,已完成 PM，局部粒子 cluster 显著减少,维持 particle SPC 门限,25,9,9.0,-7.0,PASS,pass
LOT-B,改善后,W08,28nm MCU,ETCH-07,B,Plasma Etch,improved_cluster,已完成 PM，局部粒子 cluster 显著减少,维持 particle SPC 门限,26,9,10.0,-7.0,PASS,pass
LOT-B,改善后,W08,28nm MCU,ETCH-07,B,Plasma Etch,improved_cluster,已完成 PM，局部粒子 cluster 显著减少,维持 particle SPC 门限,27,9,11.0,-7.0,PASS,pass
LOT-B,改善后,W08,28nm MCU,ETCH-07,B,Plasma Etch,improved_cluster,已完成 PM，局部粒子 cluster 显著减少,维持 particle SPC 门限,28,9,12.0,-7.0,PASS,pass
LOT-B,改善后,W08,28nm MCU,ETCH-07,B,Plasma Etch,improved_cluster,已完成 PM，局部粒子 cluster 显著减少,维持 particle SPC 门限,29,9,13.0,-7.0,PASS,pass
LOT-B,改善后,W08,28nm MCU,ETCH-07,B,Plasma Etch,improved_cluster,已完成 PM，局部粒子 cluster 显著减少,维持 particle SPC 门限,3,10,-13.0,-6.0,PASS,pass
LOT-B,改善后,W08,28nm MCU,ETCH-07,B,Plasma Etch,improved_cluster,已完成 PM，局部粒子 cluster 显著减少,维持 particle SPC 门限,4,10,-12.0,-6.0,PASS,pass
LOT-B,改善后,W08,28nm MCU,ETCH-07,B,Plasma Etch,improved_cluster,已完成 PM，局部粒子 cluster 显著减少,维持 particle SPC 门限,5,10,-11.0,-6.0,PASS,pass
LOT-B,改善后,W08,28nm MCU,ETCH-07,B,Plasma Etch,improved_cluster,已完成 PM，局部粒子 cluster 显著减少,维持 particle SPC 门限,6,10,-10.0,-6.0,PASS,pass
LOT-B,改善后,W08,28nm MCU,ETCH-07,B,Plasma Etch,improved_cluster,已完成 PM，局部粒子 cluster 显著减少,维持 particle SPC 门限,7,10,-9.0,-6.0,PASS,pass
LOT-B,改善后,W08,28nm MCU,ETCH-07,B,Plasma Etch,improved_cluster,已完成 PM，局部粒子 cluster 显著减少,维持 particle SPC 门限,8,10,-8.0,-6.0,PASS,pass
LOT-B,改善后,W08,28nm MCU,ETCH-07,B,Plasma Etch,improved_cluster,已完成 PM，局部粒子 cluster 显著减少,维持 particle SPC 门限,9,10,-7.0,-6.0,PASS,pass
LOT-B,改善后,W08,28nm MCU,ETCH-07,B,Plasma Etch,improved_cluster,已完成 PM，局部粒子 cluster 显著减少,维持 particle SPC 门限,10,10,-6.0,-6.0,FAIL,random
LOT-B,改善后,W08,28nm MCU,ETCH-07,B,Plasma Etch,improved_cluster,已完成 PM，局部粒子 cluster 显著减少,维持 particle SPC 门限,11,10,-5.0,-6.0,PASS,pass
LOT-B,改善后,W08,28nm MCU,ETCH-07,B,Plasma Etch,improved_cluster,已完成 PM，局部粒子 cluster 显著减少,维持 particle SPC 门限,12,10,-4.0,-6.0,PASS,pass
LOT-B,改善后,W08,28nm MCU,ETCH-07,B,Plasma Etch,improved_cluster,已完成 PM，局部粒子 cluster 显著减少,维持 particle SPC 门限,13,10,-3.0,-6.0,PASS,pass
LOT-B,改善后,W08,28nm MCU,ETCH-07,B,Plasma Etch,improved_cluster,已完成 PM，局部粒子 cluster 显著减少,维持 particle SPC 门限,14,10,-2.0,-6.0,PASS,pass
LOT-B,改善后,W08,28nm MCU,ETCH-07,B,Plasma Etch,improved_cluster,已完成 PM，局部粒子 cluster 显著减少,维持 particle SPC 门限,15,10,-1.0,-6.0,PASS,pass
LOT-B,改善后,W08,28nm MCU,ETCH-07,B,Plasma Etch,improved_cluster,已完成 PM，局部粒子 cluster 显著减少,维持 particle SPC 门限,16,10,0.0,-6.0,PASS,pass
LOT-B,改善后,W08,28nm MCU,ETCH-07,B,Plasma Etch,improved_cluster,已完成 PM，局部粒子 cluster 显著减少,维持 particle SPC 门限,17,10,1.0,-6.0,PASS,pass
LOT-B,改善后,W08,28nm MCU,ETCH-07,B,Plasma Etch,improved_cluster,已完成 PM，局部粒子 cluster 显著减少,维持 particle SPC 门限,18,10,2.0,-6.0,PASS,pass
LOT-B,改善后,W08,28nm MCU,ETCH-07,B,Plasma Etch,improved_cluster,已完成 PM，局部粒子 cluster 显著减少,维持 particle SPC 门限,19,10,3.0,-6.0,PASS,pass
LOT-B,改善后,W08,28nm MCU,ETCH-07,B,Plasma Etch,improved_cluster,已完成 PM，局部粒子 cluster 显著减少,维持 particle SPC 门限,20,10,4.0,-6.0,PASS,pass
LOT-B,改善后,W08,28nm MCU,ETCH-07,B,Plasma Etch,improved_cluster,已完成 PM，局部粒子 cluster 显著减少,维持 particle SPC 门限,21,10,5.0,-6.0,FAIL,top_right_cluster
LOT-B,改善后,W08,28nm MCU,ETCH-07,B,Plasma Etch,improved_cluster,已完成 PM，局部粒子 cluster 显著减少,维持 particle SPC 门限,22,10,6.0,-6.0,PASS,pass
LOT-B,改善后,W08,28nm MCU,ETCH-07,B,Plasma Etch,improved_cluster,已完成 PM，局部粒子 cluster 显著减少,维持 particle SPC 门限,23,10,7.0,-6.0,PASS,pass
LOT-B,改善后,W08,28nm MCU,ETCH-07,B,Plasma Etch,improved_cluster,已完成 PM，局部粒子 cluster 显著减少,维持 particle SPC 门限,24,10,8.0,-6.0,PASS,pass
LOT-B,改善后,W08,28nm MCU,ETCH-07,B,Plasma Etch,improved_cluster,已完成 PM，局部粒子 cluster 显著减少,维持 particle SPC 门限,25,10,9.0,-6.0,FAIL,top_right_cluster
LOT-B,改善后,W08,28nm MCU,ETCH-07,B,Plasma Etch,improved_cluster,已完成 PM，局部粒子 cluster 显著减少,维持 particle SPC 门限,26,10,10.0,-6.0,FAIL,top_right_cluster
LOT-B,改善后,W08,28nm MCU,ETCH-07,B,Plasma Etch,improved_cluster,已完成 PM，局部粒子 cluster 显著减少,维持 particle SPC 门限,27,10,11.0,-6.0,PASS,pass
LOT-B,改善后,W08,28nm MCU,ETCH-07,B,Plasma Etch,improved_cluster,已完成 PM，局部粒子 cluster 显著减少,维持 particle SPC 门限,28,10,12.0,-6.0,PASS,pass
LOT-B,改善后,W08,28nm MCU,ETCH-07,B,Plasma Etch,improved_cluster,已完成 PM，局部粒子 cluster 显著减少,维持 particle SPC 门限,29,10,13.0,-6.0,FAIL,top_right_cluster
LOT-B,改善后,W08,28nm MCU,ETCH-07,B,Plasma Etch,improved_cluster,已完成 PM，局部粒子 cluster 显著减少,维持 particle SPC 门限,3,11,-13.0,-5.0,PASS,pass
LOT-B,改善后,W08,28nm MCU,ETCH-07,B,Plasma Etch,improved_cluster,已完成 PM，局部粒子 cluster 显著减少,维持 particle SPC 门限,4,11,-12.0,-5.0,PASS,pass
LOT-B,改善后,W08,28nm MCU,ETCH-07,B,Plasma Etch,improved_cluster,已完成 PM，局部粒子 cluster 显著减少,维持 particle SPC 门限,5,11,-11.0,-5.0,PASS,pass
LOT-B,改善后,W08,28nm MCU,ETCH-07,B,Plasma Etch,improved_cluster,已完成 PM，局部粒子 cluster 显著减少,维持 particle SPC 门限,6,11,-10.0,-5.0,PASS,pass
LOT-B,改善后,W08,28nm MCU,ETCH-07,B,Plasma Etch,improved_cluster,已完成 PM，局部粒子 cluster 显著减少,维持 particle SPC 门限,7,11,-9.0,-5.0,PASS,pass
LOT-B,改善后,W08,28nm MCU,ETCH-07,B,Plasma Etch,improved_cluster,已完成 PM，局部粒子 cluster 显著减少,维持 particle SPC 门限,8,11,-8.0,-5.0,PASS,pass
LOT-B,改善后,W08,28nm MCU,ETCH-07,B,Plasma Etch,improved_cluster,已完成 PM，局部粒子 cluster 显著减少,维持 particle SPC 门限,9,11,-7.0,-5.0,PASS,pass
LOT-B,改善后,W08,28nm MCU,ETCH-07,B,Plasma Etch,improved_cluster,已完成 PM，局部粒子 cluster 显著减少,维持 particle SPC 门限,10,11,-6.0,-5.0,PASS,pass
LOT-B,改善后,W08,28nm MCU,ETCH-07,B,Plasma Etch,improved_cluster,已完成 PM，局部粒子 cluster 显著减少,维持 particle SPC 门限,11,11,-5.0,-5.0,PASS,pass
LOT-B,改善后,W08,28nm MCU,ETCH-07,B,Plasma Etch,improved_cluster,已完成 PM，局部粒子 cluster 显著减少,维持 particle SPC 门限,12,11,-4.0,-5.0,PASS,pass
LOT-B,改善后,W08,28nm MCU,ETCH-07,B,Plasma Etch,improved_cluster,已完成 PM，局部粒子 cluster 显著减少,维持 particle SPC 门限,13,11,-3.0,-5.0,PASS,pass
LOT-B,改善后,W08,28nm MCU,ETCH-07,B,Plasma Etch,improved_cluster,已完成 PM，局部粒子 cluster 显著减少,维持 particle SPC 门限,14,11,-2.0,-5.0,PASS,pass
LOT-B,改善后,W08,28nm MCU,ETCH-07,B,Plasma Etch,improved_cluster,已完成 PM，局部粒子 cluster 显著减少,维持 particle SPC 门限,15,11,-1.0,-5.0,PASS,pass
LOT-B,改善后,W08,28nm MCU,ETCH-07,B,Plasma Etch,improved_cluster,已完成 PM，局部粒子 cluster 显著减少,维持 particle SPC 门限,16,11,0.0,-5.0,PASS,pass
LOT-B,改善后,W08,28nm MCU,ETCH-07,B,Plasma Etch,improved_cluster,已完成 PM，局部粒子 cluster 显著减少,维持 particle SPC 门限,17,11,1.0,-5.0,PASS,pass
LOT-B,改善后,W08,28nm MCU,ETCH-07,B,Plasma Etch,improved_cluster,已完成 PM，局部粒子 cluster 显著减少,维持 particle SPC 门限,18,11,2.0,-5.0,PASS,pass
LOT-B,改善后,W08,28nm MCU,ETCH-07,B,Plasma Etch,improved_cluster,已完成 PM，局部粒子 cluster 显著减少,维持 particle SPC 门限,19,11,3.0,-5.0,PASS,pass
LOT-B,改善后,W08,28nm MCU,ETCH-07,B,Plasma Etch,improved_cluster,已完成 PM，局部粒子 cluster 显著减少,维持 particle SPC 门限,20,11,4.0,-5.0,PASS,pass
LOT-B,改善后,W08,28nm MCU,ETCH-07,B,Plasma Etch,improved_cluster,已完成 PM，局部粒子 cluster 显著减少,维持 particle SPC 门限,21,11,5.0,-5.0,PASS,pass
LOT-B,改善后,W08,28nm MCU,ETCH-07,B,Plasma Etch,improved_cluster,已完成 PM，局部粒子 cluster 显著减少,维持 particle SPC 门限,22,11,6.0,-5.0,FAIL,top_right_cluster
LOT-B,改善后,W08,28nm MCU,ETCH-07,B,Plasma Etch,improved_cluster,已完成 PM，局部粒子 cluster 显著减少,维持 particle SPC 门限,23,11,7.0,-5.0,PASS,pass
LOT-B,改善后,W08,28nm MCU,ETCH-07,B,Plasma Etch,improved_cluster,已完成 PM，局部粒子 cluster 显著减少,维持 particle SPC 门限,24,11,8.0,-5.0,PASS,pass
LOT-B,改善后,W08,28nm MCU,ETCH-07,B,Plasma Etch,improved_cluster,已完成 PM，局部粒子 cluster 显著减少,维持 particle SPC 门限,25,11,9.0,-5.0,FAIL,top_right_cluster
LOT-B,改善后,W08,28nm MCU,ETCH-07,B,Plasma Etch,improved_cluster,已完成 PM，局部粒子 cluster 显著减少,维持 particle SPC 门限,26,11,10.0,-5.0,PASS,pass
LOT-B,改善后,W08,28nm MCU,ETCH-07,B,Plasma Etch,improved_cluster,已完成 PM，局部粒子 cluster 显著减少,维持 particle SPC 门限,27,11,11.0,-5.0,PASS,pass
LOT-B,改善后,W08,28nm MCU,ETCH-07,B,Plasma Etch,improved_cluster,已完成 PM，局部粒子 cluster 显著减少,维持 particle SPC 门限,28,11,12.0,-5.0,PASS,pass
LOT-B,改善后,W08,28nm MCU,ETCH-07,B,Plasma Etch,improved_cluster,已完成 PM，局部粒子 cluster 显著减少,维持 particle SPC 门限,29,11,13.0,-5.0,PASS,pass
LOT-B,改善后,W08,28nm MCU,ETCH-07,B,Plasma Etch,improved_cluster,已完成 PM，局部粒子 cluster 显著减少,维持 particle SPC 门限,2,12,-14.0,-4.0,PASS,pass
LOT-B,改善后,W08,28nm MCU,ETCH-07,B,Plasma Etch,improved_cluster,已完成 PM，局部粒子 cluster 显著减少,维持 particle SPC 门限,3,12,-13.0,-4.0,PASS,pass
LOT-B,改善后,W08,28nm MCU,ETCH-07,B,Plasma Etch,improved_cluster,已完成 PM，局部粒子 cluster 显著减少,维持 particle SPC 门限,4,12,-12.0,-4.0,PASS,pass
LOT-B,改善后,W08,28nm MCU,ETCH-07,B,Plasma Etch,improved_cluster,已完成 PM，局部粒子 cluster 显著减少,维持 particle SPC 门限,5,12,-11.0,-4.0,PASS,pass
LOT-B,改善后,W08,28nm MCU,ETCH-07,B,Plasma Etch,improved_cluster,已完成 PM，局部粒子 cluster 显著减少,维持 particle SPC 门限,6,12,-10.0,-4.0,PASS,pass
LOT-B,改善后,W08,28nm MCU,ETCH-07,B,Plasma Etch,improved_cluster,已完成 PM，局部粒子 cluster 显著减少,维持 particle SPC 门限,7,12,-9.0,-4.0,PASS,pass
LOT-B,改善后,W08,28nm MCU,ETCH-07,B,Plasma Etch,improved_cluster,已完成 PM，局部粒子 cluster 显著减少,维持 particle SPC 门限,8,12,-8.0,-4.0,PASS,pass
LOT-B,改善后,W08,28nm MCU,ETCH-07,B,Plasma Etch,improved_cluster,已完成 PM，局部粒子 cluster 显著减少,维持 particle SPC 门限,9,12,-7.0,-4.0,PASS,pass
LOT-B,改善后,W08,28nm MCU,ETCH-07,B,Plasma Etch,improved_cluster,已完成 PM，局部粒子 cluster 显著减少,维持 particle SPC 门限,10,12,-6.0,-4.0,PASS,pass
LOT-B,改善后,W08,28nm MCU,ETCH-07,B,Plasma Etch,improved_cluster,已完成 PM，局部粒子 cluster 显著减少,维持 particle SPC 门限,11,12,-5.0,-4.0,PASS,pass
LOT-B,改善后,W08,28nm MCU,ETCH-07,B,Plasma Etch,improved_cluster,已完成 PM，局部粒子 cluster 显著减少,维持 particle SPC 门限,12,12,-4.0,-4.0,PASS,pass
LOT-B,改善后,W08,28nm MCU,ETCH-07,B,Plasma Etch,improved_cluster,已完成 PM，局部粒子 cluster 显著减少,维持 particle SPC 门限,13,12,-3.0,-4.0,PASS,pass
LOT-B,改善后,W08,28nm MCU,ETCH-07,B,Plasma Etch,improved_cluster,已完成 PM，局部粒子 cluster 显著减少,维持 particle SPC 门限,14,12,-2.0,-4.0,PASS,pass
LOT-B,改善后,W08,28nm MCU,ETCH-07,B,Plasma Etch,improved_cluster,已完成 PM，局部粒子 cluster 显著减少,维持 particle SPC 门限,15,12,-1.0,-4.0,PASS,pass
LOT-B,改善后,W08,28nm MCU,ETCH-07,B,Plasma Etch,improved_cluster,已完成 PM，局部粒子 cluster 显著减少,维持 particle SPC 门限,16,12,0.0,-4.0,PASS,pass
LOT-B,改善后,W08,28nm MCU,ETCH-07,B,Plasma Etch,improved_cluster,已完成 PM，局部粒子 cluster 显著减少,维持 particle SPC 门限,17,12,1.0,-4.0,PASS,pass
LOT-B,改善后,W08,28nm MCU,ETCH-07,B,Plasma Etch,improved_cluster,已完成 PM，局部粒子 cluster 显著减少,维持 particle SPC 门限,18,12,2.0,-4.0,PASS,pass
LOT-B,改善后,W08,28nm MCU,ETCH-07,B,Plasma Etch,improved_cluster,已完成 PM，局部粒子 cluster 显著减少,维持 particle SPC 门限,19,12,3.0,-4.0,PASS,pass
LOT-B,改善后,W08,28nm MCU,ETCH-07,B,Plasma Etch,improved_cluster,已完成 PM，局部粒子 cluster 显著减少,维持 particle SPC 门限,20,12,4.0,-4.0,PASS,pass
LOT-B,改善后,W08,28nm MCU,ETCH-07,B,Plasma Etch,improved_cluster,已完成 PM，局部粒子 cluster 显著减少,维持 particle SPC 门限,21,12,5.0,-4.0,PASS,pass
LOT-B,改善后,W08,28nm MCU,ETCH-07,B,Plasma Etch,improved_cluster,已完成 PM，局部粒子 cluster 显著减少,维持 particle SPC 门限,22,12,6.0,-4.0,PASS,pass
LOT-B,改善后,W08,28nm MCU,ETCH-07,B,Plasma Etch,improved_cluster,已完成 PM，局部粒子 cluster 显著减少,维持 particle SPC 门限,23,12,7.0,-4.0,PASS,pass
LOT-B,改善后,W08,28nm MCU,ETCH-07,B,Plasma Etch,improved_cluster,已完成 PM，局部粒子 cluster 显著减少,维持 particle SPC 门限,24,12,8.0,-4.0,PASS,pass
LOT-B,改善后,W08,28nm MCU,ETCH-07,B,Plasma Etch,improved_cluster,已完成 PM，局部粒子 cluster 显著减少,维持 particle SPC 门限,25,12,9.0,-4.0,PASS,pass
LOT-B,改善后,W08,28nm MCU,ETCH-07,B,Plasma Etch,improved_cluster,已完成 PM，局部粒子 cluster 显著减少,维持 particle SPC 门限,26,12,10.0,-4.0,PASS,pass
LOT-B,改善后,W08,28nm MCU,ETCH-07,B,Plasma Etch,improved_cluster,已完成 PM，局部粒子 cluster 显著减少,维持 particle SPC 门限,27,12,11.0,-4.0,PASS,pass
LOT-B,改善后,W08,28nm MCU,ETCH-07,B,Plasma Etch,improved_cluster,已完成 PM，局部粒子 cluster 显著减少,维持 particle SPC 门限,28,12,12.0,-4.0,PASS,pass
LOT-B,改善后,W08,28nm MCU,ETCH-07,B,Plasma Etch,improved_cluster,已完成 PM，局部粒子 cluster 显著减少,维持 particle SPC 门限,29,12,13.0,-4.0,PASS,pass
LOT-B,改善后,W08,28nm MCU,ETCH-07,B,Plasma Etch,improved_cluster,已完成 PM，局部粒子 cluster 显著减少,维持 particle SPC 门限,30,12,14.0,-4.0,PASS,pass
LOT-B,改善后,W08,28nm MCU,ETCH-07,B,Plasma Etch,improved_cluster,已完成 PM，局部粒子 cluster 显著减少,维持 particle SPC 门限,2,13,-14.0,-3.0,PASS,pass
LOT-B,改善后,W08,28nm MCU,ETCH-07,B,Plasma Etch,improved_cluster,已完成 PM，局部粒子 cluster 显著减少,维持 particle SPC 门限,3,13,-13.0,-3.0,PASS,pass
LOT-B,改善后,W08,28nm MCU,ETCH-07,B,Plasma Etch,improved_cluster,已完成 PM，局部粒子 cluster 显著减少,维持 particle SPC 门限,4,13,-12.0,-3.0,PASS,pass
LOT-B,改善后,W08,28nm MCU,ETCH-07,B,Plasma Etch,improved_cluster,已完成 PM，局部粒子 cluster 显著减少,维持 particle SPC 门限,5,13,-11.0,-3.0,PASS,pass
LOT-B,改善后,W08,28nm MCU,ETCH-07,B,Plasma Etch,improved_cluster,已完成 PM，局部粒子 cluster 显著减少,维持 particle SPC 门限,6,13,-10.0,-3.0,PASS,pass
LOT-B,改善后,W08,28nm MCU,ETCH-07,B,Plasma Etch,improved_cluster,已完成 PM，局部粒子 cluster 显著减少,维持 particle SPC 门限,7,13,-9.0,-3.0,PASS,pass
LOT-B,改善后,W08,28nm MCU,ETCH-07,B,Plasma Etch,improved_cluster,已完成 PM，局部粒子 cluster 显著减少,维持 particle SPC 门限,8,13,-8.0,-3.0,PASS,pass
LOT-B,改善后,W08,28nm MCU,ETCH-07,B,Plasma Etch,improved_cluster,已完成 PM，局部粒子 cluster 显著减少,维持 particle SPC 门限,9,13,-7.0,-3.0,PASS,pass
LOT-B,改善后,W08,28nm MCU,ETCH-07,B,Plasma Etch,improved_cluster,已完成 PM，局部粒子 cluster 显著减少,维持 particle SPC 门限,10,13,-6.0,-3.0,PASS,pass
LOT-B,改善后,W08,28nm MCU,ETCH-07,B,Plasma Etch,improved_cluster,已完成 PM，局部粒子 cluster 显著减少,维持 particle SPC 门限,11,13,-5.0,-3.0,PASS,pass
LOT-B,改善后,W08,28nm MCU,ETCH-07,B,Plasma Etch,improved_cluster,已完成 PM，局部粒子 cluster 显著减少,维持 particle SPC 门限,12,13,-4.0,-3.0,PASS,pass
LOT-B,改善后,W08,28nm MCU,ETCH-07,B,Plasma Etch,improved_cluster,已完成 PM，局部粒子 cluster 显著减少,维持 particle SPC 门限,13,13,-3.0,-3.0,PASS,pass
LOT-B,改善后,W08,28nm MCU,ETCH-07,B,Plasma Etch,improved_cluster,已完成 PM，局部粒子 cluster 显著减少,维持 particle SPC 门限,14,13,-2.0,-3.0,PASS,pass
LOT-B,改善后,W08,28nm MCU,ETCH-07,B,Plasma Etch,improved_cluster,已完成 PM，局部粒子 cluster 显著减少,维持 particle SPC 门限,15,13,-1.0,-3.0,PASS,pass
LOT-B,改善后,W08,28nm MCU,ETCH-07,B,Plasma Etch,improved_cluster,已完成 PM，局部粒子 cluster 显著减少,维持 particle SPC 门限,16,13,0.0,-3.0,PASS,pass
LOT-B,改善后,W08,28nm MCU,ETCH-07,B,Plasma Etch,improved_cluster,已完成 PM，局部粒子 cluster 显著减少,维持 particle SPC 门限,17,13,1.0,-3.0,PASS,pass
LOT-B,改善后,W08,28nm MCU,ETCH-07,B,Plasma Etch,improved_cluster,已完成 PM，局部粒子 cluster 显著减少,维持 particle SPC 门限,18,13,2.0,-3.0,PASS,pass
LOT-B,改善后,W08,28nm MCU,ETCH-07,B,Plasma Etch,improved_cluster,已完成 PM，局部粒子 cluster 显著减少,维持 particle SPC 门限,19,13,3.0,-3.0,PASS,pass
LOT-B,改善后,W08,28nm MCU,ETCH-07,B,Plasma Etch,improved_cluster,已完成 PM，局部粒子 cluster 显著减少,维持 particle SPC 门限,20,13,4.0,-3.0,PASS,pass
LOT-B,改善后,W08,28nm MCU,ETCH-07,B,Plasma Etch,improved_cluster,已完成 PM，局部粒子 cluster 显著减少,维持 particle SPC 门限,21,13,5.0,-3.0,PASS,pass
LOT-B,改善后,W08,28nm MCU,ETCH-07,B,Plasma Etch,improved_cluster,已完成 PM，局部粒子 cluster 显著减少,维持 particle SPC 门限,22,13,6.0,-3.0,PASS,pass
LOT-B,改善后,W08,28nm MCU,ETCH-07,B,Plasma Etch,improved_cluster,已完成 PM，局部粒子 cluster 显著减少,维持 particle SPC 门限,23,13,7.0,-3.0,PASS,pass
LOT-B,改善后,W08,28nm MCU,ETCH-07,B,Plasma Etch,improved_cluster,已完成 PM，局部粒子 cluster 显著减少,维持 particle SPC 门限,24,13,8.0,-3.0,PASS,pass
LOT-B,改善后,W08,28nm MCU,ETCH-07,B,Plasma Etch,improved_cluster,已完成 PM，局部粒子 cluster 显著减少,维持 particle SPC 门限,25,13,9.0,-3.0,PASS,pass
LOT-B,改善后,W08,28nm MCU,ETCH-07,B,Plasma Etch,improved_cluster,已完成 PM，局部粒子 cluster 显著减少,维持 particle SPC 门限,26,13,10.0,-3.0,PASS,pass
LOT-B,改善后,W08,28nm MCU,ETCH-07,B,Plasma Etch,improved_cluster,已完成 PM，局部粒子 cluster 显著减少,维持 particle SPC 门限,27,13,11.0,-3.0,PASS,pass
LOT-B,改善后,W08,28nm MCU,ETCH-07,B,Plasma Etch,improved_cluster,已完成 PM，局部粒子 cluster 显著减少,维持 particle SPC 门限,28,13,12.0,-3.0,PASS,pass
LOT-B,改善后,W08,28nm MCU,ETCH-07,B,Plasma Etch,improved_cluster,已完成 PM，局部粒子 cluster 显著减少,维持 particle SPC 门限,29,13,13.0,-3.0,PASS,pass
LOT-B,改善后,W08,28nm MCU,ETCH-07,B,Plasma Etch,improved_cluster,已完成 PM，局部粒子 cluster 显著减少,维持 particle SPC 门限,30,13,14.0,-3.0,PASS,pass
LOT-B,改善后,W08,28nm MCU,ETCH-07,B,Plasma Etch,improved_cluster,已完成 PM，局部粒子 cluster 显著减少,维持 particle SPC 门限,2,14,-14.0,-2.0,PASS,pass
LOT-B,改善后,W08,28nm MCU,ETCH-07,B,Plasma Etch,improved_cluster,已完成 PM，局部粒子 cluster 显著减少,维持 particle SPC 门限,3,14,-13.0,-2.0,PASS,pass
LOT-B,改善后,W08,28nm MCU,ETCH-07,B,Plasma Etch,improved_cluster,已完成 PM，局部粒子 cluster 显著减少,维持 particle SPC 门限,4,14,-12.0,-2.0,PASS,pass
LOT-B,改善后,W08,28nm MCU,ETCH-07,B,Plasma Etch,improved_cluster,已完成 PM，局部粒子 cluster 显著减少,维持 particle SPC 门限,5,14,-11.0,-2.0,PASS,pass
LOT-B,改善后,W08,28nm MCU,ETCH-07,B,Plasma Etch,improved_cluster,已完成 PM，局部粒子 cluster 显著减少,维持 particle SPC 门限,6,14,-10.0,-2.0,PASS,pass
LOT-B,改善后,W08,28nm MCU,ETCH-07,B,Plasma Etch,improved_cluster,已完成 PM，局部粒子 cluster 显著减少,维持 particle SPC 门限,7,14,-9.0,-2.0,PASS,pass
LOT-B,改善后,W08,28nm MCU,ETCH-07,B,Plasma Etch,improved_cluster,已完成 PM，局部粒子 cluster 显著减少,维持 particle SPC 门限,8,14,-8.0,-2.0,PASS,pass
LOT-B,改善后,W08,28nm MCU,ETCH-07,B,Plasma Etch,improved_cluster,已完成 PM，局部粒子 cluster 显著减少,维持 particle SPC 门限,9,14,-7.0,-2.0,PASS,pass
LOT-B,改善后,W08,28nm MCU,ETCH-07,B,Plasma Etch,improved_cluster,已完成 PM，局部粒子 cluster 显著减少,维持 particle SPC 门限,10,14,-6.0,-2.0,PASS,pass
LOT-B,改善后,W08,28nm MCU,ETCH-07,B,Plasma Etch,improved_cluster,已完成 PM，局部粒子 cluster 显著减少,维持 particle SPC 门限,11,14,-5.0,-2.0,PASS,pass
LOT-B,改善后,W08,28nm MCU,ETCH-07,B,Plasma Etch,improved_cluster,已完成 PM，局部粒子 cluster 显著减少,维持 particle SPC 门限,12,14,-4.0,-2.0,PASS,pass
LOT-B,改善后,W08,28nm MCU,ETCH-07,B,Plasma Etch,improved_cluster,已完成 PM，局部粒子 cluster 显著减少,维持 particle SPC 门限,13,14,-3.0,-2.0,PASS,pass
LOT-B,改善后,W08,28nm MCU,ETCH-07,B,Plasma Etch,improved_cluster,已完成 PM，局部粒子 cluster 显著减少,维持 particle SPC 门限,14,14,-2.0,-2.0,PASS,pass
LOT-B,改善后,W08,28nm MCU,ETCH-07,B,Plasma Etch,improved_cluster,已完成 PM，局部粒子 cluster 显著减少,维持 particle SPC 门限,15,14,-1.0,-2.0,PASS,pass
LOT-B,改善后,W08,28nm MCU,ETCH-07,B,Plasma Etch,improved_cluster,已完成 PM，局部粒子 cluster 显著减少,维持 particle SPC 门限,16,14,0.0,-2.0,PASS,pass
LOT-B,改善后,W08,28nm MCU,ETCH-07,B,Plasma Etch,improved_cluster,已完成 PM，局部粒子 cluster 显著减少,维持 particle SPC 门限,17,14,1.0,-2.0,PASS,pass
LOT-B,改善后,W08,28nm MCU,ETCH-07,B,Plasma Etch,improved_cluster,已完成 PM，局部粒子 cluster 显著减少,维持 particle SPC 门限,18,14,2.0,-2.0,PASS,pass
LOT-B,改善后,W08,28nm MCU,ETCH-07,B,Plasma Etch,improved_cluster,已完成 PM，局部粒子 cluster 显著减少,维持 particle SPC 门限,19,14,3.0,-2.0,PASS,pass
LOT-B,改善后,W08,28nm MCU,ETCH-07,B,Plasma Etch,improved_cluster,已完成 PM，局部粒子 cluster 显著减少,维持 particle SPC 门限,20,14,4.0,-2.0,PASS,pass
LOT-B,改善后,W08,28nm MCU,ETCH-07,B,Plasma Etch,improved_cluster,已完成 PM，局部粒子 cluster 显著减少,维持 particle SPC 门限,21,14,5.0,-2.0,PASS,pass
LOT-B,改善后,W08,28nm MCU,ETCH-07,B,Plasma Etch,improved_cluster,已完成 PM，局部粒子 cluster 显著减少,维持 particle SPC 门限,22,14,6.0,-2.0,PASS,pass
LOT-B,改善后,W08,28nm MCU,ETCH-07,B,Plasma Etch,improved_cluster,已完成 PM，局部粒子 cluster 显著减少,维持 particle SPC 门限,23,14,7.0,-2.0,PASS,pass
LOT-B,改善后,W08,28nm MCU,ETCH-07,B,Plasma Etch,improved_cluster,已完成 PM，局部粒子 cluster 显著减少,维持 particle SPC 门限,24,14,8.0,-2.0,PASS,pass
LOT-B,改善后,W08,28nm MCU,ETCH-07,B,Plasma Etch,improved_cluster,已完成 PM，局部粒子 cluster 显著减少,维持 particle SPC 门限,25,14,9.0,-2.0,PASS,pass
LOT-B,改善后,W08,28nm MCU,ETCH-07,B,Plasma Etch,improved_cluster,已完成 PM，局部粒子 cluster 显著减少,维持 particle SPC 门限,26,14,10.0,-2.0,PASS,pass
LOT-B,改善后,W08,28nm MCU,ETCH-07,B,Plasma Etch,improved_cluster,已完成 PM，局部粒子 cluster 显著减少,维持 particle SPC 门限,27,14,11.0,-2.0,PASS,pass
LOT-B,改善后,W08,28nm MCU,ETCH-07,B,Plasma Etch,improved_cluster,已完成 PM，局部粒子 cluster 显著减少,维持 particle SPC 门限,28,14,12.0,-2.0,PASS,pass
LOT-B,改善后,W08,28nm MCU,ETCH-07,B,Plasma Etch,improved_cluster,已完成 PM，局部粒子 cluster 显著减少,维持 particle SPC 门限,29,14,13.0,-2.0,PASS,pass
LOT-B,改善后,W08,28nm MCU,ETCH-07,B,Plasma Etch,improved_cluster,已完成 PM，局部粒子 cluster 显著减少,维持 particle SPC 门限,30,14,14.0,-2.0,PASS,pass
LOT-B,改善后,W08,28nm MCU,ETCH-07,B,Plasma Etch,improved_cluster,已完成 PM，局部粒子 cluster 显著减少,维持 particle SPC 门限,2,15,-14.0,-1.0,PASS,pass
LOT-B,改善后,W08,28nm MCU,ETCH-07,B,Plasma Etch,improved_cluster,已完成 PM，局部粒子 cluster 显著减少,维持 particle SPC 门限,3,15,-13.0,-1.0,PASS,pass
LOT-B,改善后,W08,28nm MCU,ETCH-07,B,Plasma Etch,improved_cluster,已完成 PM，局部粒子 cluster 显著减少,维持 particle SPC 门限,4,15,-12.0,-1.0,PASS,pass
LOT-B,改善后,W08,28nm MCU,ETCH-07,B,Plasma Etch,improved_cluster,已完成 PM，局部粒子 cluster 显著减少,维持 particle SPC 门限,5,15,-11.0,-1.0,PASS,pass
LOT-B,改善后,W08,28nm MCU,ETCH-07,B,Plasma Etch,improved_cluster,已完成 PM，局部粒子 cluster 显著减少,维持 particle SPC 门限,6,15,-10.0,-1.0,PASS,pass
LOT-B,改善后,W08,28nm MCU,ETCH-07,B,Plasma Etch,improved_cluster,已完成 PM，局部粒子 cluster 显著减少,维持 particle SPC 门限,7,15,-9.0,-1.0,PASS,pass
LOT-B,改善后,W08,28nm MCU,ETCH-07,B,Plasma Etch,improved_cluster,已完成 PM，局部粒子 cluster 显著减少,维持 particle SPC 门限,8,15,-8.0,-1.0,PASS,pass
LOT-B,改善后,W08,28nm MCU,ETCH-07,B,Plasma Etch,improved_cluster,已完成 PM，局部粒子 cluster 显著减少,维持 particle SPC 门限,9,15,-7.0,-1.0,PASS,pass
LOT-B,改善后,W08,28nm MCU,ETCH-07,B,Plasma Etch,improved_cluster,已完成 PM，局部粒子 cluster 显著减少,维持 particle SPC 门限,10,15,-6.0,-1.0,PASS,pass
LOT-B,改善后,W08,28nm MCU,ETCH-07,B,Plasma Etch,improved_cluster,已完成 PM，局部粒子 cluster 显著减少,维持 particle SPC 门限,11,15,-5.0,-1.0,PASS,pass
LOT-B,改善后,W08,28nm MCU,ETCH-07,B,Plasma Etch,improved_cluster,已完成 PM，局部粒子 cluster 显著减少,维持 particle SPC 门限,12,15,-4.0,-1.0,PASS,pass
LOT-B,改善后,W08,28nm MCU,ETCH-07,B,Plasma Etch,improved_cluster,已完成 PM，局部粒子 cluster 显著减少,维持 particle SPC 门限,13,15,-3.0,-1.0,PASS,pass
LOT-B,改善后,W08,28nm MCU,ETCH-07,B,Plasma Etch,improved_cluster,已完成 PM，局部粒子 cluster 显著减少,维持 particle SPC 门限,14,15,-2.0,-1.0,PASS,pass
LOT-B,改善后,W08,28nm MCU,ETCH-07,B,Plasma Etch,improved_cluster,已完成 PM，局部粒子 cluster 显著减少,维持 particle SPC 门限,15,15,-1.0,-1.0,PASS,pass
LOT-B,改善后,W08,28nm MCU,ETCH-07,B,Plasma Etch,improved_cluster,已完成 PM，局部粒子 cluster 显著减少,维持 particle SPC 门限,16,15,0.0,-1.0,PASS,pass
LOT-B,改善后,W08,28nm MCU,ETCH-07,B,Plasma Etch,improved_cluster,已完成 PM，局部粒子 cluster 显著减少,维持 particle SPC 门限,17,15,1.0,-1.0,PASS,pass
LOT-B,改善后,W08,28nm MCU,ETCH-07,B,Plasma Etch,improved_cluster,已完成 PM，局部粒子 cluster 显著减少,维持 particle SPC 门限,18,15,2.0,-1.0,PASS,pass
LOT-B,改善后,W08,28nm MCU,ETCH-07,B,Plasma Etch,improved_cluster,已完成 PM，局部粒子 cluster 显著减少,维持 particle SPC 门限,19,15,3.0,-1.0,PASS,pass
LOT-B,改善后,W08,28nm MCU,ETCH-07,B,Plasma Etch,improved_cluster,已完成 PM，局部粒子 cluster 显著减少,维持 particle SPC 门限,20,15,4.0,-1.0,PASS,pass
LOT-B,改善后,W08,28nm MCU,ETCH-07,B,Plasma Etch,improved_cluster,已完成 PM，局部粒子 cluster 显著减少,维持 particle SPC 门限,21,15,5.0,-1.0,PASS,pass
LOT-B,改善后,W08,28nm MCU,ETCH-07,B,Plasma Etch,improved_cluster,已完成 PM，局部粒子 cluster 显著减少,维持 particle SPC 门限,22,15,6.0,-1.0,PASS,pass
LOT-B,改善后,W08,28nm MCU,ETCH-07,B,Plasma Etch,improved_cluster,已完成 PM，局部粒子 cluster 显著减少,维持 particle SPC 门限,23,15,7.0,-1.0,PASS,pass
LOT-B,改善后,W08,28nm MCU,ETCH-07,B,Plasma Etch,improved_cluster,已完成 PM，局部粒子 cluster 显著减少,维持 particle SPC 门限,24,15,8.0,-1.0,PASS,pass
LOT-B,改善后,W08,28nm MCU,ETCH-07,B,Plasma Etch,improved_cluster,已完成 PM，局部粒子 cluster 显著减少,维持 particle SPC 门限,25,15,9.0,-1.0,PASS,pass
LOT-B,改善后,W08,28nm MCU,ETCH-07,B,Plasma Etch,improved_cluster,已完成 PM，局部粒子 cluster 显著减少,维持 particle SPC 门限,26,15,10.0,-1.0,PASS,pass
LOT-B,改善后,W08,28nm MCU,ETCH-07,B,Plasma Etch,improved_cluster,已完成 PM，局部粒子 cluster 显著减少,维持 particle SPC 门限,27,15,11.0,-1.0,PASS,pass
LOT-B,改善后,W08,28nm MCU,ETCH-07,B,Plasma Etch,improved_cluster,已完成 PM，局部粒子 cluster 显著减少,维持 particle SPC 门限,28,15,12.0,-1.0,PASS,pass
LOT-B,改善后,W08,28nm MCU,ETCH-07,B,Plasma Etch,improved_cluster,已完成 PM，局部粒子 cluster 显著减少,维持 particle SPC 门限,29,15,13.0,-1.0,PASS,pass
LOT-B,改善后,W08,28nm MCU,ETCH-07,B,Plasma Etch,improved_cluster,已完成 PM，局部粒子 cluster 显著减少,维持 particle SPC 门限,30,15,14.0,-1.0,PASS,pass
LOT-B,改善后,W08,28nm MCU,ETCH-07,B,Plasma Etch,improved_cluster,已完成 PM，局部粒子 cluster 显著减少,维持 particle SPC 门限,2,16,-14.0,0.0,PASS,pass
LOT-B,改善后,W08,28nm MCU,ETCH-07,B,Plasma Etch,improved_cluster,已完成 PM，局部粒子 cluster 显著减少,维持 particle SPC 门限,3,16,-13.0,0.0,PASS,pass
LOT-B,改善后,W08,28nm MCU,ETCH-07,B,Plasma Etch,improved_cluster,已完成 PM，局部粒子 cluster 显著减少,维持 particle SPC 门限,4,16,-12.0,0.0,PASS,pass
LOT-B,改善后,W08,28nm MCU,ETCH-07,B,Plasma Etch,improved_cluster,已完成 PM，局部粒子 cluster 显著减少,维持 particle SPC 门限,5,16,-11.0,0.0,PASS,pass
LOT-B,改善后,W08,28nm MCU,ETCH-07,B,Plasma Etch,improved_cluster,已完成 PM，局部粒子 cluster 显著减少,维持 particle SPC 门限,6,16,-10.0,0.0,PASS,pass
LOT-B,改善后,W08,28nm MCU,ETCH-07,B,Plasma Etch,improved_cluster,已完成 PM，局部粒子 cluster 显著减少,维持 particle SPC 门限,7,16,-9.0,0.0,PASS,pass
LOT-B,改善后,W08,28nm MCU,ETCH-07,B,Plasma Etch,improved_cluster,已完成 PM，局部粒子 cluster 显著减少,维持 particle SPC 门限,8,16,-8.0,0.0,PASS,pass
LOT-B,改善后,W08,28nm MCU,ETCH-07,B,Plasma Etch,improved_cluster,已完成 PM，局部粒子 cluster 显著减少,维持 particle SPC 门限,9,16,-7.0,0.0,PASS,pass
LOT-B,改善后,W08,28nm MCU,ETCH-07,B,Plasma Etch,improved_cluster,已完成 PM，局部粒子 cluster 显著减少,维持 particle SPC 门限,10,16,-6.0,0.0,PASS,pass
LOT-B,改善后,W08,28nm MCU,ETCH-07,B,Plasma Etch,improved_cluster,已完成 PM，局部粒子 cluster 显著减少,维持 particle SPC 门限,11,16,-5.0,0.0,PASS,pass
LOT-B,改善后,W08,28nm MCU,ETCH-07,B,Plasma Etch,improved_cluster,已完成 PM，局部粒子 cluster 显著减少,维持 particle SPC 门限,12,16,-4.0,0.0,PASS,pass
LOT-B,改善后,W08,28nm MCU,ETCH-07,B,Plasma Etch,improved_cluster,已完成 PM，局部粒子 cluster 显著减少,维持 particle SPC 门限,13,16,-3.0,0.0,PASS,pass
LOT-B,改善后,W08,28nm MCU,ETCH-07,B,Plasma Etch,improved_cluster,已完成 PM，局部粒子 cluster 显著减少,维持 particle SPC 门限,14,16,-2.0,0.0,PASS,pass
LOT-B,改善后,W08,28nm MCU,ETCH-07,B,Plasma Etch,improved_cluster,已完成 PM，局部粒子 cluster 显著减少,维持 particle SPC 门限,15,16,-1.0,0.0,PASS,pass
LOT-B,改善后,W08,28nm MCU,ETCH-07,B,Plasma Etch,improved_cluster,已完成 PM，局部粒子 cluster 显著减少,维持 particle SPC 门限,16,16,0.0,0.0,PASS,pass
LOT-B,改善后,W08,28nm MCU,ETCH-07,B,Plasma Etch,improved_cluster,已完成 PM，局部粒子 cluster 显著减少,维持 particle SPC 门限,17,16,1.0,0.0,PASS,pass
LOT-B,改善后,W08,28nm MCU,ETCH-07,B,Plasma Etch,improved_cluster,已完成 PM，局部粒子 cluster 显著减少,维持 particle SPC 门限,18,16,2.0,0.0,PASS,pass
LOT-B,改善后,W08,28nm MCU,ETCH-07,B,Plasma Etch,improved_cluster,已完成 PM，局部粒子 cluster 显著减少,维持 particle SPC 门限,19,16,3.0,0.0,PASS,pass
LOT-B,改善后,W08,28nm MCU,ETCH-07,B,Plasma Etch,improved_cluster,已完成 PM，局部粒子 cluster 显著减少,维持 particle SPC 门限,20,16,4.0,0.0,PASS,pass
LOT-B,改善后,W08,28nm MCU,ETCH-07,B,Plasma Etch,improved_cluster,已完成 PM，局部粒子 cluster 显著减少,维持 particle SPC 门限,21,16,5.0,0.0,PASS,pass
LOT-B,改善后,W08,28nm MCU,ETCH-07,B,Plasma Etch,improved_cluster,已完成 PM，局部粒子 cluster 显著减少,维持 particle SPC 门限,22,16,6.0,0.0,PASS,pass
LOT-B,改善后,W08,28nm MCU,ETCH-07,B,Plasma Etch,improved_cluster,已完成 PM，局部粒子 cluster 显著减少,维持 particle SPC 门限,23,16,7.0,0.0,PASS,pass
LOT-B,改善后,W08,28nm MCU,ETCH-07,B,Plasma Etch,improved_cluster,已完成 PM，局部粒子 cluster 显著减少,维持 particle SPC 门限,24,16,8.0,0.0,PASS,pass
LOT-B,改善后,W08,28nm MCU,ETCH-07,B,Plasma Etch,improved_cluster,已完成 PM，局部粒子 cluster 显著减少,维持 particle SPC 门限,25,16,9.0,0.0,PASS,pass
LOT-B,改善后,W08,28nm MCU,ETCH-07,B,Plasma Etch,improved_cluster,已完成 PM，局部粒子 cluster 显著减少,维持 particle SPC 门限,26,16,10.0,0.0,PASS,pass
LOT-B,改善后,W08,28nm MCU,ETCH-07,B,Plasma Etch,improved_cluster,已完成 PM，局部粒子 cluster 显著减少,维持 particle SPC 门限,27,16,11.0,0.0,PASS,pass
LOT-B,改善后,W08,28nm MCU,ETCH-07,B,Plasma Etch,improved_cluster,已完成 PM，局部粒子 cluster 显著减少,维持 particle SPC 门限,28,16,12.0,0.0,PASS,pass
LOT-B,改善后,W08,28nm MCU,ETCH-07,B,Plasma Etch,improved_cluster,已完成 PM，局部粒子 cluster 显著减少,维持 particle SPC 门限,29,16,13.0,0.0,PASS,pass
LOT-B,改善后,W08,28nm MCU,ETCH-07,B,Plasma Etch,improved_cluster,已完成 PM，局部粒子 cluster 显著减少,维持 particle SPC 门限,30,16,14.0,0.0,PASS,pass
LOT-B,改善后,W08,28nm MCU,ETCH-07,B,Plasma Etch,improved_cluster,已完成 PM，局部粒子 cluster 显著减少,维持 particle SPC 门限,2,17,-14.0,1.0,PASS,pass
LOT-B,改善后,W08,28nm MCU,ETCH-07,B,Plasma Etch,improved_cluster,已完成 PM，局部粒子 cluster 显著减少,维持 particle SPC 门限,3,17,-13.0,1.0,PASS,pass
LOT-B,改善后,W08,28nm MCU,ETCH-07,B,Plasma Etch,improved_cluster,已完成 PM，局部粒子 cluster 显著减少,维持 particle SPC 门限,4,17,-12.0,1.0,PASS,pass
LOT-B,改善后,W08,28nm MCU,ETCH-07,B,Plasma Etch,improved_cluster,已完成 PM，局部粒子 cluster 显著减少,维持 particle SPC 门限,5,17,-11.0,1.0,PASS,pass
LOT-B,改善后,W08,28nm MCU,ETCH-07,B,Plasma Etch,improved_cluster,已完成 PM，局部粒子 cluster 显著减少,维持 particle SPC 门限,6,17,-10.0,1.0,PASS,pass
LOT-B,改善后,W08,28nm MCU,ETCH-07,B,Plasma Etch,improved_cluster,已完成 PM，局部粒子 cluster 显著减少,维持 particle SPC 门限,7,17,-9.0,1.0,PASS,pass
LOT-B,改善后,W08,28nm MCU,ETCH-07,B,Plasma Etch,improved_cluster,已完成 PM，局部粒子 cluster 显著减少,维持 particle SPC 门限,8,17,-8.0,1.0,PASS,pass
LOT-B,改善后,W08,28nm MCU,ETCH-07,B,Plasma Etch,improved_cluster,已完成 PM，局部粒子 cluster 显著减少,维持 particle SPC 门限,9,17,-7.0,1.0,PASS,pass
LOT-B,改善后,W08,28nm MCU,ETCH-07,B,Plasma Etch,improved_cluster,已完成 PM，局部粒子 cluster 显著减少,维持 particle SPC 门限,10,17,-6.0,1.0,PASS,pass
LOT-B,改善后,W08,28nm MCU,ETCH-07,B,Plasma Etch,improved_cluster,已完成 PM，局部粒子 cluster 显著减少,维持 particle SPC 门限,11,17,-5.0,1.0,PASS,pass
LOT-B,改善后,W08,28nm MCU,ETCH-07,B,Plasma Etch,improved_cluster,已完成 PM，局部粒子 cluster 显著减少,维持 particle SPC 门限,12,17,-4.0,1.0,PASS,pass
LOT-B,改善后,W08,28nm MCU,ETCH-07,B,Plasma Etch,improved_cluster,已完成 PM，局部粒子 cluster 显著减少,维持 particle SPC 门限,13,17,-3.0,1.0,PASS,pass
LOT-B,改善后,W08,28nm MCU,ETCH-07,B,Plasma Etch,improved_cluster,已完成 PM，局部粒子 cluster 显著减少,维持 particle SPC 门限,14,17,-2.0,1.0,PASS,pass
LOT-B,改善后,W08,28nm MCU,ETCH-07,B,Plasma Etch,improved_cluster,已完成 PM，局部粒子 cluster 显著减少,维持 particle SPC 门限,15,17,-1.0,1.0,PASS,pass
LOT-B,改善后,W08,28nm MCU,ETCH-07,B,Plasma Etch,improved_cluster,已完成 PM，局部粒子 cluster 显著减少,维持 particle SPC 门限,16,17,0.0,1.0,PASS,pass
LOT-B,改善后,W08,28nm MCU,ETCH-07,B,Plasma Etch,improved_cluster,已完成 PM，局部粒子 cluster 显著减少,维持 particle SPC 门限,17,17,1.0,1.0,PASS,pass
LOT-B,改善后,W08,28nm MCU,ETCH-07,B,Plasma Etch,improved_cluster,已完成 PM，局部粒子 cluster 显著减少,维持 particle SPC 门限,18,17,2.0,1.0,PASS,pass
LOT-B,改善后,W08,28nm MCU,ETCH-07,B,Plasma Etch,improved_cluster,已完成 PM，局部粒子 cluster 显著减少,维持 particle SPC 门限,19,17,3.0,1.0,PASS,pass
LOT-B,改善后,W08,28nm MCU,ETCH-07,B,Plasma Etch,improved_cluster,已完成 PM，局部粒子 cluster 显著减少,维持 particle SPC 门限,20,17,4.0,1.0,PASS,pass
LOT-B,改善后,W08,28nm MCU,ETCH-07,B,Plasma Etch,improved_cluster,已完成 PM，局部粒子 cluster 显著减少,维持 particle SPC 门限,21,17,5.0,1.0,PASS,pass
LOT-B,改善后,W08,28nm MCU,ETCH-07,B,Plasma Etch,improved_cluster,已完成 PM，局部粒子 cluster 显著减少,维持 particle SPC 门限,22,17,6.0,1.0,PASS,pass
LOT-B,改善后,W08,28nm MCU,ETCH-07,B,Plasma Etch,improved_cluster,已完成 PM，局部粒子 cluster 显著减少,维持 particle SPC 门限,23,17,7.0,1.0,PASS,pass
LOT-B,改善后,W08,28nm MCU,ETCH-07,B,Plasma Etch,improved_cluster,已完成 PM，局部粒子 cluster 显著减少,维持 particle SPC 门限,24,17,8.0,1.0,PASS,pass
LOT-B,改善后,W08,28nm MCU,ETCH-07,B,Plasma Etch,improved_cluster,已完成 PM，局部粒子 cluster 显著减少,维持 particle SPC 门限,25,17,9.0,1.0,PASS,pass
LOT-B,改善后,W08,28nm MCU,ETCH-07,B,Plasma Etch,improved_cluster,已完成 PM，局部粒子 cluster 显著减少,维持 particle SPC 门限,26,17,10.0,1.0,PASS,pass
LOT-B,改善后,W08,28nm MCU,ETCH-07,B,Plasma Etch,improved_cluster,已完成 PM，局部粒子 cluster 显著减少,维持 particle SPC 门限,27,17,11.0,1.0,PASS,pass
LOT-B,改善后,W08,28nm MCU,ETCH-07,B,Plasma Etch,improved_cluster,已完成 PM，局部粒子 cluster 显著减少,维持 particle SPC 门限,28,17,12.0,1.0,PASS,pass
LOT-B,改善后,W08,28nm MCU,ETCH-07,B,Plasma Etch,improved_cluster,已完成 PM，局部粒子 cluster 显著减少,维持 particle SPC 门限,29,17,13.0,1.0,PASS,pass
LOT-B,改善后,W08,28nm MCU,ETCH-07,B,Plasma Etch,improved_cluster,已完成 PM，局部粒子 cluster 显著减少,维持 particle SPC 门限,30,17,14.0,1.0,PASS,pass
LOT-B,改善后,W08,28nm MCU,ETCH-07,B,Plasma Etch,improved_cluster,已完成 PM，局部粒子 cluster 显著减少,维持 particle SPC 门限,2,18,-14.0,2.0,PASS,pass
LOT-B,改善后,W08,28nm MCU,ETCH-07,B,Plasma Etch,improved_cluster,已完成 PM，局部粒子 cluster 显著减少,维持 particle SPC 门限,3,18,-13.0,2.0,PASS,pass
LOT-B,改善后,W08,28nm MCU,ETCH-07,B,Plasma Etch,improved_cluster,已完成 PM，局部粒子 cluster 显著减少,维持 particle SPC 门限,4,18,-12.0,2.0,PASS,pass
LOT-B,改善后,W08,28nm MCU,ETCH-07,B,Plasma Etch,improved_cluster,已完成 PM，局部粒子 cluster 显著减少,维持 particle SPC 门限,5,18,-11.0,2.0,PASS,pass
LOT-B,改善后,W08,28nm MCU,ETCH-07,B,Plasma Etch,improved_cluster,已完成 PM，局部粒子 cluster 显著减少,维持 particle SPC 门限,6,18,-10.0,2.0,PASS,pass
LOT-B,改善后,W08,28nm MCU,ETCH-07,B,Plasma Etch,improved_cluster,已完成 PM，局部粒子 cluster 显著减少,维持 particle SPC 门限,7,18,-9.0,2.0,PASS,pass
LOT-B,改善后,W08,28nm MCU,ETCH-07,B,Plasma Etch,improved_cluster,已完成 PM，局部粒子 cluster 显著减少,维持 particle SPC 门限,8,18,-8.0,2.0,PASS,pass
LOT-B,改善后,W08,28nm MCU,ETCH-07,B,Plasma Etch,improved_cluster,已完成 PM，局部粒子 cluster 显著减少,维持 particle SPC 门限,9,18,-7.0,2.0,PASS,pass
LOT-B,改善后,W08,28nm MCU,ETCH-07,B,Plasma Etch,improved_cluster,已完成 PM，局部粒子 cluster 显著减少,维持 particle SPC 门限,10,18,-6.0,2.0,PASS,pass
LOT-B,改善后,W08,28nm MCU,ETCH-07,B,Plasma Etch,improved_cluster,已完成 PM，局部粒子 cluster 显著减少,维持 particle SPC 门限,11,18,-5.0,2.0,PASS,pass
LOT-B,改善后,W08,28nm MCU,ETCH-07,B,Plasma Etch,improved_cluster,已完成 PM，局部粒子 cluster 显著减少,维持 particle SPC 门限,12,18,-4.0,2.0,PASS,pass
LOT-B,改善后,W08,28nm MCU,ETCH-07,B,Plasma Etch,improved_cluster,已完成 PM，局部粒子 cluster 显著减少,维持 particle SPC 门限,13,18,-3.0,2.0,PASS,pass
LOT-B,改善后,W08,28nm MCU,ETCH-07,B,Plasma Etch,improved_cluster,已完成 PM，局部粒子 cluster 显著减少,维持 particle SPC 门限,14,18,-2.0,2.0,PASS,pass
LOT-B,改善后,W08,28nm MCU,ETCH-07,B,Plasma Etch,improved_cluster,已完成 PM，局部粒子 cluster 显著减少,维持 particle SPC 门限,15,18,-1.0,2.0,PASS,pass
LOT-B,改善后,W08,28nm MCU,ETCH-07,B,Plasma Etch,improved_cluster,已完成 PM，局部粒子 cluster 显著减少,维持 particle SPC 门限,16,18,0.0,2.0,PASS,pass
LOT-B,改善后,W08,28nm MCU,ETCH-07,B,Plasma Etch,improved_cluster,已完成 PM，局部粒子 cluster 显著减少,维持 particle SPC 门限,17,18,1.0,2.0,PASS,pass
LOT-B,改善后,W08,28nm MCU,ETCH-07,B,Plasma Etch,improved_cluster,已完成 PM，局部粒子 cluster 显著减少,维持 particle SPC 门限,18,18,2.0,2.0,PASS,pass
LOT-B,改善后,W08,28nm MCU,ETCH-07,B,Plasma Etch,improved_cluster,已完成 PM，局部粒子 cluster 显著减少,维持 particle SPC 门限,19,18,3.0,2.0,PASS,pass
LOT-B,改善后,W08,28nm MCU,ETCH-07,B,Plasma Etch,improved_cluster,已完成 PM，局部粒子 cluster 显著减少,维持 particle SPC 门限,20,18,4.0,2.0,PASS,pass
LOT-B,改善后,W08,28nm MCU,ETCH-07,B,Plasma Etch,improved_cluster,已完成 PM，局部粒子 cluster 显著减少,维持 particle SPC 门限,21,18,5.0,2.0,FAIL,random
LOT-B,改善后,W08,28nm MCU,ETCH-07,B,Plasma Etch,improved_cluster,已完成 PM，局部粒子 cluster 显著减少,维持 particle SPC 门限,22,18,6.0,2.0,PASS,pass
LOT-B,改善后,W08,28nm MCU,ETCH-07,B,Plasma Etch,improved_cluster,已完成 PM，局部粒子 cluster 显著减少,维持 particle SPC 门限,23,18,7.0,2.0,PASS,pass
LOT-B,改善后,W08,28nm MCU,ETCH-07,B,Plasma Etch,improved_cluster,已完成 PM，局部粒子 cluster 显著减少,维持 particle SPC 门限,24,18,8.0,2.0,PASS,pass
LOT-B,改善后,W08,28nm MCU,ETCH-07,B,Plasma Etch,improved_cluster,已完成 PM，局部粒子 cluster 显著减少,维持 particle SPC 门限,25,18,9.0,2.0,PASS,pass
LOT-B,改善后,W08,28nm MCU,ETCH-07,B,Plasma Etch,improved_cluster,已完成 PM，局部粒子 cluster 显著减少,维持 particle SPC 门限,26,18,10.0,2.0,PASS,pass
LOT-B,改善后,W08,28nm MCU,ETCH-07,B,Plasma Etch,improved_cluster,已完成 PM，局部粒子 cluster 显著减少,维持 particle SPC 门限,27,18,11.0,2.0,PASS,pass
LOT-B,改善后,W08,28nm MCU,ETCH-07,B,Plasma Etch,improved_cluster,已完成 PM，局部粒子 cluster 显著减少,维持 particle SPC 门限,28,18,12.0,2.0,PASS,pass
LOT-B,改善后,W08,28nm MCU,ETCH-07,B,Plasma Etch,improved_cluster,已完成 PM，局部粒子 cluster 显著减少,维持 particle SPC 门限,29,18,13.0,2.0,PASS,pass
LOT-B,改善后,W08,28nm MCU,ETCH-07,B,Plasma Etch,improved_cluster,已完成 PM，局部粒子 cluster 显著减少,维持 particle SPC 门限,30,18,14.0,2.0,PASS,pass
LOT-B,改善后,W08,28nm MCU,ETCH-07,B,Plasma Etch,improved_cluster,已完成 PM，局部粒子 cluster 显著减少,维持 particle SPC 门限,2,19,-14.0,3.0,PASS,pass
LOT-B,改善后,W08,28nm MCU,ETCH-07,B,Plasma Etch,improved_cluster,已完成 PM，局部粒子 cluster 显著减少,维持 particle SPC 门限,3,19,-13.0,3.0,PASS,pass
LOT-B,改善后,W08,28nm MCU,ETCH-07,B,Plasma Etch,improved_cluster,已完成 PM，局部粒子 cluster 显著减少,维持 particle SPC 门限,4,19,-12.0,3.0,PASS,pass
LOT-B,改善后,W08,28nm MCU,ETCH-07,B,Plasma Etch,improved_cluster,已完成 PM，局部粒子 cluster 显著减少,维持 particle SPC 门限,5,19,-11.0,3.0,PASS,pass
LOT-B,改善后,W08,28nm MCU,ETCH-07,B,Plasma Etch,improved_cluster,已完成 PM，局部粒子 cluster 显著减少,维持 particle SPC 门限,6,19,-10.0,3.0,PASS,pass
LOT-B,改善后,W08,28nm MCU,ETCH-07,B,Plasma Etch,improved_cluster,已完成 PM，局部粒子 cluster 显著减少,维持 particle SPC 门限,7,19,-9.0,3.0,PASS,pass
LOT-B,改善后,W08,28nm MCU,ETCH-07,B,Plasma Etch,improved_cluster,已完成 PM，局部粒子 cluster 显著减少,维持 particle SPC 门限,8,19,-8.0,3.0,PASS,pass
LOT-B,改善后,W08,28nm MCU,ETCH-07,B,Plasma Etch,improved_cluster,已完成 PM，局部粒子 cluster 显著减少,维持 particle SPC 门限,9,19,-7.0,3.0,PASS,pass
LOT-B,改善后,W08,28nm MCU,ETCH-07,B,Plasma Etch,improved_cluster,已完成 PM，局部粒子 cluster 显著减少,维持 particle SPC 门限,10,19,-6.0,3.0,PASS,pass
LOT-B,改善后,W08,28nm MCU,ETCH-07,B,Plasma Etch,improved_cluster,已完成 PM，局部粒子 cluster 显著减少,维持 particle SPC 门限,11,19,-5.0,3.0,PASS,pass
LOT-B,改善后,W08,28nm MCU,ETCH-07,B,Plasma Etch,improved_cluster,已完成 PM，局部粒子 cluster 显著减少,维持 particle SPC 门限,12,19,-4.0,3.0,PASS,pass
LOT-B,改善后,W08,28nm MCU,ETCH-07,B,Plasma Etch,improved_cluster,已完成 PM，局部粒子 cluster 显著减少,维持 particle SPC 门限,13,19,-3.0,3.0,PASS,pass
LOT-B,改善后,W08,28nm MCU,ETCH-07,B,Plasma Etch,improved_cluster,已完成 PM，局部粒子 cluster 显著减少,维持 particle SPC 门限,14,19,-2.0,3.0,PASS,pass
LOT-B,改善后,W08,28nm MCU,ETCH-07,B,Plasma Etch,improved_cluster,已完成 PM，局部粒子 cluster 显著减少,维持 particle SPC 门限,15,19,-1.0,3.0,PASS,pass
LOT-B,改善后,W08,28nm MCU,ETCH-07,B,Plasma Etch,improved_cluster,已完成 PM，局部粒子 cluster 显著减少,维持 particle SPC 门限,16,19,0.0,3.0,PASS,pass
LOT-B,改善后,W08,28nm MCU,ETCH-07,B,Plasma Etch,improved_cluster,已完成 PM，局部粒子 cluster 显著减少,维持 particle SPC 门限,17,19,1.0,3.0,PASS,pass
LOT-B,改善后,W08,28nm MCU,ETCH-07,B,Plasma Etch,improved_cluster,已完成 PM，局部粒子 cluster 显著减少,维持 particle SPC 门限,18,19,2.0,3.0,PASS,pass
LOT-B,改善后,W08,28nm MCU,ETCH-07,B,Plasma Etch,improved_cluster,已完成 PM，局部粒子 cluster 显著减少,维持 particle SPC 门限,19,19,3.0,3.0,PASS,pass
LOT-B,改善后,W08,28nm MCU,ETCH-07,B,Plasma Etch,improved_cluster,已完成 PM，局部粒子 cluster 显著减少,维持 particle SPC 门限,20,19,4.0,3.0,PASS,pass
LOT-B,改善后,W08,28nm MCU,ETCH-07,B,Plasma Etch,improved_cluster,已完成 PM，局部粒子 cluster 显著减少,维持 particle SPC 门限,21,19,5.0,3.0,PASS,pass
LOT-B,改善后,W08,28nm MCU,ETCH-07,B,Plasma Etch,improved_cluster,已完成 PM，局部粒子 cluster 显著减少,维持 particle SPC 门限,22,19,6.0,3.0,PASS,pass
LOT-B,改善后,W08,28nm MCU,ETCH-07,B,Plasma Etch,improved_cluster,已完成 PM，局部粒子 cluster 显著减少,维持 particle SPC 门限,23,19,7.0,3.0,PASS,pass
LOT-B,改善后,W08,28nm MCU,ETCH-07,B,Plasma Etch,improved_cluster,已完成 PM，局部粒子 cluster 显著减少,维持 particle SPC 门限,24,19,8.0,3.0,PASS,pass
LOT-B,改善后,W08,28nm MCU,ETCH-07,B,Plasma Etch,improved_cluster,已完成 PM，局部粒子 cluster 显著减少,维持 particle SPC 门限,25,19,9.0,3.0,PASS,pass
LOT-B,改善后,W08,28nm MCU,ETCH-07,B,Plasma Etch,improved_cluster,已完成 PM，局部粒子 cluster 显著减少,维持 particle SPC 门限,26,19,10.0,3.0,PASS,pass
LOT-B,改善后,W08,28nm MCU,ETCH-07,B,Plasma Etch,improved_cluster,已完成 PM，局部粒子 cluster 显著减少,维持 particle SPC 门限,27,19,11.0,3.0,PASS,pass
LOT-B,改善后,W08,28nm MCU,ETCH-07,B,Plasma Etch,improved_cluster,已完成 PM，局部粒子 cluster 显著减少,维持 particle SPC 门限,28,19,12.0,3.0,PASS,pass
LOT-B,改善后,W08,28nm MCU,ETCH-07,B,Plasma Etch,improved_cluster,已完成 PM，局部粒子 cluster 显著减少,维持 particle SPC 门限,29,19,13.0,3.0,PASS,pass
LOT-B,改善后,W08,28nm MCU,ETCH-07,B,Plasma Etch,improved_cluster,已完成 PM，局部粒子 cluster 显著减少,维持 particle SPC 门限,30,19,14.0,3.0,PASS,pass
LOT-B,改善后,W08,28nm MCU,ETCH-07,B,Plasma Etch,improved_cluster,已完成 PM，局部粒子 cluster 显著减少,维持 particle SPC 门限,2,20,-14.0,4.0,PASS,pass
LOT-B,改善后,W08,28nm MCU,ETCH-07,B,Plasma Etch,improved_cluster,已完成 PM，局部粒子 cluster 显著减少,维持 particle SPC 门限,3,20,-13.0,4.0,PASS,pass
LOT-B,改善后,W08,28nm MCU,ETCH-07,B,Plasma Etch,improved_cluster,已完成 PM，局部粒子 cluster 显著减少,维持 particle SPC 门限,4,20,-12.0,4.0,PASS,pass
LOT-B,改善后,W08,28nm MCU,ETCH-07,B,Plasma Etch,improved_cluster,已完成 PM，局部粒子 cluster 显著减少,维持 particle SPC 门限,5,20,-11.0,4.0,PASS,pass
LOT-B,改善后,W08,28nm MCU,ETCH-07,B,Plasma Etch,improved_cluster,已完成 PM，局部粒子 cluster 显著减少,维持 particle SPC 门限,6,20,-10.0,4.0,PASS,pass
LOT-B,改善后,W08,28nm MCU,ETCH-07,B,Plasma Etch,improved_cluster,已完成 PM，局部粒子 cluster 显著减少,维持 particle SPC 门限,7,20,-9.0,4.0,PASS,pass
LOT-B,改善后,W08,28nm MCU,ETCH-07,B,Plasma Etch,improved_cluster,已完成 PM，局部粒子 cluster 显著减少,维持 particle SPC 门限,8,20,-8.0,4.0,PASS,pass
LOT-B,改善后,W08,28nm MCU,ETCH-07,B,Plasma Etch,improved_cluster,已完成 PM，局部粒子 cluster 显著减少,维持 particle SPC 门限,9,20,-7.0,4.0,PASS,pass
LOT-B,改善后,W08,28nm MCU,ETCH-07,B,Plasma Etch,improved_cluster,已完成 PM，局部粒子 cluster 显著减少,维持 particle SPC 门限,10,20,-6.0,4.0,PASS,pass
LOT-B,改善后,W08,28nm MCU,ETCH-07,B,Plasma Etch,improved_cluster,已完成 PM，局部粒子 cluster 显著减少,维持 particle SPC 门限,11,20,-5.0,4.0,PASS,pass
LOT-B,改善后,W08,28nm MCU,ETCH-07,B,Plasma Etch,improved_cluster,已完成 PM，局部粒子 cluster 显著减少,维持 particle SPC 门限,12,20,-4.0,4.0,PASS,pass
LOT-B,改善后,W08,28nm MCU,ETCH-07,B,Plasma Etch,improved_cluster,已完成 PM，局部粒子 cluster 显著减少,维持 particle SPC 门限,13,20,-3.0,4.0,PASS,pass
LOT-B,改善后,W08,28nm MCU,ETCH-07,B,Plasma Etch,improved_cluster,已完成 PM，局部粒子 cluster 显著减少,维持 particle SPC 门限,14,20,-2.0,4.0,PASS,pass
LOT-B,改善后,W08,28nm MCU,ETCH-07,B,Plasma Etch,improved_cluster,已完成 PM，局部粒子 cluster 显著减少,维持 particle SPC 门限,15,20,-1.0,4.0,PASS,pass
LOT-B,改善后,W08,28nm MCU,ETCH-07,B,Plasma Etch,improved_cluster,已完成 PM，局部粒子 cluster 显著减少,维持 particle SPC 门限,16,20,0.0,4.0,PASS,pass
LOT-B,改善后,W08,28nm MCU,ETCH-07,B,Plasma Etch,improved_cluster,已完成 PM，局部粒子 cluster 显著减少,维持 particle SPC 门限,17,20,1.0,4.0,PASS,pass
LOT-B,改善后,W08,28nm MCU,ETCH-07,B,Plasma Etch,improved_cluster,已完成 PM，局部粒子 cluster 显著减少,维持 particle SPC 门限,18,20,2.0,4.0,PASS,pass
LOT-B,改善后,W08,28nm MCU,ETCH-07,B,Plasma Etch,improved_cluster,已完成 PM，局部粒子 cluster 显著减少,维持 particle SPC 门限,19,20,3.0,4.0,PASS,pass
LOT-B,改善后,W08,28nm MCU,ETCH-07,B,Plasma Etch,improved_cluster,已完成 PM，局部粒子 cluster 显著减少,维持 particle SPC 门限,20,20,4.0,4.0,PASS,pass
LOT-B,改善后,W08,28nm MCU,ETCH-07,B,Plasma Etch,improved_cluster,已完成 PM，局部粒子 cluster 显著减少,维持 particle SPC 门限,21,20,5.0,4.0,PASS,pass
LOT-B,改善后,W08,28nm MCU,ETCH-07,B,Plasma Etch,improved_cluster,已完成 PM，局部粒子 cluster 显著减少,维持 particle SPC 门限,22,20,6.0,4.0,PASS,pass
LOT-B,改善后,W08,28nm MCU,ETCH-07,B,Plasma Etch,improved_cluster,已完成 PM，局部粒子 cluster 显著减少,维持 particle SPC 门限,23,20,7.0,4.0,PASS,pass
LOT-B,改善后,W08,28nm MCU,ETCH-07,B,Plasma Etch,improved_cluster,已完成 PM，局部粒子 cluster 显著减少,维持 particle SPC 门限,24,20,8.0,4.0,PASS,pass
LOT-B,改善后,W08,28nm MCU,ETCH-07,B,Plasma Etch,improved_cluster,已完成 PM，局部粒子 cluster 显著减少,维持 particle SPC 门限,25,20,9.0,4.0,PASS,pass
LOT-B,改善后,W08,28nm MCU,ETCH-07,B,Plasma Etch,improved_cluster,已完成 PM，局部粒子 cluster 显著减少,维持 particle SPC 门限,26,20,10.0,4.0,PASS,pass
LOT-B,改善后,W08,28nm MCU,ETCH-07,B,Plasma Etch,improved_cluster,已完成 PM，局部粒子 cluster 显著减少,维持 particle SPC 门限,27,20,11.0,4.0,PASS,pass
LOT-B,改善后,W08,28nm MCU,ETCH-07,B,Plasma Etch,improved_cluster,已完成 PM，局部粒子 cluster 显著减少,维持 particle SPC 门限,28,20,12.0,4.0,PASS,pass
LOT-B,改善后,W08,28nm MCU,ETCH-07,B,Plasma Etch,improved_cluster,已完成 PM，局部粒子 cluster 显著减少,维持 particle SPC 门限,29,20,13.0,4.0,PASS,pass
LOT-B,改善后,W08,28nm MCU,ETCH-07,B,Plasma Etch,improved_cluster,已完成 PM，局部粒子 cluster 显著减少,维持 particle SPC 门限,30,20,14.0,4.0,PASS,pass
LOT-B,改善后,W08,28nm MCU,ETCH-07,B,Plasma Etch,improved_cluster,已完成 PM，局部粒子 cluster 显著减少,维持 particle SPC 门限,3,21,-13.0,5.0,PASS,pass
LOT-B,改善后,W08,28nm MCU,ETCH-07,B,Plasma Etch,improved_cluster,已完成 PM，局部粒子 cluster 显著减少,维持 particle SPC 门限,4,21,-12.0,5.0,PASS,pass
LOT-B,改善后,W08,28nm MCU,ETCH-07,B,Plasma Etch,improved_cluster,已完成 PM，局部粒子 cluster 显著减少,维持 particle SPC 门限,5,21,-11.0,5.0,PASS,pass
LOT-B,改善后,W08,28nm MCU,ETCH-07,B,Plasma Etch,improved_cluster,已完成 PM，局部粒子 cluster 显著减少,维持 particle SPC 门限,6,21,-10.0,5.0,PASS,pass
LOT-B,改善后,W08,28nm MCU,ETCH-07,B,Plasma Etch,improved_cluster,已完成 PM，局部粒子 cluster 显著减少,维持 particle SPC 门限,7,21,-9.0,5.0,PASS,pass
LOT-B,改善后,W08,28nm MCU,ETCH-07,B,Plasma Etch,improved_cluster,已完成 PM，局部粒子 cluster 显著减少,维持 particle SPC 门限,8,21,-8.0,5.0,PASS,pass
LOT-B,改善后,W08,28nm MCU,ETCH-07,B,Plasma Etch,improved_cluster,已完成 PM，局部粒子 cluster 显著减少,维持 particle SPC 门限,9,21,-7.0,5.0,PASS,pass
LOT-B,改善后,W08,28nm MCU,ETCH-07,B,Plasma Etch,improved_cluster,已完成 PM，局部粒子 cluster 显著减少,维持 particle SPC 门限,10,21,-6.0,5.0,PASS,pass
LOT-B,改善后,W08,28nm MCU,ETCH-07,B,Plasma Etch,improved_cluster,已完成 PM，局部粒子 cluster 显著减少,维持 particle SPC 门限,11,21,-5.0,5.0,PASS,pass
LOT-B,改善后,W08,28nm MCU,ETCH-07,B,Plasma Etch,improved_cluster,已完成 PM，局部粒子 cluster 显著减少,维持 particle SPC 门限,12,21,-4.0,5.0,PASS,pass
LOT-B,改善后,W08,28nm MCU,ETCH-07,B,Plasma Etch,improved_cluster,已完成 PM，局部粒子 cluster 显著减少,维持 particle SPC 门限,13,21,-3.0,5.0,PASS,pass
LOT-B,改善后,W08,28nm MCU,ETCH-07,B,Plasma Etch,improved_cluster,已完成 PM，局部粒子 cluster 显著减少,维持 particle SPC 门限,14,21,-2.0,5.0,PASS,pass
LOT-B,改善后,W08,28nm MCU,ETCH-07,B,Plasma Etch,improved_cluster,已完成 PM，局部粒子 cluster 显著减少,维持 particle SPC 门限,15,21,-1.0,5.0,PASS,pass
LOT-B,改善后,W08,28nm MCU,ETCH-07,B,Plasma Etch,improved_cluster,已完成 PM，局部粒子 cluster 显著减少,维持 particle SPC 门限,16,21,0.0,5.0,PASS,pass
LOT-B,改善后,W08,28nm MCU,ETCH-07,B,Plasma Etch,improved_cluster,已完成 PM，局部粒子 cluster 显著减少,维持 particle SPC 门限,17,21,1.0,5.0,PASS,pass
LOT-B,改善后,W08,28nm MCU,ETCH-07,B,Plasma Etch,improved_cluster,已完成 PM，局部粒子 cluster 显著减少,维持 particle SPC 门限,18,21,2.0,5.0,PASS,pass
LOT-B,改善后,W08,28nm MCU,ETCH-07,B,Plasma Etch,improved_cluster,已完成 PM，局部粒子 cluster 显著减少,维持 particle SPC 门限,19,21,3.0,5.0,PASS,pass
LOT-B,改善后,W08,28nm MCU,ETCH-07,B,Plasma Etch,improved_cluster,已完成 PM，局部粒子 cluster 显著减少,维持 particle SPC 门限,20,21,4.0,5.0,PASS,pass
LOT-B,改善后,W08,28nm MCU,ETCH-07,B,Plasma Etch,improved_cluster,已完成 PM，局部粒子 cluster 显著减少,维持 particle SPC 门限,21,21,5.0,5.0,PASS,pass
LOT-B,改善后,W08,28nm MCU,ETCH-07,B,Plasma Etch,improved_cluster,已完成 PM，局部粒子 cluster 显著减少,维持 particle SPC 门限,22,21,6.0,5.0,PASS,pass
LOT-B,改善后,W08,28nm MCU,ETCH-07,B,Plasma Etch,improved_cluster,已完成 PM，局部粒子 cluster 显著减少,维持 particle SPC 门限,23,21,7.0,5.0,PASS,pass
LOT-B,改善后,W08,28nm MCU,ETCH-07,B,Plasma Etch,improved_cluster,已完成 PM，局部粒子 cluster 显著减少,维持 particle SPC 门限,24,21,8.0,5.0,PASS,pass
LOT-B,改善后,W08,28nm MCU,ETCH-07,B,Plasma Etch,improved_cluster,已完成 PM，局部粒子 cluster 显著减少,维持 particle SPC 门限,25,21,9.0,5.0,PASS,pass
LOT-B,改善后,W08,28nm MCU,ETCH-07,B,Plasma Etch,improved_cluster,已完成 PM，局部粒子 cluster 显著减少,维持 particle SPC 门限,26,21,10.0,5.0,PASS,pass
LOT-B,改善后,W08,28nm MCU,ETCH-07,B,Plasma Etch,improved_cluster,已完成 PM，局部粒子 cluster 显著减少,维持 particle SPC 门限,27,21,11.0,5.0,PASS,pass
LOT-B,改善后,W08,28nm MCU,ETCH-07,B,Plasma Etch,improved_cluster,已完成 PM，局部粒子 cluster 显著减少,维持 particle SPC 门限,28,21,12.0,5.0,PASS,pass
LOT-B,改善后,W08,28nm MCU,ETCH-07,B,Plasma Etch,improved_cluster,已完成 PM，局部粒子 cluster 显著减少,维持 particle SPC 门限,29,21,13.0,5.0,PASS,pass
LOT-B,改善后,W08,28nm MCU,ETCH-07,B,Plasma Etch,improved_cluster,已完成 PM，局部粒子 cluster 显著减少,维持 particle SPC 门限,3,22,-13.0,6.0,PASS,pass
LOT-B,改善后,W08,28nm MCU,ETCH-07,B,Plasma Etch,improved_cluster,已完成 PM，局部粒子 cluster 显著减少,维持 particle SPC 门限,4,22,-12.0,6.0,PASS,pass
LOT-B,改善后,W08,28nm MCU,ETCH-07,B,Plasma Etch,improved_cluster,已完成 PM，局部粒子 cluster 显著减少,维持 particle SPC 门限,5,22,-11.0,6.0,PASS,pass
LOT-B,改善后,W08,28nm MCU,ETCH-07,B,Plasma Etch,improved_cluster,已完成 PM，局部粒子 cluster 显著减少,维持 particle SPC 门限,6,22,-10.0,6.0,PASS,pass
LOT-B,改善后,W08,28nm MCU,ETCH-07,B,Plasma Etch,improved_cluster,已完成 PM，局部粒子 cluster 显著减少,维持 particle SPC 门限,7,22,-9.0,6.0,PASS,pass
LOT-B,改善后,W08,28nm MCU,ETCH-07,B,Plasma Etch,improved_cluster,已完成 PM，局部粒子 cluster 显著减少,维持 particle SPC 门限,8,22,-8.0,6.0,FAIL,random
LOT-B,改善后,W08,28nm MCU,ETCH-07,B,Plasma Etch,improved_cluster,已完成 PM，局部粒子 cluster 显著减少,维持 particle SPC 门限,9,22,-7.0,6.0,PASS,pass
LOT-B,改善后,W08,28nm MCU,ETCH-07,B,Plasma Etch,improved_cluster,已完成 PM，局部粒子 cluster 显著减少,维持 particle SPC 门限,10,22,-6.0,6.0,PASS,pass
LOT-B,改善后,W08,28nm MCU,ETCH-07,B,Plasma Etch,improved_cluster,已完成 PM，局部粒子 cluster 显著减少,维持 particle SPC 门限,11,22,-5.0,6.0,PASS,pass
LOT-B,改善后,W08,28nm MCU,ETCH-07,B,Plasma Etch,improved_cluster,已完成 PM，局部粒子 cluster 显著减少,维持 particle SPC 门限,12,22,-4.0,6.0,PASS,pass
LOT-B,改善后,W08,28nm MCU,ETCH-07,B,Plasma Etch,improved_cluster,已完成 PM，局部粒子 cluster 显著减少,维持 particle SPC 门限,13,22,-3.0,6.0,PASS,pass
LOT-B,改善后,W08,28nm MCU,ETCH-07,B,Plasma Etch,improved_cluster,已完成 PM，局部粒子 cluster 显著减少,维持 particle SPC 门限,14,22,-2.0,6.0,PASS,pass
LOT-B,改善后,W08,28nm MCU,ETCH-07,B,Plasma Etch,improved_cluster,已完成 PM，局部粒子 cluster 显著减少,维持 particle SPC 门限,15,22,-1.0,6.0,PASS,pass
LOT-B,改善后,W08,28nm MCU,ETCH-07,B,Plasma Etch,improved_cluster,已完成 PM，局部粒子 cluster 显著减少,维持 particle SPC 门限,16,22,0.0,6.0,PASS,pass
LOT-B,改善后,W08,28nm MCU,ETCH-07,B,Plasma Etch,improved_cluster,已完成 PM，局部粒子 cluster 显著减少,维持 particle SPC 门限,17,22,1.0,6.0,PASS,pass
LOT-B,改善后,W08,28nm MCU,ETCH-07,B,Plasma Etch,improved_cluster,已完成 PM，局部粒子 cluster 显著减少,维持 particle SPC 门限,18,22,2.0,6.0,PASS,pass
LOT-B,改善后,W08,28nm MCU,ETCH-07,B,Plasma Etch,improved_cluster,已完成 PM，局部粒子 cluster 显著减少,维持 particle SPC 门限,19,22,3.0,6.0,PASS,pass
LOT-B,改善后,W08,28nm MCU,ETCH-07,B,Plasma Etch,improved_cluster,已完成 PM，局部粒子 cluster 显著减少,维持 particle SPC 门限,20,22,4.0,6.0,PASS,pass
LOT-B,改善后,W08,28nm MCU,ETCH-07,B,Plasma Etch,improved_cluster,已完成 PM，局部粒子 cluster 显著减少,维持 particle SPC 门限,21,22,5.0,6.0,PASS,pass
LOT-B,改善后,W08,28nm MCU,ETCH-07,B,Plasma Etch,improved_cluster,已完成 PM，局部粒子 cluster 显著减少,维持 particle SPC 门限,22,22,6.0,6.0,PASS,pass
LOT-B,改善后,W08,28nm MCU,ETCH-07,B,Plasma Etch,improved_cluster,已完成 PM，局部粒子 cluster 显著减少,维持 particle SPC 门限,23,22,7.0,6.0,PASS,pass
LOT-B,改善后,W08,28nm MCU,ETCH-07,B,Plasma Etch,improved_cluster,已完成 PM，局部粒子 cluster 显著减少,维持 particle SPC 门限,24,22,8.0,6.0,PASS,pass
LOT-B,改善后,W08,28nm MCU,ETCH-07,B,Plasma Etch,improved_cluster,已完成 PM，局部粒子 cluster 显著减少,维持 particle SPC 门限,25,22,9.0,6.0,PASS,pass
LOT-B,改善后,W08,28nm MCU,ETCH-07,B,Plasma Etch,improved_cluster,已完成 PM，局部粒子 cluster 显著减少,维持 particle SPC 门限,26,22,10.0,6.0,PASS,pass
LOT-B,改善后,W08,28nm MCU,ETCH-07,B,Plasma Etch,improved_cluster,已完成 PM，局部粒子 cluster 显著减少,维持 particle SPC 门限,27,22,11.0,6.0,PASS,pass
LOT-B,改善后,W08,28nm MCU,ETCH-07,B,Plasma Etch,improved_cluster,已完成 PM，局部粒子 cluster 显著减少,维持 particle SPC 门限,28,22,12.0,6.0,PASS,pass
LOT-B,改善后,W08,28nm MCU,ETCH-07,B,Plasma Etch,improved_cluster,已完成 PM，局部粒子 cluster 显著减少,维持 particle SPC 门限,29,22,13.0,6.0,PASS,pass
LOT-B,改善后,W08,28nm MCU,ETCH-07,B,Plasma Etch,improved_cluster,已完成 PM，局部粒子 cluster 显著减少,维持 particle SPC 门限,3,23,-13.0,7.0,PASS,pass
LOT-B,改善后,W08,28nm MCU,ETCH-07,B,Plasma Etch,improved_cluster,已完成 PM，局部粒子 cluster 显著减少,维持 particle SPC 门限,4,23,-12.0,7.0,PASS,pass
LOT-B,改善后,W08,28nm MCU,ETCH-07,B,Plasma Etch,improved_cluster,已完成 PM，局部粒子 cluster 显著减少,维持 particle SPC 门限,5,23,-11.0,7.0,PASS,pass
LOT-B,改善后,W08,28nm MCU,ETCH-07,B,Plasma Etch,improved_cluster,已完成 PM，局部粒子 cluster 显著减少,维持 particle SPC 门限,6,23,-10.0,7.0,PASS,pass
LOT-B,改善后,W08,28nm MCU,ETCH-07,B,Plasma Etch,improved_cluster,已完成 PM，局部粒子 cluster 显著减少,维持 particle SPC 门限,7,23,-9.0,7.0,PASS,pass
LOT-B,改善后,W08,28nm MCU,ETCH-07,B,Plasma Etch,improved_cluster,已完成 PM，局部粒子 cluster 显著减少,维持 particle SPC 门限,8,23,-8.0,7.0,PASS,pass
LOT-B,改善后,W08,28nm MCU,ETCH-07,B,Plasma Etch,improved_cluster,已完成 PM，局部粒子 cluster 显著减少,维持 particle SPC 门限,9,23,-7.0,7.0,PASS,pass
LOT-B,改善后,W08,28nm MCU,ETCH-07,B,Plasma Etch,improved_cluster,已完成 PM，局部粒子 cluster 显著减少,维持 particle SPC 门限,10,23,-6.0,7.0,PASS,pass
LOT-B,改善后,W08,28nm MCU,ETCH-07,B,Plasma Etch,improved_cluster,已完成 PM，局部粒子 cluster 显著减少,维持 particle SPC 门限,11,23,-5.0,7.0,PASS,pass
LOT-B,改善后,W08,28nm MCU,ETCH-07,B,Plasma Etch,improved_cluster,已完成 PM，局部粒子 cluster 显著减少,维持 particle SPC 门限,12,23,-4.0,7.0,PASS,pass
LOT-B,改善后,W08,28nm MCU,ETCH-07,B,Plasma Etch,improved_cluster,已完成 PM，局部粒子 cluster 显著减少,维持 particle SPC 门限,13,23,-3.0,7.0,PASS,pass
LOT-B,改善后,W08,28nm MCU,ETCH-07,B,Plasma Etch,improved_cluster,已完成 PM，局部粒子 cluster 显著减少,维持 particle SPC 门限,14,23,-2.0,7.0,PASS,pass
LOT-B,改善后,W08,28nm MCU,ETCH-07,B,Plasma Etch,improved_cluster,已完成 PM，局部粒子 cluster 显著减少,维持 particle SPC 门限,15,23,-1.0,7.0,PASS,pass
LOT-B,改善后,W08,28nm MCU,ETCH-07,B,Plasma Etch,improved_cluster,已完成 PM，局部粒子 cluster 显著减少,维持 particle SPC 门限,16,23,0.0,7.0,PASS,pass
LOT-B,改善后,W08,28nm MCU,ETCH-07,B,Plasma Etch,improved_cluster,已完成 PM，局部粒子 cluster 显著减少,维持 particle SPC 门限,17,23,1.0,7.0,PASS,pass
LOT-B,改善后,W08,28nm MCU,ETCH-07,B,Plasma Etch,improved_cluster,已完成 PM，局部粒子 cluster 显著减少,维持 particle SPC 门限,18,23,2.0,7.0,PASS,pass
LOT-B,改善后,W08,28nm MCU,ETCH-07,B,Plasma Etch,improved_cluster,已完成 PM，局部粒子 cluster 显著减少,维持 particle SPC 门限,19,23,3.0,7.0,PASS,pass
LOT-B,改善后,W08,28nm MCU,ETCH-07,B,Plasma Etch,improved_cluster,已完成 PM，局部粒子 cluster 显著减少,维持 particle SPC 门限,20,23,4.0,7.0,PASS,pass
LOT-B,改善后,W08,28nm MCU,ETCH-07,B,Plasma Etch,improved_cluster,已完成 PM，局部粒子 cluster 显著减少,维持 particle SPC 门限,21,23,5.0,7.0,PASS,pass
LOT-B,改善后,W08,28nm MCU,ETCH-07,B,Plasma Etch,improved_cluster,已完成 PM，局部粒子 cluster 显著减少,维持 particle SPC 门限,22,23,6.0,7.0,PASS,pass
LOT-B,改善后,W08,28nm MCU,ETCH-07,B,Plasma Etch,improved_cluster,已完成 PM，局部粒子 cluster 显著减少,维持 particle SPC 门限,23,23,7.0,7.0,PASS,pass
LOT-B,改善后,W08,28nm MCU,ETCH-07,B,Plasma Etch,improved_cluster,已完成 PM，局部粒子 cluster 显著减少,维持 particle SPC 门限,24,23,8.0,7.0,PASS,pass
LOT-B,改善后,W08,28nm MCU,ETCH-07,B,Plasma Etch,improved_cluster,已完成 PM，局部粒子 cluster 显著减少,维持 particle SPC 门限,25,23,9.0,7.0,PASS,pass
LOT-B,改善后,W08,28nm MCU,ETCH-07,B,Plasma Etch,improved_cluster,已完成 PM，局部粒子 cluster 显著减少,维持 particle SPC 门限,26,23,10.0,7.0,PASS,pass
LOT-B,改善后,W08,28nm MCU,ETCH-07,B,Plasma Etch,improved_cluster,已完成 PM，局部粒子 cluster 显著减少,维持 particle SPC 门限,27,23,11.0,7.0,PASS,pass
LOT-B,改善后,W08,28nm MCU,ETCH-07,B,Plasma Etch,improved_cluster,已完成 PM，局部粒子 cluster 显著减少,维持 particle SPC 门限,28,23,12.0,7.0,PASS,pass
LOT-B,改善后,W08,28nm MCU,ETCH-07,B,Plasma Etch,improved_cluster,已完成 PM，局部粒子 cluster 显著减少,维持 particle SPC 门限,29,23,13.0,7.0,PASS,pass
LOT-B,改善后,W08,28nm MCU,ETCH-07,B,Plasma Etch,improved_cluster,已完成 PM，局部粒子 cluster 显著减少,维持 particle SPC 门限,4,24,-12.0,8.0,PASS,pass
LOT-B,改善后,W08,28nm MCU,ETCH-07,B,Plasma Etch,improved_cluster,已完成 PM，局部粒子 cluster 显著减少,维持 particle SPC 门限,5,24,-11.0,8.0,PASS,pass
LOT-B,改善后,W08,28nm MCU,ETCH-07,B,Plasma Etch,improved_cluster,已完成 PM，局部粒子 cluster 显著减少,维持 particle SPC 门限,6,24,-10.0,8.0,PASS,pass
LOT-B,改善后,W08,28nm MCU,ETCH-07,B,Plasma Etch,improved_cluster,已完成 PM，局部粒子 cluster 显著减少,维持 particle SPC 门限,7,24,-9.0,8.0,PASS,pass
LOT-B,改善后,W08,28nm MCU,ETCH-07,B,Plasma Etch,improved_cluster,已完成 PM，局部粒子 cluster 显著减少,维持 particle SPC 门限,8,24,-8.0,8.0,PASS,pass
LOT-B,改善后,W08,28nm MCU,ETCH-07,B,Plasma Etch,improved_cluster,已完成 PM，局部粒子 cluster 显著减少,维持 particle SPC 门限,9,24,-7.0,8.0,PASS,pass
LOT-B,改善后,W08,28nm MCU,ETCH-07,B,Plasma Etch,improved_cluster,已完成 PM，局部粒子 cluster 显著减少,维持 particle SPC 门限,10,24,-6.0,8.0,PASS,pass
LOT-B,改善后,W08,28nm MCU,ETCH-07,B,Plasma Etch,improved_cluster,已完成 PM，局部粒子 cluster 显著减少,维持 particle SPC 门限,11,24,-5.0,8.0,PASS,pass
LOT-B,改善后,W08,28nm MCU,ETCH-07,B,Plasma Etch,improved_cluster,已完成 PM，局部粒子 cluster 显著减少,维持 particle SPC 门限,12,24,-4.0,8.0,PASS,pass
LOT-B,改善后,W08,28nm MCU,ETCH-07,B,Plasma Etch,improved_cluster,已完成 PM，局部粒子 cluster 显著减少,维持 particle SPC 门限,13,24,-3.0,8.0,PASS,pass
LOT-B,改善后,W08,28nm MCU,ETCH-07,B,Plasma Etch,improved_cluster,已完成 PM，局部粒子 cluster 显著减少,维持 particle SPC 门限,14,24,-2.0,8.0,PASS,pass
LOT-B,改善后,W08,28nm MCU,ETCH-07,B,Plasma Etch,improved_cluster,已完成 PM，局部粒子 cluster 显著减少,维持 particle SPC 门限,15,24,-1.0,8.0,PASS,pass
LOT-B,改善后,W08,28nm MCU,ETCH-07,B,Plasma Etch,improved_cluster,已完成 PM，局部粒子 cluster 显著减少,维持 particle SPC 门限,16,24,0.0,8.0,PASS,pass
LOT-B,改善后,W08,28nm MCU,ETCH-07,B,Plasma Etch,improved_cluster,已完成 PM，局部粒子 cluster 显著减少,维持 particle SPC 门限,17,24,1.0,8.0,PASS,pass
LOT-B,改善后,W08,28nm MCU,ETCH-07,B,Plasma Etch,improved_cluster,已完成 PM，局部粒子 cluster 显著减少,维持 particle SPC 门限,18,24,2.0,8.0,PASS,pass
LOT-B,改善后,W08,28nm MCU,ETCH-07,B,Plasma Etch,improved_cluster,已完成 PM，局部粒子 cluster 显著减少,维持 particle SPC 门限,19,24,3.0,8.0,PASS,pass
LOT-B,改善后,W08,28nm MCU,ETCH-07,B,Plasma Etch,improved_cluster,已完成 PM，局部粒子 cluster 显著减少,维持 particle SPC 门限,20,24,4.0,8.0,PASS,pass
LOT-B,改善后,W08,28nm MCU,ETCH-07,B,Plasma Etch,improved_cluster,已完成 PM，局部粒子 cluster 显著减少,维持 particle SPC 门限,21,24,5.0,8.0,PASS,pass
LOT-B,改善后,W08,28nm MCU,ETCH-07,B,Plasma Etch,improved_cluster,已完成 PM，局部粒子 cluster 显著减少,维持 particle SPC 门限,22,24,6.0,8.0,PASS,pass
LOT-B,改善后,W08,28nm MCU,ETCH-07,B,Plasma Etch,improved_cluster,已完成 PM，局部粒子 cluster 显著减少,维持 particle SPC 门限,23,24,7.0,8.0,FAIL,random
LOT-B,改善后,W08,28nm MCU,ETCH-07,B,Plasma Etch,improved_cluster,已完成 PM，局部粒子 cluster 显著减少,维持 particle SPC 门限,24,24,8.0,8.0,PASS,pass
LOT-B,改善后,W08,28nm MCU,ETCH-07,B,Plasma Etch,improved_cluster,已完成 PM，局部粒子 cluster 显著减少,维持 particle SPC 门限,25,24,9.0,8.0,PASS,pass
LOT-B,改善后,W08,28nm MCU,ETCH-07,B,Plasma Etch,improved_cluster,已完成 PM，局部粒子 cluster 显著减少,维持 particle SPC 门限,26,24,10.0,8.0,PASS,pass
LOT-B,改善后,W08,28nm MCU,ETCH-07,B,Plasma Etch,improved_cluster,已完成 PM，局部粒子 cluster 显著减少,维持 particle SPC 门限,27,24,11.0,8.0,PASS,pass
LOT-B,改善后,W08,28nm MCU,ETCH-07,B,Plasma Etch,improved_cluster,已完成 PM，局部粒子 cluster 显著减少,维持 particle SPC 门限,28,24,12.0,8.0,PASS,pass
LOT-B,改善后,W08,28nm MCU,ETCH-07,B,Plasma Etch,improved_cluster,已完成 PM，局部粒子 cluster 显著减少,维持 particle SPC 门限,5,25,-11.0,9.0,PASS,pass
LOT-B,改善后,W08,28nm MCU,ETCH-07,B,Plasma Etch,improved_cluster,已完成 PM，局部粒子 cluster 显著减少,维持 particle SPC 门限,6,25,-10.0,9.0,PASS,pass
LOT-B,改善后,W08,28nm MCU,ETCH-07,B,Plasma Etch,improved_cluster,已完成 PM，局部粒子 cluster 显著减少,维持 particle SPC 门限,7,25,-9.0,9.0,PASS,pass
LOT-B,改善后,W08,28nm MCU,ETCH-07,B,Plasma Etch,improved_cluster,已完成 PM，局部粒子 cluster 显著减少,维持 particle SPC 门限,8,25,-8.0,9.0,PASS,pass
LOT-B,改善后,W08,28nm MCU,ETCH-07,B,Plasma Etch,improved_cluster,已完成 PM，局部粒子 cluster 显著减少,维持 particle SPC 门限,9,25,-7.0,9.0,PASS,pass
LOT-B,改善后,W08,28nm MCU,ETCH-07,B,Plasma Etch,improved_cluster,已完成 PM，局部粒子 cluster 显著减少,维持 particle SPC 门限,10,25,-6.0,9.0,PASS,pass
LOT-B,改善后,W08,28nm MCU,ETCH-07,B,Plasma Etch,improved_cluster,已完成 PM，局部粒子 cluster 显著减少,维持 particle SPC 门限,11,25,-5.0,9.0,PASS,pass
LOT-B,改善后,W08,28nm MCU,ETCH-07,B,Plasma Etch,improved_cluster,已完成 PM，局部粒子 cluster 显著减少,维持 particle SPC 门限,12,25,-4.0,9.0,PASS,pass
LOT-B,改善后,W08,28nm MCU,ETCH-07,B,Plasma Etch,improved_cluster,已完成 PM，局部粒子 cluster 显著减少,维持 particle SPC 门限,13,25,-3.0,9.0,PASS,pass
LOT-B,改善后,W08,28nm MCU,ETCH-07,B,Plasma Etch,improved_cluster,已完成 PM，局部粒子 cluster 显著减少,维持 particle SPC 门限,14,25,-2.0,9.0,PASS,pass
LOT-B,改善后,W08,28nm MCU,ETCH-07,B,Plasma Etch,improved_cluster,已完成 PM，局部粒子 cluster 显著减少,维持 particle SPC 门限,15,25,-1.0,9.0,PASS,pass
LOT-B,改善后,W08,28nm MCU,ETCH-07,B,Plasma Etch,improved_cluster,已完成 PM，局部粒子 cluster 显著减少,维持 particle SPC 门限,16,25,0.0,9.0,PASS,pass
LOT-B,改善后,W08,28nm MCU,ETCH-07,B,Plasma Etch,improved_cluster,已完成 PM，局部粒子 cluster 显著减少,维持 particle SPC 门限,17,25,1.0,9.0,PASS,pass
LOT-B,改善后,W08,28nm MCU,ETCH-07,B,Plasma Etch,improved_cluster,已完成 PM，局部粒子 cluster 显著减少,维持 particle SPC 门限,18,25,2.0,9.0,PASS,pass
LOT-B,改善后,W08,28nm MCU,ETCH-07,B,Plasma Etch,improved_cluster,已完成 PM，局部粒子 cluster 显著减少,维持 particle SPC 门限,19,25,3.0,9.0,PASS,pass
LOT-B,改善后,W08,28nm MCU,ETCH-07,B,Plasma Etch,improved_cluster,已完成 PM，局部粒子 cluster 显著减少,维持 particle SPC 门限,20,25,4.0,9.0,PASS,pass
LOT-B,改善后,W08,28nm MCU,ETCH-07,B,Plasma Etch,improved_cluster,已完成 PM，局部粒子 cluster 显著减少,维持 particle SPC 门限,21,25,5.0,9.0,PASS,pass
LOT-B,改善后,W08,28nm MCU,ETCH-07,B,Plasma Etch,improved_cluster,已完成 PM，局部粒子 cluster 显著减少,维持 particle SPC 门限,22,25,6.0,9.0,PASS,pass
LOT-B,改善后,W08,28nm MCU,ETCH-07,B,Plasma Etch,improved_cluster,已完成 PM，局部粒子 cluster 显著减少,维持 particle SPC 门限,23,25,7.0,9.0,PASS,pass
LOT-B,改善后,W08,28nm MCU,ETCH-07,B,Plasma Etch,improved_cluster,已完成 PM，局部粒子 cluster 显著减少,维持 particle SPC 门限,24,25,8.0,9.0,PASS,pass
LOT-B,改善后,W08,28nm MCU,ETCH-07,B,Plasma Etch,improved_cluster,已完成 PM，局部粒子 cluster 显著减少,维持 particle SPC 门限,25,25,9.0,9.0,PASS,pass
LOT-B,改善后,W08,28nm MCU,ETCH-07,B,Plasma Etch,improved_cluster,已完成 PM，局部粒子 cluster 显著减少,维持 particle SPC 门限,26,25,10.0,9.0,PASS,pass
LOT-B,改善后,W08,28nm MCU,ETCH-07,B,Plasma Etch,improved_cluster,已完成 PM，局部粒子 cluster 显著减少,维持 particle SPC 门限,27,25,11.0,9.0,PASS,pass
LOT-B,改善后,W08,28nm MCU,ETCH-07,B,Plasma Etch,improved_cluster,已完成 PM，局部粒子 cluster 显著减少,维持 particle SPC 门限,6,26,-10.0,10.0,PASS,pass
LOT-B,改善后,W08,28nm MCU,ETCH-07,B,Plasma Etch,improved_cluster,已完成 PM，局部粒子 cluster 显著减少,维持 particle SPC 门限,7,26,-9.0,10.0,PASS,pass
LOT-B,改善后,W08,28nm MCU,ETCH-07,B,Plasma Etch,improved_cluster,已完成 PM，局部粒子 cluster 显著减少,维持 particle SPC 门限,8,26,-8.0,10.0,PASS,pass
LOT-B,改善后,W08,28nm MCU,ETCH-07,B,Plasma Etch,improved_cluster,已完成 PM，局部粒子 cluster 显著减少,维持 particle SPC 门限,9,26,-7.0,10.0,PASS,pass
LOT-B,改善后,W08,28nm MCU,ETCH-07,B,Plasma Etch,improved_cluster,已完成 PM，局部粒子 cluster 显著减少,维持 particle SPC 门限,10,26,-6.0,10.0,PASS,pass
LOT-B,改善后,W08,28nm MCU,ETCH-07,B,Plasma Etch,improved_cluster,已完成 PM，局部粒子 cluster 显著减少,维持 particle SPC 门限,11,26,-5.0,10.0,PASS,pass
LOT-B,改善后,W08,28nm MCU,ETCH-07,B,Plasma Etch,improved_cluster,已完成 PM，局部粒子 cluster 显著减少,维持 particle SPC 门限,12,26,-4.0,10.0,PASS,pass
LOT-B,改善后,W08,28nm MCU,ETCH-07,B,Plasma Etch,improved_cluster,已完成 PM，局部粒子 cluster 显著减少,维持 particle SPC 门限,13,26,-3.0,10.0,PASS,pass
LOT-B,改善后,W08,28nm MCU,ETCH-07,B,Plasma Etch,improved_cluster,已完成 PM，局部粒子 cluster 显著减少,维持 particle SPC 门限,14,26,-2.0,10.0,PASS,pass
LOT-B,改善后,W08,28nm MCU,ETCH-07,B,Plasma Etch,improved_cluster,已完成 PM，局部粒子 cluster 显著减少,维持 particle SPC 门限,15,26,-1.0,10.0,PASS,pass
LOT-B,改善后,W08,28nm MCU,ETCH-07,B,Plasma Etch,improved_cluster,已完成 PM，局部粒子 cluster 显著减少,维持 particle SPC 门限,16,26,0.0,10.0,PASS,pass
LOT-B,改善后,W08,28nm MCU,ETCH-07,B,Plasma Etch,improved_cluster,已完成 PM，局部粒子 cluster 显著减少,维持 particle SPC 门限,17,26,1.0,10.0,PASS,pass
LOT-B,改善后,W08,28nm MCU,ETCH-07,B,Plasma Etch,improved_cluster,已完成 PM，局部粒子 cluster 显著减少,维持 particle SPC 门限,18,26,2.0,10.0,PASS,pass
LOT-B,改善后,W08,28nm MCU,ETCH-07,B,Plasma Etch,improved_cluster,已完成 PM，局部粒子 cluster 显著减少,维持 particle SPC 门限,19,26,3.0,10.0,PASS,pass
LOT-B,改善后,W08,28nm MCU,ETCH-07,B,Plasma Etch,improved_cluster,已完成 PM，局部粒子 cluster 显著减少,维持 particle SPC 门限,20,26,4.0,10.0,PASS,pass
LOT-B,改善后,W08,28nm MCU,ETCH-07,B,Plasma Etch,improved_cluster,已完成 PM，局部粒子 cluster 显著减少,维持 particle SPC 门限,21,26,5.0,10.0,PASS,pass
LOT-B,改善后,W08,28nm MCU,ETCH-07,B,Plasma Etch,improved_cluster,已完成 PM，局部粒子 cluster 显著减少,维持 particle SPC 门限,22,26,6.0,10.0,PASS,pass
LOT-B,改善后,W08,28nm MCU,ETCH-07,B,Plasma Etch,improved_cluster,已完成 PM，局部粒子 cluster 显著减少,维持 particle SPC 门限,23,26,7.0,10.0,PASS,pass
LOT-B,改善后,W08,28nm MCU,ETCH-07,B,Plasma Etch,improved_cluster,已完成 PM，局部粒子 cluster 显著减少,维持 particle SPC 门限,24,26,8.0,10.0,PASS,pass
LOT-B,改善后,W08,28nm MCU,ETCH-07,B,Plasma Etch,improved_cluster,已完成 PM，局部粒子 cluster 显著减少,维持 particle SPC 门限,25,26,9.0,10.0,PASS,pass
LOT-B,改善后,W08,28nm MCU,ETCH-07,B,Plasma Etch,improved_cluster,已完成 PM，局部粒子 cluster 显著减少,维持 particle SPC 门限,26,26,10.0,10.0,PASS,pass
LOT-B,改善后,W08,28nm MCU,ETCH-07,B,Plasma Etch,improved_cluster,已完成 PM，局部粒子 cluster 显著减少,维持 particle SPC 门限,7,27,-9.0,11.0,PASS,pass
LOT-B,改善后,W08,28nm MCU,ETCH-07,B,Plasma Etch,improved_cluster,已完成 PM，局部粒子 cluster 显著减少,维持 particle SPC 门限,8,27,-8.0,11.0,PASS,pass
LOT-B,改善后,W08,28nm MCU,ETCH-07,B,Plasma Etch,improved_cluster,已完成 PM，局部粒子 cluster 显著减少,维持 particle SPC 门限,9,27,-7.0,11.0,PASS,pass
LOT-B,改善后,W08,28nm MCU,ETCH-07,B,Plasma Etch,improved_cluster,已完成 PM，局部粒子 cluster 显著减少,维持 particle SPC 门限,10,27,-6.0,11.0,PASS,pass
LOT-B,改善后,W08,28nm MCU,ETCH-07,B,Plasma Etch,improved_cluster,已完成 PM，局部粒子 cluster 显著减少,维持 particle SPC 门限,11,27,-5.0,11.0,PASS,pass
LOT-B,改善后,W08,28nm MCU,ETCH-07,B,Plasma Etch,improved_cluster,已完成 PM，局部粒子 cluster 显著减少,维持 particle SPC 门限,12,27,-4.0,11.0,PASS,pass
LOT-B,改善后,W08,28nm MCU,ETCH-07,B,Plasma Etch,improved_cluster,已完成 PM，局部粒子 cluster 显著减少,维持 particle SPC 门限,13,27,-3.0,11.0,PASS,pass
LOT-B,改善后,W08,28nm MCU,ETCH-07,B,Plasma Etch,improved_cluster,已完成 PM，局部粒子 cluster 显著减少,维持 particle SPC 门限,14,27,-2.0,11.0,PASS,pass
LOT-B,改善后,W08,28nm MCU,ETCH-07,B,Plasma Etch,improved_cluster,已完成 PM，局部粒子 cluster 显著减少,维持 particle SPC 门限,15,27,-1.0,11.0,PASS,pass
LOT-B,改善后,W08,28nm MCU,ETCH-07,B,Plasma Etch,improved_cluster,已完成 PM，局部粒子 cluster 显著减少,维持 particle SPC 门限,16,27,0.0,11.0,PASS,pass
LOT-B,改善后,W08,28nm MCU,ETCH-07,B,Plasma Etch,improved_cluster,已完成 PM，局部粒子 cluster 显著减少,维持 particle SPC 门限,17,27,1.0,11.0,PASS,pass
LOT-B,改善后,W08,28nm MCU,ETCH-07,B,Plasma Etch,improved_cluster,已完成 PM，局部粒子 cluster 显著减少,维持 particle SPC 门限,18,27,2.0,11.0,PASS,pass
LOT-B,改善后,W08,28nm MCU,ETCH-07,B,Plasma Etch,improved_cluster,已完成 PM，局部粒子 cluster 显著减少,维持 particle SPC 门限,19,27,3.0,11.0,PASS,pass
LOT-B,改善后,W08,28nm MCU,ETCH-07,B,Plasma Etch,improved_cluster,已完成 PM，局部粒子 cluster 显著减少,维持 particle SPC 门限,20,27,4.0,11.0,PASS,pass
LOT-B,改善后,W08,28nm MCU,ETCH-07,B,Plasma Etch,improved_cluster,已完成 PM，局部粒子 cluster 显著减少,维持 particle SPC 门限,21,27,5.0,11.0,PASS,pass
LOT-B,改善后,W08,28nm MCU,ETCH-07,B,Plasma Etch,improved_cluster,已完成 PM，局部粒子 cluster 显著减少,维持 particle SPC 门限,22,27,6.0,11.0,PASS,pass
LOT-B,改善后,W08,28nm MCU,ETCH-07,B,Plasma Etch,improved_cluster,已完成 PM，局部粒子 cluster 显著减少,维持 particle SPC 门限,23,27,7.0,11.0,PASS,pass
LOT-B,改善后,W08,28nm MCU,ETCH-07,B,Plasma Etch,improved_cluster,已完成 PM，局部粒子 cluster 显著减少,维持 particle SPC 门限,24,27,8.0,11.0,PASS,pass
LOT-B,改善后,W08,28nm MCU,ETCH-07,B,Plasma Etch,improved_cluster,已完成 PM，局部粒子 cluster 显著减少,维持 particle SPC 门限,25,27,9.0,11.0,PASS,pass
LOT-B,改善后,W08,28nm MCU,ETCH-07,B,Plasma Etch,improved_cluster,已完成 PM，局部粒子 cluster 显著减少,维持 particle SPC 门限,8,28,-8.0,12.0,PASS,pass
LOT-B,改善后,W08,28nm MCU,ETCH-07,B,Plasma Etch,improved_cluster,已完成 PM，局部粒子 cluster 显著减少,维持 particle SPC 门限,9,28,-7.0,12.0,PASS,pass
LOT-B,改善后,W08,28nm MCU,ETCH-07,B,Plasma Etch,improved_cluster,已完成 PM，局部粒子 cluster 显著减少,维持 particle SPC 门限,10,28,-6.0,12.0,PASS,pass
LOT-B,改善后,W08,28nm MCU,ETCH-07,B,Plasma Etch,improved_cluster,已完成 PM，局部粒子 cluster 显著减少,维持 particle SPC 门限,11,28,-5.0,12.0,PASS,pass
LOT-B,改善后,W08,28nm MCU,ETCH-07,B,Plasma Etch,improved_cluster,已完成 PM，局部粒子 cluster 显著减少,维持 particle SPC 门限,12,28,-4.0,12.0,PASS,pass
LOT-B,改善后,W08,28nm MCU,ETCH-07,B,Plasma Etch,improved_cluster,已完成 PM，局部粒子 cluster 显著减少,维持 particle SPC 门限,13,28,-3.0,12.0,PASS,pass
LOT-B,改善后,W08,28nm MCU,ETCH-07,B,Plasma Etch,improved_cluster,已完成 PM，局部粒子 cluster 显著减少,维持 particle SPC 门限,14,28,-2.0,12.0,PASS,pass
LOT-B,改善后,W08,28nm MCU,ETCH-07,B,Plasma Etch,improved_cluster,已完成 PM，局部粒子 cluster 显著减少,维持 particle SPC 门限,15,28,-1.0,12.0,PASS,pass
LOT-B,改善后,W08,28nm MCU,ETCH-07,B,Plasma Etch,improved_cluster,已完成 PM，局部粒子 cluster 显著减少,维持 particle SPC 门限,16,28,0.0,12.0,PASS,pass
LOT-B,改善后,W08,28nm MCU,ETCH-07,B,Plasma Etch,improved_cluster,已完成 PM，局部粒子 cluster 显著减少,维持 particle SPC 门限,17,28,1.0,12.0,PASS,pass
LOT-B,改善后,W08,28nm MCU,ETCH-07,B,Plasma Etch,improved_cluster,已完成 PM，局部粒子 cluster 显著减少,维持 particle SPC 门限,18,28,2.0,12.0,PASS,pass
LOT-B,改善后,W08,28nm MCU,ETCH-07,B,Plasma Etch,improved_cluster,已完成 PM，局部粒子 cluster 显著减少,维持 particle SPC 门限,19,28,3.0,12.0,PASS,pass
LOT-B,改善后,W08,28nm MCU,ETCH-07,B,Plasma Etch,improved_cluster,已完成 PM，局部粒子 cluster 显著减少,维持 particle SPC 门限,20,28,4.0,12.0,PASS,pass
LOT-B,改善后,W08,28nm MCU,ETCH-07,B,Plasma Etch,improved_cluster,已完成 PM，局部粒子 cluster 显著减少,维持 particle SPC 门限,21,28,5.0,12.0,PASS,pass
LOT-B,改善后,W08,28nm MCU,ETCH-07,B,Plasma Etch,improved_cluster,已完成 PM，局部粒子 cluster 显著减少,维持 particle SPC 门限,22,28,6.0,12.0,PASS,pass
LOT-B,改善后,W08,28nm MCU,ETCH-07,B,Plasma Etch,improved_cluster,已完成 PM，局部粒子 cluster 显著减少,维持 particle SPC 门限,23,28,7.0,12.0,PASS,pass
LOT-B,改善后,W08,28nm MCU,ETCH-07,B,Plasma Etch,improved_cluster,已完成 PM，局部粒子 cluster 显著减少,维持 particle SPC 门限,24,28,8.0,12.0,PASS,pass
LOT-B,改善后,W08,28nm MCU,ETCH-07,B,Plasma Etch,improved_cluster,已完成 PM，局部粒子 cluster 显著减少,维持 particle SPC 门限,9,29,-7.0,13.0,PASS,pass
LOT-B,改善后,W08,28nm MCU,ETCH-07,B,Plasma Etch,improved_cluster,已完成 PM，局部粒子 cluster 显著减少,维持 particle SPC 门限,10,29,-6.0,13.0,PASS,pass
LOT-B,改善后,W08,28nm MCU,ETCH-07,B,Plasma Etch,improved_cluster,已完成 PM，局部粒子 cluster 显著减少,维持 particle SPC 门限,11,29,-5.0,13.0,PASS,pass
LOT-B,改善后,W08,28nm MCU,ETCH-07,B,Plasma Etch,improved_cluster,已完成 PM，局部粒子 cluster 显著减少,维持 particle SPC 门限,12,29,-4.0,13.0,PASS,pass
LOT-B,改善后,W08,28nm MCU,ETCH-07,B,Plasma Etch,improved_cluster,已完成 PM，局部粒子 cluster 显著减少,维持 particle SPC 门限,13,29,-3.0,13.0,PASS,pass
LOT-B,改善后,W08,28nm MCU,ETCH-07,B,Plasma Etch,improved_cluster,已完成 PM，局部粒子 cluster 显著减少,维持 particle SPC 门限,14,29,-2.0,13.0,PASS,pass
LOT-B,改善后,W08,28nm MCU,ETCH-07,B,Plasma Etch,improved_cluster,已完成 PM，局部粒子 cluster 显著减少,维持 particle SPC 门限,15,29,-1.0,13.0,PASS,pass
LOT-B,改善后,W08,28nm MCU,ETCH-07,B,Plasma Etch,improved_cluster,已完成 PM，局部粒子 cluster 显著减少,维持 particle SPC 门限,16,29,0.0,13.0,PASS,pass
LOT-B,改善后,W08,28nm MCU,ETCH-07,B,Plasma Etch,improved_cluster,已完成 PM，局部粒子 cluster 显著减少,维持 particle SPC 门限,17,29,1.0,13.0,PASS,pass
LOT-B,改善后,W08,28nm MCU,ETCH-07,B,Plasma Etch,improved_cluster,已完成 PM，局部粒子 cluster 显著减少,维持 particle SPC 门限,18,29,2.0,13.0,PASS,pass
LOT-B,改善后,W08,28nm MCU,ETCH-07,B,Plasma Etch,improved_cluster,已完成 PM，局部粒子 cluster 显著减少,维持 particle SPC 门限,19,29,3.0,13.0,PASS,pass
LOT-B,改善后,W08,28nm MCU,ETCH-07,B,Plasma Etch,improved_cluster,已完成 PM，局部粒子 cluster 显著减少,维持 particle SPC 门限,20,29,4.0,13.0,FAIL,random
LOT-B,改善后,W08,28nm MCU,ETCH-07,B,Plasma Etch,improved_cluster,已完成 PM，局部粒子 cluster 显著减少,维持 particle SPC 门限,21,29,5.0,13.0,PASS,pass
LOT-B,改善后,W08,28nm MCU,ETCH-07,B,Plasma Etch,improved_cluster,已完成 PM，局部粒子 cluster 显著减少,维持 particle SPC 门限,22,29,6.0,13.0,PASS,pass
LOT-B,改善后,W08,28nm MCU,ETCH-07,B,Plasma Etch,improved_cluster,已完成 PM，局部粒子 cluster 显著减少,维持 particle SPC 门限,23,29,7.0,13.0,PASS,pass
LOT-B,改善后,W08,28nm MCU,ETCH-07,B,Plasma Etch,improved_cluster,已完成 PM，局部粒子 cluster 显著减少,维持 particle SPC 门限,12,30,-4.0,14.0,PASS,pass
LOT-B,改善后,W08,28nm MCU,ETCH-07,B,Plasma Etch,improved_cluster,已完成 PM，局部粒子 cluster 显著减少,维持 particle SPC 门限,13,30,-3.0,14.0,PASS,pass
LOT-B,改善后,W08,28nm MCU,ETCH-07,B,Plasma Etch,improved_cluster,已完成 PM，局部粒子 cluster 显著减少,维持 particle SPC 门限,14,30,-2.0,14.0,PASS,pass
LOT-B,改善后,W08,28nm MCU,ETCH-07,B,Plasma Etch,improved_cluster,已完成 PM，局部粒子 cluster 显著减少,维持 particle SPC 门限,15,30,-1.0,14.0,PASS,pass
LOT-B,改善后,W08,28nm MCU,ETCH-07,B,Plasma Etch,improved_cluster,已完成 PM，局部粒子 cluster 显著减少,维持 particle SPC 门限,16,30,0.0,14.0,PASS,pass
LOT-B,改善后,W08,28nm MCU,ETCH-07,B,Plasma Etch,improved_cluster,已完成 PM，局部粒子 cluster 显著减少,维持 particle SPC 门限,17,30,1.0,14.0,PASS,pass
LOT-B,改善后,W08,28nm MCU,ETCH-07,B,Plasma Etch,improved_cluster,已完成 PM，局部粒子 cluster 显著减少,维持 particle SPC 门限,18,30,2.0,14.0,PASS,pass
LOT-B,改善后,W08,28nm MCU,ETCH-07,B,Plasma Etch,improved_cluster,已完成 PM，局部粒子 cluster 显著减少,维持 particle SPC 门限,19,30,3.0,14.0,PASS,pass
LOT-B,改善后,W08,28nm MCU,ETCH-07,B,Plasma Etch,improved_cluster,已完成 PM，局部粒子 cluster 显著减少,维持 particle SPC 门限,20,30,4.0,14.0,PASS,pass
LOT-B,改善后,W09,28nm MCU,CMP-03,-,CMP,improved_scratch,机械手路径修复后仅剩零星随机失效,持续监控机械手 repeatability,12,2,-4.0,-14.0,PASS,pass
LOT-B,改善后,W09,28nm MCU,CMP-03,-,CMP,improved_scratch,机械手路径修复后仅剩零星随机失效,持续监控机械手 repeatability,13,2,-3.0,-14.0,PASS,pass
LOT-B,改善后,W09,28nm MCU,CMP-03,-,CMP,improved_scratch,机械手路径修复后仅剩零星随机失效,持续监控机械手 repeatability,14,2,-2.0,-14.0,PASS,pass
LOT-B,改善后,W09,28nm MCU,CMP-03,-,CMP,improved_scratch,机械手路径修复后仅剩零星随机失效,持续监控机械手 repeatability,15,2,-1.0,-14.0,PASS,pass
LOT-B,改善后,W09,28nm MCU,CMP-03,-,CMP,improved_scratch,机械手路径修复后仅剩零星随机失效,持续监控机械手 repeatability,16,2,0.0,-14.0,PASS,pass
LOT-B,改善后,W09,28nm MCU,CMP-03,-,CMP,improved_scratch,机械手路径修复后仅剩零星随机失效,持续监控机械手 repeatability,17,2,1.0,-14.0,PASS,pass
LOT-B,改善后,W09,28nm MCU,CMP-03,-,CMP,improved_scratch,机械手路径修复后仅剩零星随机失效,持续监控机械手 repeatability,18,2,2.0,-14.0,PASS,pass
LOT-B,改善后,W09,28nm MCU,CMP-03,-,CMP,improved_scratch,机械手路径修复后仅剩零星随机失效,持续监控机械手 repeatability,19,2,3.0,-14.0,PASS,pass
LOT-B,改善后,W09,28nm MCU,CMP-03,-,CMP,improved_scratch,机械手路径修复后仅剩零星随机失效,持续监控机械手 repeatability,20,2,4.0,-14.0,PASS,pass
LOT-B,改善后,W09,28nm MCU,CMP-03,-,CMP,improved_scratch,机械手路径修复后仅剩零星随机失效,持续监控机械手 repeatability,9,3,-7.0,-13.0,PASS,pass
LOT-B,改善后,W09,28nm MCU,CMP-03,-,CMP,improved_scratch,机械手路径修复后仅剩零星随机失效,持续监控机械手 repeatability,10,3,-6.0,-13.0,PASS,pass
LOT-B,改善后,W09,28nm MCU,CMP-03,-,CMP,improved_scratch,机械手路径修复后仅剩零星随机失效,持续监控机械手 repeatability,11,3,-5.0,-13.0,PASS,pass
LOT-B,改善后,W09,28nm MCU,CMP-03,-,CMP,improved_scratch,机械手路径修复后仅剩零星随机失效,持续监控机械手 repeatability,12,3,-4.0,-13.0,PASS,pass
LOT-B,改善后,W09,28nm MCU,CMP-03,-,CMP,improved_scratch,机械手路径修复后仅剩零星随机失效,持续监控机械手 repeatability,13,3,-3.0,-13.0,PASS,pass
LOT-B,改善后,W09,28nm MCU,CMP-03,-,CMP,improved_scratch,机械手路径修复后仅剩零星随机失效,持续监控机械手 repeatability,14,3,-2.0,-13.0,PASS,pass
LOT-B,改善后,W09,28nm MCU,CMP-03,-,CMP,improved_scratch,机械手路径修复后仅剩零星随机失效,持续监控机械手 repeatability,15,3,-1.0,-13.0,PASS,pass
LOT-B,改善后,W09,28nm MCU,CMP-03,-,CMP,improved_scratch,机械手路径修复后仅剩零星随机失效,持续监控机械手 repeatability,16,3,0.0,-13.0,PASS,pass
LOT-B,改善后,W09,28nm MCU,CMP-03,-,CMP,improved_scratch,机械手路径修复后仅剩零星随机失效,持续监控机械手 repeatability,17,3,1.0,-13.0,PASS,pass
LOT-B,改善后,W09,28nm MCU,CMP-03,-,CMP,improved_scratch,机械手路径修复后仅剩零星随机失效,持续监控机械手 repeatability,18,3,2.0,-13.0,PASS,pass
LOT-B,改善后,W09,28nm MCU,CMP-03,-,CMP,improved_scratch,机械手路径修复后仅剩零星随机失效,持续监控机械手 repeatability,19,3,3.0,-13.0,PASS,pass
LOT-B,改善后,W09,28nm MCU,CMP-03,-,CMP,improved_scratch,机械手路径修复后仅剩零星随机失效,持续监控机械手 repeatability,20,3,4.0,-13.0,PASS,pass
LOT-B,改善后,W09,28nm MCU,CMP-03,-,CMP,improved_scratch,机械手路径修复后仅剩零星随机失效,持续监控机械手 repeatability,21,3,5.0,-13.0,PASS,pass
LOT-B,改善后,W09,28nm MCU,CMP-03,-,CMP,improved_scratch,机械手路径修复后仅剩零星随机失效,持续监控机械手 repeatability,22,3,6.0,-13.0,PASS,pass
LOT-B,改善后,W09,28nm MCU,CMP-03,-,CMP,improved_scratch,机械手路径修复后仅剩零星随机失效,持续监控机械手 repeatability,23,3,7.0,-13.0,PASS,pass
LOT-B,改善后,W09,28nm MCU,CMP-03,-,CMP,improved_scratch,机械手路径修复后仅剩零星随机失效,持续监控机械手 repeatability,8,4,-8.0,-12.0,PASS,pass
LOT-B,改善后,W09,28nm MCU,CMP-03,-,CMP,improved_scratch,机械手路径修复后仅剩零星随机失效,持续监控机械手 repeatability,9,4,-7.0,-12.0,PASS,pass
LOT-B,改善后,W09,28nm MCU,CMP-03,-,CMP,improved_scratch,机械手路径修复后仅剩零星随机失效,持续监控机械手 repeatability,10,4,-6.0,-12.0,PASS,pass
LOT-B,改善后,W09,28nm MCU,CMP-03,-,CMP,improved_scratch,机械手路径修复后仅剩零星随机失效,持续监控机械手 repeatability,11,4,-5.0,-12.0,PASS,pass
LOT-B,改善后,W09,28nm MCU,CMP-03,-,CMP,improved_scratch,机械手路径修复后仅剩零星随机失效,持续监控机械手 repeatability,12,4,-4.0,-12.0,PASS,pass
LOT-B,改善后,W09,28nm MCU,CMP-03,-,CMP,improved_scratch,机械手路径修复后仅剩零星随机失效,持续监控机械手 repeatability,13,4,-3.0,-12.0,PASS,pass
LOT-B,改善后,W09,28nm MCU,CMP-03,-,CMP,improved_scratch,机械手路径修复后仅剩零星随机失效,持续监控机械手 repeatability,14,4,-2.0,-12.0,PASS,pass
LOT-B,改善后,W09,28nm MCU,CMP-03,-,CMP,improved_scratch,机械手路径修复后仅剩零星随机失效,持续监控机械手 repeatability,15,4,-1.0,-12.0,PASS,pass
LOT-B,改善后,W09,28nm MCU,CMP-03,-,CMP,improved_scratch,机械手路径修复后仅剩零星随机失效,持续监控机械手 repeatability,16,4,0.0,-12.0,PASS,pass
LOT-B,改善后,W09,28nm MCU,CMP-03,-,CMP,improved_scratch,机械手路径修复后仅剩零星随机失效,持续监控机械手 repeatability,17,4,1.0,-12.0,PASS,pass
LOT-B,改善后,W09,28nm MCU,CMP-03,-,CMP,improved_scratch,机械手路径修复后仅剩零星随机失效,持续监控机械手 repeatability,18,4,2.0,-12.0,PASS,pass
LOT-B,改善后,W09,28nm MCU,CMP-03,-,CMP,improved_scratch,机械手路径修复后仅剩零星随机失效,持续监控机械手 repeatability,19,4,3.0,-12.0,PASS,pass
LOT-B,改善后,W09,28nm MCU,CMP-03,-,CMP,improved_scratch,机械手路径修复后仅剩零星随机失效,持续监控机械手 repeatability,20,4,4.0,-12.0,PASS,pass
LOT-B,改善后,W09,28nm MCU,CMP-03,-,CMP,improved_scratch,机械手路径修复后仅剩零星随机失效,持续监控机械手 repeatability,21,4,5.0,-12.0,PASS,pass
LOT-B,改善后,W09,28nm MCU,CMP-03,-,CMP,improved_scratch,机械手路径修复后仅剩零星随机失效,持续监控机械手 repeatability,22,4,6.0,-12.0,PASS,pass
LOT-B,改善后,W09,28nm MCU,CMP-03,-,CMP,improved_scratch,机械手路径修复后仅剩零星随机失效,持续监控机械手 repeatability,23,4,7.0,-12.0,PASS,pass
LOT-B,改善后,W09,28nm MCU,CMP-03,-,CMP,improved_scratch,机械手路径修复后仅剩零星随机失效,持续监控机械手 repeatability,24,4,8.0,-12.0,PASS,pass
LOT-B,改善后,W09,28nm MCU,CMP-03,-,CMP,improved_scratch,机械手路径修复后仅剩零星随机失效,持续监控机械手 repeatability,7,5,-9.0,-11.0,PASS,pass
LOT-B,改善后,W09,28nm MCU,CMP-03,-,CMP,improved_scratch,机械手路径修复后仅剩零星随机失效,持续监控机械手 repeatability,8,5,-8.0,-11.0,PASS,pass
LOT-B,改善后,W09,28nm MCU,CMP-03,-,CMP,improved_scratch,机械手路径修复后仅剩零星随机失效,持续监控机械手 repeatability,9,5,-7.0,-11.0,PASS,pass
LOT-B,改善后,W09,28nm MCU,CMP-03,-,CMP,improved_scratch,机械手路径修复后仅剩零星随机失效,持续监控机械手 repeatability,10,5,-6.0,-11.0,PASS,pass
LOT-B,改善后,W09,28nm MCU,CMP-03,-,CMP,improved_scratch,机械手路径修复后仅剩零星随机失效,持续监控机械手 repeatability,11,5,-5.0,-11.0,PASS,pass
LOT-B,改善后,W09,28nm MCU,CMP-03,-,CMP,improved_scratch,机械手路径修复后仅剩零星随机失效,持续监控机械手 repeatability,12,5,-4.0,-11.0,PASS,pass
LOT-B,改善后,W09,28nm MCU,CMP-03,-,CMP,improved_scratch,机械手路径修复后仅剩零星随机失效,持续监控机械手 repeatability,13,5,-3.0,-11.0,PASS,pass
LOT-B,改善后,W09,28nm MCU,CMP-03,-,CMP,improved_scratch,机械手路径修复后仅剩零星随机失效,持续监控机械手 repeatability,14,5,-2.0,-11.0,PASS,pass
LOT-B,改善后,W09,28nm MCU,CMP-03,-,CMP,improved_scratch,机械手路径修复后仅剩零星随机失效,持续监控机械手 repeatability,15,5,-1.0,-11.0,PASS,pass
LOT-B,改善后,W09,28nm MCU,CMP-03,-,CMP,improved_scratch,机械手路径修复后仅剩零星随机失效,持续监控机械手 repeatability,16,5,0.0,-11.0,PASS,pass
LOT-B,改善后,W09,28nm MCU,CMP-03,-,CMP,improved_scratch,机械手路径修复后仅剩零星随机失效,持续监控机械手 repeatability,17,5,1.0,-11.0,PASS,pass
LOT-B,改善后,W09,28nm MCU,CMP-03,-,CMP,improved_scratch,机械手路径修复后仅剩零星随机失效,持续监控机械手 repeatability,18,5,2.0,-11.0,PASS,pass
LOT-B,改善后,W09,28nm MCU,CMP-03,-,CMP,improved_scratch,机械手路径修复后仅剩零星随机失效,持续监控机械手 repeatability,19,5,3.0,-11.0,PASS,pass
LOT-B,改善后,W09,28nm MCU,CMP-03,-,CMP,improved_scratch,机械手路径修复后仅剩零星随机失效,持续监控机械手 repeatability,20,5,4.0,-11.0,PASS,pass
LOT-B,改善后,W09,28nm MCU,CMP-03,-,CMP,improved_scratch,机械手路径修复后仅剩零星随机失效,持续监控机械手 repeatability,21,5,5.0,-11.0,PASS,pass
LOT-B,改善后,W09,28nm MCU,CMP-03,-,CMP,improved_scratch,机械手路径修复后仅剩零星随机失效,持续监控机械手 repeatability,22,5,6.0,-11.0,PASS,pass
LOT-B,改善后,W09,28nm MCU,CMP-03,-,CMP,improved_scratch,机械手路径修复后仅剩零星随机失效,持续监控机械手 repeatability,23,5,7.0,-11.0,FAIL,random
LOT-B,改善后,W09,28nm MCU,CMP-03,-,CMP,improved_scratch,机械手路径修复后仅剩零星随机失效,持续监控机械手 repeatability,24,5,8.0,-11.0,PASS,pass
LOT-B,改善后,W09,28nm MCU,CMP-03,-,CMP,improved_scratch,机械手路径修复后仅剩零星随机失效,持续监控机械手 repeatability,25,5,9.0,-11.0,PASS,pass
LOT-B,改善后,W09,28nm MCU,CMP-03,-,CMP,improved_scratch,机械手路径修复后仅剩零星随机失效,持续监控机械手 repeatability,6,6,-10.0,-10.0,PASS,pass
LOT-B,改善后,W09,28nm MCU,CMP-03,-,CMP,improved_scratch,机械手路径修复后仅剩零星随机失效,持续监控机械手 repeatability,7,6,-9.0,-10.0,PASS,pass
LOT-B,改善后,W09,28nm MCU,CMP-03,-,CMP,improved_scratch,机械手路径修复后仅剩零星随机失效,持续监控机械手 repeatability,8,6,-8.0,-10.0,PASS,pass
LOT-B,改善后,W09,28nm MCU,CMP-03,-,CMP,improved_scratch,机械手路径修复后仅剩零星随机失效,持续监控机械手 repeatability,9,6,-7.0,-10.0,PASS,pass
LOT-B,改善后,W09,28nm MCU,CMP-03,-,CMP,improved_scratch,机械手路径修复后仅剩零星随机失效,持续监控机械手 repeatability,10,6,-6.0,-10.0,PASS,pass
LOT-B,改善后,W09,28nm MCU,CMP-03,-,CMP,improved_scratch,机械手路径修复后仅剩零星随机失效,持续监控机械手 repeatability,11,6,-5.0,-10.0,PASS,pass
LOT-B,改善后,W09,28nm MCU,CMP-03,-,CMP,improved_scratch,机械手路径修复后仅剩零星随机失效,持续监控机械手 repeatability,12,6,-4.0,-10.0,PASS,pass
LOT-B,改善后,W09,28nm MCU,CMP-03,-,CMP,improved_scratch,机械手路径修复后仅剩零星随机失效,持续监控机械手 repeatability,13,6,-3.0,-10.0,PASS,pass
LOT-B,改善后,W09,28nm MCU,CMP-03,-,CMP,improved_scratch,机械手路径修复后仅剩零星随机失效,持续监控机械手 repeatability,14,6,-2.0,-10.0,PASS,pass
LOT-B,改善后,W09,28nm MCU,CMP-03,-,CMP,improved_scratch,机械手路径修复后仅剩零星随机失效,持续监控机械手 repeatability,15,6,-1.0,-10.0,PASS,pass
LOT-B,改善后,W09,28nm MCU,CMP-03,-,CMP,improved_scratch,机械手路径修复后仅剩零星随机失效,持续监控机械手 repeatability,16,6,0.0,-10.0,PASS,pass
LOT-B,改善后,W09,28nm MCU,CMP-03,-,CMP,improved_scratch,机械手路径修复后仅剩零星随机失效,持续监控机械手 repeatability,17,6,1.0,-10.0,PASS,pass
LOT-B,改善后,W09,28nm MCU,CMP-03,-,CMP,improved_scratch,机械手路径修复后仅剩零星随机失效,持续监控机械手 repeatability,18,6,2.0,-10.0,PASS,pass
LOT-B,改善后,W09,28nm MCU,CMP-03,-,CMP,improved_scratch,机械手路径修复后仅剩零星随机失效,持续监控机械手 repeatability,19,6,3.0,-10.0,PASS,pass
LOT-B,改善后,W09,28nm MCU,CMP-03,-,CMP,improved_scratch,机械手路径修复后仅剩零星随机失效,持续监控机械手 repeatability,20,6,4.0,-10.0,PASS,pass
LOT-B,改善后,W09,28nm MCU,CMP-03,-,CMP,improved_scratch,机械手路径修复后仅剩零星随机失效,持续监控机械手 repeatability,21,6,5.0,-10.0,PASS,pass
LOT-B,改善后,W09,28nm MCU,CMP-03,-,CMP,improved_scratch,机械手路径修复后仅剩零星随机失效,持续监控机械手 repeatability,22,6,6.0,-10.0,PASS,pass
LOT-B,改善后,W09,28nm MCU,CMP-03,-,CMP,improved_scratch,机械手路径修复后仅剩零星随机失效,持续监控机械手 repeatability,23,6,7.0,-10.0,PASS,pass
LOT-B,改善后,W09,28nm MCU,CMP-03,-,CMP,improved_scratch,机械手路径修复后仅剩零星随机失效,持续监控机械手 repeatability,24,6,8.0,-10.0,PASS,pass
LOT-B,改善后,W09,28nm MCU,CMP-03,-,CMP,improved_scratch,机械手路径修复后仅剩零星随机失效,持续监控机械手 repeatability,25,6,9.0,-10.0,PASS,pass
LOT-B,改善后,W09,28nm MCU,CMP-03,-,CMP,improved_scratch,机械手路径修复后仅剩零星随机失效,持续监控机械手 repeatability,26,6,10.0,-10.0,PASS,pass
LOT-B,改善后,W09,28nm MCU,CMP-03,-,CMP,improved_scratch,机械手路径修复后仅剩零星随机失效,持续监控机械手 repeatability,5,7,-11.0,-9.0,PASS,pass
LOT-B,改善后,W09,28nm MCU,CMP-03,-,CMP,improved_scratch,机械手路径修复后仅剩零星随机失效,持续监控机械手 repeatability,6,7,-10.0,-9.0,PASS,pass
LOT-B,改善后,W09,28nm MCU,CMP-03,-,CMP,improved_scratch,机械手路径修复后仅剩零星随机失效,持续监控机械手 repeatability,7,7,-9.0,-9.0,FAIL,random
LOT-B,改善后,W09,28nm MCU,CMP-03,-,CMP,improved_scratch,机械手路径修复后仅剩零星随机失效,持续监控机械手 repeatability,8,7,-8.0,-9.0,PASS,pass
LOT-B,改善后,W09,28nm MCU,CMP-03,-,CMP,improved_scratch,机械手路径修复后仅剩零星随机失效,持续监控机械手 repeatability,9,7,-7.0,-9.0,PASS,pass
LOT-B,改善后,W09,28nm MCU,CMP-03,-,CMP,improved_scratch,机械手路径修复后仅剩零星随机失效,持续监控机械手 repeatability,10,7,-6.0,-9.0,PASS,pass
LOT-B,改善后,W09,28nm MCU,CMP-03,-,CMP,improved_scratch,机械手路径修复后仅剩零星随机失效,持续监控机械手 repeatability,11,7,-5.0,-9.0,PASS,pass
LOT-B,改善后,W09,28nm MCU,CMP-03,-,CMP,improved_scratch,机械手路径修复后仅剩零星随机失效,持续监控机械手 repeatability,12,7,-4.0,-9.0,PASS,pass
LOT-B,改善后,W09,28nm MCU,CMP-03,-,CMP,improved_scratch,机械手路径修复后仅剩零星随机失效,持续监控机械手 repeatability,13,7,-3.0,-9.0,PASS,pass
LOT-B,改善后,W09,28nm MCU,CMP-03,-,CMP,improved_scratch,机械手路径修复后仅剩零星随机失效,持续监控机械手 repeatability,14,7,-2.0,-9.0,PASS,pass
LOT-B,改善后,W09,28nm MCU,CMP-03,-,CMP,improved_scratch,机械手路径修复后仅剩零星随机失效,持续监控机械手 repeatability,15,7,-1.0,-9.0,PASS,pass
LOT-B,改善后,W09,28nm MCU,CMP-03,-,CMP,improved_scratch,机械手路径修复后仅剩零星随机失效,持续监控机械手 repeatability,16,7,0.0,-9.0,PASS,pass
LOT-B,改善后,W09,28nm MCU,CMP-03,-,CMP,improved_scratch,机械手路径修复后仅剩零星随机失效,持续监控机械手 repeatability,17,7,1.0,-9.0,PASS,pass
LOT-B,改善后,W09,28nm MCU,CMP-03,-,CMP,improved_scratch,机械手路径修复后仅剩零星随机失效,持续监控机械手 repeatability,18,7,2.0,-9.0,PASS,pass
LOT-B,改善后,W09,28nm MCU,CMP-03,-,CMP,improved_scratch,机械手路径修复后仅剩零星随机失效,持续监控机械手 repeatability,19,7,3.0,-9.0,PASS,pass
LOT-B,改善后,W09,28nm MCU,CMP-03,-,CMP,improved_scratch,机械手路径修复后仅剩零星随机失效,持续监控机械手 repeatability,20,7,4.0,-9.0,PASS,pass
LOT-B,改善后,W09,28nm MCU,CMP-03,-,CMP,improved_scratch,机械手路径修复后仅剩零星随机失效,持续监控机械手 repeatability,21,7,5.0,-9.0,PASS,pass
LOT-B,改善后,W09,28nm MCU,CMP-03,-,CMP,improved_scratch,机械手路径修复后仅剩零星随机失效,持续监控机械手 repeatability,22,7,6.0,-9.0,PASS,pass
LOT-B,改善后,W09,28nm MCU,CMP-03,-,CMP,improved_scratch,机械手路径修复后仅剩零星随机失效,持续监控机械手 repeatability,23,7,7.0,-9.0,PASS,pass
LOT-B,改善后,W09,28nm MCU,CMP-03,-,CMP,improved_scratch,机械手路径修复后仅剩零星随机失效,持续监控机械手 repeatability,24,7,8.0,-9.0,PASS,pass
LOT-B,改善后,W09,28nm MCU,CMP-03,-,CMP,improved_scratch,机械手路径修复后仅剩零星随机失效,持续监控机械手 repeatability,25,7,9.0,-9.0,PASS,pass
LOT-B,改善后,W09,28nm MCU,CMP-03,-,CMP,improved_scratch,机械手路径修复后仅剩零星随机失效,持续监控机械手 repeatability,26,7,10.0,-9.0,PASS,pass
LOT-B,改善后,W09,28nm MCU,CMP-03,-,CMP,improved_scratch,机械手路径修复后仅剩零星随机失效,持续监控机械手 repeatability,27,7,11.0,-9.0,PASS,pass
LOT-B,改善后,W09,28nm MCU,CMP-03,-,CMP,improved_scratch,机械手路径修复后仅剩零星随机失效,持续监控机械手 repeatability,4,8,-12.0,-8.0,PASS,pass
LOT-B,改善后,W09,28nm MCU,CMP-03,-,CMP,improved_scratch,机械手路径修复后仅剩零星随机失效,持续监控机械手 repeatability,5,8,-11.0,-8.0,PASS,pass
LOT-B,改善后,W09,28nm MCU,CMP-03,-,CMP,improved_scratch,机械手路径修复后仅剩零星随机失效,持续监控机械手 repeatability,6,8,-10.0,-8.0,PASS,pass
LOT-B,改善后,W09,28nm MCU,CMP-03,-,CMP,improved_scratch,机械手路径修复后仅剩零星随机失效,持续监控机械手 repeatability,7,8,-9.0,-8.0,PASS,pass
LOT-B,改善后,W09,28nm MCU,CMP-03,-,CMP,improved_scratch,机械手路径修复后仅剩零星随机失效,持续监控机械手 repeatability,8,8,-8.0,-8.0,PASS,pass
LOT-B,改善后,W09,28nm MCU,CMP-03,-,CMP,improved_scratch,机械手路径修复后仅剩零星随机失效,持续监控机械手 repeatability,9,8,-7.0,-8.0,PASS,pass
LOT-B,改善后,W09,28nm MCU,CMP-03,-,CMP,improved_scratch,机械手路径修复后仅剩零星随机失效,持续监控机械手 repeatability,10,8,-6.0,-8.0,PASS,pass
LOT-B,改善后,W09,28nm MCU,CMP-03,-,CMP,improved_scratch,机械手路径修复后仅剩零星随机失效,持续监控机械手 repeatability,11,8,-5.0,-8.0,PASS,pass
LOT-B,改善后,W09,28nm MCU,CMP-03,-,CMP,improved_scratch,机械手路径修复后仅剩零星随机失效,持续监控机械手 repeatability,12,8,-4.0,-8.0,PASS,pass
LOT-B,改善后,W09,28nm MCU,CMP-03,-,CMP,improved_scratch,机械手路径修复后仅剩零星随机失效,持续监控机械手 repeatability,13,8,-3.0,-8.0,PASS,pass
LOT-B,改善后,W09,28nm MCU,CMP-03,-,CMP,improved_scratch,机械手路径修复后仅剩零星随机失效,持续监控机械手 repeatability,14,8,-2.0,-8.0,PASS,pass
LOT-B,改善后,W09,28nm MCU,CMP-03,-,CMP,improved_scratch,机械手路径修复后仅剩零星随机失效,持续监控机械手 repeatability,15,8,-1.0,-8.0,PASS,pass
LOT-B,改善后,W09,28nm MCU,CMP-03,-,CMP,improved_scratch,机械手路径修复后仅剩零星随机失效,持续监控机械手 repeatability,16,8,0.0,-8.0,PASS,pass
LOT-B,改善后,W09,28nm MCU,CMP-03,-,CMP,improved_scratch,机械手路径修复后仅剩零星随机失效,持续监控机械手 repeatability,17,8,1.0,-8.0,PASS,pass
LOT-B,改善后,W09,28nm MCU,CMP-03,-,CMP,improved_scratch,机械手路径修复后仅剩零星随机失效,持续监控机械手 repeatability,18,8,2.0,-8.0,PASS,pass
LOT-B,改善后,W09,28nm MCU,CMP-03,-,CMP,improved_scratch,机械手路径修复后仅剩零星随机失效,持续监控机械手 repeatability,19,8,3.0,-8.0,PASS,pass
LOT-B,改善后,W09,28nm MCU,CMP-03,-,CMP,improved_scratch,机械手路径修复后仅剩零星随机失效,持续监控机械手 repeatability,20,8,4.0,-8.0,PASS,pass
LOT-B,改善后,W09,28nm MCU,CMP-03,-,CMP,improved_scratch,机械手路径修复后仅剩零星随机失效,持续监控机械手 repeatability,21,8,5.0,-8.0,PASS,pass
LOT-B,改善后,W09,28nm MCU,CMP-03,-,CMP,improved_scratch,机械手路径修复后仅剩零星随机失效,持续监控机械手 repeatability,22,8,6.0,-8.0,PASS,pass
LOT-B,改善后,W09,28nm MCU,CMP-03,-,CMP,improved_scratch,机械手路径修复后仅剩零星随机失效,持续监控机械手 repeatability,23,8,7.0,-8.0,PASS,pass
LOT-B,改善后,W09,28nm MCU,CMP-03,-,CMP,improved_scratch,机械手路径修复后仅剩零星随机失效,持续监控机械手 repeatability,24,8,8.0,-8.0,PASS,pass
LOT-B,改善后,W09,28nm MCU,CMP-03,-,CMP,improved_scratch,机械手路径修复后仅剩零星随机失效,持续监控机械手 repeatability,25,8,9.0,-8.0,PASS,pass
LOT-B,改善后,W09,28nm MCU,CMP-03,-,CMP,improved_scratch,机械手路径修复后仅剩零星随机失效,持续监控机械手 repeatability,26,8,10.0,-8.0,PASS,pass
LOT-B,改善后,W09,28nm MCU,CMP-03,-,CMP,improved_scratch,机械手路径修复后仅剩零星随机失效,持续监控机械手 repeatability,27,8,11.0,-8.0,PASS,pass
LOT-B,改善后,W09,28nm MCU,CMP-03,-,CMP,improved_scratch,机械手路径修复后仅剩零星随机失效,持续监控机械手 repeatability,28,8,12.0,-8.0,PASS,pass
LOT-B,改善后,W09,28nm MCU,CMP-03,-,CMP,improved_scratch,机械手路径修复后仅剩零星随机失效,持续监控机械手 repeatability,3,9,-13.0,-7.0,PASS,pass
LOT-B,改善后,W09,28nm MCU,CMP-03,-,CMP,improved_scratch,机械手路径修复后仅剩零星随机失效,持续监控机械手 repeatability,4,9,-12.0,-7.0,PASS,pass
LOT-B,改善后,W09,28nm MCU,CMP-03,-,CMP,improved_scratch,机械手路径修复后仅剩零星随机失效,持续监控机械手 repeatability,5,9,-11.0,-7.0,PASS,pass
LOT-B,改善后,W09,28nm MCU,CMP-03,-,CMP,improved_scratch,机械手路径修复后仅剩零星随机失效,持续监控机械手 repeatability,6,9,-10.0,-7.0,PASS,pass
LOT-B,改善后,W09,28nm MCU,CMP-03,-,CMP,improved_scratch,机械手路径修复后仅剩零星随机失效,持续监控机械手 repeatability,7,9,-9.0,-7.0,PASS,pass
LOT-B,改善后,W09,28nm MCU,CMP-03,-,CMP,improved_scratch,机械手路径修复后仅剩零星随机失效,持续监控机械手 repeatability,8,9,-8.0,-7.0,PASS,pass
LOT-B,改善后,W09,28nm MCU,CMP-03,-,CMP,improved_scratch,机械手路径修复后仅剩零星随机失效,持续监控机械手 repeatability,9,9,-7.0,-7.0,PASS,pass
LOT-B,改善后,W09,28nm MCU,CMP-03,-,CMP,improved_scratch,机械手路径修复后仅剩零星随机失效,持续监控机械手 repeatability,10,9,-6.0,-7.0,PASS,pass
LOT-B,改善后,W09,28nm MCU,CMP-03,-,CMP,improved_scratch,机械手路径修复后仅剩零星随机失效,持续监控机械手 repeatability,11,9,-5.0,-7.0,PASS,pass
LOT-B,改善后,W09,28nm MCU,CMP-03,-,CMP,improved_scratch,机械手路径修复后仅剩零星随机失效,持续监控机械手 repeatability,12,9,-4.0,-7.0,PASS,pass
LOT-B,改善后,W09,28nm MCU,CMP-03,-,CMP,improved_scratch,机械手路径修复后仅剩零星随机失效,持续监控机械手 repeatability,13,9,-3.0,-7.0,PASS,pass
LOT-B,改善后,W09,28nm MCU,CMP-03,-,CMP,improved_scratch,机械手路径修复后仅剩零星随机失效,持续监控机械手 repeatability,14,9,-2.0,-7.0,PASS,pass
LOT-B,改善后,W09,28nm MCU,CMP-03,-,CMP,improved_scratch,机械手路径修复后仅剩零星随机失效,持续监控机械手 repeatability,15,9,-1.0,-7.0,PASS,pass
LOT-B,改善后,W09,28nm MCU,CMP-03,-,CMP,improved_scratch,机械手路径修复后仅剩零星随机失效,持续监控机械手 repeatability,16,9,0.0,-7.0,PASS,pass
LOT-B,改善后,W09,28nm MCU,CMP-03,-,CMP,improved_scratch,机械手路径修复后仅剩零星随机失效,持续监控机械手 repeatability,17,9,1.0,-7.0,PASS,pass
LOT-B,改善后,W09,28nm MCU,CMP-03,-,CMP,improved_scratch,机械手路径修复后仅剩零星随机失效,持续监控机械手 repeatability,18,9,2.0,-7.0,PASS,pass
LOT-B,改善后,W09,28nm MCU,CMP-03,-,CMP,improved_scratch,机械手路径修复后仅剩零星随机失效,持续监控机械手 repeatability,19,9,3.0,-7.0,PASS,pass
LOT-B,改善后,W09,28nm MCU,CMP-03,-,CMP,improved_scratch,机械手路径修复后仅剩零星随机失效,持续监控机械手 repeatability,20,9,4.0,-7.0,PASS,pass
LOT-B,改善后,W09,28nm MCU,CMP-03,-,CMP,improved_scratch,机械手路径修复后仅剩零星随机失效,持续监控机械手 repeatability,21,9,5.0,-7.0,PASS,pass
LOT-B,改善后,W09,28nm MCU,CMP-03,-,CMP,improved_scratch,机械手路径修复后仅剩零星随机失效,持续监控机械手 repeatability,22,9,6.0,-7.0,PASS,pass
LOT-B,改善后,W09,28nm MCU,CMP-03,-,CMP,improved_scratch,机械手路径修复后仅剩零星随机失效,持续监控机械手 repeatability,23,9,7.0,-7.0,PASS,pass
LOT-B,改善后,W09,28nm MCU,CMP-03,-,CMP,improved_scratch,机械手路径修复后仅剩零星随机失效,持续监控机械手 repeatability,24,9,8.0,-7.0,PASS,pass
LOT-B,改善后,W09,28nm MCU,CMP-03,-,CMP,improved_scratch,机械手路径修复后仅剩零星随机失效,持续监控机械手 repeatability,25,9,9.0,-7.0,PASS,pass
LOT-B,改善后,W09,28nm MCU,CMP-03,-,CMP,improved_scratch,机械手路径修复后仅剩零星随机失效,持续监控机械手 repeatability,26,9,10.0,-7.0,PASS,pass
LOT-B,改善后,W09,28nm MCU,CMP-03,-,CMP,improved_scratch,机械手路径修复后仅剩零星随机失效,持续监控机械手 repeatability,27,9,11.0,-7.0,PASS,pass
LOT-B,改善后,W09,28nm MCU,CMP-03,-,CMP,improved_scratch,机械手路径修复后仅剩零星随机失效,持续监控机械手 repeatability,28,9,12.0,-7.0,PASS,pass
LOT-B,改善后,W09,28nm MCU,CMP-03,-,CMP,improved_scratch,机械手路径修复后仅剩零星随机失效,持续监控机械手 repeatability,29,9,13.0,-7.0,PASS,pass
LOT-B,改善后,W09,28nm MCU,CMP-03,-,CMP,improved_scratch,机械手路径修复后仅剩零星随机失效,持续监控机械手 repeatability,3,10,-13.0,-6.0,PASS,pass
LOT-B,改善后,W09,28nm MCU,CMP-03,-,CMP,improved_scratch,机械手路径修复后仅剩零星随机失效,持续监控机械手 repeatability,4,10,-12.0,-6.0,PASS,pass
LOT-B,改善后,W09,28nm MCU,CMP-03,-,CMP,improved_scratch,机械手路径修复后仅剩零星随机失效,持续监控机械手 repeatability,5,10,-11.0,-6.0,PASS,pass
LOT-B,改善后,W09,28nm MCU,CMP-03,-,CMP,improved_scratch,机械手路径修复后仅剩零星随机失效,持续监控机械手 repeatability,6,10,-10.0,-6.0,PASS,pass
LOT-B,改善后,W09,28nm MCU,CMP-03,-,CMP,improved_scratch,机械手路径修复后仅剩零星随机失效,持续监控机械手 repeatability,7,10,-9.0,-6.0,PASS,pass
LOT-B,改善后,W09,28nm MCU,CMP-03,-,CMP,improved_scratch,机械手路径修复后仅剩零星随机失效,持续监控机械手 repeatability,8,10,-8.0,-6.0,PASS,pass
LOT-B,改善后,W09,28nm MCU,CMP-03,-,CMP,improved_scratch,机械手路径修复后仅剩零星随机失效,持续监控机械手 repeatability,9,10,-7.0,-6.0,PASS,pass
LOT-B,改善后,W09,28nm MCU,CMP-03,-,CMP,improved_scratch,机械手路径修复后仅剩零星随机失效,持续监控机械手 repeatability,10,10,-6.0,-6.0,PASS,pass
LOT-B,改善后,W09,28nm MCU,CMP-03,-,CMP,improved_scratch,机械手路径修复后仅剩零星随机失效,持续监控机械手 repeatability,11,10,-5.0,-6.0,PASS,pass
LOT-B,改善后,W09,28nm MCU,CMP-03,-,CMP,improved_scratch,机械手路径修复后仅剩零星随机失效,持续监控机械手 repeatability,12,10,-4.0,-6.0,PASS,pass
LOT-B,改善后,W09,28nm MCU,CMP-03,-,CMP,improved_scratch,机械手路径修复后仅剩零星随机失效,持续监控机械手 repeatability,13,10,-3.0,-6.0,PASS,pass
LOT-B,改善后,W09,28nm MCU,CMP-03,-,CMP,improved_scratch,机械手路径修复后仅剩零星随机失效,持续监控机械手 repeatability,14,10,-2.0,-6.0,PASS,pass
LOT-B,改善后,W09,28nm MCU,CMP-03,-,CMP,improved_scratch,机械手路径修复后仅剩零星随机失效,持续监控机械手 repeatability,15,10,-1.0,-6.0,PASS,pass
LOT-B,改善后,W09,28nm MCU,CMP-03,-,CMP,improved_scratch,机械手路径修复后仅剩零星随机失效,持续监控机械手 repeatability,16,10,0.0,-6.0,PASS,pass
LOT-B,改善后,W09,28nm MCU,CMP-03,-,CMP,improved_scratch,机械手路径修复后仅剩零星随机失效,持续监控机械手 repeatability,17,10,1.0,-6.0,PASS,pass
LOT-B,改善后,W09,28nm MCU,CMP-03,-,CMP,improved_scratch,机械手路径修复后仅剩零星随机失效,持续监控机械手 repeatability,18,10,2.0,-6.0,PASS,pass
LOT-B,改善后,W09,28nm MCU,CMP-03,-,CMP,improved_scratch,机械手路径修复后仅剩零星随机失效,持续监控机械手 repeatability,19,10,3.0,-6.0,PASS,pass
LOT-B,改善后,W09,28nm MCU,CMP-03,-,CMP,improved_scratch,机械手路径修复后仅剩零星随机失效,持续监控机械手 repeatability,20,10,4.0,-6.0,PASS,pass
LOT-B,改善后,W09,28nm MCU,CMP-03,-,CMP,improved_scratch,机械手路径修复后仅剩零星随机失效,持续监控机械手 repeatability,21,10,5.0,-6.0,PASS,pass
LOT-B,改善后,W09,28nm MCU,CMP-03,-,CMP,improved_scratch,机械手路径修复后仅剩零星随机失效,持续监控机械手 repeatability,22,10,6.0,-6.0,PASS,pass
LOT-B,改善后,W09,28nm MCU,CMP-03,-,CMP,improved_scratch,机械手路径修复后仅剩零星随机失效,持续监控机械手 repeatability,23,10,7.0,-6.0,PASS,pass
LOT-B,改善后,W09,28nm MCU,CMP-03,-,CMP,improved_scratch,机械手路径修复后仅剩零星随机失效,持续监控机械手 repeatability,24,10,8.0,-6.0,PASS,pass
LOT-B,改善后,W09,28nm MCU,CMP-03,-,CMP,improved_scratch,机械手路径修复后仅剩零星随机失效,持续监控机械手 repeatability,25,10,9.0,-6.0,PASS,pass
LOT-B,改善后,W09,28nm MCU,CMP-03,-,CMP,improved_scratch,机械手路径修复后仅剩零星随机失效,持续监控机械手 repeatability,26,10,10.0,-6.0,PASS,pass
LOT-B,改善后,W09,28nm MCU,CMP-03,-,CMP,improved_scratch,机械手路径修复后仅剩零星随机失效,持续监控机械手 repeatability,27,10,11.0,-6.0,PASS,pass
LOT-B,改善后,W09,28nm MCU,CMP-03,-,CMP,improved_scratch,机械手路径修复后仅剩零星随机失效,持续监控机械手 repeatability,28,10,12.0,-6.0,PASS,pass
LOT-B,改善后,W09,28nm MCU,CMP-03,-,CMP,improved_scratch,机械手路径修复后仅剩零星随机失效,持续监控机械手 repeatability,29,10,13.0,-6.0,PASS,pass
LOT-B,改善后,W09,28nm MCU,CMP-03,-,CMP,improved_scratch,机械手路径修复后仅剩零星随机失效,持续监控机械手 repeatability,3,11,-13.0,-5.0,PASS,pass
LOT-B,改善后,W09,28nm MCU,CMP-03,-,CMP,improved_scratch,机械手路径修复后仅剩零星随机失效,持续监控机械手 repeatability,4,11,-12.0,-5.0,PASS,pass
LOT-B,改善后,W09,28nm MCU,CMP-03,-,CMP,improved_scratch,机械手路径修复后仅剩零星随机失效,持续监控机械手 repeatability,5,11,-11.0,-5.0,PASS,pass
LOT-B,改善后,W09,28nm MCU,CMP-03,-,CMP,improved_scratch,机械手路径修复后仅剩零星随机失效,持续监控机械手 repeatability,6,11,-10.0,-5.0,PASS,pass
LOT-B,改善后,W09,28nm MCU,CMP-03,-,CMP,improved_scratch,机械手路径修复后仅剩零星随机失效,持续监控机械手 repeatability,7,11,-9.0,-5.0,PASS,pass
LOT-B,改善后,W09,28nm MCU,CMP-03,-,CMP,improved_scratch,机械手路径修复后仅剩零星随机失效,持续监控机械手 repeatability,8,11,-8.0,-5.0,PASS,pass
LOT-B,改善后,W09,28nm MCU,CMP-03,-,CMP,improved_scratch,机械手路径修复后仅剩零星随机失效,持续监控机械手 repeatability,9,11,-7.0,-5.0,PASS,pass
LOT-B,改善后,W09,28nm MCU,CMP-03,-,CMP,improved_scratch,机械手路径修复后仅剩零星随机失效,持续监控机械手 repeatability,10,11,-6.0,-5.0,PASS,pass
LOT-B,改善后,W09,28nm MCU,CMP-03,-,CMP,improved_scratch,机械手路径修复后仅剩零星随机失效,持续监控机械手 repeatability,11,11,-5.0,-5.0,PASS,pass
LOT-B,改善后,W09,28nm MCU,CMP-03,-,CMP,improved_scratch,机械手路径修复后仅剩零星随机失效,持续监控机械手 repeatability,12,11,-4.0,-5.0,PASS,pass
LOT-B,改善后,W09,28nm MCU,CMP-03,-,CMP,improved_scratch,机械手路径修复后仅剩零星随机失效,持续监控机械手 repeatability,13,11,-3.0,-5.0,PASS,pass
LOT-B,改善后,W09,28nm MCU,CMP-03,-,CMP,improved_scratch,机械手路径修复后仅剩零星随机失效,持续监控机械手 repeatability,14,11,-2.0,-5.0,PASS,pass
LOT-B,改善后,W09,28nm MCU,CMP-03,-,CMP,improved_scratch,机械手路径修复后仅剩零星随机失效,持续监控机械手 repeatability,15,11,-1.0,-5.0,PASS,pass
LOT-B,改善后,W09,28nm MCU,CMP-03,-,CMP,improved_scratch,机械手路径修复后仅剩零星随机失效,持续监控机械手 repeatability,16,11,0.0,-5.0,PASS,pass
LOT-B,改善后,W09,28nm MCU,CMP-03,-,CMP,improved_scratch,机械手路径修复后仅剩零星随机失效,持续监控机械手 repeatability,17,11,1.0,-5.0,PASS,pass
LOT-B,改善后,W09,28nm MCU,CMP-03,-,CMP,improved_scratch,机械手路径修复后仅剩零星随机失效,持续监控机械手 repeatability,18,11,2.0,-5.0,PASS,pass
LOT-B,改善后,W09,28nm MCU,CMP-03,-,CMP,improved_scratch,机械手路径修复后仅剩零星随机失效,持续监控机械手 repeatability,19,11,3.0,-5.0,PASS,pass
LOT-B,改善后,W09,28nm MCU,CMP-03,-,CMP,improved_scratch,机械手路径修复后仅剩零星随机失效,持续监控机械手 repeatability,20,11,4.0,-5.0,PASS,pass
LOT-B,改善后,W09,28nm MCU,CMP-03,-,CMP,improved_scratch,机械手路径修复后仅剩零星随机失效,持续监控机械手 repeatability,21,11,5.0,-5.0,PASS,pass
LOT-B,改善后,W09,28nm MCU,CMP-03,-,CMP,improved_scratch,机械手路径修复后仅剩零星随机失效,持续监控机械手 repeatability,22,11,6.0,-5.0,PASS,pass
LOT-B,改善后,W09,28nm MCU,CMP-03,-,CMP,improved_scratch,机械手路径修复后仅剩零星随机失效,持续监控机械手 repeatability,23,11,7.0,-5.0,PASS,pass
LOT-B,改善后,W09,28nm MCU,CMP-03,-,CMP,improved_scratch,机械手路径修复后仅剩零星随机失效,持续监控机械手 repeatability,24,11,8.0,-5.0,PASS,pass
LOT-B,改善后,W09,28nm MCU,CMP-03,-,CMP,improved_scratch,机械手路径修复后仅剩零星随机失效,持续监控机械手 repeatability,25,11,9.0,-5.0,PASS,pass
LOT-B,改善后,W09,28nm MCU,CMP-03,-,CMP,improved_scratch,机械手路径修复后仅剩零星随机失效,持续监控机械手 repeatability,26,11,10.0,-5.0,PASS,pass
LOT-B,改善后,W09,28nm MCU,CMP-03,-,CMP,improved_scratch,机械手路径修复后仅剩零星随机失效,持续监控机械手 repeatability,27,11,11.0,-5.0,PASS,pass
LOT-B,改善后,W09,28nm MCU,CMP-03,-,CMP,improved_scratch,机械手路径修复后仅剩零星随机失效,持续监控机械手 repeatability,28,11,12.0,-5.0,PASS,pass
LOT-B,改善后,W09,28nm MCU,CMP-03,-,CMP,improved_scratch,机械手路径修复后仅剩零星随机失效,持续监控机械手 repeatability,29,11,13.0,-5.0,PASS,pass
LOT-B,改善后,W09,28nm MCU,CMP-03,-,CMP,improved_scratch,机械手路径修复后仅剩零星随机失效,持续监控机械手 repeatability,2,12,-14.0,-4.0,PASS,pass
LOT-B,改善后,W09,28nm MCU,CMP-03,-,CMP,improved_scratch,机械手路径修复后仅剩零星随机失效,持续监控机械手 repeatability,3,12,-13.0,-4.0,PASS,pass
LOT-B,改善后,W09,28nm MCU,CMP-03,-,CMP,improved_scratch,机械手路径修复后仅剩零星随机失效,持续监控机械手 repeatability,4,12,-12.0,-4.0,PASS,pass
LOT-B,改善后,W09,28nm MCU,CMP-03,-,CMP,improved_scratch,机械手路径修复后仅剩零星随机失效,持续监控机械手 repeatability,5,12,-11.0,-4.0,PASS,pass
LOT-B,改善后,W09,28nm MCU,CMP-03,-,CMP,improved_scratch,机械手路径修复后仅剩零星随机失效,持续监控机械手 repeatability,6,12,-10.0,-4.0,PASS,pass
LOT-B,改善后,W09,28nm MCU,CMP-03,-,CMP,improved_scratch,机械手路径修复后仅剩零星随机失效,持续监控机械手 repeatability,7,12,-9.0,-4.0,PASS,pass
LOT-B,改善后,W09,28nm MCU,CMP-03,-,CMP,improved_scratch,机械手路径修复后仅剩零星随机失效,持续监控机械手 repeatability,8,12,-8.0,-4.0,PASS,pass
LOT-B,改善后,W09,28nm MCU,CMP-03,-,CMP,improved_scratch,机械手路径修复后仅剩零星随机失效,持续监控机械手 repeatability,9,12,-7.0,-4.0,PASS,pass
LOT-B,改善后,W09,28nm MCU,CMP-03,-,CMP,improved_scratch,机械手路径修复后仅剩零星随机失效,持续监控机械手 repeatability,10,12,-6.0,-4.0,PASS,pass
LOT-B,改善后,W09,28nm MCU,CMP-03,-,CMP,improved_scratch,机械手路径修复后仅剩零星随机失效,持续监控机械手 repeatability,11,12,-5.0,-4.0,PASS,pass
LOT-B,改善后,W09,28nm MCU,CMP-03,-,CMP,improved_scratch,机械手路径修复后仅剩零星随机失效,持续监控机械手 repeatability,12,12,-4.0,-4.0,PASS,pass
LOT-B,改善后,W09,28nm MCU,CMP-03,-,CMP,improved_scratch,机械手路径修复后仅剩零星随机失效,持续监控机械手 repeatability,13,12,-3.0,-4.0,PASS,pass
LOT-B,改善后,W09,28nm MCU,CMP-03,-,CMP,improved_scratch,机械手路径修复后仅剩零星随机失效,持续监控机械手 repeatability,14,12,-2.0,-4.0,PASS,pass
LOT-B,改善后,W09,28nm MCU,CMP-03,-,CMP,improved_scratch,机械手路径修复后仅剩零星随机失效,持续监控机械手 repeatability,15,12,-1.0,-4.0,PASS,pass
LOT-B,改善后,W09,28nm MCU,CMP-03,-,CMP,improved_scratch,机械手路径修复后仅剩零星随机失效,持续监控机械手 repeatability,16,12,0.0,-4.0,PASS,pass
LOT-B,改善后,W09,28nm MCU,CMP-03,-,CMP,improved_scratch,机械手路径修复后仅剩零星随机失效,持续监控机械手 repeatability,17,12,1.0,-4.0,PASS,pass
LOT-B,改善后,W09,28nm MCU,CMP-03,-,CMP,improved_scratch,机械手路径修复后仅剩零星随机失效,持续监控机械手 repeatability,18,12,2.0,-4.0,PASS,pass
LOT-B,改善后,W09,28nm MCU,CMP-03,-,CMP,improved_scratch,机械手路径修复后仅剩零星随机失效,持续监控机械手 repeatability,19,12,3.0,-4.0,PASS,pass
LOT-B,改善后,W09,28nm MCU,CMP-03,-,CMP,improved_scratch,机械手路径修复后仅剩零星随机失效,持续监控机械手 repeatability,20,12,4.0,-4.0,PASS,pass
LOT-B,改善后,W09,28nm MCU,CMP-03,-,CMP,improved_scratch,机械手路径修复后仅剩零星随机失效,持续监控机械手 repeatability,21,12,5.0,-4.0,PASS,pass
LOT-B,改善后,W09,28nm MCU,CMP-03,-,CMP,improved_scratch,机械手路径修复后仅剩零星随机失效,持续监控机械手 repeatability,22,12,6.0,-4.0,PASS,pass
LOT-B,改善后,W09,28nm MCU,CMP-03,-,CMP,improved_scratch,机械手路径修复后仅剩零星随机失效,持续监控机械手 repeatability,23,12,7.0,-4.0,PASS,pass
LOT-B,改善后,W09,28nm MCU,CMP-03,-,CMP,improved_scratch,机械手路径修复后仅剩零星随机失效,持续监控机械手 repeatability,24,12,8.0,-4.0,PASS,pass
LOT-B,改善后,W09,28nm MCU,CMP-03,-,CMP,improved_scratch,机械手路径修复后仅剩零星随机失效,持续监控机械手 repeatability,25,12,9.0,-4.0,PASS,pass
LOT-B,改善后,W09,28nm MCU,CMP-03,-,CMP,improved_scratch,机械手路径修复后仅剩零星随机失效,持续监控机械手 repeatability,26,12,10.0,-4.0,PASS,pass
LOT-B,改善后,W09,28nm MCU,CMP-03,-,CMP,improved_scratch,机械手路径修复后仅剩零星随机失效,持续监控机械手 repeatability,27,12,11.0,-4.0,PASS,pass
LOT-B,改善后,W09,28nm MCU,CMP-03,-,CMP,improved_scratch,机械手路径修复后仅剩零星随机失效,持续监控机械手 repeatability,28,12,12.0,-4.0,PASS,pass
LOT-B,改善后,W09,28nm MCU,CMP-03,-,CMP,improved_scratch,机械手路径修复后仅剩零星随机失效,持续监控机械手 repeatability,29,12,13.0,-4.0,PASS,pass
LOT-B,改善后,W09,28nm MCU,CMP-03,-,CMP,improved_scratch,机械手路径修复后仅剩零星随机失效,持续监控机械手 repeatability,30,12,14.0,-4.0,PASS,pass
LOT-B,改善后,W09,28nm MCU,CMP-03,-,CMP,improved_scratch,机械手路径修复后仅剩零星随机失效,持续监控机械手 repeatability,2,13,-14.0,-3.0,PASS,pass
LOT-B,改善后,W09,28nm MCU,CMP-03,-,CMP,improved_scratch,机械手路径修复后仅剩零星随机失效,持续监控机械手 repeatability,3,13,-13.0,-3.0,PASS,pass
LOT-B,改善后,W09,28nm MCU,CMP-03,-,CMP,improved_scratch,机械手路径修复后仅剩零星随机失效,持续监控机械手 repeatability,4,13,-12.0,-3.0,PASS,pass
LOT-B,改善后,W09,28nm MCU,CMP-03,-,CMP,improved_scratch,机械手路径修复后仅剩零星随机失效,持续监控机械手 repeatability,5,13,-11.0,-3.0,PASS,pass
LOT-B,改善后,W09,28nm MCU,CMP-03,-,CMP,improved_scratch,机械手路径修复后仅剩零星随机失效,持续监控机械手 repeatability,6,13,-10.0,-3.0,PASS,pass
LOT-B,改善后,W09,28nm MCU,CMP-03,-,CMP,improved_scratch,机械手路径修复后仅剩零星随机失效,持续监控机械手 repeatability,7,13,-9.0,-3.0,PASS,pass
LOT-B,改善后,W09,28nm MCU,CMP-03,-,CMP,improved_scratch,机械手路径修复后仅剩零星随机失效,持续监控机械手 repeatability,8,13,-8.0,-3.0,PASS,pass
LOT-B,改善后,W09,28nm MCU,CMP-03,-,CMP,improved_scratch,机械手路径修复后仅剩零星随机失效,持续监控机械手 repeatability,9,13,-7.0,-3.0,PASS,pass
LOT-B,改善后,W09,28nm MCU,CMP-03,-,CMP,improved_scratch,机械手路径修复后仅剩零星随机失效,持续监控机械手 repeatability,10,13,-6.0,-3.0,PASS,pass
LOT-B,改善后,W09,28nm MCU,CMP-03,-,CMP,improved_scratch,机械手路径修复后仅剩零星随机失效,持续监控机械手 repeatability,11,13,-5.0,-3.0,PASS,pass
LOT-B,改善后,W09,28nm MCU,CMP-03,-,CMP,improved_scratch,机械手路径修复后仅剩零星随机失效,持续监控机械手 repeatability,12,13,-4.0,-3.0,PASS,pass
LOT-B,改善后,W09,28nm MCU,CMP-03,-,CMP,improved_scratch,机械手路径修复后仅剩零星随机失效,持续监控机械手 repeatability,13,13,-3.0,-3.0,PASS,pass
LOT-B,改善后,W09,28nm MCU,CMP-03,-,CMP,improved_scratch,机械手路径修复后仅剩零星随机失效,持续监控机械手 repeatability,14,13,-2.0,-3.0,PASS,pass
LOT-B,改善后,W09,28nm MCU,CMP-03,-,CMP,improved_scratch,机械手路径修复后仅剩零星随机失效,持续监控机械手 repeatability,15,13,-1.0,-3.0,PASS,pass
LOT-B,改善后,W09,28nm MCU,CMP-03,-,CMP,improved_scratch,机械手路径修复后仅剩零星随机失效,持续监控机械手 repeatability,16,13,0.0,-3.0,PASS,pass
LOT-B,改善后,W09,28nm MCU,CMP-03,-,CMP,improved_scratch,机械手路径修复后仅剩零星随机失效,持续监控机械手 repeatability,17,13,1.0,-3.0,PASS,pass
LOT-B,改善后,W09,28nm MCU,CMP-03,-,CMP,improved_scratch,机械手路径修复后仅剩零星随机失效,持续监控机械手 repeatability,18,13,2.0,-3.0,PASS,pass
LOT-B,改善后,W09,28nm MCU,CMP-03,-,CMP,improved_scratch,机械手路径修复后仅剩零星随机失效,持续监控机械手 repeatability,19,13,3.0,-3.0,PASS,pass
LOT-B,改善后,W09,28nm MCU,CMP-03,-,CMP,improved_scratch,机械手路径修复后仅剩零星随机失效,持续监控机械手 repeatability,20,13,4.0,-3.0,PASS,pass
LOT-B,改善后,W09,28nm MCU,CMP-03,-,CMP,improved_scratch,机械手路径修复后仅剩零星随机失效,持续监控机械手 repeatability,21,13,5.0,-3.0,PASS,pass
LOT-B,改善后,W09,28nm MCU,CMP-03,-,CMP,improved_scratch,机械手路径修复后仅剩零星随机失效,持续监控机械手 repeatability,22,13,6.0,-3.0,PASS,pass
LOT-B,改善后,W09,28nm MCU,CMP-03,-,CMP,improved_scratch,机械手路径修复后仅剩零星随机失效,持续监控机械手 repeatability,23,13,7.0,-3.0,PASS,pass
LOT-B,改善后,W09,28nm MCU,CMP-03,-,CMP,improved_scratch,机械手路径修复后仅剩零星随机失效,持续监控机械手 repeatability,24,13,8.0,-3.0,PASS,pass
LOT-B,改善后,W09,28nm MCU,CMP-03,-,CMP,improved_scratch,机械手路径修复后仅剩零星随机失效,持续监控机械手 repeatability,25,13,9.0,-3.0,PASS,pass
LOT-B,改善后,W09,28nm MCU,CMP-03,-,CMP,improved_scratch,机械手路径修复后仅剩零星随机失效,持续监控机械手 repeatability,26,13,10.0,-3.0,PASS,pass
LOT-B,改善后,W09,28nm MCU,CMP-03,-,CMP,improved_scratch,机械手路径修复后仅剩零星随机失效,持续监控机械手 repeatability,27,13,11.0,-3.0,PASS,pass
LOT-B,改善后,W09,28nm MCU,CMP-03,-,CMP,improved_scratch,机械手路径修复后仅剩零星随机失效,持续监控机械手 repeatability,28,13,12.0,-3.0,PASS,pass
LOT-B,改善后,W09,28nm MCU,CMP-03,-,CMP,improved_scratch,机械手路径修复后仅剩零星随机失效,持续监控机械手 repeatability,29,13,13.0,-3.0,PASS,pass
LOT-B,改善后,W09,28nm MCU,CMP-03,-,CMP,improved_scratch,机械手路径修复后仅剩零星随机失效,持续监控机械手 repeatability,30,13,14.0,-3.0,PASS,pass
LOT-B,改善后,W09,28nm MCU,CMP-03,-,CMP,improved_scratch,机械手路径修复后仅剩零星随机失效,持续监控机械手 repeatability,2,14,-14.0,-2.0,PASS,pass
LOT-B,改善后,W09,28nm MCU,CMP-03,-,CMP,improved_scratch,机械手路径修复后仅剩零星随机失效,持续监控机械手 repeatability,3,14,-13.0,-2.0,PASS,pass
LOT-B,改善后,W09,28nm MCU,CMP-03,-,CMP,improved_scratch,机械手路径修复后仅剩零星随机失效,持续监控机械手 repeatability,4,14,-12.0,-2.0,PASS,pass
LOT-B,改善后,W09,28nm MCU,CMP-03,-,CMP,improved_scratch,机械手路径修复后仅剩零星随机失效,持续监控机械手 repeatability,5,14,-11.0,-2.0,PASS,pass
LOT-B,改善后,W09,28nm MCU,CMP-03,-,CMP,improved_scratch,机械手路径修复后仅剩零星随机失效,持续监控机械手 repeatability,6,14,-10.0,-2.0,PASS,pass
LOT-B,改善后,W09,28nm MCU,CMP-03,-,CMP,improved_scratch,机械手路径修复后仅剩零星随机失效,持续监控机械手 repeatability,7,14,-9.0,-2.0,PASS,pass
LOT-B,改善后,W09,28nm MCU,CMP-03,-,CMP,improved_scratch,机械手路径修复后仅剩零星随机失效,持续监控机械手 repeatability,8,14,-8.0,-2.0,PASS,pass
LOT-B,改善后,W09,28nm MCU,CMP-03,-,CMP,improved_scratch,机械手路径修复后仅剩零星随机失效,持续监控机械手 repeatability,9,14,-7.0,-2.0,PASS,pass
LOT-B,改善后,W09,28nm MCU,CMP-03,-,CMP,improved_scratch,机械手路径修复后仅剩零星随机失效,持续监控机械手 repeatability,10,14,-6.0,-2.0,PASS,pass
LOT-B,改善后,W09,28nm MCU,CMP-03,-,CMP,improved_scratch,机械手路径修复后仅剩零星随机失效,持续监控机械手 repeatability,11,14,-5.0,-2.0,PASS,pass
LOT-B,改善后,W09,28nm MCU,CMP-03,-,CMP,improved_scratch,机械手路径修复后仅剩零星随机失效,持续监控机械手 repeatability,12,14,-4.0,-2.0,PASS,pass
LOT-B,改善后,W09,28nm MCU,CMP-03,-,CMP,improved_scratch,机械手路径修复后仅剩零星随机失效,持续监控机械手 repeatability,13,14,-3.0,-2.0,FAIL,scratch_diagonal
LOT-B,改善后,W09,28nm MCU,CMP-03,-,CMP,improved_scratch,机械手路径修复后仅剩零星随机失效,持续监控机械手 repeatability,14,14,-2.0,-2.0,PASS,pass
LOT-B,改善后,W09,28nm MCU,CMP-03,-,CMP,improved_scratch,机械手路径修复后仅剩零星随机失效,持续监控机械手 repeatability,15,14,-1.0,-2.0,PASS,pass
LOT-B,改善后,W09,28nm MCU,CMP-03,-,CMP,improved_scratch,机械手路径修复后仅剩零星随机失效,持续监控机械手 repeatability,16,14,0.0,-2.0,PASS,pass
LOT-B,改善后,W09,28nm MCU,CMP-03,-,CMP,improved_scratch,机械手路径修复后仅剩零星随机失效,持续监控机械手 repeatability,17,14,1.0,-2.0,PASS,pass
LOT-B,改善后,W09,28nm MCU,CMP-03,-,CMP,improved_scratch,机械手路径修复后仅剩零星随机失效,持续监控机械手 repeatability,18,14,2.0,-2.0,PASS,pass
LOT-B,改善后,W09,28nm MCU,CMP-03,-,CMP,improved_scratch,机械手路径修复后仅剩零星随机失效,持续监控机械手 repeatability,19,14,3.0,-2.0,PASS,pass
LOT-B,改善后,W09,28nm MCU,CMP-03,-,CMP,improved_scratch,机械手路径修复后仅剩零星随机失效,持续监控机械手 repeatability,20,14,4.0,-2.0,PASS,pass
LOT-B,改善后,W09,28nm MCU,CMP-03,-,CMP,improved_scratch,机械手路径修复后仅剩零星随机失效,持续监控机械手 repeatability,21,14,5.0,-2.0,PASS,pass
LOT-B,改善后,W09,28nm MCU,CMP-03,-,CMP,improved_scratch,机械手路径修复后仅剩零星随机失效,持续监控机械手 repeatability,22,14,6.0,-2.0,PASS,pass
LOT-B,改善后,W09,28nm MCU,CMP-03,-,CMP,improved_scratch,机械手路径修复后仅剩零星随机失效,持续监控机械手 repeatability,23,14,7.0,-2.0,PASS,pass
LOT-B,改善后,W09,28nm MCU,CMP-03,-,CMP,improved_scratch,机械手路径修复后仅剩零星随机失效,持续监控机械手 repeatability,24,14,8.0,-2.0,PASS,pass
LOT-B,改善后,W09,28nm MCU,CMP-03,-,CMP,improved_scratch,机械手路径修复后仅剩零星随机失效,持续监控机械手 repeatability,25,14,9.0,-2.0,PASS,pass
LOT-B,改善后,W09,28nm MCU,CMP-03,-,CMP,improved_scratch,机械手路径修复后仅剩零星随机失效,持续监控机械手 repeatability,26,14,10.0,-2.0,PASS,pass
LOT-B,改善后,W09,28nm MCU,CMP-03,-,CMP,improved_scratch,机械手路径修复后仅剩零星随机失效,持续监控机械手 repeatability,27,14,11.0,-2.0,PASS,pass
LOT-B,改善后,W09,28nm MCU,CMP-03,-,CMP,improved_scratch,机械手路径修复后仅剩零星随机失效,持续监控机械手 repeatability,28,14,12.0,-2.0,PASS,pass
LOT-B,改善后,W09,28nm MCU,CMP-03,-,CMP,improved_scratch,机械手路径修复后仅剩零星随机失效,持续监控机械手 repeatability,29,14,13.0,-2.0,PASS,pass
LOT-B,改善后,W09,28nm MCU,CMP-03,-,CMP,improved_scratch,机械手路径修复后仅剩零星随机失效,持续监控机械手 repeatability,30,14,14.0,-2.0,PASS,pass
LOT-B,改善后,W09,28nm MCU,CMP-03,-,CMP,improved_scratch,机械手路径修复后仅剩零星随机失效,持续监控机械手 repeatability,2,15,-14.0,-1.0,PASS,pass
LOT-B,改善后,W09,28nm MCU,CMP-03,-,CMP,improved_scratch,机械手路径修复后仅剩零星随机失效,持续监控机械手 repeatability,3,15,-13.0,-1.0,PASS,pass
LOT-B,改善后,W09,28nm MCU,CMP-03,-,CMP,improved_scratch,机械手路径修复后仅剩零星随机失效,持续监控机械手 repeatability,4,15,-12.0,-1.0,PASS,pass
LOT-B,改善后,W09,28nm MCU,CMP-03,-,CMP,improved_scratch,机械手路径修复后仅剩零星随机失效,持续监控机械手 repeatability,5,15,-11.0,-1.0,PASS,pass
LOT-B,改善后,W09,28nm MCU,CMP-03,-,CMP,improved_scratch,机械手路径修复后仅剩零星随机失效,持续监控机械手 repeatability,6,15,-10.0,-1.0,PASS,pass
LOT-B,改善后,W09,28nm MCU,CMP-03,-,CMP,improved_scratch,机械手路径修复后仅剩零星随机失效,持续监控机械手 repeatability,7,15,-9.0,-1.0,PASS,pass
LOT-B,改善后,W09,28nm MCU,CMP-03,-,CMP,improved_scratch,机械手路径修复后仅剩零星随机失效,持续监控机械手 repeatability,8,15,-8.0,-1.0,PASS,pass
LOT-B,改善后,W09,28nm MCU,CMP-03,-,CMP,improved_scratch,机械手路径修复后仅剩零星随机失效,持续监控机械手 repeatability,9,15,-7.0,-1.0,PASS,pass
LOT-B,改善后,W09,28nm MCU,CMP-03,-,CMP,improved_scratch,机械手路径修复后仅剩零星随机失效,持续监控机械手 repeatability,10,15,-6.0,-1.0,PASS,pass
LOT-B,改善后,W09,28nm MCU,CMP-03,-,CMP,improved_scratch,机械手路径修复后仅剩零星随机失效,持续监控机械手 repeatability,11,15,-5.0,-1.0,PASS,pass
LOT-B,改善后,W09,28nm MCU,CMP-03,-,CMP,improved_scratch,机械手路径修复后仅剩零星随机失效,持续监控机械手 repeatability,12,15,-4.0,-1.0,PASS,pass
LOT-B,改善后,W09,28nm MCU,CMP-03,-,CMP,improved_scratch,机械手路径修复后仅剩零星随机失效,持续监控机械手 repeatability,13,15,-3.0,-1.0,PASS,pass
LOT-B,改善后,W09,28nm MCU,CMP-03,-,CMP,improved_scratch,机械手路径修复后仅剩零星随机失效,持续监控机械手 repeatability,14,15,-2.0,-1.0,PASS,pass
LOT-B,改善后,W09,28nm MCU,CMP-03,-,CMP,improved_scratch,机械手路径修复后仅剩零星随机失效,持续监控机械手 repeatability,15,15,-1.0,-1.0,PASS,pass
LOT-B,改善后,W09,28nm MCU,CMP-03,-,CMP,improved_scratch,机械手路径修复后仅剩零星随机失效,持续监控机械手 repeatability,16,15,0.0,-1.0,PASS,pass
LOT-B,改善后,W09,28nm MCU,CMP-03,-,CMP,improved_scratch,机械手路径修复后仅剩零星随机失效,持续监控机械手 repeatability,17,15,1.0,-1.0,PASS,pass
LOT-B,改善后,W09,28nm MCU,CMP-03,-,CMP,improved_scratch,机械手路径修复后仅剩零星随机失效,持续监控机械手 repeatability,18,15,2.0,-1.0,PASS,pass
LOT-B,改善后,W09,28nm MCU,CMP-03,-,CMP,improved_scratch,机械手路径修复后仅剩零星随机失效,持续监控机械手 repeatability,19,15,3.0,-1.0,PASS,pass
LOT-B,改善后,W09,28nm MCU,CMP-03,-,CMP,improved_scratch,机械手路径修复后仅剩零星随机失效,持续监控机械手 repeatability,20,15,4.0,-1.0,PASS,pass
LOT-B,改善后,W09,28nm MCU,CMP-03,-,CMP,improved_scratch,机械手路径修复后仅剩零星随机失效,持续监控机械手 repeatability,21,15,5.0,-1.0,PASS,pass
LOT-B,改善后,W09,28nm MCU,CMP-03,-,CMP,improved_scratch,机械手路径修复后仅剩零星随机失效,持续监控机械手 repeatability,22,15,6.0,-1.0,PASS,pass
LOT-B,改善后,W09,28nm MCU,CMP-03,-,CMP,improved_scratch,机械手路径修复后仅剩零星随机失效,持续监控机械手 repeatability,23,15,7.0,-1.0,PASS,pass
LOT-B,改善后,W09,28nm MCU,CMP-03,-,CMP,improved_scratch,机械手路径修复后仅剩零星随机失效,持续监控机械手 repeatability,24,15,8.0,-1.0,PASS,pass
LOT-B,改善后,W09,28nm MCU,CMP-03,-,CMP,improved_scratch,机械手路径修复后仅剩零星随机失效,持续监控机械手 repeatability,25,15,9.0,-1.0,PASS,pass
LOT-B,改善后,W09,28nm MCU,CMP-03,-,CMP,improved_scratch,机械手路径修复后仅剩零星随机失效,持续监控机械手 repeatability,26,15,10.0,-1.0,PASS,pass
LOT-B,改善后,W09,28nm MCU,CMP-03,-,CMP,improved_scratch,机械手路径修复后仅剩零星随机失效,持续监控机械手 repeatability,27,15,11.0,-1.0,PASS,pass
LOT-B,改善后,W09,28nm MCU,CMP-03,-,CMP,improved_scratch,机械手路径修复后仅剩零星随机失效,持续监控机械手 repeatability,28,15,12.0,-1.0,PASS,pass
LOT-B,改善后,W09,28nm MCU,CMP-03,-,CMP,improved_scratch,机械手路径修复后仅剩零星随机失效,持续监控机械手 repeatability,29,15,13.0,-1.0,PASS,pass
LOT-B,改善后,W09,28nm MCU,CMP-03,-,CMP,improved_scratch,机械手路径修复后仅剩零星随机失效,持续监控机械手 repeatability,30,15,14.0,-1.0,PASS,pass
LOT-B,改善后,W09,28nm MCU,CMP-03,-,CMP,improved_scratch,机械手路径修复后仅剩零星随机失效,持续监控机械手 repeatability,2,16,-14.0,0.0,PASS,pass
LOT-B,改善后,W09,28nm MCU,CMP-03,-,CMP,improved_scratch,机械手路径修复后仅剩零星随机失效,持续监控机械手 repeatability,3,16,-13.0,0.0,PASS,pass
LOT-B,改善后,W09,28nm MCU,CMP-03,-,CMP,improved_scratch,机械手路径修复后仅剩零星随机失效,持续监控机械手 repeatability,4,16,-12.0,0.0,PASS,pass
LOT-B,改善后,W09,28nm MCU,CMP-03,-,CMP,improved_scratch,机械手路径修复后仅剩零星随机失效,持续监控机械手 repeatability,5,16,-11.0,0.0,PASS,pass
LOT-B,改善后,W09,28nm MCU,CMP-03,-,CMP,improved_scratch,机械手路径修复后仅剩零星随机失效,持续监控机械手 repeatability,6,16,-10.0,0.0,PASS,pass
LOT-B,改善后,W09,28nm MCU,CMP-03,-,CMP,improved_scratch,机械手路径修复后仅剩零星随机失效,持续监控机械手 repeatability,7,16,-9.0,0.0,PASS,pass
LOT-B,改善后,W09,28nm MCU,CMP-03,-,CMP,improved_scratch,机械手路径修复后仅剩零星随机失效,持续监控机械手 repeatability,8,16,-8.0,0.0,PASS,pass
LOT-B,改善后,W09,28nm MCU,CMP-03,-,CMP,improved_scratch,机械手路径修复后仅剩零星随机失效,持续监控机械手 repeatability,9,16,-7.0,0.0,PASS,pass
LOT-B,改善后,W09,28nm MCU,CMP-03,-,CMP,improved_scratch,机械手路径修复后仅剩零星随机失效,持续监控机械手 repeatability,10,16,-6.0,0.0,PASS,pass
LOT-B,改善后,W09,28nm MCU,CMP-03,-,CMP,improved_scratch,机械手路径修复后仅剩零星随机失效,持续监控机械手 repeatability,11,16,-5.0,0.0,PASS,pass
LOT-B,改善后,W09,28nm MCU,CMP-03,-,CMP,improved_scratch,机械手路径修复后仅剩零星随机失效,持续监控机械手 repeatability,12,16,-4.0,0.0,PASS,pass
LOT-B,改善后,W09,28nm MCU,CMP-03,-,CMP,improved_scratch,机械手路径修复后仅剩零星随机失效,持续监控机械手 repeatability,13,16,-3.0,0.0,PASS,pass
LOT-B,改善后,W09,28nm MCU,CMP-03,-,CMP,improved_scratch,机械手路径修复后仅剩零星随机失效,持续监控机械手 repeatability,14,16,-2.0,0.0,PASS,pass
LOT-B,改善后,W09,28nm MCU,CMP-03,-,CMP,improved_scratch,机械手路径修复后仅剩零星随机失效,持续监控机械手 repeatability,15,16,-1.0,0.0,PASS,pass
LOT-B,改善后,W09,28nm MCU,CMP-03,-,CMP,improved_scratch,机械手路径修复后仅剩零星随机失效,持续监控机械手 repeatability,16,16,0.0,0.0,PASS,pass
LOT-B,改善后,W09,28nm MCU,CMP-03,-,CMP,improved_scratch,机械手路径修复后仅剩零星随机失效,持续监控机械手 repeatability,17,16,1.0,0.0,PASS,pass
LOT-B,改善后,W09,28nm MCU,CMP-03,-,CMP,improved_scratch,机械手路径修复后仅剩零星随机失效,持续监控机械手 repeatability,18,16,2.0,0.0,PASS,pass
LOT-B,改善后,W09,28nm MCU,CMP-03,-,CMP,improved_scratch,机械手路径修复后仅剩零星随机失效,持续监控机械手 repeatability,19,16,3.0,0.0,PASS,pass
LOT-B,改善后,W09,28nm MCU,CMP-03,-,CMP,improved_scratch,机械手路径修复后仅剩零星随机失效,持续监控机械手 repeatability,20,16,4.0,0.0,PASS,pass
LOT-B,改善后,W09,28nm MCU,CMP-03,-,CMP,improved_scratch,机械手路径修复后仅剩零星随机失效,持续监控机械手 repeatability,21,16,5.0,0.0,PASS,pass
LOT-B,改善后,W09,28nm MCU,CMP-03,-,CMP,improved_scratch,机械手路径修复后仅剩零星随机失效,持续监控机械手 repeatability,22,16,6.0,0.0,PASS,pass
LOT-B,改善后,W09,28nm MCU,CMP-03,-,CMP,improved_scratch,机械手路径修复后仅剩零星随机失效,持续监控机械手 repeatability,23,16,7.0,0.0,PASS,pass
LOT-B,改善后,W09,28nm MCU,CMP-03,-,CMP,improved_scratch,机械手路径修复后仅剩零星随机失效,持续监控机械手 repeatability,24,16,8.0,0.0,PASS,pass
LOT-B,改善后,W09,28nm MCU,CMP-03,-,CMP,improved_scratch,机械手路径修复后仅剩零星随机失效,持续监控机械手 repeatability,25,16,9.0,0.0,PASS,pass
LOT-B,改善后,W09,28nm MCU,CMP-03,-,CMP,improved_scratch,机械手路径修复后仅剩零星随机失效,持续监控机械手 repeatability,26,16,10.0,0.0,PASS,pass
LOT-B,改善后,W09,28nm MCU,CMP-03,-,CMP,improved_scratch,机械手路径修复后仅剩零星随机失效,持续监控机械手 repeatability,27,16,11.0,0.0,PASS,pass
LOT-B,改善后,W09,28nm MCU,CMP-03,-,CMP,improved_scratch,机械手路径修复后仅剩零星随机失效,持续监控机械手 repeatability,28,16,12.0,0.0,PASS,pass
LOT-B,改善后,W09,28nm MCU,CMP-03,-,CMP,improved_scratch,机械手路径修复后仅剩零星随机失效,持续监控机械手 repeatability,29,16,13.0,0.0,PASS,pass
LOT-B,改善后,W09,28nm MCU,CMP-03,-,CMP,improved_scratch,机械手路径修复后仅剩零星随机失效,持续监控机械手 repeatability,30,16,14.0,0.0,PASS,pass
LOT-B,改善后,W09,28nm MCU,CMP-03,-,CMP,improved_scratch,机械手路径修复后仅剩零星随机失效,持续监控机械手 repeatability,2,17,-14.0,1.0,PASS,pass
LOT-B,改善后,W09,28nm MCU,CMP-03,-,CMP,improved_scratch,机械手路径修复后仅剩零星随机失效,持续监控机械手 repeatability,3,17,-13.0,1.0,PASS,pass
LOT-B,改善后,W09,28nm MCU,CMP-03,-,CMP,improved_scratch,机械手路径修复后仅剩零星随机失效,持续监控机械手 repeatability,4,17,-12.0,1.0,PASS,pass
LOT-B,改善后,W09,28nm MCU,CMP-03,-,CMP,improved_scratch,机械手路径修复后仅剩零星随机失效,持续监控机械手 repeatability,5,17,-11.0,1.0,PASS,pass
LOT-B,改善后,W09,28nm MCU,CMP-03,-,CMP,improved_scratch,机械手路径修复后仅剩零星随机失效,持续监控机械手 repeatability,6,17,-10.0,1.0,PASS,pass
LOT-B,改善后,W09,28nm MCU,CMP-03,-,CMP,improved_scratch,机械手路径修复后仅剩零星随机失效,持续监控机械手 repeatability,7,17,-9.0,1.0,PASS,pass
LOT-B,改善后,W09,28nm MCU,CMP-03,-,CMP,improved_scratch,机械手路径修复后仅剩零星随机失效,持续监控机械手 repeatability,8,17,-8.0,1.0,PASS,pass
LOT-B,改善后,W09,28nm MCU,CMP-03,-,CMP,improved_scratch,机械手路径修复后仅剩零星随机失效,持续监控机械手 repeatability,9,17,-7.0,1.0,PASS,pass
LOT-B,改善后,W09,28nm MCU,CMP-03,-,CMP,improved_scratch,机械手路径修复后仅剩零星随机失效,持续监控机械手 repeatability,10,17,-6.0,1.0,PASS,pass
LOT-B,改善后,W09,28nm MCU,CMP-03,-,CMP,improved_scratch,机械手路径修复后仅剩零星随机失效,持续监控机械手 repeatability,11,17,-5.0,1.0,PASS,pass
LOT-B,改善后,W09,28nm MCU,CMP-03,-,CMP,improved_scratch,机械手路径修复后仅剩零星随机失效,持续监控机械手 repeatability,12,17,-4.0,1.0,PASS,pass
LOT-B,改善后,W09,28nm MCU,CMP-03,-,CMP,improved_scratch,机械手路径修复后仅剩零星随机失效,持续监控机械手 repeatability,13,17,-3.0,1.0,PASS,pass
LOT-B,改善后,W09,28nm MCU,CMP-03,-,CMP,improved_scratch,机械手路径修复后仅剩零星随机失效,持续监控机械手 repeatability,14,17,-2.0,1.0,PASS,pass
LOT-B,改善后,W09,28nm MCU,CMP-03,-,CMP,improved_scratch,机械手路径修复后仅剩零星随机失效,持续监控机械手 repeatability,15,17,-1.0,1.0,PASS,pass
LOT-B,改善后,W09,28nm MCU,CMP-03,-,CMP,improved_scratch,机械手路径修复后仅剩零星随机失效,持续监控机械手 repeatability,16,17,0.0,1.0,PASS,pass
LOT-B,改善后,W09,28nm MCU,CMP-03,-,CMP,improved_scratch,机械手路径修复后仅剩零星随机失效,持续监控机械手 repeatability,17,17,1.0,1.0,PASS,pass
LOT-B,改善后,W09,28nm MCU,CMP-03,-,CMP,improved_scratch,机械手路径修复后仅剩零星随机失效,持续监控机械手 repeatability,18,17,2.0,1.0,PASS,pass
LOT-B,改善后,W09,28nm MCU,CMP-03,-,CMP,improved_scratch,机械手路径修复后仅剩零星随机失效,持续监控机械手 repeatability,19,17,3.0,1.0,PASS,pass
LOT-B,改善后,W09,28nm MCU,CMP-03,-,CMP,improved_scratch,机械手路径修复后仅剩零星随机失效,持续监控机械手 repeatability,20,17,4.0,1.0,PASS,pass
LOT-B,改善后,W09,28nm MCU,CMP-03,-,CMP,improved_scratch,机械手路径修复后仅剩零星随机失效,持续监控机械手 repeatability,21,17,5.0,1.0,PASS,pass
LOT-B,改善后,W09,28nm MCU,CMP-03,-,CMP,improved_scratch,机械手路径修复后仅剩零星随机失效,持续监控机械手 repeatability,22,17,6.0,1.0,PASS,pass
LOT-B,改善后,W09,28nm MCU,CMP-03,-,CMP,improved_scratch,机械手路径修复后仅剩零星随机失效,持续监控机械手 repeatability,23,17,7.0,1.0,PASS,pass
LOT-B,改善后,W09,28nm MCU,CMP-03,-,CMP,improved_scratch,机械手路径修复后仅剩零星随机失效,持续监控机械手 repeatability,24,17,8.0,1.0,PASS,pass
LOT-B,改善后,W09,28nm MCU,CMP-03,-,CMP,improved_scratch,机械手路径修复后仅剩零星随机失效,持续监控机械手 repeatability,25,17,9.0,1.0,PASS,pass
LOT-B,改善后,W09,28nm MCU,CMP-03,-,CMP,improved_scratch,机械手路径修复后仅剩零星随机失效,持续监控机械手 repeatability,26,17,10.0,1.0,PASS,pass
LOT-B,改善后,W09,28nm MCU,CMP-03,-,CMP,improved_scratch,机械手路径修复后仅剩零星随机失效,持续监控机械手 repeatability,27,17,11.0,1.0,PASS,pass
LOT-B,改善后,W09,28nm MCU,CMP-03,-,CMP,improved_scratch,机械手路径修复后仅剩零星随机失效,持续监控机械手 repeatability,28,17,12.0,1.0,PASS,pass
LOT-B,改善后,W09,28nm MCU,CMP-03,-,CMP,improved_scratch,机械手路径修复后仅剩零星随机失效,持续监控机械手 repeatability,29,17,13.0,1.0,PASS,pass
LOT-B,改善后,W09,28nm MCU,CMP-03,-,CMP,improved_scratch,机械手路径修复后仅剩零星随机失效,持续监控机械手 repeatability,30,17,14.0,1.0,PASS,pass
LOT-B,改善后,W09,28nm MCU,CMP-03,-,CMP,improved_scratch,机械手路径修复后仅剩零星随机失效,持续监控机械手 repeatability,2,18,-14.0,2.0,PASS,pass
LOT-B,改善后,W09,28nm MCU,CMP-03,-,CMP,improved_scratch,机械手路径修复后仅剩零星随机失效,持续监控机械手 repeatability,3,18,-13.0,2.0,PASS,pass
LOT-B,改善后,W09,28nm MCU,CMP-03,-,CMP,improved_scratch,机械手路径修复后仅剩零星随机失效,持续监控机械手 repeatability,4,18,-12.0,2.0,PASS,pass
LOT-B,改善后,W09,28nm MCU,CMP-03,-,CMP,improved_scratch,机械手路径修复后仅剩零星随机失效,持续监控机械手 repeatability,5,18,-11.0,2.0,PASS,pass
LOT-B,改善后,W09,28nm MCU,CMP-03,-,CMP,improved_scratch,机械手路径修复后仅剩零星随机失效,持续监控机械手 repeatability,6,18,-10.0,2.0,PASS,pass
LOT-B,改善后,W09,28nm MCU,CMP-03,-,CMP,improved_scratch,机械手路径修复后仅剩零星随机失效,持续监控机械手 repeatability,7,18,-9.0,2.0,PASS,pass
LOT-B,改善后,W09,28nm MCU,CMP-03,-,CMP,improved_scratch,机械手路径修复后仅剩零星随机失效,持续监控机械手 repeatability,8,18,-8.0,2.0,PASS,pass
LOT-B,改善后,W09,28nm MCU,CMP-03,-,CMP,improved_scratch,机械手路径修复后仅剩零星随机失效,持续监控机械手 repeatability,9,18,-7.0,2.0,PASS,pass
LOT-B,改善后,W09,28nm MCU,CMP-03,-,CMP,improved_scratch,机械手路径修复后仅剩零星随机失效,持续监控机械手 repeatability,10,18,-6.0,2.0,PASS,pass
LOT-B,改善后,W09,28nm MCU,CMP-03,-,CMP,improved_scratch,机械手路径修复后仅剩零星随机失效,持续监控机械手 repeatability,11,18,-5.0,2.0,PASS,pass
LOT-B,改善后,W09,28nm MCU,CMP-03,-,CMP,improved_scratch,机械手路径修复后仅剩零星随机失效,持续监控机械手 repeatability,12,18,-4.0,2.0,PASS,pass
LOT-B,改善后,W09,28nm MCU,CMP-03,-,CMP,improved_scratch,机械手路径修复后仅剩零星随机失效,持续监控机械手 repeatability,13,18,-3.0,2.0,PASS,pass
LOT-B,改善后,W09,28nm MCU,CMP-03,-,CMP,improved_scratch,机械手路径修复后仅剩零星随机失效,持续监控机械手 repeatability,14,18,-2.0,2.0,PASS,pass
LOT-B,改善后,W09,28nm MCU,CMP-03,-,CMP,improved_scratch,机械手路径修复后仅剩零星随机失效,持续监控机械手 repeatability,15,18,-1.0,2.0,PASS,pass
LOT-B,改善后,W09,28nm MCU,CMP-03,-,CMP,improved_scratch,机械手路径修复后仅剩零星随机失效,持续监控机械手 repeatability,16,18,0.0,2.0,PASS,pass
LOT-B,改善后,W09,28nm MCU,CMP-03,-,CMP,improved_scratch,机械手路径修复后仅剩零星随机失效,持续监控机械手 repeatability,17,18,1.0,2.0,PASS,pass
LOT-B,改善后,W09,28nm MCU,CMP-03,-,CMP,improved_scratch,机械手路径修复后仅剩零星随机失效,持续监控机械手 repeatability,18,18,2.0,2.0,PASS,pass
LOT-B,改善后,W09,28nm MCU,CMP-03,-,CMP,improved_scratch,机械手路径修复后仅剩零星随机失效,持续监控机械手 repeatability,19,18,3.0,2.0,PASS,pass
LOT-B,改善后,W09,28nm MCU,CMP-03,-,CMP,improved_scratch,机械手路径修复后仅剩零星随机失效,持续监控机械手 repeatability,20,18,4.0,2.0,PASS,pass
LOT-B,改善后,W09,28nm MCU,CMP-03,-,CMP,improved_scratch,机械手路径修复后仅剩零星随机失效,持续监控机械手 repeatability,21,18,5.0,2.0,PASS,pass
LOT-B,改善后,W09,28nm MCU,CMP-03,-,CMP,improved_scratch,机械手路径修复后仅剩零星随机失效,持续监控机械手 repeatability,22,18,6.0,2.0,PASS,pass
LOT-B,改善后,W09,28nm MCU,CMP-03,-,CMP,improved_scratch,机械手路径修复后仅剩零星随机失效,持续监控机械手 repeatability,23,18,7.0,2.0,PASS,pass
LOT-B,改善后,W09,28nm MCU,CMP-03,-,CMP,improved_scratch,机械手路径修复后仅剩零星随机失效,持续监控机械手 repeatability,24,18,8.0,2.0,PASS,pass
LOT-B,改善后,W09,28nm MCU,CMP-03,-,CMP,improved_scratch,机械手路径修复后仅剩零星随机失效,持续监控机械手 repeatability,25,18,9.0,2.0,PASS,pass
LOT-B,改善后,W09,28nm MCU,CMP-03,-,CMP,improved_scratch,机械手路径修复后仅剩零星随机失效,持续监控机械手 repeatability,26,18,10.0,2.0,PASS,pass
LOT-B,改善后,W09,28nm MCU,CMP-03,-,CMP,improved_scratch,机械手路径修复后仅剩零星随机失效,持续监控机械手 repeatability,27,18,11.0,2.0,PASS,pass
LOT-B,改善后,W09,28nm MCU,CMP-03,-,CMP,improved_scratch,机械手路径修复后仅剩零星随机失效,持续监控机械手 repeatability,28,18,12.0,2.0,PASS,pass
LOT-B,改善后,W09,28nm MCU,CMP-03,-,CMP,improved_scratch,机械手路径修复后仅剩零星随机失效,持续监控机械手 repeatability,29,18,13.0,2.0,PASS,pass
LOT-B,改善后,W09,28nm MCU,CMP-03,-,CMP,improved_scratch,机械手路径修复后仅剩零星随机失效,持续监控机械手 repeatability,30,18,14.0,2.0,PASS,pass
LOT-B,改善后,W09,28nm MCU,CMP-03,-,CMP,improved_scratch,机械手路径修复后仅剩零星随机失效,持续监控机械手 repeatability,2,19,-14.0,3.0,PASS,pass
LOT-B,改善后,W09,28nm MCU,CMP-03,-,CMP,improved_scratch,机械手路径修复后仅剩零星随机失效,持续监控机械手 repeatability,3,19,-13.0,3.0,PASS,pass
LOT-B,改善后,W09,28nm MCU,CMP-03,-,CMP,improved_scratch,机械手路径修复后仅剩零星随机失效,持续监控机械手 repeatability,4,19,-12.0,3.0,PASS,pass
LOT-B,改善后,W09,28nm MCU,CMP-03,-,CMP,improved_scratch,机械手路径修复后仅剩零星随机失效,持续监控机械手 repeatability,5,19,-11.0,3.0,PASS,pass
LOT-B,改善后,W09,28nm MCU,CMP-03,-,CMP,improved_scratch,机械手路径修复后仅剩零星随机失效,持续监控机械手 repeatability,6,19,-10.0,3.0,PASS,pass
LOT-B,改善后,W09,28nm MCU,CMP-03,-,CMP,improved_scratch,机械手路径修复后仅剩零星随机失效,持续监控机械手 repeatability,7,19,-9.0,3.0,PASS,pass
LOT-B,改善后,W09,28nm MCU,CMP-03,-,CMP,improved_scratch,机械手路径修复后仅剩零星随机失效,持续监控机械手 repeatability,8,19,-8.0,3.0,PASS,pass
LOT-B,改善后,W09,28nm MCU,CMP-03,-,CMP,improved_scratch,机械手路径修复后仅剩零星随机失效,持续监控机械手 repeatability,9,19,-7.0,3.0,PASS,pass
LOT-B,改善后,W09,28nm MCU,CMP-03,-,CMP,improved_scratch,机械手路径修复后仅剩零星随机失效,持续监控机械手 repeatability,10,19,-6.0,3.0,PASS,pass
LOT-B,改善后,W09,28nm MCU,CMP-03,-,CMP,improved_scratch,机械手路径修复后仅剩零星随机失效,持续监控机械手 repeatability,11,19,-5.0,3.0,FAIL,random
LOT-B,改善后,W09,28nm MCU,CMP-03,-,CMP,improved_scratch,机械手路径修复后仅剩零星随机失效,持续监控机械手 repeatability,12,19,-4.0,3.0,PASS,pass
LOT-B,改善后,W09,28nm MCU,CMP-03,-,CMP,improved_scratch,机械手路径修复后仅剩零星随机失效,持续监控机械手 repeatability,13,19,-3.0,3.0,PASS,pass
LOT-B,改善后,W09,28nm MCU,CMP-03,-,CMP,improved_scratch,机械手路径修复后仅剩零星随机失效,持续监控机械手 repeatability,14,19,-2.0,3.0,PASS,pass
LOT-B,改善后,W09,28nm MCU,CMP-03,-,CMP,improved_scratch,机械手路径修复后仅剩零星随机失效,持续监控机械手 repeatability,15,19,-1.0,3.0,PASS,pass
LOT-B,改善后,W09,28nm MCU,CMP-03,-,CMP,improved_scratch,机械手路径修复后仅剩零星随机失效,持续监控机械手 repeatability,16,19,0.0,3.0,PASS,pass
LOT-B,改善后,W09,28nm MCU,CMP-03,-,CMP,improved_scratch,机械手路径修复后仅剩零星随机失效,持续监控机械手 repeatability,17,19,1.0,3.0,PASS,pass
LOT-B,改善后,W09,28nm MCU,CMP-03,-,CMP,improved_scratch,机械手路径修复后仅剩零星随机失效,持续监控机械手 repeatability,18,19,2.0,3.0,PASS,pass
LOT-B,改善后,W09,28nm MCU,CMP-03,-,CMP,improved_scratch,机械手路径修复后仅剩零星随机失效,持续监控机械手 repeatability,19,19,3.0,3.0,PASS,pass
LOT-B,改善后,W09,28nm MCU,CMP-03,-,CMP,improved_scratch,机械手路径修复后仅剩零星随机失效,持续监控机械手 repeatability,20,19,4.0,3.0,PASS,pass
LOT-B,改善后,W09,28nm MCU,CMP-03,-,CMP,improved_scratch,机械手路径修复后仅剩零星随机失效,持续监控机械手 repeatability,21,19,5.0,3.0,PASS,pass
LOT-B,改善后,W09,28nm MCU,CMP-03,-,CMP,improved_scratch,机械手路径修复后仅剩零星随机失效,持续监控机械手 repeatability,22,19,6.0,3.0,PASS,pass
LOT-B,改善后,W09,28nm MCU,CMP-03,-,CMP,improved_scratch,机械手路径修复后仅剩零星随机失效,持续监控机械手 repeatability,23,19,7.0,3.0,PASS,pass
LOT-B,改善后,W09,28nm MCU,CMP-03,-,CMP,improved_scratch,机械手路径修复后仅剩零星随机失效,持续监控机械手 repeatability,24,19,8.0,3.0,PASS,pass
LOT-B,改善后,W09,28nm MCU,CMP-03,-,CMP,improved_scratch,机械手路径修复后仅剩零星随机失效,持续监控机械手 repeatability,25,19,9.0,3.0,PASS,pass
LOT-B,改善后,W09,28nm MCU,CMP-03,-,CMP,improved_scratch,机械手路径修复后仅剩零星随机失效,持续监控机械手 repeatability,26,19,10.0,3.0,PASS,pass
LOT-B,改善后,W09,28nm MCU,CMP-03,-,CMP,improved_scratch,机械手路径修复后仅剩零星随机失效,持续监控机械手 repeatability,27,19,11.0,3.0,PASS,pass
LOT-B,改善后,W09,28nm MCU,CMP-03,-,CMP,improved_scratch,机械手路径修复后仅剩零星随机失效,持续监控机械手 repeatability,28,19,12.0,3.0,PASS,pass
LOT-B,改善后,W09,28nm MCU,CMP-03,-,CMP,improved_scratch,机械手路径修复后仅剩零星随机失效,持续监控机械手 repeatability,29,19,13.0,3.0,PASS,pass
LOT-B,改善后,W09,28nm MCU,CMP-03,-,CMP,improved_scratch,机械手路径修复后仅剩零星随机失效,持续监控机械手 repeatability,30,19,14.0,3.0,PASS,pass
LOT-B,改善后,W09,28nm MCU,CMP-03,-,CMP,improved_scratch,机械手路径修复后仅剩零星随机失效,持续监控机械手 repeatability,2,20,-14.0,4.0,PASS,pass
LOT-B,改善后,W09,28nm MCU,CMP-03,-,CMP,improved_scratch,机械手路径修复后仅剩零星随机失效,持续监控机械手 repeatability,3,20,-13.0,4.0,PASS,pass
LOT-B,改善后,W09,28nm MCU,CMP-03,-,CMP,improved_scratch,机械手路径修复后仅剩零星随机失效,持续监控机械手 repeatability,4,20,-12.0,4.0,PASS,pass
LOT-B,改善后,W09,28nm MCU,CMP-03,-,CMP,improved_scratch,机械手路径修复后仅剩零星随机失效,持续监控机械手 repeatability,5,20,-11.0,4.0,PASS,pass
LOT-B,改善后,W09,28nm MCU,CMP-03,-,CMP,improved_scratch,机械手路径修复后仅剩零星随机失效,持续监控机械手 repeatability,6,20,-10.0,4.0,PASS,pass
LOT-B,改善后,W09,28nm MCU,CMP-03,-,CMP,improved_scratch,机械手路径修复后仅剩零星随机失效,持续监控机械手 repeatability,7,20,-9.0,4.0,PASS,pass
LOT-B,改善后,W09,28nm MCU,CMP-03,-,CMP,improved_scratch,机械手路径修复后仅剩零星随机失效,持续监控机械手 repeatability,8,20,-8.0,4.0,PASS,pass
LOT-B,改善后,W09,28nm MCU,CMP-03,-,CMP,improved_scratch,机械手路径修复后仅剩零星随机失效,持续监控机械手 repeatability,9,20,-7.0,4.0,PASS,pass
LOT-B,改善后,W09,28nm MCU,CMP-03,-,CMP,improved_scratch,机械手路径修复后仅剩零星随机失效,持续监控机械手 repeatability,10,20,-6.0,4.0,PASS,pass
LOT-B,改善后,W09,28nm MCU,CMP-03,-,CMP,improved_scratch,机械手路径修复后仅剩零星随机失效,持续监控机械手 repeatability,11,20,-5.0,4.0,PASS,pass
LOT-B,改善后,W09,28nm MCU,CMP-03,-,CMP,improved_scratch,机械手路径修复后仅剩零星随机失效,持续监控机械手 repeatability,12,20,-4.0,4.0,PASS,pass
LOT-B,改善后,W09,28nm MCU,CMP-03,-,CMP,improved_scratch,机械手路径修复后仅剩零星随机失效,持续监控机械手 repeatability,13,20,-3.0,4.0,PASS,pass
LOT-B,改善后,W09,28nm MCU,CMP-03,-,CMP,improved_scratch,机械手路径修复后仅剩零星随机失效,持续监控机械手 repeatability,14,20,-2.0,4.0,PASS,pass
LOT-B,改善后,W09,28nm MCU,CMP-03,-,CMP,improved_scratch,机械手路径修复后仅剩零星随机失效,持续监控机械手 repeatability,15,20,-1.0,4.0,PASS,pass
LOT-B,改善后,W09,28nm MCU,CMP-03,-,CMP,improved_scratch,机械手路径修复后仅剩零星随机失效,持续监控机械手 repeatability,16,20,0.0,4.0,PASS,pass
LOT-B,改善后,W09,28nm MCU,CMP-03,-,CMP,improved_scratch,机械手路径修复后仅剩零星随机失效,持续监控机械手 repeatability,17,20,1.0,4.0,PASS,pass
LOT-B,改善后,W09,28nm MCU,CMP-03,-,CMP,improved_scratch,机械手路径修复后仅剩零星随机失效,持续监控机械手 repeatability,18,20,2.0,4.0,PASS,pass
LOT-B,改善后,W09,28nm MCU,CMP-03,-,CMP,improved_scratch,机械手路径修复后仅剩零星随机失效,持续监控机械手 repeatability,19,20,3.0,4.0,PASS,pass
LOT-B,改善后,W09,28nm MCU,CMP-03,-,CMP,improved_scratch,机械手路径修复后仅剩零星随机失效,持续监控机械手 repeatability,20,20,4.0,4.0,PASS,pass
LOT-B,改善后,W09,28nm MCU,CMP-03,-,CMP,improved_scratch,机械手路径修复后仅剩零星随机失效,持续监控机械手 repeatability,21,20,5.0,4.0,PASS,pass
LOT-B,改善后,W09,28nm MCU,CMP-03,-,CMP,improved_scratch,机械手路径修复后仅剩零星随机失效,持续监控机械手 repeatability,22,20,6.0,4.0,PASS,pass
LOT-B,改善后,W09,28nm MCU,CMP-03,-,CMP,improved_scratch,机械手路径修复后仅剩零星随机失效,持续监控机械手 repeatability,23,20,7.0,4.0,PASS,pass
LOT-B,改善后,W09,28nm MCU,CMP-03,-,CMP,improved_scratch,机械手路径修复后仅剩零星随机失效,持续监控机械手 repeatability,24,20,8.0,4.0,PASS,pass
LOT-B,改善后,W09,28nm MCU,CMP-03,-,CMP,improved_scratch,机械手路径修复后仅剩零星随机失效,持续监控机械手 repeatability,25,20,9.0,4.0,PASS,pass
LOT-B,改善后,W09,28nm MCU,CMP-03,-,CMP,improved_scratch,机械手路径修复后仅剩零星随机失效,持续监控机械手 repeatability,26,20,10.0,4.0,PASS,pass
LOT-B,改善后,W09,28nm MCU,CMP-03,-,CMP,improved_scratch,机械手路径修复后仅剩零星随机失效,持续监控机械手 repeatability,27,20,11.0,4.0,PASS,pass
LOT-B,改善后,W09,28nm MCU,CMP-03,-,CMP,improved_scratch,机械手路径修复后仅剩零星随机失效,持续监控机械手 repeatability,28,20,12.0,4.0,PASS,pass
LOT-B,改善后,W09,28nm MCU,CMP-03,-,CMP,improved_scratch,机械手路径修复后仅剩零星随机失效,持续监控机械手 repeatability,29,20,13.0,4.0,PASS,pass
LOT-B,改善后,W09,28nm MCU,CMP-03,-,CMP,improved_scratch,机械手路径修复后仅剩零星随机失效,持续监控机械手 repeatability,30,20,14.0,4.0,PASS,pass
LOT-B,改善后,W09,28nm MCU,CMP-03,-,CMP,improved_scratch,机械手路径修复后仅剩零星随机失效,持续监控机械手 repeatability,3,21,-13.0,5.0,PASS,pass
LOT-B,改善后,W09,28nm MCU,CMP-03,-,CMP,improved_scratch,机械手路径修复后仅剩零星随机失效,持续监控机械手 repeatability,4,21,-12.0,5.0,PASS,pass
LOT-B,改善后,W09,28nm MCU,CMP-03,-,CMP,improved_scratch,机械手路径修复后仅剩零星随机失效,持续监控机械手 repeatability,5,21,-11.0,5.0,PASS,pass
LOT-B,改善后,W09,28nm MCU,CMP-03,-,CMP,improved_scratch,机械手路径修复后仅剩零星随机失效,持续监控机械手 repeatability,6,21,-10.0,5.0,PASS,pass
LOT-B,改善后,W09,28nm MCU,CMP-03,-,CMP,improved_scratch,机械手路径修复后仅剩零星随机失效,持续监控机械手 repeatability,7,21,-9.0,5.0,PASS,pass
LOT-B,改善后,W09,28nm MCU,CMP-03,-,CMP,improved_scratch,机械手路径修复后仅剩零星随机失效,持续监控机械手 repeatability,8,21,-8.0,5.0,PASS,pass
LOT-B,改善后,W09,28nm MCU,CMP-03,-,CMP,improved_scratch,机械手路径修复后仅剩零星随机失效,持续监控机械手 repeatability,9,21,-7.0,5.0,PASS,pass
LOT-B,改善后,W09,28nm MCU,CMP-03,-,CMP,improved_scratch,机械手路径修复后仅剩零星随机失效,持续监控机械手 repeatability,10,21,-6.0,5.0,PASS,pass
LOT-B,改善后,W09,28nm MCU,CMP-03,-,CMP,improved_scratch,机械手路径修复后仅剩零星随机失效,持续监控机械手 repeatability,11,21,-5.0,5.0,PASS,pass
LOT-B,改善后,W09,28nm MCU,CMP-03,-,CMP,improved_scratch,机械手路径修复后仅剩零星随机失效,持续监控机械手 repeatability,12,21,-4.0,5.0,PASS,pass
LOT-B,改善后,W09,28nm MCU,CMP-03,-,CMP,improved_scratch,机械手路径修复后仅剩零星随机失效,持续监控机械手 repeatability,13,21,-3.0,5.0,PASS,pass
LOT-B,改善后,W09,28nm MCU,CMP-03,-,CMP,improved_scratch,机械手路径修复后仅剩零星随机失效,持续监控机械手 repeatability,14,21,-2.0,5.0,PASS,pass
LOT-B,改善后,W09,28nm MCU,CMP-03,-,CMP,improved_scratch,机械手路径修复后仅剩零星随机失效,持续监控机械手 repeatability,15,21,-1.0,5.0,PASS,pass
LOT-B,改善后,W09,28nm MCU,CMP-03,-,CMP,improved_scratch,机械手路径修复后仅剩零星随机失效,持续监控机械手 repeatability,16,21,0.0,5.0,PASS,pass
LOT-B,改善后,W09,28nm MCU,CMP-03,-,CMP,improved_scratch,机械手路径修复后仅剩零星随机失效,持续监控机械手 repeatability,17,21,1.0,5.0,PASS,pass
LOT-B,改善后,W09,28nm MCU,CMP-03,-,CMP,improved_scratch,机械手路径修复后仅剩零星随机失效,持续监控机械手 repeatability,18,21,2.0,5.0,PASS,pass
LOT-B,改善后,W09,28nm MCU,CMP-03,-,CMP,improved_scratch,机械手路径修复后仅剩零星随机失效,持续监控机械手 repeatability,19,21,3.0,5.0,PASS,pass
LOT-B,改善后,W09,28nm MCU,CMP-03,-,CMP,improved_scratch,机械手路径修复后仅剩零星随机失效,持续监控机械手 repeatability,20,21,4.0,5.0,PASS,pass
LOT-B,改善后,W09,28nm MCU,CMP-03,-,CMP,improved_scratch,机械手路径修复后仅剩零星随机失效,持续监控机械手 repeatability,21,21,5.0,5.0,PASS,pass
LOT-B,改善后,W09,28nm MCU,CMP-03,-,CMP,improved_scratch,机械手路径修复后仅剩零星随机失效,持续监控机械手 repeatability,22,21,6.0,5.0,PASS,pass
LOT-B,改善后,W09,28nm MCU,CMP-03,-,CMP,improved_scratch,机械手路径修复后仅剩零星随机失效,持续监控机械手 repeatability,23,21,7.0,5.0,PASS,pass
LOT-B,改善后,W09,28nm MCU,CMP-03,-,CMP,improved_scratch,机械手路径修复后仅剩零星随机失效,持续监控机械手 repeatability,24,21,8.0,5.0,PASS,pass
LOT-B,改善后,W09,28nm MCU,CMP-03,-,CMP,improved_scratch,机械手路径修复后仅剩零星随机失效,持续监控机械手 repeatability,25,21,9.0,5.0,PASS,pass
LOT-B,改善后,W09,28nm MCU,CMP-03,-,CMP,improved_scratch,机械手路径修复后仅剩零星随机失效,持续监控机械手 repeatability,26,21,10.0,5.0,PASS,pass
LOT-B,改善后,W09,28nm MCU,CMP-03,-,CMP,improved_scratch,机械手路径修复后仅剩零星随机失效,持续监控机械手 repeatability,27,21,11.0,5.0,PASS,pass
LOT-B,改善后,W09,28nm MCU,CMP-03,-,CMP,improved_scratch,机械手路径修复后仅剩零星随机失效,持续监控机械手 repeatability,28,21,12.0,5.0,PASS,pass
LOT-B,改善后,W09,28nm MCU,CMP-03,-,CMP,improved_scratch,机械手路径修复后仅剩零星随机失效,持续监控机械手 repeatability,29,21,13.0,5.0,PASS,pass
LOT-B,改善后,W09,28nm MCU,CMP-03,-,CMP,improved_scratch,机械手路径修复后仅剩零星随机失效,持续监控机械手 repeatability,3,22,-13.0,6.0,PASS,pass
LOT-B,改善后,W09,28nm MCU,CMP-03,-,CMP,improved_scratch,机械手路径修复后仅剩零星随机失效,持续监控机械手 repeatability,4,22,-12.0,6.0,PASS,pass
LOT-B,改善后,W09,28nm MCU,CMP-03,-,CMP,improved_scratch,机械手路径修复后仅剩零星随机失效,持续监控机械手 repeatability,5,22,-11.0,6.0,PASS,pass
LOT-B,改善后,W09,28nm MCU,CMP-03,-,CMP,improved_scratch,机械手路径修复后仅剩零星随机失效,持续监控机械手 repeatability,6,22,-10.0,6.0,PASS,pass
LOT-B,改善后,W09,28nm MCU,CMP-03,-,CMP,improved_scratch,机械手路径修复后仅剩零星随机失效,持续监控机械手 repeatability,7,22,-9.0,6.0,PASS,pass
LOT-B,改善后,W09,28nm MCU,CMP-03,-,CMP,improved_scratch,机械手路径修复后仅剩零星随机失效,持续监控机械手 repeatability,8,22,-8.0,6.0,PASS,pass
LOT-B,改善后,W09,28nm MCU,CMP-03,-,CMP,improved_scratch,机械手路径修复后仅剩零星随机失效,持续监控机械手 repeatability,9,22,-7.0,6.0,PASS,pass
LOT-B,改善后,W09,28nm MCU,CMP-03,-,CMP,improved_scratch,机械手路径修复后仅剩零星随机失效,持续监控机械手 repeatability,10,22,-6.0,6.0,PASS,pass
LOT-B,改善后,W09,28nm MCU,CMP-03,-,CMP,improved_scratch,机械手路径修复后仅剩零星随机失效,持续监控机械手 repeatability,11,22,-5.0,6.0,PASS,pass
LOT-B,改善后,W09,28nm MCU,CMP-03,-,CMP,improved_scratch,机械手路径修复后仅剩零星随机失效,持续监控机械手 repeatability,12,22,-4.0,6.0,PASS,pass
LOT-B,改善后,W09,28nm MCU,CMP-03,-,CMP,improved_scratch,机械手路径修复后仅剩零星随机失效,持续监控机械手 repeatability,13,22,-3.0,6.0,PASS,pass
LOT-B,改善后,W09,28nm MCU,CMP-03,-,CMP,improved_scratch,机械手路径修复后仅剩零星随机失效,持续监控机械手 repeatability,14,22,-2.0,6.0,PASS,pass
LOT-B,改善后,W09,28nm MCU,CMP-03,-,CMP,improved_scratch,机械手路径修复后仅剩零星随机失效,持续监控机械手 repeatability,15,22,-1.0,6.0,PASS,pass
LOT-B,改善后,W09,28nm MCU,CMP-03,-,CMP,improved_scratch,机械手路径修复后仅剩零星随机失效,持续监控机械手 repeatability,16,22,0.0,6.0,PASS,pass
LOT-B,改善后,W09,28nm MCU,CMP-03,-,CMP,improved_scratch,机械手路径修复后仅剩零星随机失效,持续监控机械手 repeatability,17,22,1.0,6.0,PASS,pass
LOT-B,改善后,W09,28nm MCU,CMP-03,-,CMP,improved_scratch,机械手路径修复后仅剩零星随机失效,持续监控机械手 repeatability,18,22,2.0,6.0,PASS,pass
LOT-B,改善后,W09,28nm MCU,CMP-03,-,CMP,improved_scratch,机械手路径修复后仅剩零星随机失效,持续监控机械手 repeatability,19,22,3.0,6.0,PASS,pass
LOT-B,改善后,W09,28nm MCU,CMP-03,-,CMP,improved_scratch,机械手路径修复后仅剩零星随机失效,持续监控机械手 repeatability,20,22,4.0,6.0,PASS,pass
LOT-B,改善后,W09,28nm MCU,CMP-03,-,CMP,improved_scratch,机械手路径修复后仅剩零星随机失效,持续监控机械手 repeatability,21,22,5.0,6.0,PASS,pass
LOT-B,改善后,W09,28nm MCU,CMP-03,-,CMP,improved_scratch,机械手路径修复后仅剩零星随机失效,持续监控机械手 repeatability,22,22,6.0,6.0,PASS,pass
LOT-B,改善后,W09,28nm MCU,CMP-03,-,CMP,improved_scratch,机械手路径修复后仅剩零星随机失效,持续监控机械手 repeatability,23,22,7.0,6.0,PASS,pass
LOT-B,改善后,W09,28nm MCU,CMP-03,-,CMP,improved_scratch,机械手路径修复后仅剩零星随机失效,持续监控机械手 repeatability,24,22,8.0,6.0,PASS,pass
LOT-B,改善后,W09,28nm MCU,CMP-03,-,CMP,improved_scratch,机械手路径修复后仅剩零星随机失效,持续监控机械手 repeatability,25,22,9.0,6.0,PASS,pass
LOT-B,改善后,W09,28nm MCU,CMP-03,-,CMP,improved_scratch,机械手路径修复后仅剩零星随机失效,持续监控机械手 repeatability,26,22,10.0,6.0,PASS,pass
LOT-B,改善后,W09,28nm MCU,CMP-03,-,CMP,improved_scratch,机械手路径修复后仅剩零星随机失效,持续监控机械手 repeatability,27,22,11.0,6.0,PASS,pass
LOT-B,改善后,W09,28nm MCU,CMP-03,-,CMP,improved_scratch,机械手路径修复后仅剩零星随机失效,持续监控机械手 repeatability,28,22,12.0,6.0,PASS,pass
LOT-B,改善后,W09,28nm MCU,CMP-03,-,CMP,improved_scratch,机械手路径修复后仅剩零星随机失效,持续监控机械手 repeatability,29,22,13.0,6.0,PASS,pass
LOT-B,改善后,W09,28nm MCU,CMP-03,-,CMP,improved_scratch,机械手路径修复后仅剩零星随机失效,持续监控机械手 repeatability,3,23,-13.0,7.0,PASS,pass
LOT-B,改善后,W09,28nm MCU,CMP-03,-,CMP,improved_scratch,机械手路径修复后仅剩零星随机失效,持续监控机械手 repeatability,4,23,-12.0,7.0,PASS,pass
LOT-B,改善后,W09,28nm MCU,CMP-03,-,CMP,improved_scratch,机械手路径修复后仅剩零星随机失效,持续监控机械手 repeatability,5,23,-11.0,7.0,PASS,pass
LOT-B,改善后,W09,28nm MCU,CMP-03,-,CMP,improved_scratch,机械手路径修复后仅剩零星随机失效,持续监控机械手 repeatability,6,23,-10.0,7.0,PASS,pass
LOT-B,改善后,W09,28nm MCU,CMP-03,-,CMP,improved_scratch,机械手路径修复后仅剩零星随机失效,持续监控机械手 repeatability,7,23,-9.0,7.0,PASS,pass
LOT-B,改善后,W09,28nm MCU,CMP-03,-,CMP,improved_scratch,机械手路径修复后仅剩零星随机失效,持续监控机械手 repeatability,8,23,-8.0,7.0,PASS,pass
LOT-B,改善后,W09,28nm MCU,CMP-03,-,CMP,improved_scratch,机械手路径修复后仅剩零星随机失效,持续监控机械手 repeatability,9,23,-7.0,7.0,PASS,pass
LOT-B,改善后,W09,28nm MCU,CMP-03,-,CMP,improved_scratch,机械手路径修复后仅剩零星随机失效,持续监控机械手 repeatability,10,23,-6.0,7.0,PASS,pass
LOT-B,改善后,W09,28nm MCU,CMP-03,-,CMP,improved_scratch,机械手路径修复后仅剩零星随机失效,持续监控机械手 repeatability,11,23,-5.0,7.0,PASS,pass
LOT-B,改善后,W09,28nm MCU,CMP-03,-,CMP,improved_scratch,机械手路径修复后仅剩零星随机失效,持续监控机械手 repeatability,12,23,-4.0,7.0,PASS,pass
LOT-B,改善后,W09,28nm MCU,CMP-03,-,CMP,improved_scratch,机械手路径修复后仅剩零星随机失效,持续监控机械手 repeatability,13,23,-3.0,7.0,PASS,pass
LOT-B,改善后,W09,28nm MCU,CMP-03,-,CMP,improved_scratch,机械手路径修复后仅剩零星随机失效,持续监控机械手 repeatability,14,23,-2.0,7.0,PASS,pass
LOT-B,改善后,W09,28nm MCU,CMP-03,-,CMP,improved_scratch,机械手路径修复后仅剩零星随机失效,持续监控机械手 repeatability,15,23,-1.0,7.0,PASS,pass
LOT-B,改善后,W09,28nm MCU,CMP-03,-,CMP,improved_scratch,机械手路径修复后仅剩零星随机失效,持续监控机械手 repeatability,16,23,0.0,7.0,PASS,pass
LOT-B,改善后,W09,28nm MCU,CMP-03,-,CMP,improved_scratch,机械手路径修复后仅剩零星随机失效,持续监控机械手 repeatability,17,23,1.0,7.0,PASS,pass
LOT-B,改善后,W09,28nm MCU,CMP-03,-,CMP,improved_scratch,机械手路径修复后仅剩零星随机失效,持续监控机械手 repeatability,18,23,2.0,7.0,PASS,pass
LOT-B,改善后,W09,28nm MCU,CMP-03,-,CMP,improved_scratch,机械手路径修复后仅剩零星随机失效,持续监控机械手 repeatability,19,23,3.0,7.0,PASS,pass
LOT-B,改善后,W09,28nm MCU,CMP-03,-,CMP,improved_scratch,机械手路径修复后仅剩零星随机失效,持续监控机械手 repeatability,20,23,4.0,7.0,PASS,pass
LOT-B,改善后,W09,28nm MCU,CMP-03,-,CMP,improved_scratch,机械手路径修复后仅剩零星随机失效,持续监控机械手 repeatability,21,23,5.0,7.0,PASS,pass
LOT-B,改善后,W09,28nm MCU,CMP-03,-,CMP,improved_scratch,机械手路径修复后仅剩零星随机失效,持续监控机械手 repeatability,22,23,6.0,7.0,PASS,pass
LOT-B,改善后,W09,28nm MCU,CMP-03,-,CMP,improved_scratch,机械手路径修复后仅剩零星随机失效,持续监控机械手 repeatability,23,23,7.0,7.0,PASS,pass
LOT-B,改善后,W09,28nm MCU,CMP-03,-,CMP,improved_scratch,机械手路径修复后仅剩零星随机失效,持续监控机械手 repeatability,24,23,8.0,7.0,PASS,pass
LOT-B,改善后,W09,28nm MCU,CMP-03,-,CMP,improved_scratch,机械手路径修复后仅剩零星随机失效,持续监控机械手 repeatability,25,23,9.0,7.0,PASS,pass
LOT-B,改善后,W09,28nm MCU,CMP-03,-,CMP,improved_scratch,机械手路径修复后仅剩零星随机失效,持续监控机械手 repeatability,26,23,10.0,7.0,PASS,pass
LOT-B,改善后,W09,28nm MCU,CMP-03,-,CMP,improved_scratch,机械手路径修复后仅剩零星随机失效,持续监控机械手 repeatability,27,23,11.0,7.0,PASS,pass
LOT-B,改善后,W09,28nm MCU,CMP-03,-,CMP,improved_scratch,机械手路径修复后仅剩零星随机失效,持续监控机械手 repeatability,28,23,12.0,7.0,PASS,pass
LOT-B,改善后,W09,28nm MCU,CMP-03,-,CMP,improved_scratch,机械手路径修复后仅剩零星随机失效,持续监控机械手 repeatability,29,23,13.0,7.0,PASS,pass
LOT-B,改善后,W09,28nm MCU,CMP-03,-,CMP,improved_scratch,机械手路径修复后仅剩零星随机失效,持续监控机械手 repeatability,4,24,-12.0,8.0,PASS,pass
LOT-B,改善后,W09,28nm MCU,CMP-03,-,CMP,improved_scratch,机械手路径修复后仅剩零星随机失效,持续监控机械手 repeatability,5,24,-11.0,8.0,PASS,pass
LOT-B,改善后,W09,28nm MCU,CMP-03,-,CMP,improved_scratch,机械手路径修复后仅剩零星随机失效,持续监控机械手 repeatability,6,24,-10.0,8.0,PASS,pass
LOT-B,改善后,W09,28nm MCU,CMP-03,-,CMP,improved_scratch,机械手路径修复后仅剩零星随机失效,持续监控机械手 repeatability,7,24,-9.0,8.0,PASS,pass
LOT-B,改善后,W09,28nm MCU,CMP-03,-,CMP,improved_scratch,机械手路径修复后仅剩零星随机失效,持续监控机械手 repeatability,8,24,-8.0,8.0,FAIL,random
LOT-B,改善后,W09,28nm MCU,CMP-03,-,CMP,improved_scratch,机械手路径修复后仅剩零星随机失效,持续监控机械手 repeatability,9,24,-7.0,8.0,PASS,pass
LOT-B,改善后,W09,28nm MCU,CMP-03,-,CMP,improved_scratch,机械手路径修复后仅剩零星随机失效,持续监控机械手 repeatability,10,24,-6.0,8.0,PASS,pass
LOT-B,改善后,W09,28nm MCU,CMP-03,-,CMP,improved_scratch,机械手路径修复后仅剩零星随机失效,持续监控机械手 repeatability,11,24,-5.0,8.0,PASS,pass
LOT-B,改善后,W09,28nm MCU,CMP-03,-,CMP,improved_scratch,机械手路径修复后仅剩零星随机失效,持续监控机械手 repeatability,12,24,-4.0,8.0,PASS,pass
LOT-B,改善后,W09,28nm MCU,CMP-03,-,CMP,improved_scratch,机械手路径修复后仅剩零星随机失效,持续监控机械手 repeatability,13,24,-3.0,8.0,PASS,pass
LOT-B,改善后,W09,28nm MCU,CMP-03,-,CMP,improved_scratch,机械手路径修复后仅剩零星随机失效,持续监控机械手 repeatability,14,24,-2.0,8.0,PASS,pass
LOT-B,改善后,W09,28nm MCU,CMP-03,-,CMP,improved_scratch,机械手路径修复后仅剩零星随机失效,持续监控机械手 repeatability,15,24,-1.0,8.0,PASS,pass
LOT-B,改善后,W09,28nm MCU,CMP-03,-,CMP,improved_scratch,机械手路径修复后仅剩零星随机失效,持续监控机械手 repeatability,16,24,0.0,8.0,PASS,pass
LOT-B,改善后,W09,28nm MCU,CMP-03,-,CMP,improved_scratch,机械手路径修复后仅剩零星随机失效,持续监控机械手 repeatability,17,24,1.0,8.0,PASS,pass
LOT-B,改善后,W09,28nm MCU,CMP-03,-,CMP,improved_scratch,机械手路径修复后仅剩零星随机失效,持续监控机械手 repeatability,18,24,2.0,8.0,PASS,pass
LOT-B,改善后,W09,28nm MCU,CMP-03,-,CMP,improved_scratch,机械手路径修复后仅剩零星随机失效,持续监控机械手 repeatability,19,24,3.0,8.0,PASS,pass
LOT-B,改善后,W09,28nm MCU,CMP-03,-,CMP,improved_scratch,机械手路径修复后仅剩零星随机失效,持续监控机械手 repeatability,20,24,4.0,8.0,PASS,pass
LOT-B,改善后,W09,28nm MCU,CMP-03,-,CMP,improved_scratch,机械手路径修复后仅剩零星随机失效,持续监控机械手 repeatability,21,24,5.0,8.0,PASS,pass
LOT-B,改善后,W09,28nm MCU,CMP-03,-,CMP,improved_scratch,机械手路径修复后仅剩零星随机失效,持续监控机械手 repeatability,22,24,6.0,8.0,PASS,pass
LOT-B,改善后,W09,28nm MCU,CMP-03,-,CMP,improved_scratch,机械手路径修复后仅剩零星随机失效,持续监控机械手 repeatability,23,24,7.0,8.0,PASS,pass
LOT-B,改善后,W09,28nm MCU,CMP-03,-,CMP,improved_scratch,机械手路径修复后仅剩零星随机失效,持续监控机械手 repeatability,24,24,8.0,8.0,PASS,pass
LOT-B,改善后,W09,28nm MCU,CMP-03,-,CMP,improved_scratch,机械手路径修复后仅剩零星随机失效,持续监控机械手 repeatability,25,24,9.0,8.0,PASS,pass
LOT-B,改善后,W09,28nm MCU,CMP-03,-,CMP,improved_scratch,机械手路径修复后仅剩零星随机失效,持续监控机械手 repeatability,26,24,10.0,8.0,PASS,pass
LOT-B,改善后,W09,28nm MCU,CMP-03,-,CMP,improved_scratch,机械手路径修复后仅剩零星随机失效,持续监控机械手 repeatability,27,24,11.0,8.0,PASS,pass
LOT-B,改善后,W09,28nm MCU,CMP-03,-,CMP,improved_scratch,机械手路径修复后仅剩零星随机失效,持续监控机械手 repeatability,28,24,12.0,8.0,PASS,pass
LOT-B,改善后,W09,28nm MCU,CMP-03,-,CMP,improved_scratch,机械手路径修复后仅剩零星随机失效,持续监控机械手 repeatability,5,25,-11.0,9.0,PASS,pass
LOT-B,改善后,W09,28nm MCU,CMP-03,-,CMP,improved_scratch,机械手路径修复后仅剩零星随机失效,持续监控机械手 repeatability,6,25,-10.0,9.0,PASS,pass
LOT-B,改善后,W09,28nm MCU,CMP-03,-,CMP,improved_scratch,机械手路径修复后仅剩零星随机失效,持续监控机械手 repeatability,7,25,-9.0,9.0,PASS,pass
LOT-B,改善后,W09,28nm MCU,CMP-03,-,CMP,improved_scratch,机械手路径修复后仅剩零星随机失效,持续监控机械手 repeatability,8,25,-8.0,9.0,PASS,pass
LOT-B,改善后,W09,28nm MCU,CMP-03,-,CMP,improved_scratch,机械手路径修复后仅剩零星随机失效,持续监控机械手 repeatability,9,25,-7.0,9.0,PASS,pass
LOT-B,改善后,W09,28nm MCU,CMP-03,-,CMP,improved_scratch,机械手路径修复后仅剩零星随机失效,持续监控机械手 repeatability,10,25,-6.0,9.0,PASS,pass
LOT-B,改善后,W09,28nm MCU,CMP-03,-,CMP,improved_scratch,机械手路径修复后仅剩零星随机失效,持续监控机械手 repeatability,11,25,-5.0,9.0,PASS,pass
LOT-B,改善后,W09,28nm MCU,CMP-03,-,CMP,improved_scratch,机械手路径修复后仅剩零星随机失效,持续监控机械手 repeatability,12,25,-4.0,9.0,PASS,pass
LOT-B,改善后,W09,28nm MCU,CMP-03,-,CMP,improved_scratch,机械手路径修复后仅剩零星随机失效,持续监控机械手 repeatability,13,25,-3.0,9.0,PASS,pass
LOT-B,改善后,W09,28nm MCU,CMP-03,-,CMP,improved_scratch,机械手路径修复后仅剩零星随机失效,持续监控机械手 repeatability,14,25,-2.0,9.0,PASS,pass
LOT-B,改善后,W09,28nm MCU,CMP-03,-,CMP,improved_scratch,机械手路径修复后仅剩零星随机失效,持续监控机械手 repeatability,15,25,-1.0,9.0,PASS,pass
LOT-B,改善后,W09,28nm MCU,CMP-03,-,CMP,improved_scratch,机械手路径修复后仅剩零星随机失效,持续监控机械手 repeatability,16,25,0.0,9.0,PASS,pass
LOT-B,改善后,W09,28nm MCU,CMP-03,-,CMP,improved_scratch,机械手路径修复后仅剩零星随机失效,持续监控机械手 repeatability,17,25,1.0,9.0,PASS,pass
LOT-B,改善后,W09,28nm MCU,CMP-03,-,CMP,improved_scratch,机械手路径修复后仅剩零星随机失效,持续监控机械手 repeatability,18,25,2.0,9.0,PASS,pass
LOT-B,改善后,W09,28nm MCU,CMP-03,-,CMP,improved_scratch,机械手路径修复后仅剩零星随机失效,持续监控机械手 repeatability,19,25,3.0,9.0,FAIL,random
LOT-B,改善后,W09,28nm MCU,CMP-03,-,CMP,improved_scratch,机械手路径修复后仅剩零星随机失效,持续监控机械手 repeatability,20,25,4.0,9.0,PASS,pass
LOT-B,改善后,W09,28nm MCU,CMP-03,-,CMP,improved_scratch,机械手路径修复后仅剩零星随机失效,持续监控机械手 repeatability,21,25,5.0,9.0,PASS,pass
LOT-B,改善后,W09,28nm MCU,CMP-03,-,CMP,improved_scratch,机械手路径修复后仅剩零星随机失效,持续监控机械手 repeatability,22,25,6.0,9.0,PASS,pass
LOT-B,改善后,W09,28nm MCU,CMP-03,-,CMP,improved_scratch,机械手路径修复后仅剩零星随机失效,持续监控机械手 repeatability,23,25,7.0,9.0,PASS,pass
LOT-B,改善后,W09,28nm MCU,CMP-03,-,CMP,improved_scratch,机械手路径修复后仅剩零星随机失效,持续监控机械手 repeatability,24,25,8.0,9.0,PASS,pass
LOT-B,改善后,W09,28nm MCU,CMP-03,-,CMP,improved_scratch,机械手路径修复后仅剩零星随机失效,持续监控机械手 repeatability,25,25,9.0,9.0,PASS,pass
LOT-B,改善后,W09,28nm MCU,CMP-03,-,CMP,improved_scratch,机械手路径修复后仅剩零星随机失效,持续监控机械手 repeatability,26,25,10.0,9.0,PASS,pass
LOT-B,改善后,W09,28nm MCU,CMP-03,-,CMP,improved_scratch,机械手路径修复后仅剩零星随机失效,持续监控机械手 repeatability,27,25,11.0,9.0,PASS,pass
LOT-B,改善后,W09,28nm MCU,CMP-03,-,CMP,improved_scratch,机械手路径修复后仅剩零星随机失效,持续监控机械手 repeatability,6,26,-10.0,10.0,PASS,pass
LOT-B,改善后,W09,28nm MCU,CMP-03,-,CMP,improved_scratch,机械手路径修复后仅剩零星随机失效,持续监控机械手 repeatability,7,26,-9.0,10.0,PASS,pass
LOT-B,改善后,W09,28nm MCU,CMP-03,-,CMP,improved_scratch,机械手路径修复后仅剩零星随机失效,持续监控机械手 repeatability,8,26,-8.0,10.0,PASS,pass
LOT-B,改善后,W09,28nm MCU,CMP-03,-,CMP,improved_scratch,机械手路径修复后仅剩零星随机失效,持续监控机械手 repeatability,9,26,-7.0,10.0,PASS,pass
LOT-B,改善后,W09,28nm MCU,CMP-03,-,CMP,improved_scratch,机械手路径修复后仅剩零星随机失效,持续监控机械手 repeatability,10,26,-6.0,10.0,PASS,pass
LOT-B,改善后,W09,28nm MCU,CMP-03,-,CMP,improved_scratch,机械手路径修复后仅剩零星随机失效,持续监控机械手 repeatability,11,26,-5.0,10.0,PASS,pass
LOT-B,改善后,W09,28nm MCU,CMP-03,-,CMP,improved_scratch,机械手路径修复后仅剩零星随机失效,持续监控机械手 repeatability,12,26,-4.0,10.0,PASS,pass
LOT-B,改善后,W09,28nm MCU,CMP-03,-,CMP,improved_scratch,机械手路径修复后仅剩零星随机失效,持续监控机械手 repeatability,13,26,-3.0,10.0,PASS,pass
LOT-B,改善后,W09,28nm MCU,CMP-03,-,CMP,improved_scratch,机械手路径修复后仅剩零星随机失效,持续监控机械手 repeatability,14,26,-2.0,10.0,PASS,pass
LOT-B,改善后,W09,28nm MCU,CMP-03,-,CMP,improved_scratch,机械手路径修复后仅剩零星随机失效,持续监控机械手 repeatability,15,26,-1.0,10.0,PASS,pass
LOT-B,改善后,W09,28nm MCU,CMP-03,-,CMP,improved_scratch,机械手路径修复后仅剩零星随机失效,持续监控机械手 repeatability,16,26,0.0,10.0,PASS,pass
LOT-B,改善后,W09,28nm MCU,CMP-03,-,CMP,improved_scratch,机械手路径修复后仅剩零星随机失效,持续监控机械手 repeatability,17,26,1.0,10.0,PASS,pass
LOT-B,改善后,W09,28nm MCU,CMP-03,-,CMP,improved_scratch,机械手路径修复后仅剩零星随机失效,持续监控机械手 repeatability,18,26,2.0,10.0,PASS,pass
LOT-B,改善后,W09,28nm MCU,CMP-03,-,CMP,improved_scratch,机械手路径修复后仅剩零星随机失效,持续监控机械手 repeatability,19,26,3.0,10.0,PASS,pass
LOT-B,改善后,W09,28nm MCU,CMP-03,-,CMP,improved_scratch,机械手路径修复后仅剩零星随机失效,持续监控机械手 repeatability,20,26,4.0,10.0,PASS,pass
LOT-B,改善后,W09,28nm MCU,CMP-03,-,CMP,improved_scratch,机械手路径修复后仅剩零星随机失效,持续监控机械手 repeatability,21,26,5.0,10.0,PASS,pass
LOT-B,改善后,W09,28nm MCU,CMP-03,-,CMP,improved_scratch,机械手路径修复后仅剩零星随机失效,持续监控机械手 repeatability,22,26,6.0,10.0,PASS,pass
LOT-B,改善后,W09,28nm MCU,CMP-03,-,CMP,improved_scratch,机械手路径修复后仅剩零星随机失效,持续监控机械手 repeatability,23,26,7.0,10.0,PASS,pass
LOT-B,改善后,W09,28nm MCU,CMP-03,-,CMP,improved_scratch,机械手路径修复后仅剩零星随机失效,持续监控机械手 repeatability,24,26,8.0,10.0,PASS,pass
LOT-B,改善后,W09,28nm MCU,CMP-03,-,CMP,improved_scratch,机械手路径修复后仅剩零星随机失效,持续监控机械手 repeatability,25,26,9.0,10.0,PASS,pass
LOT-B,改善后,W09,28nm MCU,CMP-03,-,CMP,improved_scratch,机械手路径修复后仅剩零星随机失效,持续监控机械手 repeatability,26,26,10.0,10.0,PASS,pass
LOT-B,改善后,W09,28nm MCU,CMP-03,-,CMP,improved_scratch,机械手路径修复后仅剩零星随机失效,持续监控机械手 repeatability,7,27,-9.0,11.0,PASS,pass
LOT-B,改善后,W09,28nm MCU,CMP-03,-,CMP,improved_scratch,机械手路径修复后仅剩零星随机失效,持续监控机械手 repeatability,8,27,-8.0,11.0,PASS,pass
LOT-B,改善后,W09,28nm MCU,CMP-03,-,CMP,improved_scratch,机械手路径修复后仅剩零星随机失效,持续监控机械手 repeatability,9,27,-7.0,11.0,PASS,pass
LOT-B,改善后,W09,28nm MCU,CMP-03,-,CMP,improved_scratch,机械手路径修复后仅剩零星随机失效,持续监控机械手 repeatability,10,27,-6.0,11.0,PASS,pass
LOT-B,改善后,W09,28nm MCU,CMP-03,-,CMP,improved_scratch,机械手路径修复后仅剩零星随机失效,持续监控机械手 repeatability,11,27,-5.0,11.0,PASS,pass
LOT-B,改善后,W09,28nm MCU,CMP-03,-,CMP,improved_scratch,机械手路径修复后仅剩零星随机失效,持续监控机械手 repeatability,12,27,-4.0,11.0,PASS,pass
LOT-B,改善后,W09,28nm MCU,CMP-03,-,CMP,improved_scratch,机械手路径修复后仅剩零星随机失效,持续监控机械手 repeatability,13,27,-3.0,11.0,PASS,pass
LOT-B,改善后,W09,28nm MCU,CMP-03,-,CMP,improved_scratch,机械手路径修复后仅剩零星随机失效,持续监控机械手 repeatability,14,27,-2.0,11.0,PASS,pass
LOT-B,改善后,W09,28nm MCU,CMP-03,-,CMP,improved_scratch,机械手路径修复后仅剩零星随机失效,持续监控机械手 repeatability,15,27,-1.0,11.0,PASS,pass
LOT-B,改善后,W09,28nm MCU,CMP-03,-,CMP,improved_scratch,机械手路径修复后仅剩零星随机失效,持续监控机械手 repeatability,16,27,0.0,11.0,PASS,pass
LOT-B,改善后,W09,28nm MCU,CMP-03,-,CMP,improved_scratch,机械手路径修复后仅剩零星随机失效,持续监控机械手 repeatability,17,27,1.0,11.0,PASS,pass
LOT-B,改善后,W09,28nm MCU,CMP-03,-,CMP,improved_scratch,机械手路径修复后仅剩零星随机失效,持续监控机械手 repeatability,18,27,2.0,11.0,PASS,pass
LOT-B,改善后,W09,28nm MCU,CMP-03,-,CMP,improved_scratch,机械手路径修复后仅剩零星随机失效,持续监控机械手 repeatability,19,27,3.0,11.0,PASS,pass
LOT-B,改善后,W09,28nm MCU,CMP-03,-,CMP,improved_scratch,机械手路径修复后仅剩零星随机失效,持续监控机械手 repeatability,20,27,4.0,11.0,PASS,pass
LOT-B,改善后,W09,28nm MCU,CMP-03,-,CMP,improved_scratch,机械手路径修复后仅剩零星随机失效,持续监控机械手 repeatability,21,27,5.0,11.0,PASS,pass
LOT-B,改善后,W09,28nm MCU,CMP-03,-,CMP,improved_scratch,机械手路径修复后仅剩零星随机失效,持续监控机械手 repeatability,22,27,6.0,11.0,PASS,pass
LOT-B,改善后,W09,28nm MCU,CMP-03,-,CMP,improved_scratch,机械手路径修复后仅剩零星随机失效,持续监控机械手 repeatability,23,27,7.0,11.0,PASS,pass
LOT-B,改善后,W09,28nm MCU,CMP-03,-,CMP,improved_scratch,机械手路径修复后仅剩零星随机失效,持续监控机械手 repeatability,24,27,8.0,11.0,PASS,pass
LOT-B,改善后,W09,28nm MCU,CMP-03,-,CMP,improved_scratch,机械手路径修复后仅剩零星随机失效,持续监控机械手 repeatability,25,27,9.0,11.0,PASS,pass
LOT-B,改善后,W09,28nm MCU,CMP-03,-,CMP,improved_scratch,机械手路径修复后仅剩零星随机失效,持续监控机械手 repeatability,8,28,-8.0,12.0,PASS,pass
LOT-B,改善后,W09,28nm MCU,CMP-03,-,CMP,improved_scratch,机械手路径修复后仅剩零星随机失效,持续监控机械手 repeatability,9,28,-7.0,12.0,PASS,pass
LOT-B,改善后,W09,28nm MCU,CMP-03,-,CMP,improved_scratch,机械手路径修复后仅剩零星随机失效,持续监控机械手 repeatability,10,28,-6.0,12.0,PASS,pass
LOT-B,改善后,W09,28nm MCU,CMP-03,-,CMP,improved_scratch,机械手路径修复后仅剩零星随机失效,持续监控机械手 repeatability,11,28,-5.0,12.0,PASS,pass
LOT-B,改善后,W09,28nm MCU,CMP-03,-,CMP,improved_scratch,机械手路径修复后仅剩零星随机失效,持续监控机械手 repeatability,12,28,-4.0,12.0,PASS,pass
LOT-B,改善后,W09,28nm MCU,CMP-03,-,CMP,improved_scratch,机械手路径修复后仅剩零星随机失效,持续监控机械手 repeatability,13,28,-3.0,12.0,PASS,pass
LOT-B,改善后,W09,28nm MCU,CMP-03,-,CMP,improved_scratch,机械手路径修复后仅剩零星随机失效,持续监控机械手 repeatability,14,28,-2.0,12.0,PASS,pass
LOT-B,改善后,W09,28nm MCU,CMP-03,-,CMP,improved_scratch,机械手路径修复后仅剩零星随机失效,持续监控机械手 repeatability,15,28,-1.0,12.0,PASS,pass
LOT-B,改善后,W09,28nm MCU,CMP-03,-,CMP,improved_scratch,机械手路径修复后仅剩零星随机失效,持续监控机械手 repeatability,16,28,0.0,12.0,PASS,pass
LOT-B,改善后,W09,28nm MCU,CMP-03,-,CMP,improved_scratch,机械手路径修复后仅剩零星随机失效,持续监控机械手 repeatability,17,28,1.0,12.0,PASS,pass
LOT-B,改善后,W09,28nm MCU,CMP-03,-,CMP,improved_scratch,机械手路径修复后仅剩零星随机失效,持续监控机械手 repeatability,18,28,2.0,12.0,PASS,pass
LOT-B,改善后,W09,28nm MCU,CMP-03,-,CMP,improved_scratch,机械手路径修复后仅剩零星随机失效,持续监控机械手 repeatability,19,28,3.0,12.0,PASS,pass
LOT-B,改善后,W09,28nm MCU,CMP-03,-,CMP,improved_scratch,机械手路径修复后仅剩零星随机失效,持续监控机械手 repeatability,20,28,4.0,12.0,PASS,pass
LOT-B,改善后,W09,28nm MCU,CMP-03,-,CMP,improved_scratch,机械手路径修复后仅剩零星随机失效,持续监控机械手 repeatability,21,28,5.0,12.0,PASS,pass
LOT-B,改善后,W09,28nm MCU,CMP-03,-,CMP,improved_scratch,机械手路径修复后仅剩零星随机失效,持续监控机械手 repeatability,22,28,6.0,12.0,PASS,pass
LOT-B,改善后,W09,28nm MCU,CMP-03,-,CMP,improved_scratch,机械手路径修复后仅剩零星随机失效,持续监控机械手 repeatability,23,28,7.0,12.0,PASS,pass
LOT-B,改善后,W09,28nm MCU,CMP-03,-,CMP,improved_scratch,机械手路径修复后仅剩零星随机失效,持续监控机械手 repeatability,24,28,8.0,12.0,PASS,pass
LOT-B,改善后,W09,28nm MCU,CMP-03,-,CMP,improved_scratch,机械手路径修复后仅剩零星随机失效,持续监控机械手 repeatability,9,29,-7.0,13.0,PASS,pass
LOT-B,改善后,W09,28nm MCU,CMP-03,-,CMP,improved_scratch,机械手路径修复后仅剩零星随机失效,持续监控机械手 repeatability,10,29,-6.0,13.0,PASS,pass
LOT-B,改善后,W09,28nm MCU,CMP-03,-,CMP,improved_scratch,机械手路径修复后仅剩零星随机失效,持续监控机械手 repeatability,11,29,-5.0,13.0,PASS,pass
LOT-B,改善后,W09,28nm MCU,CMP-03,-,CMP,improved_scratch,机械手路径修复后仅剩零星随机失效,持续监控机械手 repeatability,12,29,-4.0,13.0,PASS,pass
LOT-B,改善后,W09,28nm MCU,CMP-03,-,CMP,improved_scratch,机械手路径修复后仅剩零星随机失效,持续监控机械手 repeatability,13,29,-3.0,13.0,PASS,pass
LOT-B,改善后,W09,28nm MCU,CMP-03,-,CMP,improved_scratch,机械手路径修复后仅剩零星随机失效,持续监控机械手 repeatability,14,29,-2.0,13.0,PASS,pass
LOT-B,改善后,W09,28nm MCU,CMP-03,-,CMP,improved_scratch,机械手路径修复后仅剩零星随机失效,持续监控机械手 repeatability,15,29,-1.0,13.0,PASS,pass
LOT-B,改善后,W09,28nm MCU,CMP-03,-,CMP,improved_scratch,机械手路径修复后仅剩零星随机失效,持续监控机械手 repeatability,16,29,0.0,13.0,PASS,pass
LOT-B,改善后,W09,28nm MCU,CMP-03,-,CMP,improved_scratch,机械手路径修复后仅剩零星随机失效,持续监控机械手 repeatability,17,29,1.0,13.0,PASS,pass
LOT-B,改善后,W09,28nm MCU,CMP-03,-,CMP,improved_scratch,机械手路径修复后仅剩零星随机失效,持续监控机械手 repeatability,18,29,2.0,13.0,PASS,pass
LOT-B,改善后,W09,28nm MCU,CMP-03,-,CMP,improved_scratch,机械手路径修复后仅剩零星随机失效,持续监控机械手 repeatability,19,29,3.0,13.0,PASS,pass
LOT-B,改善后,W09,28nm MCU,CMP-03,-,CMP,improved_scratch,机械手路径修复后仅剩零星随机失效,持续监控机械手 repeatability,20,29,4.0,13.0,PASS,pass
LOT-B,改善后,W09,28nm MCU,CMP-03,-,CMP,improved_scratch,机械手路径修复后仅剩零星随机失效,持续监控机械手 repeatability,21,29,5.0,13.0,PASS,pass
LOT-B,改善后,W09,28nm MCU,CMP-03,-,CMP,improved_scratch,机械手路径修复后仅剩零星随机失效,持续监控机械手 repeatability,22,29,6.0,13.0,PASS,pass
LOT-B,改善后,W09,28nm MCU,CMP-03,-,CMP,improved_scratch,机械手路径修复后仅剩零星随机失效,持续监控机械手 repeatability,23,29,7.0,13.0,PASS,pass
LOT-B,改善后,W09,28nm MCU,CMP-03,-,CMP,improved_scratch,机械手路径修复后仅剩零星随机失效,持续监控机械手 repeatability,12,30,-4.0,14.0,PASS,pass
LOT-B,改善后,W09,28nm MCU,CMP-03,-,CMP,improved_scratch,机械手路径修复后仅剩零星随机失效,持续监控机械手 repeatability,13,30,-3.0,14.0,PASS,pass
LOT-B,改善后,W09,28nm MCU,CMP-03,-,CMP,improved_scratch,机械手路径修复后仅剩零星随机失效,持续监控机械手 repeatability,14,30,-2.0,14.0,PASS,pass
LOT-B,改善后,W09,28nm MCU,CMP-03,-,CMP,improved_scratch,机械手路径修复后仅剩零星随机失效,持续监控机械手 repeatability,15,30,-1.0,14.0,PASS,pass
LOT-B,改善后,W09,28nm MCU,CMP-03,-,CMP,improved_scratch,机械手路径修复后仅剩零星随机失效,持续监控机械手 repeatability,16,30,0.0,14.0,PASS,pass
LOT-B,改善后,W09,28nm MCU,CMP-03,-,CMP,improved_scratch,机械手路径修复后仅剩零星随机失效,持续监控机械手 repeatability,17,30,1.0,14.0,PASS,pass
LOT-B,改善后,W09,28nm MCU,CMP-03,-,CMP,improved_scratch,机械手路径修复后仅剩零星随机失效,持续监控机械手 repeatability,18,30,2.0,14.0,PASS,pass
LOT-B,改善后,W09,28nm MCU,CMP-03,-,CMP,improved_scratch,机械手路径修复后仅剩零星随机失效,持续监控机械手 repeatability,19,30,3.0,14.0,PASS,pass
LOT-B,改善后,W09,28nm MCU,CMP-03,-,CMP,improved_scratch,机械手路径修复后仅剩零星随机失效,持续监控机械手 repeatability,20,30,4.0,14.0,PASS,pass
LOT-B,改善后,W10,28nm MCU,LITHO-02,-,Lithography,improved_center,曝光聚焦重校后中心热点消失,保留 focus map 自动校验,12,2,-4.0,-14.0,FAIL,random
LOT-B,改善后,W10,28nm MCU,LITHO-02,-,Lithography,improved_center,曝光聚焦重校后中心热点消失,保留 focus map 自动校验,13,2,-3.0,-14.0,PASS,pass
LOT-B,改善后,W10,28nm MCU,LITHO-02,-,Lithography,improved_center,曝光聚焦重校后中心热点消失,保留 focus map 自动校验,14,2,-2.0,-14.0,PASS,pass
LOT-B,改善后,W10,28nm MCU,LITHO-02,-,Lithography,improved_center,曝光聚焦重校后中心热点消失,保留 focus map 自动校验,15,2,-1.0,-14.0,PASS,pass
LOT-B,改善后,W10,28nm MCU,LITHO-02,-,Lithography,improved_center,曝光聚焦重校后中心热点消失,保留 focus map 自动校验,16,2,0.0,-14.0,PASS,pass
LOT-B,改善后,W10,28nm MCU,LITHO-02,-,Lithography,improved_center,曝光聚焦重校后中心热点消失,保留 focus map 自动校验,17,2,1.0,-14.0,PASS,pass
LOT-B,改善后,W10,28nm MCU,LITHO-02,-,Lithography,improved_center,曝光聚焦重校后中心热点消失,保留 focus map 自动校验,18,2,2.0,-14.0,PASS,pass
LOT-B,改善后,W10,28nm MCU,LITHO-02,-,Lithography,improved_center,曝光聚焦重校后中心热点消失,保留 focus map 自动校验,19,2,3.0,-14.0,PASS,pass
LOT-B,改善后,W10,28nm MCU,LITHO-02,-,Lithography,improved_center,曝光聚焦重校后中心热点消失,保留 focus map 自动校验,20,2,4.0,-14.0,PASS,pass
LOT-B,改善后,W10,28nm MCU,LITHO-02,-,Lithography,improved_center,曝光聚焦重校后中心热点消失,保留 focus map 自动校验,9,3,-7.0,-13.0,PASS,pass
LOT-B,改善后,W10,28nm MCU,LITHO-02,-,Lithography,improved_center,曝光聚焦重校后中心热点消失,保留 focus map 自动校验,10,3,-6.0,-13.0,PASS,pass
LOT-B,改善后,W10,28nm MCU,LITHO-02,-,Lithography,improved_center,曝光聚焦重校后中心热点消失,保留 focus map 自动校验,11,3,-5.0,-13.0,PASS,pass
LOT-B,改善后,W10,28nm MCU,LITHO-02,-,Lithography,improved_center,曝光聚焦重校后中心热点消失,保留 focus map 自动校验,12,3,-4.0,-13.0,PASS,pass
LOT-B,改善后,W10,28nm MCU,LITHO-02,-,Lithography,improved_center,曝光聚焦重校后中心热点消失,保留 focus map 自动校验,13,3,-3.0,-13.0,PASS,pass
LOT-B,改善后,W10,28nm MCU,LITHO-02,-,Lithography,improved_center,曝光聚焦重校后中心热点消失,保留 focus map 自动校验,14,3,-2.0,-13.0,PASS,pass
LOT-B,改善后,W10,28nm MCU,LITHO-02,-,Lithography,improved_center,曝光聚焦重校后中心热点消失,保留 focus map 自动校验,15,3,-1.0,-13.0,PASS,pass
LOT-B,改善后,W10,28nm MCU,LITHO-02,-,Lithography,improved_center,曝光聚焦重校后中心热点消失,保留 focus map 自动校验,16,3,0.0,-13.0,PASS,pass
LOT-B,改善后,W10,28nm MCU,LITHO-02,-,Lithography,improved_center,曝光聚焦重校后中心热点消失,保留 focus map 自动校验,17,3,1.0,-13.0,PASS,pass
LOT-B,改善后,W10,28nm MCU,LITHO-02,-,Lithography,improved_center,曝光聚焦重校后中心热点消失,保留 focus map 自动校验,18,3,2.0,-13.0,PASS,pass
LOT-B,改善后,W10,28nm MCU,LITHO-02,-,Lithography,improved_center,曝光聚焦重校后中心热点消失,保留 focus map 自动校验,19,3,3.0,-13.0,PASS,pass
LOT-B,改善后,W10,28nm MCU,LITHO-02,-,Lithography,improved_center,曝光聚焦重校后中心热点消失,保留 focus map 自动校验,20,3,4.0,-13.0,PASS,pass
LOT-B,改善后,W10,28nm MCU,LITHO-02,-,Lithography,improved_center,曝光聚焦重校后中心热点消失,保留 focus map 自动校验,21,3,5.0,-13.0,PASS,pass
LOT-B,改善后,W10,28nm MCU,LITHO-02,-,Lithography,improved_center,曝光聚焦重校后中心热点消失,保留 focus map 自动校验,22,3,6.0,-13.0,PASS,pass
LOT-B,改善后,W10,28nm MCU,LITHO-02,-,Lithography,improved_center,曝光聚焦重校后中心热点消失,保留 focus map 自动校验,23,3,7.0,-13.0,PASS,pass
LOT-B,改善后,W10,28nm MCU,LITHO-02,-,Lithography,improved_center,曝光聚焦重校后中心热点消失,保留 focus map 自动校验,8,4,-8.0,-12.0,PASS,pass
LOT-B,改善后,W10,28nm MCU,LITHO-02,-,Lithography,improved_center,曝光聚焦重校后中心热点消失,保留 focus map 自动校验,9,4,-7.0,-12.0,PASS,pass
LOT-B,改善后,W10,28nm MCU,LITHO-02,-,Lithography,improved_center,曝光聚焦重校后中心热点消失,保留 focus map 自动校验,10,4,-6.0,-12.0,PASS,pass
LOT-B,改善后,W10,28nm MCU,LITHO-02,-,Lithography,improved_center,曝光聚焦重校后中心热点消失,保留 focus map 自动校验,11,4,-5.0,-12.0,PASS,pass
LOT-B,改善后,W10,28nm MCU,LITHO-02,-,Lithography,improved_center,曝光聚焦重校后中心热点消失,保留 focus map 自动校验,12,4,-4.0,-12.0,PASS,pass
LOT-B,改善后,W10,28nm MCU,LITHO-02,-,Lithography,improved_center,曝光聚焦重校后中心热点消失,保留 focus map 自动校验,13,4,-3.0,-12.0,PASS,pass
LOT-B,改善后,W10,28nm MCU,LITHO-02,-,Lithography,improved_center,曝光聚焦重校后中心热点消失,保留 focus map 自动校验,14,4,-2.0,-12.0,PASS,pass
LOT-B,改善后,W10,28nm MCU,LITHO-02,-,Lithography,improved_center,曝光聚焦重校后中心热点消失,保留 focus map 自动校验,15,4,-1.0,-12.0,PASS,pass
LOT-B,改善后,W10,28nm MCU,LITHO-02,-,Lithography,improved_center,曝光聚焦重校后中心热点消失,保留 focus map 自动校验,16,4,0.0,-12.0,PASS,pass
LOT-B,改善后,W10,28nm MCU,LITHO-02,-,Lithography,improved_center,曝光聚焦重校后中心热点消失,保留 focus map 自动校验,17,4,1.0,-12.0,PASS,pass
LOT-B,改善后,W10,28nm MCU,LITHO-02,-,Lithography,improved_center,曝光聚焦重校后中心热点消失,保留 focus map 自动校验,18,4,2.0,-12.0,PASS,pass
LOT-B,改善后,W10,28nm MCU,LITHO-02,-,Lithography,improved_center,曝光聚焦重校后中心热点消失,保留 focus map 自动校验,19,4,3.0,-12.0,PASS,pass
LOT-B,改善后,W10,28nm MCU,LITHO-02,-,Lithography,improved_center,曝光聚焦重校后中心热点消失,保留 focus map 自动校验,20,4,4.0,-12.0,PASS,pass
LOT-B,改善后,W10,28nm MCU,LITHO-02,-,Lithography,improved_center,曝光聚焦重校后中心热点消失,保留 focus map 自动校验,21,4,5.0,-12.0,PASS,pass
LOT-B,改善后,W10,28nm MCU,LITHO-02,-,Lithography,improved_center,曝光聚焦重校后中心热点消失,保留 focus map 自动校验,22,4,6.0,-12.0,PASS,pass
LOT-B,改善后,W10,28nm MCU,LITHO-02,-,Lithography,improved_center,曝光聚焦重校后中心热点消失,保留 focus map 自动校验,23,4,7.0,-12.0,PASS,pass
LOT-B,改善后,W10,28nm MCU,LITHO-02,-,Lithography,improved_center,曝光聚焦重校后中心热点消失,保留 focus map 自动校验,24,4,8.0,-12.0,PASS,pass
LOT-B,改善后,W10,28nm MCU,LITHO-02,-,Lithography,improved_center,曝光聚焦重校后中心热点消失,保留 focus map 自动校验,7,5,-9.0,-11.0,PASS,pass
LOT-B,改善后,W10,28nm MCU,LITHO-02,-,Lithography,improved_center,曝光聚焦重校后中心热点消失,保留 focus map 自动校验,8,5,-8.0,-11.0,PASS,pass
LOT-B,改善后,W10,28nm MCU,LITHO-02,-,Lithography,improved_center,曝光聚焦重校后中心热点消失,保留 focus map 自动校验,9,5,-7.0,-11.0,PASS,pass
LOT-B,改善后,W10,28nm MCU,LITHO-02,-,Lithography,improved_center,曝光聚焦重校后中心热点消失,保留 focus map 自动校验,10,5,-6.0,-11.0,PASS,pass
LOT-B,改善后,W10,28nm MCU,LITHO-02,-,Lithography,improved_center,曝光聚焦重校后中心热点消失,保留 focus map 自动校验,11,5,-5.0,-11.0,PASS,pass
LOT-B,改善后,W10,28nm MCU,LITHO-02,-,Lithography,improved_center,曝光聚焦重校后中心热点消失,保留 focus map 自动校验,12,5,-4.0,-11.0,PASS,pass
LOT-B,改善后,W10,28nm MCU,LITHO-02,-,Lithography,improved_center,曝光聚焦重校后中心热点消失,保留 focus map 自动校验,13,5,-3.0,-11.0,PASS,pass
LOT-B,改善后,W10,28nm MCU,LITHO-02,-,Lithography,improved_center,曝光聚焦重校后中心热点消失,保留 focus map 自动校验,14,5,-2.0,-11.0,PASS,pass
LOT-B,改善后,W10,28nm MCU,LITHO-02,-,Lithography,improved_center,曝光聚焦重校后中心热点消失,保留 focus map 自动校验,15,5,-1.0,-11.0,PASS,pass
LOT-B,改善后,W10,28nm MCU,LITHO-02,-,Lithography,improved_center,曝光聚焦重校后中心热点消失,保留 focus map 自动校验,16,5,0.0,-11.0,PASS,pass
LOT-B,改善后,W10,28nm MCU,LITHO-02,-,Lithography,improved_center,曝光聚焦重校后中心热点消失,保留 focus map 自动校验,17,5,1.0,-11.0,PASS,pass
LOT-B,改善后,W10,28nm MCU,LITHO-02,-,Lithography,improved_center,曝光聚焦重校后中心热点消失,保留 focus map 自动校验,18,5,2.0,-11.0,PASS,pass
LOT-B,改善后,W10,28nm MCU,LITHO-02,-,Lithography,improved_center,曝光聚焦重校后中心热点消失,保留 focus map 自动校验,19,5,3.0,-11.0,PASS,pass
LOT-B,改善后,W10,28nm MCU,LITHO-02,-,Lithography,improved_center,曝光聚焦重校后中心热点消失,保留 focus map 自动校验,20,5,4.0,-11.0,PASS,pass
LOT-B,改善后,W10,28nm MCU,LITHO-02,-,Lithography,improved_center,曝光聚焦重校后中心热点消失,保留 focus map 自动校验,21,5,5.0,-11.0,PASS,pass
LOT-B,改善后,W10,28nm MCU,LITHO-02,-,Lithography,improved_center,曝光聚焦重校后中心热点消失,保留 focus map 自动校验,22,5,6.0,-11.0,PASS,pass
LOT-B,改善后,W10,28nm MCU,LITHO-02,-,Lithography,improved_center,曝光聚焦重校后中心热点消失,保留 focus map 自动校验,23,5,7.0,-11.0,PASS,pass
LOT-B,改善后,W10,28nm MCU,LITHO-02,-,Lithography,improved_center,曝光聚焦重校后中心热点消失,保留 focus map 自动校验,24,5,8.0,-11.0,PASS,pass
LOT-B,改善后,W10,28nm MCU,LITHO-02,-,Lithography,improved_center,曝光聚焦重校后中心热点消失,保留 focus map 自动校验,25,5,9.0,-11.0,PASS,pass
LOT-B,改善后,W10,28nm MCU,LITHO-02,-,Lithography,improved_center,曝光聚焦重校后中心热点消失,保留 focus map 自动校验,6,6,-10.0,-10.0,PASS,pass
LOT-B,改善后,W10,28nm MCU,LITHO-02,-,Lithography,improved_center,曝光聚焦重校后中心热点消失,保留 focus map 自动校验,7,6,-9.0,-10.0,PASS,pass
LOT-B,改善后,W10,28nm MCU,LITHO-02,-,Lithography,improved_center,曝光聚焦重校后中心热点消失,保留 focus map 自动校验,8,6,-8.0,-10.0,PASS,pass
LOT-B,改善后,W10,28nm MCU,LITHO-02,-,Lithography,improved_center,曝光聚焦重校后中心热点消失,保留 focus map 自动校验,9,6,-7.0,-10.0,PASS,pass
LOT-B,改善后,W10,28nm MCU,LITHO-02,-,Lithography,improved_center,曝光聚焦重校后中心热点消失,保留 focus map 自动校验,10,6,-6.0,-10.0,PASS,pass
LOT-B,改善后,W10,28nm MCU,LITHO-02,-,Lithography,improved_center,曝光聚焦重校后中心热点消失,保留 focus map 自动校验,11,6,-5.0,-10.0,PASS,pass
LOT-B,改善后,W10,28nm MCU,LITHO-02,-,Lithography,improved_center,曝光聚焦重校后中心热点消失,保留 focus map 自动校验,12,6,-4.0,-10.0,PASS,pass
LOT-B,改善后,W10,28nm MCU,LITHO-02,-,Lithography,improved_center,曝光聚焦重校后中心热点消失,保留 focus map 自动校验,13,6,-3.0,-10.0,PASS,pass
LOT-B,改善后,W10,28nm MCU,LITHO-02,-,Lithography,improved_center,曝光聚焦重校后中心热点消失,保留 focus map 自动校验,14,6,-2.0,-10.0,PASS,pass
LOT-B,改善后,W10,28nm MCU,LITHO-02,-,Lithography,improved_center,曝光聚焦重校后中心热点消失,保留 focus map 自动校验,15,6,-1.0,-10.0,PASS,pass
LOT-B,改善后,W10,28nm MCU,LITHO-02,-,Lithography,improved_center,曝光聚焦重校后中心热点消失,保留 focus map 自动校验,16,6,0.0,-10.0,PASS,pass
LOT-B,改善后,W10,28nm MCU,LITHO-02,-,Lithography,improved_center,曝光聚焦重校后中心热点消失,保留 focus map 自动校验,17,6,1.0,-10.0,PASS,pass
LOT-B,改善后,W10,28nm MCU,LITHO-02,-,Lithography,improved_center,曝光聚焦重校后中心热点消失,保留 focus map 自动校验,18,6,2.0,-10.0,PASS,pass
LOT-B,改善后,W10,28nm MCU,LITHO-02,-,Lithography,improved_center,曝光聚焦重校后中心热点消失,保留 focus map 自动校验,19,6,3.0,-10.0,PASS,pass
LOT-B,改善后,W10,28nm MCU,LITHO-02,-,Lithography,improved_center,曝光聚焦重校后中心热点消失,保留 focus map 自动校验,20,6,4.0,-10.0,PASS,pass
LOT-B,改善后,W10,28nm MCU,LITHO-02,-,Lithography,improved_center,曝光聚焦重校后中心热点消失,保留 focus map 自动校验,21,6,5.0,-10.0,PASS,pass
LOT-B,改善后,W10,28nm MCU,LITHO-02,-,Lithography,improved_center,曝光聚焦重校后中心热点消失,保留 focus map 自动校验,22,6,6.0,-10.0,PASS,pass
LOT-B,改善后,W10,28nm MCU,LITHO-02,-,Lithography,improved_center,曝光聚焦重校后中心热点消失,保留 focus map 自动校验,23,6,7.0,-10.0,PASS,pass
LOT-B,改善后,W10,28nm MCU,LITHO-02,-,Lithography,improved_center,曝光聚焦重校后中心热点消失,保留 focus map 自动校验,24,6,8.0,-10.0,PASS,pass
LOT-B,改善后,W10,28nm MCU,LITHO-02,-,Lithography,improved_center,曝光聚焦重校后中心热点消失,保留 focus map 自动校验,25,6,9.0,-10.0,PASS,pass
LOT-B,改善后,W10,28nm MCU,LITHO-02,-,Lithography,improved_center,曝光聚焦重校后中心热点消失,保留 focus map 自动校验,26,6,10.0,-10.0,PASS,pass
LOT-B,改善后,W10,28nm MCU,LITHO-02,-,Lithography,improved_center,曝光聚焦重校后中心热点消失,保留 focus map 自动校验,5,7,-11.0,-9.0,PASS,pass
LOT-B,改善后,W10,28nm MCU,LITHO-02,-,Lithography,improved_center,曝光聚焦重校后中心热点消失,保留 focus map 自动校验,6,7,-10.0,-9.0,PASS,pass
LOT-B,改善后,W10,28nm MCU,LITHO-02,-,Lithography,improved_center,曝光聚焦重校后中心热点消失,保留 focus map 自动校验,7,7,-9.0,-9.0,PASS,pass
LOT-B,改善后,W10,28nm MCU,LITHO-02,-,Lithography,improved_center,曝光聚焦重校后中心热点消失,保留 focus map 自动校验,8,7,-8.0,-9.0,PASS,pass
LOT-B,改善后,W10,28nm MCU,LITHO-02,-,Lithography,improved_center,曝光聚焦重校后中心热点消失,保留 focus map 自动校验,9,7,-7.0,-9.0,PASS,pass
LOT-B,改善后,W10,28nm MCU,LITHO-02,-,Lithography,improved_center,曝光聚焦重校后中心热点消失,保留 focus map 自动校验,10,7,-6.0,-9.0,PASS,pass
LOT-B,改善后,W10,28nm MCU,LITHO-02,-,Lithography,improved_center,曝光聚焦重校后中心热点消失,保留 focus map 自动校验,11,7,-5.0,-9.0,PASS,pass
LOT-B,改善后,W10,28nm MCU,LITHO-02,-,Lithography,improved_center,曝光聚焦重校后中心热点消失,保留 focus map 自动校验,12,7,-4.0,-9.0,PASS,pass
LOT-B,改善后,W10,28nm MCU,LITHO-02,-,Lithography,improved_center,曝光聚焦重校后中心热点消失,保留 focus map 自动校验,13,7,-3.0,-9.0,PASS,pass
LOT-B,改善后,W10,28nm MCU,LITHO-02,-,Lithography,improved_center,曝光聚焦重校后中心热点消失,保留 focus map 自动校验,14,7,-2.0,-9.0,PASS,pass
LOT-B,改善后,W10,28nm MCU,LITHO-02,-,Lithography,improved_center,曝光聚焦重校后中心热点消失,保留 focus map 自动校验,15,7,-1.0,-9.0,PASS,pass
LOT-B,改善后,W10,28nm MCU,LITHO-02,-,Lithography,improved_center,曝光聚焦重校后中心热点消失,保留 focus map 自动校验,16,7,0.0,-9.0,PASS,pass
LOT-B,改善后,W10,28nm MCU,LITHO-02,-,Lithography,improved_center,曝光聚焦重校后中心热点消失,保留 focus map 自动校验,17,7,1.0,-9.0,PASS,pass
LOT-B,改善后,W10,28nm MCU,LITHO-02,-,Lithography,improved_center,曝光聚焦重校后中心热点消失,保留 focus map 自动校验,18,7,2.0,-9.0,PASS,pass
LOT-B,改善后,W10,28nm MCU,LITHO-02,-,Lithography,improved_center,曝光聚焦重校后中心热点消失,保留 focus map 自动校验,19,7,3.0,-9.0,PASS,pass
LOT-B,改善后,W10,28nm MCU,LITHO-02,-,Lithography,improved_center,曝光聚焦重校后中心热点消失,保留 focus map 自动校验,20,7,4.0,-9.0,PASS,pass
LOT-B,改善后,W10,28nm MCU,LITHO-02,-,Lithography,improved_center,曝光聚焦重校后中心热点消失,保留 focus map 自动校验,21,7,5.0,-9.0,PASS,pass
LOT-B,改善后,W10,28nm MCU,LITHO-02,-,Lithography,improved_center,曝光聚焦重校后中心热点消失,保留 focus map 自动校验,22,7,6.0,-9.0,PASS,pass
LOT-B,改善后,W10,28nm MCU,LITHO-02,-,Lithography,improved_center,曝光聚焦重校后中心热点消失,保留 focus map 自动校验,23,7,7.0,-9.0,PASS,pass
LOT-B,改善后,W10,28nm MCU,LITHO-02,-,Lithography,improved_center,曝光聚焦重校后中心热点消失,保留 focus map 自动校验,24,7,8.0,-9.0,PASS,pass
LOT-B,改善后,W10,28nm MCU,LITHO-02,-,Lithography,improved_center,曝光聚焦重校后中心热点消失,保留 focus map 自动校验,25,7,9.0,-9.0,PASS,pass
LOT-B,改善后,W10,28nm MCU,LITHO-02,-,Lithography,improved_center,曝光聚焦重校后中心热点消失,保留 focus map 自动校验,26,7,10.0,-9.0,PASS,pass
LOT-B,改善后,W10,28nm MCU,LITHO-02,-,Lithography,improved_center,曝光聚焦重校后中心热点消失,保留 focus map 自动校验,27,7,11.0,-9.0,PASS,pass
LOT-B,改善后,W10,28nm MCU,LITHO-02,-,Lithography,improved_center,曝光聚焦重校后中心热点消失,保留 focus map 自动校验,4,8,-12.0,-8.0,PASS,pass
LOT-B,改善后,W10,28nm MCU,LITHO-02,-,Lithography,improved_center,曝光聚焦重校后中心热点消失,保留 focus map 自动校验,5,8,-11.0,-8.0,PASS,pass
LOT-B,改善后,W10,28nm MCU,LITHO-02,-,Lithography,improved_center,曝光聚焦重校后中心热点消失,保留 focus map 自动校验,6,8,-10.0,-8.0,PASS,pass
LOT-B,改善后,W10,28nm MCU,LITHO-02,-,Lithography,improved_center,曝光聚焦重校后中心热点消失,保留 focus map 自动校验,7,8,-9.0,-8.0,PASS,pass
LOT-B,改善后,W10,28nm MCU,LITHO-02,-,Lithography,improved_center,曝光聚焦重校后中心热点消失,保留 focus map 自动校验,8,8,-8.0,-8.0,PASS,pass
LOT-B,改善后,W10,28nm MCU,LITHO-02,-,Lithography,improved_center,曝光聚焦重校后中心热点消失,保留 focus map 自动校验,9,8,-7.0,-8.0,PASS,pass
LOT-B,改善后,W10,28nm MCU,LITHO-02,-,Lithography,improved_center,曝光聚焦重校后中心热点消失,保留 focus map 自动校验,10,8,-6.0,-8.0,PASS,pass
LOT-B,改善后,W10,28nm MCU,LITHO-02,-,Lithography,improved_center,曝光聚焦重校后中心热点消失,保留 focus map 自动校验,11,8,-5.0,-8.0,PASS,pass
LOT-B,改善后,W10,28nm MCU,LITHO-02,-,Lithography,improved_center,曝光聚焦重校后中心热点消失,保留 focus map 自动校验,12,8,-4.0,-8.0,PASS,pass
LOT-B,改善后,W10,28nm MCU,LITHO-02,-,Lithography,improved_center,曝光聚焦重校后中心热点消失,保留 focus map 自动校验,13,8,-3.0,-8.0,PASS,pass
LOT-B,改善后,W10,28nm MCU,LITHO-02,-,Lithography,improved_center,曝光聚焦重校后中心热点消失,保留 focus map 自动校验,14,8,-2.0,-8.0,PASS,pass
LOT-B,改善后,W10,28nm MCU,LITHO-02,-,Lithography,improved_center,曝光聚焦重校后中心热点消失,保留 focus map 自动校验,15,8,-1.0,-8.0,PASS,pass
LOT-B,改善后,W10,28nm MCU,LITHO-02,-,Lithography,improved_center,曝光聚焦重校后中心热点消失,保留 focus map 自动校验,16,8,0.0,-8.0,PASS,pass
LOT-B,改善后,W10,28nm MCU,LITHO-02,-,Lithography,improved_center,曝光聚焦重校后中心热点消失,保留 focus map 自动校验,17,8,1.0,-8.0,PASS,pass
LOT-B,改善后,W10,28nm MCU,LITHO-02,-,Lithography,improved_center,曝光聚焦重校后中心热点消失,保留 focus map 自动校验,18,8,2.0,-8.0,PASS,pass
LOT-B,改善后,W10,28nm MCU,LITHO-02,-,Lithography,improved_center,曝光聚焦重校后中心热点消失,保留 focus map 自动校验,19,8,3.0,-8.0,PASS,pass
LOT-B,改善后,W10,28nm MCU,LITHO-02,-,Lithography,improved_center,曝光聚焦重校后中心热点消失,保留 focus map 自动校验,20,8,4.0,-8.0,PASS,pass
LOT-B,改善后,W10,28nm MCU,LITHO-02,-,Lithography,improved_center,曝光聚焦重校后中心热点消失,保留 focus map 自动校验,21,8,5.0,-8.0,PASS,pass
LOT-B,改善后,W10,28nm MCU,LITHO-02,-,Lithography,improved_center,曝光聚焦重校后中心热点消失,保留 focus map 自动校验,22,8,6.0,-8.0,PASS,pass
LOT-B,改善后,W10,28nm MCU,LITHO-02,-,Lithography,improved_center,曝光聚焦重校后中心热点消失,保留 focus map 自动校验,23,8,7.0,-8.0,PASS,pass
LOT-B,改善后,W10,28nm MCU,LITHO-02,-,Lithography,improved_center,曝光聚焦重校后中心热点消失,保留 focus map 自动校验,24,8,8.0,-8.0,PASS,pass
LOT-B,改善后,W10,28nm MCU,LITHO-02,-,Lithography,improved_center,曝光聚焦重校后中心热点消失,保留 focus map 自动校验,25,8,9.0,-8.0,PASS,pass
LOT-B,改善后,W10,28nm MCU,LITHO-02,-,Lithography,improved_center,曝光聚焦重校后中心热点消失,保留 focus map 自动校验,26,8,10.0,-8.0,PASS,pass
LOT-B,改善后,W10,28nm MCU,LITHO-02,-,Lithography,improved_center,曝光聚焦重校后中心热点消失,保留 focus map 自动校验,27,8,11.0,-8.0,PASS,pass
LOT-B,改善后,W10,28nm MCU,LITHO-02,-,Lithography,improved_center,曝光聚焦重校后中心热点消失,保留 focus map 自动校验,28,8,12.0,-8.0,PASS,pass
LOT-B,改善后,W10,28nm MCU,LITHO-02,-,Lithography,improved_center,曝光聚焦重校后中心热点消失,保留 focus map 自动校验,3,9,-13.0,-7.0,PASS,pass
LOT-B,改善后,W10,28nm MCU,LITHO-02,-,Lithography,improved_center,曝光聚焦重校后中心热点消失,保留 focus map 自动校验,4,9,-12.0,-7.0,PASS,pass
LOT-B,改善后,W10,28nm MCU,LITHO-02,-,Lithography,improved_center,曝光聚焦重校后中心热点消失,保留 focus map 自动校验,5,9,-11.0,-7.0,PASS,pass
LOT-B,改善后,W10,28nm MCU,LITHO-02,-,Lithography,improved_center,曝光聚焦重校后中心热点消失,保留 focus map 自动校验,6,9,-10.0,-7.0,PASS,pass
LOT-B,改善后,W10,28nm MCU,LITHO-02,-,Lithography,improved_center,曝光聚焦重校后中心热点消失,保留 focus map 自动校验,7,9,-9.0,-7.0,PASS,pass
LOT-B,改善后,W10,28nm MCU,LITHO-02,-,Lithography,improved_center,曝光聚焦重校后中心热点消失,保留 focus map 自动校验,8,9,-8.0,-7.0,PASS,pass
LOT-B,改善后,W10,28nm MCU,LITHO-02,-,Lithography,improved_center,曝光聚焦重校后中心热点消失,保留 focus map 自动校验,9,9,-7.0,-7.0,PASS,pass
LOT-B,改善后,W10,28nm MCU,LITHO-02,-,Lithography,improved_center,曝光聚焦重校后中心热点消失,保留 focus map 自动校验,10,9,-6.0,-7.0,PASS,pass
LOT-B,改善后,W10,28nm MCU,LITHO-02,-,Lithography,improved_center,曝光聚焦重校后中心热点消失,保留 focus map 自动校验,11,9,-5.0,-7.0,PASS,pass
LOT-B,改善后,W10,28nm MCU,LITHO-02,-,Lithography,improved_center,曝光聚焦重校后中心热点消失,保留 focus map 自动校验,12,9,-4.0,-7.0,PASS,pass
LOT-B,改善后,W10,28nm MCU,LITHO-02,-,Lithography,improved_center,曝光聚焦重校后中心热点消失,保留 focus map 自动校验,13,9,-3.0,-7.0,PASS,pass
LOT-B,改善后,W10,28nm MCU,LITHO-02,-,Lithography,improved_center,曝光聚焦重校后中心热点消失,保留 focus map 自动校验,14,9,-2.0,-7.0,PASS,pass
LOT-B,改善后,W10,28nm MCU,LITHO-02,-,Lithography,improved_center,曝光聚焦重校后中心热点消失,保留 focus map 自动校验,15,9,-1.0,-7.0,PASS,pass
LOT-B,改善后,W10,28nm MCU,LITHO-02,-,Lithography,improved_center,曝光聚焦重校后中心热点消失,保留 focus map 自动校验,16,9,0.0,-7.0,PASS,pass
LOT-B,改善后,W10,28nm MCU,LITHO-02,-,Lithography,improved_center,曝光聚焦重校后中心热点消失,保留 focus map 自动校验,17,9,1.0,-7.0,PASS,pass
LOT-B,改善后,W10,28nm MCU,LITHO-02,-,Lithography,improved_center,曝光聚焦重校后中心热点消失,保留 focus map 自动校验,18,9,2.0,-7.0,PASS,pass
LOT-B,改善后,W10,28nm MCU,LITHO-02,-,Lithography,improved_center,曝光聚焦重校后中心热点消失,保留 focus map 自动校验,19,9,3.0,-7.0,PASS,pass
LOT-B,改善后,W10,28nm MCU,LITHO-02,-,Lithography,improved_center,曝光聚焦重校后中心热点消失,保留 focus map 自动校验,20,9,4.0,-7.0,PASS,pass
LOT-B,改善后,W10,28nm MCU,LITHO-02,-,Lithography,improved_center,曝光聚焦重校后中心热点消失,保留 focus map 自动校验,21,9,5.0,-7.0,PASS,pass
LOT-B,改善后,W10,28nm MCU,LITHO-02,-,Lithography,improved_center,曝光聚焦重校后中心热点消失,保留 focus map 自动校验,22,9,6.0,-7.0,PASS,pass
LOT-B,改善后,W10,28nm MCU,LITHO-02,-,Lithography,improved_center,曝光聚焦重校后中心热点消失,保留 focus map 自动校验,23,9,7.0,-7.0,PASS,pass
LOT-B,改善后,W10,28nm MCU,LITHO-02,-,Lithography,improved_center,曝光聚焦重校后中心热点消失,保留 focus map 自动校验,24,9,8.0,-7.0,PASS,pass
LOT-B,改善后,W10,28nm MCU,LITHO-02,-,Lithography,improved_center,曝光聚焦重校后中心热点消失,保留 focus map 自动校验,25,9,9.0,-7.0,PASS,pass
LOT-B,改善后,W10,28nm MCU,LITHO-02,-,Lithography,improved_center,曝光聚焦重校后中心热点消失,保留 focus map 自动校验,26,9,10.0,-7.0,PASS,pass
LOT-B,改善后,W10,28nm MCU,LITHO-02,-,Lithography,improved_center,曝光聚焦重校后中心热点消失,保留 focus map 自动校验,27,9,11.0,-7.0,PASS,pass
LOT-B,改善后,W10,28nm MCU,LITHO-02,-,Lithography,improved_center,曝光聚焦重校后中心热点消失,保留 focus map 自动校验,28,9,12.0,-7.0,PASS,pass
LOT-B,改善后,W10,28nm MCU,LITHO-02,-,Lithography,improved_center,曝光聚焦重校后中心热点消失,保留 focus map 自动校验,29,9,13.0,-7.0,PASS,pass
LOT-B,改善后,W10,28nm MCU,LITHO-02,-,Lithography,improved_center,曝光聚焦重校后中心热点消失,保留 focus map 自动校验,3,10,-13.0,-6.0,PASS,pass
LOT-B,改善后,W10,28nm MCU,LITHO-02,-,Lithography,improved_center,曝光聚焦重校后中心热点消失,保留 focus map 自动校验,4,10,-12.0,-6.0,PASS,pass
LOT-B,改善后,W10,28nm MCU,LITHO-02,-,Lithography,improved_center,曝光聚焦重校后中心热点消失,保留 focus map 自动校验,5,10,-11.0,-6.0,PASS,pass
LOT-B,改善后,W10,28nm MCU,LITHO-02,-,Lithography,improved_center,曝光聚焦重校后中心热点消失,保留 focus map 自动校验,6,10,-10.0,-6.0,PASS,pass
LOT-B,改善后,W10,28nm MCU,LITHO-02,-,Lithography,improved_center,曝光聚焦重校后中心热点消失,保留 focus map 自动校验,7,10,-9.0,-6.0,PASS,pass
LOT-B,改善后,W10,28nm MCU,LITHO-02,-,Lithography,improved_center,曝光聚焦重校后中心热点消失,保留 focus map 自动校验,8,10,-8.0,-6.0,PASS,pass
LOT-B,改善后,W10,28nm MCU,LITHO-02,-,Lithography,improved_center,曝光聚焦重校后中心热点消失,保留 focus map 自动校验,9,10,-7.0,-6.0,PASS,pass
LOT-B,改善后,W10,28nm MCU,LITHO-02,-,Lithography,improved_center,曝光聚焦重校后中心热点消失,保留 focus map 自动校验,10,10,-6.0,-6.0,PASS,pass
LOT-B,改善后,W10,28nm MCU,LITHO-02,-,Lithography,improved_center,曝光聚焦重校后中心热点消失,保留 focus map 自动校验,11,10,-5.0,-6.0,PASS,pass
LOT-B,改善后,W10,28nm MCU,LITHO-02,-,Lithography,improved_center,曝光聚焦重校后中心热点消失,保留 focus map 自动校验,12,10,-4.0,-6.0,PASS,pass
LOT-B,改善后,W10,28nm MCU,LITHO-02,-,Lithography,improved_center,曝光聚焦重校后中心热点消失,保留 focus map 自动校验,13,10,-3.0,-6.0,PASS,pass
LOT-B,改善后,W10,28nm MCU,LITHO-02,-,Lithography,improved_center,曝光聚焦重校后中心热点消失,保留 focus map 自动校验,14,10,-2.0,-6.0,PASS,pass
LOT-B,改善后,W10,28nm MCU,LITHO-02,-,Lithography,improved_center,曝光聚焦重校后中心热点消失,保留 focus map 自动校验,15,10,-1.0,-6.0,PASS,pass
LOT-B,改善后,W10,28nm MCU,LITHO-02,-,Lithography,improved_center,曝光聚焦重校后中心热点消失,保留 focus map 自动校验,16,10,0.0,-6.0,PASS,pass
LOT-B,改善后,W10,28nm MCU,LITHO-02,-,Lithography,improved_center,曝光聚焦重校后中心热点消失,保留 focus map 自动校验,17,10,1.0,-6.0,PASS,pass
LOT-B,改善后,W10,28nm MCU,LITHO-02,-,Lithography,improved_center,曝光聚焦重校后中心热点消失,保留 focus map 自动校验,18,10,2.0,-6.0,PASS,pass
LOT-B,改善后,W10,28nm MCU,LITHO-02,-,Lithography,improved_center,曝光聚焦重校后中心热点消失,保留 focus map 自动校验,19,10,3.0,-6.0,PASS,pass
LOT-B,改善后,W10,28nm MCU,LITHO-02,-,Lithography,improved_center,曝光聚焦重校后中心热点消失,保留 focus map 自动校验,20,10,4.0,-6.0,PASS,pass
LOT-B,改善后,W10,28nm MCU,LITHO-02,-,Lithography,improved_center,曝光聚焦重校后中心热点消失,保留 focus map 自动校验,21,10,5.0,-6.0,PASS,pass
LOT-B,改善后,W10,28nm MCU,LITHO-02,-,Lithography,improved_center,曝光聚焦重校后中心热点消失,保留 focus map 自动校验,22,10,6.0,-6.0,PASS,pass
LOT-B,改善后,W10,28nm MCU,LITHO-02,-,Lithography,improved_center,曝光聚焦重校后中心热点消失,保留 focus map 自动校验,23,10,7.0,-6.0,PASS,pass
LOT-B,改善后,W10,28nm MCU,LITHO-02,-,Lithography,improved_center,曝光聚焦重校后中心热点消失,保留 focus map 自动校验,24,10,8.0,-6.0,PASS,pass
LOT-B,改善后,W10,28nm MCU,LITHO-02,-,Lithography,improved_center,曝光聚焦重校后中心热点消失,保留 focus map 自动校验,25,10,9.0,-6.0,PASS,pass
LOT-B,改善后,W10,28nm MCU,LITHO-02,-,Lithography,improved_center,曝光聚焦重校后中心热点消失,保留 focus map 自动校验,26,10,10.0,-6.0,PASS,pass
LOT-B,改善后,W10,28nm MCU,LITHO-02,-,Lithography,improved_center,曝光聚焦重校后中心热点消失,保留 focus map 自动校验,27,10,11.0,-6.0,PASS,pass
LOT-B,改善后,W10,28nm MCU,LITHO-02,-,Lithography,improved_center,曝光聚焦重校后中心热点消失,保留 focus map 自动校验,28,10,12.0,-6.0,PASS,pass
LOT-B,改善后,W10,28nm MCU,LITHO-02,-,Lithography,improved_center,曝光聚焦重校后中心热点消失,保留 focus map 自动校验,29,10,13.0,-6.0,PASS,pass
LOT-B,改善后,W10,28nm MCU,LITHO-02,-,Lithography,improved_center,曝光聚焦重校后中心热点消失,保留 focus map 自动校验,3,11,-13.0,-5.0,PASS,pass
LOT-B,改善后,W10,28nm MCU,LITHO-02,-,Lithography,improved_center,曝光聚焦重校后中心热点消失,保留 focus map 自动校验,4,11,-12.0,-5.0,PASS,pass
LOT-B,改善后,W10,28nm MCU,LITHO-02,-,Lithography,improved_center,曝光聚焦重校后中心热点消失,保留 focus map 自动校验,5,11,-11.0,-5.0,PASS,pass
LOT-B,改善后,W10,28nm MCU,LITHO-02,-,Lithography,improved_center,曝光聚焦重校后中心热点消失,保留 focus map 自动校验,6,11,-10.0,-5.0,PASS,pass
LOT-B,改善后,W10,28nm MCU,LITHO-02,-,Lithography,improved_center,曝光聚焦重校后中心热点消失,保留 focus map 自动校验,7,11,-9.0,-5.0,PASS,pass
LOT-B,改善后,W10,28nm MCU,LITHO-02,-,Lithography,improved_center,曝光聚焦重校后中心热点消失,保留 focus map 自动校验,8,11,-8.0,-5.0,PASS,pass
LOT-B,改善后,W10,28nm MCU,LITHO-02,-,Lithography,improved_center,曝光聚焦重校后中心热点消失,保留 focus map 自动校验,9,11,-7.0,-5.0,PASS,pass
LOT-B,改善后,W10,28nm MCU,LITHO-02,-,Lithography,improved_center,曝光聚焦重校后中心热点消失,保留 focus map 自动校验,10,11,-6.0,-5.0,PASS,pass
LOT-B,改善后,W10,28nm MCU,LITHO-02,-,Lithography,improved_center,曝光聚焦重校后中心热点消失,保留 focus map 自动校验,11,11,-5.0,-5.0,PASS,pass
LOT-B,改善后,W10,28nm MCU,LITHO-02,-,Lithography,improved_center,曝光聚焦重校后中心热点消失,保留 focus map 自动校验,12,11,-4.0,-5.0,PASS,pass
LOT-B,改善后,W10,28nm MCU,LITHO-02,-,Lithography,improved_center,曝光聚焦重校后中心热点消失,保留 focus map 自动校验,13,11,-3.0,-5.0,PASS,pass
LOT-B,改善后,W10,28nm MCU,LITHO-02,-,Lithography,improved_center,曝光聚焦重校后中心热点消失,保留 focus map 自动校验,14,11,-2.0,-5.0,PASS,pass
LOT-B,改善后,W10,28nm MCU,LITHO-02,-,Lithography,improved_center,曝光聚焦重校后中心热点消失,保留 focus map 自动校验,15,11,-1.0,-5.0,PASS,pass
LOT-B,改善后,W10,28nm MCU,LITHO-02,-,Lithography,improved_center,曝光聚焦重校后中心热点消失,保留 focus map 自动校验,16,11,0.0,-5.0,PASS,pass
LOT-B,改善后,W10,28nm MCU,LITHO-02,-,Lithography,improved_center,曝光聚焦重校后中心热点消失,保留 focus map 自动校验,17,11,1.0,-5.0,PASS,pass
LOT-B,改善后,W10,28nm MCU,LITHO-02,-,Lithography,improved_center,曝光聚焦重校后中心热点消失,保留 focus map 自动校验,18,11,2.0,-5.0,PASS,pass
LOT-B,改善后,W10,28nm MCU,LITHO-02,-,Lithography,improved_center,曝光聚焦重校后中心热点消失,保留 focus map 自动校验,19,11,3.0,-5.0,PASS,pass
LOT-B,改善后,W10,28nm MCU,LITHO-02,-,Lithography,improved_center,曝光聚焦重校后中心热点消失,保留 focus map 自动校验,20,11,4.0,-5.0,PASS,pass
LOT-B,改善后,W10,28nm MCU,LITHO-02,-,Lithography,improved_center,曝光聚焦重校后中心热点消失,保留 focus map 自动校验,21,11,5.0,-5.0,PASS,pass
LOT-B,改善后,W10,28nm MCU,LITHO-02,-,Lithography,improved_center,曝光聚焦重校后中心热点消失,保留 focus map 自动校验,22,11,6.0,-5.0,PASS,pass
LOT-B,改善后,W10,28nm MCU,LITHO-02,-,Lithography,improved_center,曝光聚焦重校后中心热点消失,保留 focus map 自动校验,23,11,7.0,-5.0,PASS,pass
LOT-B,改善后,W10,28nm MCU,LITHO-02,-,Lithography,improved_center,曝光聚焦重校后中心热点消失,保留 focus map 自动校验,24,11,8.0,-5.0,PASS,pass
LOT-B,改善后,W10,28nm MCU,LITHO-02,-,Lithography,improved_center,曝光聚焦重校后中心热点消失,保留 focus map 自动校验,25,11,9.0,-5.0,PASS,pass
LOT-B,改善后,W10,28nm MCU,LITHO-02,-,Lithography,improved_center,曝光聚焦重校后中心热点消失,保留 focus map 自动校验,26,11,10.0,-5.0,PASS,pass
LOT-B,改善后,W10,28nm MCU,LITHO-02,-,Lithography,improved_center,曝光聚焦重校后中心热点消失,保留 focus map 自动校验,27,11,11.0,-5.0,PASS,pass
LOT-B,改善后,W10,28nm MCU,LITHO-02,-,Lithography,improved_center,曝光聚焦重校后中心热点消失,保留 focus map 自动校验,28,11,12.0,-5.0,PASS,pass
LOT-B,改善后,W10,28nm MCU,LITHO-02,-,Lithography,improved_center,曝光聚焦重校后中心热点消失,保留 focus map 自动校验,29,11,13.0,-5.0,PASS,pass
LOT-B,改善后,W10,28nm MCU,LITHO-02,-,Lithography,improved_center,曝光聚焦重校后中心热点消失,保留 focus map 自动校验,2,12,-14.0,-4.0,PASS,pass
LOT-B,改善后,W10,28nm MCU,LITHO-02,-,Lithography,improved_center,曝光聚焦重校后中心热点消失,保留 focus map 自动校验,3,12,-13.0,-4.0,PASS,pass
LOT-B,改善后,W10,28nm MCU,LITHO-02,-,Lithography,improved_center,曝光聚焦重校后中心热点消失,保留 focus map 自动校验,4,12,-12.0,-4.0,PASS,pass
LOT-B,改善后,W10,28nm MCU,LITHO-02,-,Lithography,improved_center,曝光聚焦重校后中心热点消失,保留 focus map 自动校验,5,12,-11.0,-4.0,PASS,pass
LOT-B,改善后,W10,28nm MCU,LITHO-02,-,Lithography,improved_center,曝光聚焦重校后中心热点消失,保留 focus map 自动校验,6,12,-10.0,-4.0,PASS,pass
LOT-B,改善后,W10,28nm MCU,LITHO-02,-,Lithography,improved_center,曝光聚焦重校后中心热点消失,保留 focus map 自动校验,7,12,-9.0,-4.0,PASS,pass
LOT-B,改善后,W10,28nm MCU,LITHO-02,-,Lithography,improved_center,曝光聚焦重校后中心热点消失,保留 focus map 自动校验,8,12,-8.0,-4.0,PASS,pass
LOT-B,改善后,W10,28nm MCU,LITHO-02,-,Lithography,improved_center,曝光聚焦重校后中心热点消失,保留 focus map 自动校验,9,12,-7.0,-4.0,PASS,pass
LOT-B,改善后,W10,28nm MCU,LITHO-02,-,Lithography,improved_center,曝光聚焦重校后中心热点消失,保留 focus map 自动校验,10,12,-6.0,-4.0,PASS,pass
LOT-B,改善后,W10,28nm MCU,LITHO-02,-,Lithography,improved_center,曝光聚焦重校后中心热点消失,保留 focus map 自动校验,11,12,-5.0,-4.0,PASS,pass
LOT-B,改善后,W10,28nm MCU,LITHO-02,-,Lithography,improved_center,曝光聚焦重校后中心热点消失,保留 focus map 自动校验,12,12,-4.0,-4.0,PASS,pass
LOT-B,改善后,W10,28nm MCU,LITHO-02,-,Lithography,improved_center,曝光聚焦重校后中心热点消失,保留 focus map 自动校验,13,12,-3.0,-4.0,PASS,pass
LOT-B,改善后,W10,28nm MCU,LITHO-02,-,Lithography,improved_center,曝光聚焦重校后中心热点消失,保留 focus map 自动校验,14,12,-2.0,-4.0,PASS,pass
LOT-B,改善后,W10,28nm MCU,LITHO-02,-,Lithography,improved_center,曝光聚焦重校后中心热点消失,保留 focus map 自动校验,15,12,-1.0,-4.0,PASS,pass
LOT-B,改善后,W10,28nm MCU,LITHO-02,-,Lithography,improved_center,曝光聚焦重校后中心热点消失,保留 focus map 自动校验,16,12,0.0,-4.0,PASS,pass
LOT-B,改善后,W10,28nm MCU,LITHO-02,-,Lithography,improved_center,曝光聚焦重校后中心热点消失,保留 focus map 自动校验,17,12,1.0,-4.0,PASS,pass
LOT-B,改善后,W10,28nm MCU,LITHO-02,-,Lithography,improved_center,曝光聚焦重校后中心热点消失,保留 focus map 自动校验,18,12,2.0,-4.0,PASS,pass
LOT-B,改善后,W10,28nm MCU,LITHO-02,-,Lithography,improved_center,曝光聚焦重校后中心热点消失,保留 focus map 自动校验,19,12,3.0,-4.0,PASS,pass
LOT-B,改善后,W10,28nm MCU,LITHO-02,-,Lithography,improved_center,曝光聚焦重校后中心热点消失,保留 focus map 自动校验,20,12,4.0,-4.0,PASS,pass
LOT-B,改善后,W10,28nm MCU,LITHO-02,-,Lithography,improved_center,曝光聚焦重校后中心热点消失,保留 focus map 自动校验,21,12,5.0,-4.0,PASS,pass
LOT-B,改善后,W10,28nm MCU,LITHO-02,-,Lithography,improved_center,曝光聚焦重校后中心热点消失,保留 focus map 自动校验,22,12,6.0,-4.0,PASS,pass
LOT-B,改善后,W10,28nm MCU,LITHO-02,-,Lithography,improved_center,曝光聚焦重校后中心热点消失,保留 focus map 自动校验,23,12,7.0,-4.0,PASS,pass
LOT-B,改善后,W10,28nm MCU,LITHO-02,-,Lithography,improved_center,曝光聚焦重校后中心热点消失,保留 focus map 自动校验,24,12,8.0,-4.0,PASS,pass
LOT-B,改善后,W10,28nm MCU,LITHO-02,-,Lithography,improved_center,曝光聚焦重校后中心热点消失,保留 focus map 自动校验,25,12,9.0,-4.0,PASS,pass
LOT-B,改善后,W10,28nm MCU,LITHO-02,-,Lithography,improved_center,曝光聚焦重校后中心热点消失,保留 focus map 自动校验,26,12,10.0,-4.0,PASS,pass
LOT-B,改善后,W10,28nm MCU,LITHO-02,-,Lithography,improved_center,曝光聚焦重校后中心热点消失,保留 focus map 自动校验,27,12,11.0,-4.0,PASS,pass
LOT-B,改善后,W10,28nm MCU,LITHO-02,-,Lithography,improved_center,曝光聚焦重校后中心热点消失,保留 focus map 自动校验,28,12,12.0,-4.0,PASS,pass
LOT-B,改善后,W10,28nm MCU,LITHO-02,-,Lithography,improved_center,曝光聚焦重校后中心热点消失,保留 focus map 自动校验,29,12,13.0,-4.0,PASS,pass
LOT-B,改善后,W10,28nm MCU,LITHO-02,-,Lithography,improved_center,曝光聚焦重校后中心热点消失,保留 focus map 自动校验,30,12,14.0,-4.0,PASS,pass
LOT-B,改善后,W10,28nm MCU,LITHO-02,-,Lithography,improved_center,曝光聚焦重校后中心热点消失,保留 focus map 自动校验,2,13,-14.0,-3.0,PASS,pass
LOT-B,改善后,W10,28nm MCU,LITHO-02,-,Lithography,improved_center,曝光聚焦重校后中心热点消失,保留 focus map 自动校验,3,13,-13.0,-3.0,PASS,pass
LOT-B,改善后,W10,28nm MCU,LITHO-02,-,Lithography,improved_center,曝光聚焦重校后中心热点消失,保留 focus map 自动校验,4,13,-12.0,-3.0,PASS,pass
LOT-B,改善后,W10,28nm MCU,LITHO-02,-,Lithography,improved_center,曝光聚焦重校后中心热点消失,保留 focus map 自动校验,5,13,-11.0,-3.0,PASS,pass
LOT-B,改善后,W10,28nm MCU,LITHO-02,-,Lithography,improved_center,曝光聚焦重校后中心热点消失,保留 focus map 自动校验,6,13,-10.0,-3.0,PASS,pass
LOT-B,改善后,W10,28nm MCU,LITHO-02,-,Lithography,improved_center,曝光聚焦重校后中心热点消失,保留 focus map 自动校验,7,13,-9.0,-3.0,PASS,pass
LOT-B,改善后,W10,28nm MCU,LITHO-02,-,Lithography,improved_center,曝光聚焦重校后中心热点消失,保留 focus map 自动校验,8,13,-8.0,-3.0,PASS,pass
LOT-B,改善后,W10,28nm MCU,LITHO-02,-,Lithography,improved_center,曝光聚焦重校后中心热点消失,保留 focus map 自动校验,9,13,-7.0,-3.0,PASS,pass
LOT-B,改善后,W10,28nm MCU,LITHO-02,-,Lithography,improved_center,曝光聚焦重校后中心热点消失,保留 focus map 自动校验,10,13,-6.0,-3.0,PASS,pass
LOT-B,改善后,W10,28nm MCU,LITHO-02,-,Lithography,improved_center,曝光聚焦重校后中心热点消失,保留 focus map 自动校验,11,13,-5.0,-3.0,PASS,pass
LOT-B,改善后,W10,28nm MCU,LITHO-02,-,Lithography,improved_center,曝光聚焦重校后中心热点消失,保留 focus map 自动校验,12,13,-4.0,-3.0,PASS,pass
LOT-B,改善后,W10,28nm MCU,LITHO-02,-,Lithography,improved_center,曝光聚焦重校后中心热点消失,保留 focus map 自动校验,13,13,-3.0,-3.0,PASS,pass
LOT-B,改善后,W10,28nm MCU,LITHO-02,-,Lithography,improved_center,曝光聚焦重校后中心热点消失,保留 focus map 自动校验,14,13,-2.0,-3.0,PASS,pass
LOT-B,改善后,W10,28nm MCU,LITHO-02,-,Lithography,improved_center,曝光聚焦重校后中心热点消失,保留 focus map 自动校验,15,13,-1.0,-3.0,PASS,pass
LOT-B,改善后,W10,28nm MCU,LITHO-02,-,Lithography,improved_center,曝光聚焦重校后中心热点消失,保留 focus map 自动校验,16,13,0.0,-3.0,PASS,pass
LOT-B,改善后,W10,28nm MCU,LITHO-02,-,Lithography,improved_center,曝光聚焦重校后中心热点消失,保留 focus map 自动校验,17,13,1.0,-3.0,PASS,pass
LOT-B,改善后,W10,28nm MCU,LITHO-02,-,Lithography,improved_center,曝光聚焦重校后中心热点消失,保留 focus map 自动校验,18,13,2.0,-3.0,PASS,pass
LOT-B,改善后,W10,28nm MCU,LITHO-02,-,Lithography,improved_center,曝光聚焦重校后中心热点消失,保留 focus map 自动校验,19,13,3.0,-3.0,PASS,pass
LOT-B,改善后,W10,28nm MCU,LITHO-02,-,Lithography,improved_center,曝光聚焦重校后中心热点消失,保留 focus map 自动校验,20,13,4.0,-3.0,PASS,pass
LOT-B,改善后,W10,28nm MCU,LITHO-02,-,Lithography,improved_center,曝光聚焦重校后中心热点消失,保留 focus map 自动校验,21,13,5.0,-3.0,PASS,pass
LOT-B,改善后,W10,28nm MCU,LITHO-02,-,Lithography,improved_center,曝光聚焦重校后中心热点消失,保留 focus map 自动校验,22,13,6.0,-3.0,PASS,pass
LOT-B,改善后,W10,28nm MCU,LITHO-02,-,Lithography,improved_center,曝光聚焦重校后中心热点消失,保留 focus map 自动校验,23,13,7.0,-3.0,PASS,pass
LOT-B,改善后,W10,28nm MCU,LITHO-02,-,Lithography,improved_center,曝光聚焦重校后中心热点消失,保留 focus map 自动校验,24,13,8.0,-3.0,PASS,pass
LOT-B,改善后,W10,28nm MCU,LITHO-02,-,Lithography,improved_center,曝光聚焦重校后中心热点消失,保留 focus map 自动校验,25,13,9.0,-3.0,PASS,pass
LOT-B,改善后,W10,28nm MCU,LITHO-02,-,Lithography,improved_center,曝光聚焦重校后中心热点消失,保留 focus map 自动校验,26,13,10.0,-3.0,PASS,pass
LOT-B,改善后,W10,28nm MCU,LITHO-02,-,Lithography,improved_center,曝光聚焦重校后中心热点消失,保留 focus map 自动校验,27,13,11.0,-3.0,PASS,pass
LOT-B,改善后,W10,28nm MCU,LITHO-02,-,Lithography,improved_center,曝光聚焦重校后中心热点消失,保留 focus map 自动校验,28,13,12.0,-3.0,PASS,pass
LOT-B,改善后,W10,28nm MCU,LITHO-02,-,Lithography,improved_center,曝光聚焦重校后中心热点消失,保留 focus map 自动校验,29,13,13.0,-3.0,PASS,pass
LOT-B,改善后,W10,28nm MCU,LITHO-02,-,Lithography,improved_center,曝光聚焦重校后中心热点消失,保留 focus map 自动校验,30,13,14.0,-3.0,PASS,pass
LOT-B,改善后,W10,28nm MCU,LITHO-02,-,Lithography,improved_center,曝光聚焦重校后中心热点消失,保留 focus map 自动校验,2,14,-14.0,-2.0,PASS,pass
LOT-B,改善后,W10,28nm MCU,LITHO-02,-,Lithography,improved_center,曝光聚焦重校后中心热点消失,保留 focus map 自动校验,3,14,-13.0,-2.0,PASS,pass
LOT-B,改善后,W10,28nm MCU,LITHO-02,-,Lithography,improved_center,曝光聚焦重校后中心热点消失,保留 focus map 自动校验,4,14,-12.0,-2.0,PASS,pass
LOT-B,改善后,W10,28nm MCU,LITHO-02,-,Lithography,improved_center,曝光聚焦重校后中心热点消失,保留 focus map 自动校验,5,14,-11.0,-2.0,PASS,pass
LOT-B,改善后,W10,28nm MCU,LITHO-02,-,Lithography,improved_center,曝光聚焦重校后中心热点消失,保留 focus map 自动校验,6,14,-10.0,-2.0,PASS,pass
LOT-B,改善后,W10,28nm MCU,LITHO-02,-,Lithography,improved_center,曝光聚焦重校后中心热点消失,保留 focus map 自动校验,7,14,-9.0,-2.0,PASS,pass
LOT-B,改善后,W10,28nm MCU,LITHO-02,-,Lithography,improved_center,曝光聚焦重校后中心热点消失,保留 focus map 自动校验,8,14,-8.0,-2.0,PASS,pass
LOT-B,改善后,W10,28nm MCU,LITHO-02,-,Lithography,improved_center,曝光聚焦重校后中心热点消失,保留 focus map 自动校验,9,14,-7.0,-2.0,PASS,pass
LOT-B,改善后,W10,28nm MCU,LITHO-02,-,Lithography,improved_center,曝光聚焦重校后中心热点消失,保留 focus map 自动校验,10,14,-6.0,-2.0,PASS,pass
LOT-B,改善后,W10,28nm MCU,LITHO-02,-,Lithography,improved_center,曝光聚焦重校后中心热点消失,保留 focus map 自动校验,11,14,-5.0,-2.0,PASS,pass
LOT-B,改善后,W10,28nm MCU,LITHO-02,-,Lithography,improved_center,曝光聚焦重校后中心热点消失,保留 focus map 自动校验,12,14,-4.0,-2.0,PASS,pass
LOT-B,改善后,W10,28nm MCU,LITHO-02,-,Lithography,improved_center,曝光聚焦重校后中心热点消失,保留 focus map 自动校验,13,14,-3.0,-2.0,PASS,pass
LOT-B,改善后,W10,28nm MCU,LITHO-02,-,Lithography,improved_center,曝光聚焦重校后中心热点消失,保留 focus map 自动校验,14,14,-2.0,-2.0,PASS,pass
LOT-B,改善后,W10,28nm MCU,LITHO-02,-,Lithography,improved_center,曝光聚焦重校后中心热点消失,保留 focus map 自动校验,15,14,-1.0,-2.0,PASS,pass
LOT-B,改善后,W10,28nm MCU,LITHO-02,-,Lithography,improved_center,曝光聚焦重校后中心热点消失,保留 focus map 自动校验,16,14,0.0,-2.0,PASS,pass
LOT-B,改善后,W10,28nm MCU,LITHO-02,-,Lithography,improved_center,曝光聚焦重校后中心热点消失,保留 focus map 自动校验,17,14,1.0,-2.0,PASS,pass
LOT-B,改善后,W10,28nm MCU,LITHO-02,-,Lithography,improved_center,曝光聚焦重校后中心热点消失,保留 focus map 自动校验,18,14,2.0,-2.0,PASS,pass
LOT-B,改善后,W10,28nm MCU,LITHO-02,-,Lithography,improved_center,曝光聚焦重校后中心热点消失,保留 focus map 自动校验,19,14,3.0,-2.0,PASS,pass
LOT-B,改善后,W10,28nm MCU,LITHO-02,-,Lithography,improved_center,曝光聚焦重校后中心热点消失,保留 focus map 自动校验,20,14,4.0,-2.0,PASS,pass
LOT-B,改善后,W10,28nm MCU,LITHO-02,-,Lithography,improved_center,曝光聚焦重校后中心热点消失,保留 focus map 自动校验,21,14,5.0,-2.0,PASS,pass
LOT-B,改善后,W10,28nm MCU,LITHO-02,-,Lithography,improved_center,曝光聚焦重校后中心热点消失,保留 focus map 自动校验,22,14,6.0,-2.0,PASS,pass
LOT-B,改善后,W10,28nm MCU,LITHO-02,-,Lithography,improved_center,曝光聚焦重校后中心热点消失,保留 focus map 自动校验,23,14,7.0,-2.0,PASS,pass
LOT-B,改善后,W10,28nm MCU,LITHO-02,-,Lithography,improved_center,曝光聚焦重校后中心热点消失,保留 focus map 自动校验,24,14,8.0,-2.0,PASS,pass
LOT-B,改善后,W10,28nm MCU,LITHO-02,-,Lithography,improved_center,曝光聚焦重校后中心热点消失,保留 focus map 自动校验,25,14,9.0,-2.0,PASS,pass
LOT-B,改善后,W10,28nm MCU,LITHO-02,-,Lithography,improved_center,曝光聚焦重校后中心热点消失,保留 focus map 自动校验,26,14,10.0,-2.0,PASS,pass
LOT-B,改善后,W10,28nm MCU,LITHO-02,-,Lithography,improved_center,曝光聚焦重校后中心热点消失,保留 focus map 自动校验,27,14,11.0,-2.0,PASS,pass
LOT-B,改善后,W10,28nm MCU,LITHO-02,-,Lithography,improved_center,曝光聚焦重校后中心热点消失,保留 focus map 自动校验,28,14,12.0,-2.0,PASS,pass
LOT-B,改善后,W10,28nm MCU,LITHO-02,-,Lithography,improved_center,曝光聚焦重校后中心热点消失,保留 focus map 自动校验,29,14,13.0,-2.0,PASS,pass
LOT-B,改善后,W10,28nm MCU,LITHO-02,-,Lithography,improved_center,曝光聚焦重校后中心热点消失,保留 focus map 自动校验,30,14,14.0,-2.0,PASS,pass
LOT-B,改善后,W10,28nm MCU,LITHO-02,-,Lithography,improved_center,曝光聚焦重校后中心热点消失,保留 focus map 自动校验,2,15,-14.0,-1.0,PASS,pass
LOT-B,改善后,W10,28nm MCU,LITHO-02,-,Lithography,improved_center,曝光聚焦重校后中心热点消失,保留 focus map 自动校验,3,15,-13.0,-1.0,PASS,pass
LOT-B,改善后,W10,28nm MCU,LITHO-02,-,Lithography,improved_center,曝光聚焦重校后中心热点消失,保留 focus map 自动校验,4,15,-12.0,-1.0,PASS,pass
LOT-B,改善后,W10,28nm MCU,LITHO-02,-,Lithography,improved_center,曝光聚焦重校后中心热点消失,保留 focus map 自动校验,5,15,-11.0,-1.0,PASS,pass
LOT-B,改善后,W10,28nm MCU,LITHO-02,-,Lithography,improved_center,曝光聚焦重校后中心热点消失,保留 focus map 自动校验,6,15,-10.0,-1.0,PASS,pass
LOT-B,改善后,W10,28nm MCU,LITHO-02,-,Lithography,improved_center,曝光聚焦重校后中心热点消失,保留 focus map 自动校验,7,15,-9.0,-1.0,PASS,pass
LOT-B,改善后,W10,28nm MCU,LITHO-02,-,Lithography,improved_center,曝光聚焦重校后中心热点消失,保留 focus map 自动校验,8,15,-8.0,-1.0,PASS,pass
LOT-B,改善后,W10,28nm MCU,LITHO-02,-,Lithography,improved_center,曝光聚焦重校后中心热点消失,保留 focus map 自动校验,9,15,-7.0,-1.0,PASS,pass
LOT-B,改善后,W10,28nm MCU,LITHO-02,-,Lithography,improved_center,曝光聚焦重校后中心热点消失,保留 focus map 自动校验,10,15,-6.0,-1.0,PASS,pass
LOT-B,改善后,W10,28nm MCU,LITHO-02,-,Lithography,improved_center,曝光聚焦重校后中心热点消失,保留 focus map 自动校验,11,15,-5.0,-1.0,PASS,pass
LOT-B,改善后,W10,28nm MCU,LITHO-02,-,Lithography,improved_center,曝光聚焦重校后中心热点消失,保留 focus map 自动校验,12,15,-4.0,-1.0,PASS,pass
LOT-B,改善后,W10,28nm MCU,LITHO-02,-,Lithography,improved_center,曝光聚焦重校后中心热点消失,保留 focus map 自动校验,13,15,-3.0,-1.0,PASS,pass
LOT-B,改善后,W10,28nm MCU,LITHO-02,-,Lithography,improved_center,曝光聚焦重校后中心热点消失,保留 focus map 自动校验,14,15,-2.0,-1.0,PASS,pass
LOT-B,改善后,W10,28nm MCU,LITHO-02,-,Lithography,improved_center,曝光聚焦重校后中心热点消失,保留 focus map 自动校验,15,15,-1.0,-1.0,PASS,pass
LOT-B,改善后,W10,28nm MCU,LITHO-02,-,Lithography,improved_center,曝光聚焦重校后中心热点消失,保留 focus map 自动校验,16,15,0.0,-1.0,PASS,pass
LOT-B,改善后,W10,28nm MCU,LITHO-02,-,Lithography,improved_center,曝光聚焦重校后中心热点消失,保留 focus map 自动校验,17,15,1.0,-1.0,PASS,pass
LOT-B,改善后,W10,28nm MCU,LITHO-02,-,Lithography,improved_center,曝光聚焦重校后中心热点消失,保留 focus map 自动校验,18,15,2.0,-1.0,PASS,pass
LOT-B,改善后,W10,28nm MCU,LITHO-02,-,Lithography,improved_center,曝光聚焦重校后中心热点消失,保留 focus map 自动校验,19,15,3.0,-1.0,PASS,pass
LOT-B,改善后,W10,28nm MCU,LITHO-02,-,Lithography,improved_center,曝光聚焦重校后中心热点消失,保留 focus map 自动校验,20,15,4.0,-1.0,FAIL,random
LOT-B,改善后,W10,28nm MCU,LITHO-02,-,Lithography,improved_center,曝光聚焦重校后中心热点消失,保留 focus map 自动校验,21,15,5.0,-1.0,PASS,pass
LOT-B,改善后,W10,28nm MCU,LITHO-02,-,Lithography,improved_center,曝光聚焦重校后中心热点消失,保留 focus map 自动校验,22,15,6.0,-1.0,PASS,pass
LOT-B,改善后,W10,28nm MCU,LITHO-02,-,Lithography,improved_center,曝光聚焦重校后中心热点消失,保留 focus map 自动校验,23,15,7.0,-1.0,PASS,pass
LOT-B,改善后,W10,28nm MCU,LITHO-02,-,Lithography,improved_center,曝光聚焦重校后中心热点消失,保留 focus map 自动校验,24,15,8.0,-1.0,PASS,pass
LOT-B,改善后,W10,28nm MCU,LITHO-02,-,Lithography,improved_center,曝光聚焦重校后中心热点消失,保留 focus map 自动校验,25,15,9.0,-1.0,PASS,pass
LOT-B,改善后,W10,28nm MCU,LITHO-02,-,Lithography,improved_center,曝光聚焦重校后中心热点消失,保留 focus map 自动校验,26,15,10.0,-1.0,PASS,pass
LOT-B,改善后,W10,28nm MCU,LITHO-02,-,Lithography,improved_center,曝光聚焦重校后中心热点消失,保留 focus map 自动校验,27,15,11.0,-1.0,PASS,pass
LOT-B,改善后,W10,28nm MCU,LITHO-02,-,Lithography,improved_center,曝光聚焦重校后中心热点消失,保留 focus map 自动校验,28,15,12.0,-1.0,PASS,pass
LOT-B,改善后,W10,28nm MCU,LITHO-02,-,Lithography,improved_center,曝光聚焦重校后中心热点消失,保留 focus map 自动校验,29,15,13.0,-1.0,PASS,pass
LOT-B,改善后,W10,28nm MCU,LITHO-02,-,Lithography,improved_center,曝光聚焦重校后中心热点消失,保留 focus map 自动校验,30,15,14.0,-1.0,PASS,pass
LOT-B,改善后,W10,28nm MCU,LITHO-02,-,Lithography,improved_center,曝光聚焦重校后中心热点消失,保留 focus map 自动校验,2,16,-14.0,0.0,PASS,pass
LOT-B,改善后,W10,28nm MCU,LITHO-02,-,Lithography,improved_center,曝光聚焦重校后中心热点消失,保留 focus map 自动校验,3,16,-13.0,0.0,PASS,pass
LOT-B,改善后,W10,28nm MCU,LITHO-02,-,Lithography,improved_center,曝光聚焦重校后中心热点消失,保留 focus map 自动校验,4,16,-12.0,0.0,PASS,pass
LOT-B,改善后,W10,28nm MCU,LITHO-02,-,Lithography,improved_center,曝光聚焦重校后中心热点消失,保留 focus map 自动校验,5,16,-11.0,0.0,PASS,pass
LOT-B,改善后,W10,28nm MCU,LITHO-02,-,Lithography,improved_center,曝光聚焦重校后中心热点消失,保留 focus map 自动校验,6,16,-10.0,0.0,PASS,pass
LOT-B,改善后,W10,28nm MCU,LITHO-02,-,Lithography,improved_center,曝光聚焦重校后中心热点消失,保留 focus map 自动校验,7,16,-9.0,0.0,PASS,pass
LOT-B,改善后,W10,28nm MCU,LITHO-02,-,Lithography,improved_center,曝光聚焦重校后中心热点消失,保留 focus map 自动校验,8,16,-8.0,0.0,PASS,pass
LOT-B,改善后,W10,28nm MCU,LITHO-02,-,Lithography,improved_center,曝光聚焦重校后中心热点消失,保留 focus map 自动校验,9,16,-7.0,0.0,PASS,pass
LOT-B,改善后,W10,28nm MCU,LITHO-02,-,Lithography,improved_center,曝光聚焦重校后中心热点消失,保留 focus map 自动校验,10,16,-6.0,0.0,PASS,pass
LOT-B,改善后,W10,28nm MCU,LITHO-02,-,Lithography,improved_center,曝光聚焦重校后中心热点消失,保留 focus map 自动校验,11,16,-5.0,0.0,PASS,pass
LOT-B,改善后,W10,28nm MCU,LITHO-02,-,Lithography,improved_center,曝光聚焦重校后中心热点消失,保留 focus map 自动校验,12,16,-4.0,0.0,PASS,pass
LOT-B,改善后,W10,28nm MCU,LITHO-02,-,Lithography,improved_center,曝光聚焦重校后中心热点消失,保留 focus map 自动校验,13,16,-3.0,0.0,PASS,pass
LOT-B,改善后,W10,28nm MCU,LITHO-02,-,Lithography,improved_center,曝光聚焦重校后中心热点消失,保留 focus map 自动校验,14,16,-2.0,0.0,PASS,pass
LOT-B,改善后,W10,28nm MCU,LITHO-02,-,Lithography,improved_center,曝光聚焦重校后中心热点消失,保留 focus map 自动校验,15,16,-1.0,0.0,PASS,pass
LOT-B,改善后,W10,28nm MCU,LITHO-02,-,Lithography,improved_center,曝光聚焦重校后中心热点消失,保留 focus map 自动校验,16,16,0.0,0.0,PASS,pass
LOT-B,改善后,W10,28nm MCU,LITHO-02,-,Lithography,improved_center,曝光聚焦重校后中心热点消失,保留 focus map 自动校验,17,16,1.0,0.0,PASS,pass
LOT-B,改善后,W10,28nm MCU,LITHO-02,-,Lithography,improved_center,曝光聚焦重校后中心热点消失,保留 focus map 自动校验,18,16,2.0,0.0,PASS,pass
LOT-B,改善后,W10,28nm MCU,LITHO-02,-,Lithography,improved_center,曝光聚焦重校后中心热点消失,保留 focus map 自动校验,19,16,3.0,0.0,PASS,pass
LOT-B,改善后,W10,28nm MCU,LITHO-02,-,Lithography,improved_center,曝光聚焦重校后中心热点消失,保留 focus map 自动校验,20,16,4.0,0.0,PASS,pass
LOT-B,改善后,W10,28nm MCU,LITHO-02,-,Lithography,improved_center,曝光聚焦重校后中心热点消失,保留 focus map 自动校验,21,16,5.0,0.0,PASS,pass
LOT-B,改善后,W10,28nm MCU,LITHO-02,-,Lithography,improved_center,曝光聚焦重校后中心热点消失,保留 focus map 自动校验,22,16,6.0,0.0,PASS,pass
LOT-B,改善后,W10,28nm MCU,LITHO-02,-,Lithography,improved_center,曝光聚焦重校后中心热点消失,保留 focus map 自动校验,23,16,7.0,0.0,PASS,pass
LOT-B,改善后,W10,28nm MCU,LITHO-02,-,Lithography,improved_center,曝光聚焦重校后中心热点消失,保留 focus map 自动校验,24,16,8.0,0.0,PASS,pass
LOT-B,改善后,W10,28nm MCU,LITHO-02,-,Lithography,improved_center,曝光聚焦重校后中心热点消失,保留 focus map 自动校验,25,16,9.0,0.0,PASS,pass
LOT-B,改善后,W10,28nm MCU,LITHO-02,-,Lithography,improved_center,曝光聚焦重校后中心热点消失,保留 focus map 自动校验,26,16,10.0,0.0,PASS,pass
LOT-B,改善后,W10,28nm MCU,LITHO-02,-,Lithography,improved_center,曝光聚焦重校后中心热点消失,保留 focus map 自动校验,27,16,11.0,0.0,PASS,pass
LOT-B,改善后,W10,28nm MCU,LITHO-02,-,Lithography,improved_center,曝光聚焦重校后中心热点消失,保留 focus map 自动校验,28,16,12.0,0.0,PASS,pass
LOT-B,改善后,W10,28nm MCU,LITHO-02,-,Lithography,improved_center,曝光聚焦重校后中心热点消失,保留 focus map 自动校验,29,16,13.0,0.0,PASS,pass
LOT-B,改善后,W10,28nm MCU,LITHO-02,-,Lithography,improved_center,曝光聚焦重校后中心热点消失,保留 focus map 自动校验,30,16,14.0,0.0,PASS,pass
LOT-B,改善后,W10,28nm MCU,LITHO-02,-,Lithography,improved_center,曝光聚焦重校后中心热点消失,保留 focus map 自动校验,2,17,-14.0,1.0,PASS,pass
LOT-B,改善后,W10,28nm MCU,LITHO-02,-,Lithography,improved_center,曝光聚焦重校后中心热点消失,保留 focus map 自动校验,3,17,-13.0,1.0,PASS,pass
LOT-B,改善后,W10,28nm MCU,LITHO-02,-,Lithography,improved_center,曝光聚焦重校后中心热点消失,保留 focus map 自动校验,4,17,-12.0,1.0,PASS,pass
LOT-B,改善后,W10,28nm MCU,LITHO-02,-,Lithography,improved_center,曝光聚焦重校后中心热点消失,保留 focus map 自动校验,5,17,-11.0,1.0,PASS,pass
LOT-B,改善后,W10,28nm MCU,LITHO-02,-,Lithography,improved_center,曝光聚焦重校后中心热点消失,保留 focus map 自动校验,6,17,-10.0,1.0,PASS,pass
LOT-B,改善后,W10,28nm MCU,LITHO-02,-,Lithography,improved_center,曝光聚焦重校后中心热点消失,保留 focus map 自动校验,7,17,-9.0,1.0,PASS,pass
LOT-B,改善后,W10,28nm MCU,LITHO-02,-,Lithography,improved_center,曝光聚焦重校后中心热点消失,保留 focus map 自动校验,8,17,-8.0,1.0,PASS,pass
LOT-B,改善后,W10,28nm MCU,LITHO-02,-,Lithography,improved_center,曝光聚焦重校后中心热点消失,保留 focus map 自动校验,9,17,-7.0,1.0,PASS,pass
LOT-B,改善后,W10,28nm MCU,LITHO-02,-,Lithography,improved_center,曝光聚焦重校后中心热点消失,保留 focus map 自动校验,10,17,-6.0,1.0,PASS,pass
LOT-B,改善后,W10,28nm MCU,LITHO-02,-,Lithography,improved_center,曝光聚焦重校后中心热点消失,保留 focus map 自动校验,11,17,-5.0,1.0,PASS,pass
LOT-B,改善后,W10,28nm MCU,LITHO-02,-,Lithography,improved_center,曝光聚焦重校后中心热点消失,保留 focus map 自动校验,12,17,-4.0,1.0,PASS,pass
LOT-B,改善后,W10,28nm MCU,LITHO-02,-,Lithography,improved_center,曝光聚焦重校后中心热点消失,保留 focus map 自动校验,13,17,-3.0,1.0,PASS,pass
LOT-B,改善后,W10,28nm MCU,LITHO-02,-,Lithography,improved_center,曝光聚焦重校后中心热点消失,保留 focus map 自动校验,14,17,-2.0,1.0,FAIL,center_hotspot
LOT-B,改善后,W10,28nm MCU,LITHO-02,-,Lithography,improved_center,曝光聚焦重校后中心热点消失,保留 focus map 自动校验,15,17,-1.0,1.0,PASS,pass
LOT-B,改善后,W10,28nm MCU,LITHO-02,-,Lithography,improved_center,曝光聚焦重校后中心热点消失,保留 focus map 自动校验,16,17,0.0,1.0,PASS,pass
LOT-B,改善后,W10,28nm MCU,LITHO-02,-,Lithography,improved_center,曝光聚焦重校后中心热点消失,保留 focus map 自动校验,17,17,1.0,1.0,PASS,pass
LOT-B,改善后,W10,28nm MCU,LITHO-02,-,Lithography,improved_center,曝光聚焦重校后中心热点消失,保留 focus map 自动校验,18,17,2.0,1.0,PASS,pass
LOT-B,改善后,W10,28nm MCU,LITHO-02,-,Lithography,improved_center,曝光聚焦重校后中心热点消失,保留 focus map 自动校验,19,17,3.0,1.0,PASS,pass
LOT-B,改善后,W10,28nm MCU,LITHO-02,-,Lithography,improved_center,曝光聚焦重校后中心热点消失,保留 focus map 自动校验,20,17,4.0,1.0,PASS,pass
LOT-B,改善后,W10,28nm MCU,LITHO-02,-,Lithography,improved_center,曝光聚焦重校后中心热点消失,保留 focus map 自动校验,21,17,5.0,1.0,PASS,pass
LOT-B,改善后,W10,28nm MCU,LITHO-02,-,Lithography,improved_center,曝光聚焦重校后中心热点消失,保留 focus map 自动校验,22,17,6.0,1.0,PASS,pass
LOT-B,改善后,W10,28nm MCU,LITHO-02,-,Lithography,improved_center,曝光聚焦重校后中心热点消失,保留 focus map 自动校验,23,17,7.0,1.0,PASS,pass
LOT-B,改善后,W10,28nm MCU,LITHO-02,-,Lithography,improved_center,曝光聚焦重校后中心热点消失,保留 focus map 自动校验,24,17,8.0,1.0,PASS,pass
LOT-B,改善后,W10,28nm MCU,LITHO-02,-,Lithography,improved_center,曝光聚焦重校后中心热点消失,保留 focus map 自动校验,25,17,9.0,1.0,PASS,pass
LOT-B,改善后,W10,28nm MCU,LITHO-02,-,Lithography,improved_center,曝光聚焦重校后中心热点消失,保留 focus map 自动校验,26,17,10.0,1.0,PASS,pass
LOT-B,改善后,W10,28nm MCU,LITHO-02,-,Lithography,improved_center,曝光聚焦重校后中心热点消失,保留 focus map 自动校验,27,17,11.0,1.0,PASS,pass
LOT-B,改善后,W10,28nm MCU,LITHO-02,-,Lithography,improved_center,曝光聚焦重校后中心热点消失,保留 focus map 自动校验,28,17,12.0,1.0,PASS,pass
LOT-B,改善后,W10,28nm MCU,LITHO-02,-,Lithography,improved_center,曝光聚焦重校后中心热点消失,保留 focus map 自动校验,29,17,13.0,1.0,PASS,pass
LOT-B,改善后,W10,28nm MCU,LITHO-02,-,Lithography,improved_center,曝光聚焦重校后中心热点消失,保留 focus map 自动校验,30,17,14.0,1.0,PASS,pass
LOT-B,改善后,W10,28nm MCU,LITHO-02,-,Lithography,improved_center,曝光聚焦重校后中心热点消失,保留 focus map 自动校验,2,18,-14.0,2.0,PASS,pass
LOT-B,改善后,W10,28nm MCU,LITHO-02,-,Lithography,improved_center,曝光聚焦重校后中心热点消失,保留 focus map 自动校验,3,18,-13.0,2.0,PASS,pass
LOT-B,改善后,W10,28nm MCU,LITHO-02,-,Lithography,improved_center,曝光聚焦重校后中心热点消失,保留 focus map 自动校验,4,18,-12.0,2.0,PASS,pass
LOT-B,改善后,W10,28nm MCU,LITHO-02,-,Lithography,improved_center,曝光聚焦重校后中心热点消失,保留 focus map 自动校验,5,18,-11.0,2.0,PASS,pass
LOT-B,改善后,W10,28nm MCU,LITHO-02,-,Lithography,improved_center,曝光聚焦重校后中心热点消失,保留 focus map 自动校验,6,18,-10.0,2.0,PASS,pass
LOT-B,改善后,W10,28nm MCU,LITHO-02,-,Lithography,improved_center,曝光聚焦重校后中心热点消失,保留 focus map 自动校验,7,18,-9.0,2.0,PASS,pass
LOT-B,改善后,W10,28nm MCU,LITHO-02,-,Lithography,improved_center,曝光聚焦重校后中心热点消失,保留 focus map 自动校验,8,18,-8.0,2.0,PASS,pass
LOT-B,改善后,W10,28nm MCU,LITHO-02,-,Lithography,improved_center,曝光聚焦重校后中心热点消失,保留 focus map 自动校验,9,18,-7.0,2.0,PASS,pass
LOT-B,改善后,W10,28nm MCU,LITHO-02,-,Lithography,improved_center,曝光聚焦重校后中心热点消失,保留 focus map 自动校验,10,18,-6.0,2.0,PASS,pass
LOT-B,改善后,W10,28nm MCU,LITHO-02,-,Lithography,improved_center,曝光聚焦重校后中心热点消失,保留 focus map 自动校验,11,18,-5.0,2.0,PASS,pass
LOT-B,改善后,W10,28nm MCU,LITHO-02,-,Lithography,improved_center,曝光聚焦重校后中心热点消失,保留 focus map 自动校验,12,18,-4.0,2.0,PASS,pass
LOT-B,改善后,W10,28nm MCU,LITHO-02,-,Lithography,improved_center,曝光聚焦重校后中心热点消失,保留 focus map 自动校验,13,18,-3.0,2.0,PASS,pass
LOT-B,改善后,W10,28nm MCU,LITHO-02,-,Lithography,improved_center,曝光聚焦重校后中心热点消失,保留 focus map 自动校验,14,18,-2.0,2.0,PASS,pass
LOT-B,改善后,W10,28nm MCU,LITHO-02,-,Lithography,improved_center,曝光聚焦重校后中心热点消失,保留 focus map 自动校验,15,18,-1.0,2.0,PASS,pass
LOT-B,改善后,W10,28nm MCU,LITHO-02,-,Lithography,improved_center,曝光聚焦重校后中心热点消失,保留 focus map 自动校验,16,18,0.0,2.0,PASS,pass
LOT-B,改善后,W10,28nm MCU,LITHO-02,-,Lithography,improved_center,曝光聚焦重校后中心热点消失,保留 focus map 自动校验,17,18,1.0,2.0,PASS,pass
LOT-B,改善后,W10,28nm MCU,LITHO-02,-,Lithography,improved_center,曝光聚焦重校后中心热点消失,保留 focus map 自动校验,18,18,2.0,2.0,PASS,pass
LOT-B,改善后,W10,28nm MCU,LITHO-02,-,Lithography,improved_center,曝光聚焦重校后中心热点消失,保留 focus map 自动校验,19,18,3.0,2.0,PASS,pass
LOT-B,改善后,W10,28nm MCU,LITHO-02,-,Lithography,improved_center,曝光聚焦重校后中心热点消失,保留 focus map 自动校验,20,18,4.0,2.0,PASS,pass
LOT-B,改善后,W10,28nm MCU,LITHO-02,-,Lithography,improved_center,曝光聚焦重校后中心热点消失,保留 focus map 自动校验,21,18,5.0,2.0,PASS,pass
LOT-B,改善后,W10,28nm MCU,LITHO-02,-,Lithography,improved_center,曝光聚焦重校后中心热点消失,保留 focus map 自动校验,22,18,6.0,2.0,PASS,pass
LOT-B,改善后,W10,28nm MCU,LITHO-02,-,Lithography,improved_center,曝光聚焦重校后中心热点消失,保留 focus map 自动校验,23,18,7.0,2.0,PASS,pass
LOT-B,改善后,W10,28nm MCU,LITHO-02,-,Lithography,improved_center,曝光聚焦重校后中心热点消失,保留 focus map 自动校验,24,18,8.0,2.0,PASS,pass
LOT-B,改善后,W10,28nm MCU,LITHO-02,-,Lithography,improved_center,曝光聚焦重校后中心热点消失,保留 focus map 自动校验,25,18,9.0,2.0,PASS,pass
LOT-B,改善后,W10,28nm MCU,LITHO-02,-,Lithography,improved_center,曝光聚焦重校后中心热点消失,保留 focus map 自动校验,26,18,10.0,2.0,PASS,pass
LOT-B,改善后,W10,28nm MCU,LITHO-02,-,Lithography,improved_center,曝光聚焦重校后中心热点消失,保留 focus map 自动校验,27,18,11.0,2.0,PASS,pass
LOT-B,改善后,W10,28nm MCU,LITHO-02,-,Lithography,improved_center,曝光聚焦重校后中心热点消失,保留 focus map 自动校验,28,18,12.0,2.0,PASS,pass
LOT-B,改善后,W10,28nm MCU,LITHO-02,-,Lithography,improved_center,曝光聚焦重校后中心热点消失,保留 focus map 自动校验,29,18,13.0,2.0,PASS,pass
LOT-B,改善后,W10,28nm MCU,LITHO-02,-,Lithography,improved_center,曝光聚焦重校后中心热点消失,保留 focus map 自动校验,30,18,14.0,2.0,PASS,pass
LOT-B,改善后,W10,28nm MCU,LITHO-02,-,Lithography,improved_center,曝光聚焦重校后中心热点消失,保留 focus map 自动校验,2,19,-14.0,3.0,PASS,pass
LOT-B,改善后,W10,28nm MCU,LITHO-02,-,Lithography,improved_center,曝光聚焦重校后中心热点消失,保留 focus map 自动校验,3,19,-13.0,3.0,PASS,pass
LOT-B,改善后,W10,28nm MCU,LITHO-02,-,Lithography,improved_center,曝光聚焦重校后中心热点消失,保留 focus map 自动校验,4,19,-12.0,3.0,PASS,pass
LOT-B,改善后,W10,28nm MCU,LITHO-02,-,Lithography,improved_center,曝光聚焦重校后中心热点消失,保留 focus map 自动校验,5,19,-11.0,3.0,PASS,pass
LOT-B,改善后,W10,28nm MCU,LITHO-02,-,Lithography,improved_center,曝光聚焦重校后中心热点消失,保留 focus map 自动校验,6,19,-10.0,3.0,PASS,pass
LOT-B,改善后,W10,28nm MCU,LITHO-02,-,Lithography,improved_center,曝光聚焦重校后中心热点消失,保留 focus map 自动校验,7,19,-9.0,3.0,PASS,pass
LOT-B,改善后,W10,28nm MCU,LITHO-02,-,Lithography,improved_center,曝光聚焦重校后中心热点消失,保留 focus map 自动校验,8,19,-8.0,3.0,PASS,pass
LOT-B,改善后,W10,28nm MCU,LITHO-02,-,Lithography,improved_center,曝光聚焦重校后中心热点消失,保留 focus map 自动校验,9,19,-7.0,3.0,PASS,pass
LOT-B,改善后,W10,28nm MCU,LITHO-02,-,Lithography,improved_center,曝光聚焦重校后中心热点消失,保留 focus map 自动校验,10,19,-6.0,3.0,PASS,pass
LOT-B,改善后,W10,28nm MCU,LITHO-02,-,Lithography,improved_center,曝光聚焦重校后中心热点消失,保留 focus map 自动校验,11,19,-5.0,3.0,PASS,pass
LOT-B,改善后,W10,28nm MCU,LITHO-02,-,Lithography,improved_center,曝光聚焦重校后中心热点消失,保留 focus map 自动校验,12,19,-4.0,3.0,PASS,pass
LOT-B,改善后,W10,28nm MCU,LITHO-02,-,Lithography,improved_center,曝光聚焦重校后中心热点消失,保留 focus map 自动校验,13,19,-3.0,3.0,PASS,pass
LOT-B,改善后,W10,28nm MCU,LITHO-02,-,Lithography,improved_center,曝光聚焦重校后中心热点消失,保留 focus map 自动校验,14,19,-2.0,3.0,PASS,pass
LOT-B,改善后,W10,28nm MCU,LITHO-02,-,Lithography,improved_center,曝光聚焦重校后中心热点消失,保留 focus map 自动校验,15,19,-1.0,3.0,PASS,pass
LOT-B,改善后,W10,28nm MCU,LITHO-02,-,Lithography,improved_center,曝光聚焦重校后中心热点消失,保留 focus map 自动校验,16,19,0.0,3.0,PASS,pass
LOT-B,改善后,W10,28nm MCU,LITHO-02,-,Lithography,improved_center,曝光聚焦重校后中心热点消失,保留 focus map 自动校验,17,19,1.0,3.0,PASS,pass
LOT-B,改善后,W10,28nm MCU,LITHO-02,-,Lithography,improved_center,曝光聚焦重校后中心热点消失,保留 focus map 自动校验,18,19,2.0,3.0,PASS,pass
LOT-B,改善后,W10,28nm MCU,LITHO-02,-,Lithography,improved_center,曝光聚焦重校后中心热点消失,保留 focus map 自动校验,19,19,3.0,3.0,PASS,pass
LOT-B,改善后,W10,28nm MCU,LITHO-02,-,Lithography,improved_center,曝光聚焦重校后中心热点消失,保留 focus map 自动校验,20,19,4.0,3.0,PASS,pass
LOT-B,改善后,W10,28nm MCU,LITHO-02,-,Lithography,improved_center,曝光聚焦重校后中心热点消失,保留 focus map 自动校验,21,19,5.0,3.0,PASS,pass
LOT-B,改善后,W10,28nm MCU,LITHO-02,-,Lithography,improved_center,曝光聚焦重校后中心热点消失,保留 focus map 自动校验,22,19,6.0,3.0,PASS,pass
LOT-B,改善后,W10,28nm MCU,LITHO-02,-,Lithography,improved_center,曝光聚焦重校后中心热点消失,保留 focus map 自动校验,23,19,7.0,3.0,PASS,pass
LOT-B,改善后,W10,28nm MCU,LITHO-02,-,Lithography,improved_center,曝光聚焦重校后中心热点消失,保留 focus map 自动校验,24,19,8.0,3.0,PASS,pass
LOT-B,改善后,W10,28nm MCU,LITHO-02,-,Lithography,improved_center,曝光聚焦重校后中心热点消失,保留 focus map 自动校验,25,19,9.0,3.0,PASS,pass
LOT-B,改善后,W10,28nm MCU,LITHO-02,-,Lithography,improved_center,曝光聚焦重校后中心热点消失,保留 focus map 自动校验,26,19,10.0,3.0,PASS,pass
LOT-B,改善后,W10,28nm MCU,LITHO-02,-,Lithography,improved_center,曝光聚焦重校后中心热点消失,保留 focus map 自动校验,27,19,11.0,3.0,PASS,pass
LOT-B,改善后,W10,28nm MCU,LITHO-02,-,Lithography,improved_center,曝光聚焦重校后中心热点消失,保留 focus map 自动校验,28,19,12.0,3.0,PASS,pass
LOT-B,改善后,W10,28nm MCU,LITHO-02,-,Lithography,improved_center,曝光聚焦重校后中心热点消失,保留 focus map 自动校验,29,19,13.0,3.0,PASS,pass
LOT-B,改善后,W10,28nm MCU,LITHO-02,-,Lithography,improved_center,曝光聚焦重校后中心热点消失,保留 focus map 自动校验,30,19,14.0,3.0,PASS,pass
LOT-B,改善后,W10,28nm MCU,LITHO-02,-,Lithography,improved_center,曝光聚焦重校后中心热点消失,保留 focus map 自动校验,2,20,-14.0,4.0,PASS,pass
LOT-B,改善后,W10,28nm MCU,LITHO-02,-,Lithography,improved_center,曝光聚焦重校后中心热点消失,保留 focus map 自动校验,3,20,-13.0,4.0,PASS,pass
LOT-B,改善后,W10,28nm MCU,LITHO-02,-,Lithography,improved_center,曝光聚焦重校后中心热点消失,保留 focus map 自动校验,4,20,-12.0,4.0,PASS,pass
LOT-B,改善后,W10,28nm MCU,LITHO-02,-,Lithography,improved_center,曝光聚焦重校后中心热点消失,保留 focus map 自动校验,5,20,-11.0,4.0,PASS,pass
LOT-B,改善后,W10,28nm MCU,LITHO-02,-,Lithography,improved_center,曝光聚焦重校后中心热点消失,保留 focus map 自动校验,6,20,-10.0,4.0,PASS,pass
LOT-B,改善后,W10,28nm MCU,LITHO-02,-,Lithography,improved_center,曝光聚焦重校后中心热点消失,保留 focus map 自动校验,7,20,-9.0,4.0,PASS,pass
LOT-B,改善后,W10,28nm MCU,LITHO-02,-,Lithography,improved_center,曝光聚焦重校后中心热点消失,保留 focus map 自动校验,8,20,-8.0,4.0,PASS,pass
LOT-B,改善后,W10,28nm MCU,LITHO-02,-,Lithography,improved_center,曝光聚焦重校后中心热点消失,保留 focus map 自动校验,9,20,-7.0,4.0,PASS,pass
LOT-B,改善后,W10,28nm MCU,LITHO-02,-,Lithography,improved_center,曝光聚焦重校后中心热点消失,保留 focus map 自动校验,10,20,-6.0,4.0,PASS,pass
LOT-B,改善后,W10,28nm MCU,LITHO-02,-,Lithography,improved_center,曝光聚焦重校后中心热点消失,保留 focus map 自动校验,11,20,-5.0,4.0,PASS,pass
LOT-B,改善后,W10,28nm MCU,LITHO-02,-,Lithography,improved_center,曝光聚焦重校后中心热点消失,保留 focus map 自动校验,12,20,-4.0,4.0,PASS,pass
LOT-B,改善后,W10,28nm MCU,LITHO-02,-,Lithography,improved_center,曝光聚焦重校后中心热点消失,保留 focus map 自动校验,13,20,-3.0,4.0,PASS,pass
LOT-B,改善后,W10,28nm MCU,LITHO-02,-,Lithography,improved_center,曝光聚焦重校后中心热点消失,保留 focus map 自动校验,14,20,-2.0,4.0,PASS,pass
LOT-B,改善后,W10,28nm MCU,LITHO-02,-,Lithography,improved_center,曝光聚焦重校后中心热点消失,保留 focus map 自动校验,15,20,-1.0,4.0,PASS,pass
LOT-B,改善后,W10,28nm MCU,LITHO-02,-,Lithography,improved_center,曝光聚焦重校后中心热点消失,保留 focus map 自动校验,16,20,0.0,4.0,PASS,pass
LOT-B,改善后,W10,28nm MCU,LITHO-02,-,Lithography,improved_center,曝光聚焦重校后中心热点消失,保留 focus map 自动校验,17,20,1.0,4.0,PASS,pass
LOT-B,改善后,W10,28nm MCU,LITHO-02,-,Lithography,improved_center,曝光聚焦重校后中心热点消失,保留 focus map 自动校验,18,20,2.0,4.0,PASS,pass
LOT-B,改善后,W10,28nm MCU,LITHO-02,-,Lithography,improved_center,曝光聚焦重校后中心热点消失,保留 focus map 自动校验,19,20,3.0,4.0,PASS,pass
LOT-B,改善后,W10,28nm MCU,LITHO-02,-,Lithography,improved_center,曝光聚焦重校后中心热点消失,保留 focus map 自动校验,20,20,4.0,4.0,PASS,pass
LOT-B,改善后,W10,28nm MCU,LITHO-02,-,Lithography,improved_center,曝光聚焦重校后中心热点消失,保留 focus map 自动校验,21,20,5.0,4.0,PASS,pass
LOT-B,改善后,W10,28nm MCU,LITHO-02,-,Lithography,improved_center,曝光聚焦重校后中心热点消失,保留 focus map 自动校验,22,20,6.0,4.0,PASS,pass
LOT-B,改善后,W10,28nm MCU,LITHO-02,-,Lithography,improved_center,曝光聚焦重校后中心热点消失,保留 focus map 自动校验,23,20,7.0,4.0,PASS,pass
LOT-B,改善后,W10,28nm MCU,LITHO-02,-,Lithography,improved_center,曝光聚焦重校后中心热点消失,保留 focus map 自动校验,24,20,8.0,4.0,PASS,pass
LOT-B,改善后,W10,28nm MCU,LITHO-02,-,Lithography,improved_center,曝光聚焦重校后中心热点消失,保留 focus map 自动校验,25,20,9.0,4.0,PASS,pass
LOT-B,改善后,W10,28nm MCU,LITHO-02,-,Lithography,improved_center,曝光聚焦重校后中心热点消失,保留 focus map 自动校验,26,20,10.0,4.0,PASS,pass
LOT-B,改善后,W10,28nm MCU,LITHO-02,-,Lithography,improved_center,曝光聚焦重校后中心热点消失,保留 focus map 自动校验,27,20,11.0,4.0,PASS,pass
LOT-B,改善后,W10,28nm MCU,LITHO-02,-,Lithography,improved_center,曝光聚焦重校后中心热点消失,保留 focus map 自动校验,28,20,12.0,4.0,PASS,pass
LOT-B,改善后,W10,28nm MCU,LITHO-02,-,Lithography,improved_center,曝光聚焦重校后中心热点消失,保留 focus map 自动校验,29,20,13.0,4.0,PASS,pass
LOT-B,改善后,W10,28nm MCU,LITHO-02,-,Lithography,improved_center,曝光聚焦重校后中心热点消失,保留 focus map 自动校验,30,20,14.0,4.0,PASS,pass
LOT-B,改善后,W10,28nm MCU,LITHO-02,-,Lithography,improved_center,曝光聚焦重校后中心热点消失,保留 focus map 自动校验,3,21,-13.0,5.0,PASS,pass
LOT-B,改善后,W10,28nm MCU,LITHO-02,-,Lithography,improved_center,曝光聚焦重校后中心热点消失,保留 focus map 自动校验,4,21,-12.0,5.0,PASS,pass
LOT-B,改善后,W10,28nm MCU,LITHO-02,-,Lithography,improved_center,曝光聚焦重校后中心热点消失,保留 focus map 自动校验,5,21,-11.0,5.0,PASS,pass
LOT-B,改善后,W10,28nm MCU,LITHO-02,-,Lithography,improved_center,曝光聚焦重校后中心热点消失,保留 focus map 自动校验,6,21,-10.0,5.0,PASS,pass
LOT-B,改善后,W10,28nm MCU,LITHO-02,-,Lithography,improved_center,曝光聚焦重校后中心热点消失,保留 focus map 自动校验,7,21,-9.0,5.0,PASS,pass
LOT-B,改善后,W10,28nm MCU,LITHO-02,-,Lithography,improved_center,曝光聚焦重校后中心热点消失,保留 focus map 自动校验,8,21,-8.0,5.0,PASS,pass
LOT-B,改善后,W10,28nm MCU,LITHO-02,-,Lithography,improved_center,曝光聚焦重校后中心热点消失,保留 focus map 自动校验,9,21,-7.0,5.0,PASS,pass
LOT-B,改善后,W10,28nm MCU,LITHO-02,-,Lithography,improved_center,曝光聚焦重校后中心热点消失,保留 focus map 自动校验,10,21,-6.0,5.0,PASS,pass
LOT-B,改善后,W10,28nm MCU,LITHO-02,-,Lithography,improved_center,曝光聚焦重校后中心热点消失,保留 focus map 自动校验,11,21,-5.0,5.0,PASS,pass
LOT-B,改善后,W10,28nm MCU,LITHO-02,-,Lithography,improved_center,曝光聚焦重校后中心热点消失,保留 focus map 自动校验,12,21,-4.0,5.0,PASS,pass
LOT-B,改善后,W10,28nm MCU,LITHO-02,-,Lithography,improved_center,曝光聚焦重校后中心热点消失,保留 focus map 自动校验,13,21,-3.0,5.0,PASS,pass
LOT-B,改善后,W10,28nm MCU,LITHO-02,-,Lithography,improved_center,曝光聚焦重校后中心热点消失,保留 focus map 自动校验,14,21,-2.0,5.0,PASS,pass
LOT-B,改善后,W10,28nm MCU,LITHO-02,-,Lithography,improved_center,曝光聚焦重校后中心热点消失,保留 focus map 自动校验,15,21,-1.0,5.0,PASS,pass
LOT-B,改善后,W10,28nm MCU,LITHO-02,-,Lithography,improved_center,曝光聚焦重校后中心热点消失,保留 focus map 自动校验,16,21,0.0,5.0,PASS,pass
LOT-B,改善后,W10,28nm MCU,LITHO-02,-,Lithography,improved_center,曝光聚焦重校后中心热点消失,保留 focus map 自动校验,17,21,1.0,5.0,PASS,pass
LOT-B,改善后,W10,28nm MCU,LITHO-02,-,Lithography,improved_center,曝光聚焦重校后中心热点消失,保留 focus map 自动校验,18,21,2.0,5.0,PASS,pass
LOT-B,改善后,W10,28nm MCU,LITHO-02,-,Lithography,improved_center,曝光聚焦重校后中心热点消失,保留 focus map 自动校验,19,21,3.0,5.0,PASS,pass
LOT-B,改善后,W10,28nm MCU,LITHO-02,-,Lithography,improved_center,曝光聚焦重校后中心热点消失,保留 focus map 自动校验,20,21,4.0,5.0,PASS,pass
LOT-B,改善后,W10,28nm MCU,LITHO-02,-,Lithography,improved_center,曝光聚焦重校后中心热点消失,保留 focus map 自动校验,21,21,5.0,5.0,PASS,pass
LOT-B,改善后,W10,28nm MCU,LITHO-02,-,Lithography,improved_center,曝光聚焦重校后中心热点消失,保留 focus map 自动校验,22,21,6.0,5.0,PASS,pass
LOT-B,改善后,W10,28nm MCU,LITHO-02,-,Lithography,improved_center,曝光聚焦重校后中心热点消失,保留 focus map 自动校验,23,21,7.0,5.0,PASS,pass
LOT-B,改善后,W10,28nm MCU,LITHO-02,-,Lithography,improved_center,曝光聚焦重校后中心热点消失,保留 focus map 自动校验,24,21,8.0,5.0,PASS,pass
LOT-B,改善后,W10,28nm MCU,LITHO-02,-,Lithography,improved_center,曝光聚焦重校后中心热点消失,保留 focus map 自动校验,25,21,9.0,5.0,PASS,pass
LOT-B,改善后,W10,28nm MCU,LITHO-02,-,Lithography,improved_center,曝光聚焦重校后中心热点消失,保留 focus map 自动校验,26,21,10.0,5.0,PASS,pass
LOT-B,改善后,W10,28nm MCU,LITHO-02,-,Lithography,improved_center,曝光聚焦重校后中心热点消失,保留 focus map 自动校验,27,21,11.0,5.0,FAIL,random
LOT-B,改善后,W10,28nm MCU,LITHO-02,-,Lithography,improved_center,曝光聚焦重校后中心热点消失,保留 focus map 自动校验,28,21,12.0,5.0,PASS,pass
LOT-B,改善后,W10,28nm MCU,LITHO-02,-,Lithography,improved_center,曝光聚焦重校后中心热点消失,保留 focus map 自动校验,29,21,13.0,5.0,PASS,pass
LOT-B,改善后,W10,28nm MCU,LITHO-02,-,Lithography,improved_center,曝光聚焦重校后中心热点消失,保留 focus map 自动校验,3,22,-13.0,6.0,PASS,pass
LOT-B,改善后,W10,28nm MCU,LITHO-02,-,Lithography,improved_center,曝光聚焦重校后中心热点消失,保留 focus map 自动校验,4,22,-12.0,6.0,PASS,pass
LOT-B,改善后,W10,28nm MCU,LITHO-02,-,Lithography,improved_center,曝光聚焦重校后中心热点消失,保留 focus map 自动校验,5,22,-11.0,6.0,PASS,pass
LOT-B,改善后,W10,28nm MCU,LITHO-02,-,Lithography,improved_center,曝光聚焦重校后中心热点消失,保留 focus map 自动校验,6,22,-10.0,6.0,PASS,pass
LOT-B,改善后,W10,28nm MCU,LITHO-02,-,Lithography,improved_center,曝光聚焦重校后中心热点消失,保留 focus map 自动校验,7,22,-9.0,6.0,PASS,pass
LOT-B,改善后,W10,28nm MCU,LITHO-02,-,Lithography,improved_center,曝光聚焦重校后中心热点消失,保留 focus map 自动校验,8,22,-8.0,6.0,PASS,pass
LOT-B,改善后,W10,28nm MCU,LITHO-02,-,Lithography,improved_center,曝光聚焦重校后中心热点消失,保留 focus map 自动校验,9,22,-7.0,6.0,PASS,pass
LOT-B,改善后,W10,28nm MCU,LITHO-02,-,Lithography,improved_center,曝光聚焦重校后中心热点消失,保留 focus map 自动校验,10,22,-6.0,6.0,PASS,pass
LOT-B,改善后,W10,28nm MCU,LITHO-02,-,Lithography,improved_center,曝光聚焦重校后中心热点消失,保留 focus map 自动校验,11,22,-5.0,6.0,PASS,pass
LOT-B,改善后,W10,28nm MCU,LITHO-02,-,Lithography,improved_center,曝光聚焦重校后中心热点消失,保留 focus map 自动校验,12,22,-4.0,6.0,PASS,pass
LOT-B,改善后,W10,28nm MCU,LITHO-02,-,Lithography,improved_center,曝光聚焦重校后中心热点消失,保留 focus map 自动校验,13,22,-3.0,6.0,PASS,pass
LOT-B,改善后,W10,28nm MCU,LITHO-02,-,Lithography,improved_center,曝光聚焦重校后中心热点消失,保留 focus map 自动校验,14,22,-2.0,6.0,PASS,pass
LOT-B,改善后,W10,28nm MCU,LITHO-02,-,Lithography,improved_center,曝光聚焦重校后中心热点消失,保留 focus map 自动校验,15,22,-1.0,6.0,PASS,pass
LOT-B,改善后,W10,28nm MCU,LITHO-02,-,Lithography,improved_center,曝光聚焦重校后中心热点消失,保留 focus map 自动校验,16,22,0.0,6.0,PASS,pass
LOT-B,改善后,W10,28nm MCU,LITHO-02,-,Lithography,improved_center,曝光聚焦重校后中心热点消失,保留 focus map 自动校验,17,22,1.0,6.0,PASS,pass
LOT-B,改善后,W10,28nm MCU,LITHO-02,-,Lithography,improved_center,曝光聚焦重校后中心热点消失,保留 focus map 自动校验,18,22,2.0,6.0,PASS,pass
LOT-B,改善后,W10,28nm MCU,LITHO-02,-,Lithography,improved_center,曝光聚焦重校后中心热点消失,保留 focus map 自动校验,19,22,3.0,6.0,PASS,pass
LOT-B,改善后,W10,28nm MCU,LITHO-02,-,Lithography,improved_center,曝光聚焦重校后中心热点消失,保留 focus map 自动校验,20,22,4.0,6.0,PASS,pass
LOT-B,改善后,W10,28nm MCU,LITHO-02,-,Lithography,improved_center,曝光聚焦重校后中心热点消失,保留 focus map 自动校验,21,22,5.0,6.0,PASS,pass
LOT-B,改善后,W10,28nm MCU,LITHO-02,-,Lithography,improved_center,曝光聚焦重校后中心热点消失,保留 focus map 自动校验,22,22,6.0,6.0,PASS,pass
LOT-B,改善后,W10,28nm MCU,LITHO-02,-,Lithography,improved_center,曝光聚焦重校后中心热点消失,保留 focus map 自动校验,23,22,7.0,6.0,PASS,pass
LOT-B,改善后,W10,28nm MCU,LITHO-02,-,Lithography,improved_center,曝光聚焦重校后中心热点消失,保留 focus map 自动校验,24,22,8.0,6.0,PASS,pass
LOT-B,改善后,W10,28nm MCU,LITHO-02,-,Lithography,improved_center,曝光聚焦重校后中心热点消失,保留 focus map 自动校验,25,22,9.0,6.0,PASS,pass
LOT-B,改善后,W10,28nm MCU,LITHO-02,-,Lithography,improved_center,曝光聚焦重校后中心热点消失,保留 focus map 自动校验,26,22,10.0,6.0,PASS,pass
LOT-B,改善后,W10,28nm MCU,LITHO-02,-,Lithography,improved_center,曝光聚焦重校后中心热点消失,保留 focus map 自动校验,27,22,11.0,6.0,PASS,pass
LOT-B,改善后,W10,28nm MCU,LITHO-02,-,Lithography,improved_center,曝光聚焦重校后中心热点消失,保留 focus map 自动校验,28,22,12.0,6.0,PASS,pass
LOT-B,改善后,W10,28nm MCU,LITHO-02,-,Lithography,improved_center,曝光聚焦重校后中心热点消失,保留 focus map 自动校验,29,22,13.0,6.0,PASS,pass
LOT-B,改善后,W10,28nm MCU,LITHO-02,-,Lithography,improved_center,曝光聚焦重校后中心热点消失,保留 focus map 自动校验,3,23,-13.0,7.0,PASS,pass
LOT-B,改善后,W10,28nm MCU,LITHO-02,-,Lithography,improved_center,曝光聚焦重校后中心热点消失,保留 focus map 自动校验,4,23,-12.0,7.0,PASS,pass
LOT-B,改善后,W10,28nm MCU,LITHO-02,-,Lithography,improved_center,曝光聚焦重校后中心热点消失,保留 focus map 自动校验,5,23,-11.0,7.0,PASS,pass
LOT-B,改善后,W10,28nm MCU,LITHO-02,-,Lithography,improved_center,曝光聚焦重校后中心热点消失,保留 focus map 自动校验,6,23,-10.0,7.0,PASS,pass
LOT-B,改善后,W10,28nm MCU,LITHO-02,-,Lithography,improved_center,曝光聚焦重校后中心热点消失,保留 focus map 自动校验,7,23,-9.0,7.0,PASS,pass
LOT-B,改善后,W10,28nm MCU,LITHO-02,-,Lithography,improved_center,曝光聚焦重校后中心热点消失,保留 focus map 自动校验,8,23,-8.0,7.0,PASS,pass
LOT-B,改善后,W10,28nm MCU,LITHO-02,-,Lithography,improved_center,曝光聚焦重校后中心热点消失,保留 focus map 自动校验,9,23,-7.0,7.0,PASS,pass
LOT-B,改善后,W10,28nm MCU,LITHO-02,-,Lithography,improved_center,曝光聚焦重校后中心热点消失,保留 focus map 自动校验,10,23,-6.0,7.0,PASS,pass
LOT-B,改善后,W10,28nm MCU,LITHO-02,-,Lithography,improved_center,曝光聚焦重校后中心热点消失,保留 focus map 自动校验,11,23,-5.0,7.0,PASS,pass
LOT-B,改善后,W10,28nm MCU,LITHO-02,-,Lithography,improved_center,曝光聚焦重校后中心热点消失,保留 focus map 自动校验,12,23,-4.0,7.0,PASS,pass
LOT-B,改善后,W10,28nm MCU,LITHO-02,-,Lithography,improved_center,曝光聚焦重校后中心热点消失,保留 focus map 自动校验,13,23,-3.0,7.0,PASS,pass
LOT-B,改善后,W10,28nm MCU,LITHO-02,-,Lithography,improved_center,曝光聚焦重校后中心热点消失,保留 focus map 自动校验,14,23,-2.0,7.0,PASS,pass
LOT-B,改善后,W10,28nm MCU,LITHO-02,-,Lithography,improved_center,曝光聚焦重校后中心热点消失,保留 focus map 自动校验,15,23,-1.0,7.0,PASS,pass
LOT-B,改善后,W10,28nm MCU,LITHO-02,-,Lithography,improved_center,曝光聚焦重校后中心热点消失,保留 focus map 自动校验,16,23,0.0,7.0,PASS,pass
LOT-B,改善后,W10,28nm MCU,LITHO-02,-,Lithography,improved_center,曝光聚焦重校后中心热点消失,保留 focus map 自动校验,17,23,1.0,7.0,PASS,pass
LOT-B,改善后,W10,28nm MCU,LITHO-02,-,Lithography,improved_center,曝光聚焦重校后中心热点消失,保留 focus map 自动校验,18,23,2.0,7.0,PASS,pass
LOT-B,改善后,W10,28nm MCU,LITHO-02,-,Lithography,improved_center,曝光聚焦重校后中心热点消失,保留 focus map 自动校验,19,23,3.0,7.0,PASS,pass
LOT-B,改善后,W10,28nm MCU,LITHO-02,-,Lithography,improved_center,曝光聚焦重校后中心热点消失,保留 focus map 自动校验,20,23,4.0,7.0,FAIL,random
LOT-B,改善后,W10,28nm MCU,LITHO-02,-,Lithography,improved_center,曝光聚焦重校后中心热点消失,保留 focus map 自动校验,21,23,5.0,7.0,PASS,pass
LOT-B,改善后,W10,28nm MCU,LITHO-02,-,Lithography,improved_center,曝光聚焦重校后中心热点消失,保留 focus map 自动校验,22,23,6.0,7.0,FAIL,random
LOT-B,改善后,W10,28nm MCU,LITHO-02,-,Lithography,improved_center,曝光聚焦重校后中心热点消失,保留 focus map 自动校验,23,23,7.0,7.0,PASS,pass
LOT-B,改善后,W10,28nm MCU,LITHO-02,-,Lithography,improved_center,曝光聚焦重校后中心热点消失,保留 focus map 自动校验,24,23,8.0,7.0,PASS,pass
LOT-B,改善后,W10,28nm MCU,LITHO-02,-,Lithography,improved_center,曝光聚焦重校后中心热点消失,保留 focus map 自动校验,25,23,9.0,7.0,PASS,pass
LOT-B,改善后,W10,28nm MCU,LITHO-02,-,Lithography,improved_center,曝光聚焦重校后中心热点消失,保留 focus map 自动校验,26,23,10.0,7.0,PASS,pass
LOT-B,改善后,W10,28nm MCU,LITHO-02,-,Lithography,improved_center,曝光聚焦重校后中心热点消失,保留 focus map 自动校验,27,23,11.0,7.0,PASS,pass
LOT-B,改善后,W10,28nm MCU,LITHO-02,-,Lithography,improved_center,曝光聚焦重校后中心热点消失,保留 focus map 自动校验,28,23,12.0,7.0,PASS,pass
LOT-B,改善后,W10,28nm MCU,LITHO-02,-,Lithography,improved_center,曝光聚焦重校后中心热点消失,保留 focus map 自动校验,29,23,13.0,7.0,PASS,pass
LOT-B,改善后,W10,28nm MCU,LITHO-02,-,Lithography,improved_center,曝光聚焦重校后中心热点消失,保留 focus map 自动校验,4,24,-12.0,8.0,PASS,pass
LOT-B,改善后,W10,28nm MCU,LITHO-02,-,Lithography,improved_center,曝光聚焦重校后中心热点消失,保留 focus map 自动校验,5,24,-11.0,8.0,PASS,pass
LOT-B,改善后,W10,28nm MCU,LITHO-02,-,Lithography,improved_center,曝光聚焦重校后中心热点消失,保留 focus map 自动校验,6,24,-10.0,8.0,PASS,pass
LOT-B,改善后,W10,28nm MCU,LITHO-02,-,Lithography,improved_center,曝光聚焦重校后中心热点消失,保留 focus map 自动校验,7,24,-9.0,8.0,PASS,pass
LOT-B,改善后,W10,28nm MCU,LITHO-02,-,Lithography,improved_center,曝光聚焦重校后中心热点消失,保留 focus map 自动校验,8,24,-8.0,8.0,PASS,pass
LOT-B,改善后,W10,28nm MCU,LITHO-02,-,Lithography,improved_center,曝光聚焦重校后中心热点消失,保留 focus map 自动校验,9,24,-7.0,8.0,PASS,pass
LOT-B,改善后,W10,28nm MCU,LITHO-02,-,Lithography,improved_center,曝光聚焦重校后中心热点消失,保留 focus map 自动校验,10,24,-6.0,8.0,PASS,pass
LOT-B,改善后,W10,28nm MCU,LITHO-02,-,Lithography,improved_center,曝光聚焦重校后中心热点消失,保留 focus map 自动校验,11,24,-5.0,8.0,PASS,pass
LOT-B,改善后,W10,28nm MCU,LITHO-02,-,Lithography,improved_center,曝光聚焦重校后中心热点消失,保留 focus map 自动校验,12,24,-4.0,8.0,PASS,pass
LOT-B,改善后,W10,28nm MCU,LITHO-02,-,Lithography,improved_center,曝光聚焦重校后中心热点消失,保留 focus map 自动校验,13,24,-3.0,8.0,PASS,pass
LOT-B,改善后,W10,28nm MCU,LITHO-02,-,Lithography,improved_center,曝光聚焦重校后中心热点消失,保留 focus map 自动校验,14,24,-2.0,8.0,PASS,pass
LOT-B,改善后,W10,28nm MCU,LITHO-02,-,Lithography,improved_center,曝光聚焦重校后中心热点消失,保留 focus map 自动校验,15,24,-1.0,8.0,PASS,pass
LOT-B,改善后,W10,28nm MCU,LITHO-02,-,Lithography,improved_center,曝光聚焦重校后中心热点消失,保留 focus map 自动校验,16,24,0.0,8.0,PASS,pass
LOT-B,改善后,W10,28nm MCU,LITHO-02,-,Lithography,improved_center,曝光聚焦重校后中心热点消失,保留 focus map 自动校验,17,24,1.0,8.0,PASS,pass
LOT-B,改善后,W10,28nm MCU,LITHO-02,-,Lithography,improved_center,曝光聚焦重校后中心热点消失,保留 focus map 自动校验,18,24,2.0,8.0,PASS,pass
LOT-B,改善后,W10,28nm MCU,LITHO-02,-,Lithography,improved_center,曝光聚焦重校后中心热点消失,保留 focus map 自动校验,19,24,3.0,8.0,PASS,pass
LOT-B,改善后,W10,28nm MCU,LITHO-02,-,Lithography,improved_center,曝光聚焦重校后中心热点消失,保留 focus map 自动校验,20,24,4.0,8.0,PASS,pass
LOT-B,改善后,W10,28nm MCU,LITHO-02,-,Lithography,improved_center,曝光聚焦重校后中心热点消失,保留 focus map 自动校验,21,24,5.0,8.0,PASS,pass
LOT-B,改善后,W10,28nm MCU,LITHO-02,-,Lithography,improved_center,曝光聚焦重校后中心热点消失,保留 focus map 自动校验,22,24,6.0,8.0,PASS,pass
LOT-B,改善后,W10,28nm MCU,LITHO-02,-,Lithography,improved_center,曝光聚焦重校后中心热点消失,保留 focus map 自动校验,23,24,7.0,8.0,PASS,pass
LOT-B,改善后,W10,28nm MCU,LITHO-02,-,Lithography,improved_center,曝光聚焦重校后中心热点消失,保留 focus map 自动校验,24,24,8.0,8.0,PASS,pass
LOT-B,改善后,W10,28nm MCU,LITHO-02,-,Lithography,improved_center,曝光聚焦重校后中心热点消失,保留 focus map 自动校验,25,24,9.0,8.0,PASS,pass
LOT-B,改善后,W10,28nm MCU,LITHO-02,-,Lithography,improved_center,曝光聚焦重校后中心热点消失,保留 focus map 自动校验,26,24,10.0,8.0,PASS,pass
LOT-B,改善后,W10,28nm MCU,LITHO-02,-,Lithography,improved_center,曝光聚焦重校后中心热点消失,保留 focus map 自动校验,27,24,11.0,8.0,PASS,pass
LOT-B,改善后,W10,28nm MCU,LITHO-02,-,Lithography,improved_center,曝光聚焦重校后中心热点消失,保留 focus map 自动校验,28,24,12.0,8.0,PASS,pass
LOT-B,改善后,W10,28nm MCU,LITHO-02,-,Lithography,improved_center,曝光聚焦重校后中心热点消失,保留 focus map 自动校验,5,25,-11.0,9.0,PASS,pass
LOT-B,改善后,W10,28nm MCU,LITHO-02,-,Lithography,improved_center,曝光聚焦重校后中心热点消失,保留 focus map 自动校验,6,25,-10.0,9.0,PASS,pass
LOT-B,改善后,W10,28nm MCU,LITHO-02,-,Lithography,improved_center,曝光聚焦重校后中心热点消失,保留 focus map 自动校验,7,25,-9.0,9.0,PASS,pass
LOT-B,改善后,W10,28nm MCU,LITHO-02,-,Lithography,improved_center,曝光聚焦重校后中心热点消失,保留 focus map 自动校验,8,25,-8.0,9.0,PASS,pass
LOT-B,改善后,W10,28nm MCU,LITHO-02,-,Lithography,improved_center,曝光聚焦重校后中心热点消失,保留 focus map 自动校验,9,25,-7.0,9.0,PASS,pass
LOT-B,改善后,W10,28nm MCU,LITHO-02,-,Lithography,improved_center,曝光聚焦重校后中心热点消失,保留 focus map 自动校验,10,25,-6.0,9.0,PASS,pass
LOT-B,改善后,W10,28nm MCU,LITHO-02,-,Lithography,improved_center,曝光聚焦重校后中心热点消失,保留 focus map 自动校验,11,25,-5.0,9.0,PASS,pass
LOT-B,改善后,W10,28nm MCU,LITHO-02,-,Lithography,improved_center,曝光聚焦重校后中心热点消失,保留 focus map 自动校验,12,25,-4.0,9.0,PASS,pass
LOT-B,改善后,W10,28nm MCU,LITHO-02,-,Lithography,improved_center,曝光聚焦重校后中心热点消失,保留 focus map 自动校验,13,25,-3.0,9.0,PASS,pass
LOT-B,改善后,W10,28nm MCU,LITHO-02,-,Lithography,improved_center,曝光聚焦重校后中心热点消失,保留 focus map 自动校验,14,25,-2.0,9.0,PASS,pass
LOT-B,改善后,W10,28nm MCU,LITHO-02,-,Lithography,improved_center,曝光聚焦重校后中心热点消失,保留 focus map 自动校验,15,25,-1.0,9.0,PASS,pass
LOT-B,改善后,W10,28nm MCU,LITHO-02,-,Lithography,improved_center,曝光聚焦重校后中心热点消失,保留 focus map 自动校验,16,25,0.0,9.0,PASS,pass
LOT-B,改善后,W10,28nm MCU,LITHO-02,-,Lithography,improved_center,曝光聚焦重校后中心热点消失,保留 focus map 自动校验,17,25,1.0,9.0,PASS,pass
LOT-B,改善后,W10,28nm MCU,LITHO-02,-,Lithography,improved_center,曝光聚焦重校后中心热点消失,保留 focus map 自动校验,18,25,2.0,9.0,PASS,pass
LOT-B,改善后,W10,28nm MCU,LITHO-02,-,Lithography,improved_center,曝光聚焦重校后中心热点消失,保留 focus map 自动校验,19,25,3.0,9.0,PASS,pass
LOT-B,改善后,W10,28nm MCU,LITHO-02,-,Lithography,improved_center,曝光聚焦重校后中心热点消失,保留 focus map 自动校验,20,25,4.0,9.0,PASS,pass
LOT-B,改善后,W10,28nm MCU,LITHO-02,-,Lithography,improved_center,曝光聚焦重校后中心热点消失,保留 focus map 自动校验,21,25,5.0,9.0,PASS,pass
LOT-B,改善后,W10,28nm MCU,LITHO-02,-,Lithography,improved_center,曝光聚焦重校后中心热点消失,保留 focus map 自动校验,22,25,6.0,9.0,PASS,pass
LOT-B,改善后,W10,28nm MCU,LITHO-02,-,Lithography,improved_center,曝光聚焦重校后中心热点消失,保留 focus map 自动校验,23,25,7.0,9.0,PASS,pass
LOT-B,改善后,W10,28nm MCU,LITHO-02,-,Lithography,improved_center,曝光聚焦重校后中心热点消失,保留 focus map 自动校验,24,25,8.0,9.0,PASS,pass
LOT-B,改善后,W10,28nm MCU,LITHO-02,-,Lithography,improved_center,曝光聚焦重校后中心热点消失,保留 focus map 自动校验,25,25,9.0,9.0,PASS,pass
LOT-B,改善后,W10,28nm MCU,LITHO-02,-,Lithography,improved_center,曝光聚焦重校后中心热点消失,保留 focus map 自动校验,26,25,10.0,9.0,PASS,pass
LOT-B,改善后,W10,28nm MCU,LITHO-02,-,Lithography,improved_center,曝光聚焦重校后中心热点消失,保留 focus map 自动校验,27,25,11.0,9.0,PASS,pass
LOT-B,改善后,W10,28nm MCU,LITHO-02,-,Lithography,improved_center,曝光聚焦重校后中心热点消失,保留 focus map 自动校验,6,26,-10.0,10.0,PASS,pass
LOT-B,改善后,W10,28nm MCU,LITHO-02,-,Lithography,improved_center,曝光聚焦重校后中心热点消失,保留 focus map 自动校验,7,26,-9.0,10.0,PASS,pass
LOT-B,改善后,W10,28nm MCU,LITHO-02,-,Lithography,improved_center,曝光聚焦重校后中心热点消失,保留 focus map 自动校验,8,26,-8.0,10.0,PASS,pass
LOT-B,改善后,W10,28nm MCU,LITHO-02,-,Lithography,improved_center,曝光聚焦重校后中心热点消失,保留 focus map 自动校验,9,26,-7.0,10.0,PASS,pass
LOT-B,改善后,W10,28nm MCU,LITHO-02,-,Lithography,improved_center,曝光聚焦重校后中心热点消失,保留 focus map 自动校验,10,26,-6.0,10.0,PASS,pass
LOT-B,改善后,W10,28nm MCU,LITHO-02,-,Lithography,improved_center,曝光聚焦重校后中心热点消失,保留 focus map 自动校验,11,26,-5.0,10.0,PASS,pass
LOT-B,改善后,W10,28nm MCU,LITHO-02,-,Lithography,improved_center,曝光聚焦重校后中心热点消失,保留 focus map 自动校验,12,26,-4.0,10.0,PASS,pass
LOT-B,改善后,W10,28nm MCU,LITHO-02,-,Lithography,improved_center,曝光聚焦重校后中心热点消失,保留 focus map 自动校验,13,26,-3.0,10.0,PASS,pass
LOT-B,改善后,W10,28nm MCU,LITHO-02,-,Lithography,improved_center,曝光聚焦重校后中心热点消失,保留 focus map 自动校验,14,26,-2.0,10.0,PASS,pass
LOT-B,改善后,W10,28nm MCU,LITHO-02,-,Lithography,improved_center,曝光聚焦重校后中心热点消失,保留 focus map 自动校验,15,26,-1.0,10.0,PASS,pass
LOT-B,改善后,W10,28nm MCU,LITHO-02,-,Lithography,improved_center,曝光聚焦重校后中心热点消失,保留 focus map 自动校验,16,26,0.0,10.0,PASS,pass
LOT-B,改善后,W10,28nm MCU,LITHO-02,-,Lithography,improved_center,曝光聚焦重校后中心热点消失,保留 focus map 自动校验,17,26,1.0,10.0,PASS,pass
LOT-B,改善后,W10,28nm MCU,LITHO-02,-,Lithography,improved_center,曝光聚焦重校后中心热点消失,保留 focus map 自动校验,18,26,2.0,10.0,PASS,pass
LOT-B,改善后,W10,28nm MCU,LITHO-02,-,Lithography,improved_center,曝光聚焦重校后中心热点消失,保留 focus map 自动校验,19,26,3.0,10.0,PASS,pass
LOT-B,改善后,W10,28nm MCU,LITHO-02,-,Lithography,improved_center,曝光聚焦重校后中心热点消失,保留 focus map 自动校验,20,26,4.0,10.0,PASS,pass
LOT-B,改善后,W10,28nm MCU,LITHO-02,-,Lithography,improved_center,曝光聚焦重校后中心热点消失,保留 focus map 自动校验,21,26,5.0,10.0,PASS,pass
LOT-B,改善后,W10,28nm MCU,LITHO-02,-,Lithography,improved_center,曝光聚焦重校后中心热点消失,保留 focus map 自动校验,22,26,6.0,10.0,PASS,pass
LOT-B,改善后,W10,28nm MCU,LITHO-02,-,Lithography,improved_center,曝光聚焦重校后中心热点消失,保留 focus map 自动校验,23,26,7.0,10.0,PASS,pass
LOT-B,改善后,W10,28nm MCU,LITHO-02,-,Lithography,improved_center,曝光聚焦重校后中心热点消失,保留 focus map 自动校验,24,26,8.0,10.0,PASS,pass
LOT-B,改善后,W10,28nm MCU,LITHO-02,-,Lithography,improved_center,曝光聚焦重校后中心热点消失,保留 focus map 自动校验,25,26,9.0,10.0,PASS,pass
LOT-B,改善后,W10,28nm MCU,LITHO-02,-,Lithography,improved_center,曝光聚焦重校后中心热点消失,保留 focus map 自动校验,26,26,10.0,10.0,PASS,pass
LOT-B,改善后,W10,28nm MCU,LITHO-02,-,Lithography,improved_center,曝光聚焦重校后中心热点消失,保留 focus map 自动校验,7,27,-9.0,11.0,PASS,pass
LOT-B,改善后,W10,28nm MCU,LITHO-02,-,Lithography,improved_center,曝光聚焦重校后中心热点消失,保留 focus map 自动校验,8,27,-8.0,11.0,PASS,pass
LOT-B,改善后,W10,28nm MCU,LITHO-02,-,Lithography,improved_center,曝光聚焦重校后中心热点消失,保留 focus map 自动校验,9,27,-7.0,11.0,PASS,pass
LOT-B,改善后,W10,28nm MCU,LITHO-02,-,Lithography,improved_center,曝光聚焦重校后中心热点消失,保留 focus map 自动校验,10,27,-6.0,11.0,PASS,pass
LOT-B,改善后,W10,28nm MCU,LITHO-02,-,Lithography,improved_center,曝光聚焦重校后中心热点消失,保留 focus map 自动校验,11,27,-5.0,11.0,PASS,pass
LOT-B,改善后,W10,28nm MCU,LITHO-02,-,Lithography,improved_center,曝光聚焦重校后中心热点消失,保留 focus map 自动校验,12,27,-4.0,11.0,PASS,pass
LOT-B,改善后,W10,28nm MCU,LITHO-02,-,Lithography,improved_center,曝光聚焦重校后中心热点消失,保留 focus map 自动校验,13,27,-3.0,11.0,PASS,pass
LOT-B,改善后,W10,28nm MCU,LITHO-02,-,Lithography,improved_center,曝光聚焦重校后中心热点消失,保留 focus map 自动校验,14,27,-2.0,11.0,PASS,pass
LOT-B,改善后,W10,28nm MCU,LITHO-02,-,Lithography,improved_center,曝光聚焦重校后中心热点消失,保留 focus map 自动校验,15,27,-1.0,11.0,PASS,pass
LOT-B,改善后,W10,28nm MCU,LITHO-02,-,Lithography,improved_center,曝光聚焦重校后中心热点消失,保留 focus map 自动校验,16,27,0.0,11.0,PASS,pass
LOT-B,改善后,W10,28nm MCU,LITHO-02,-,Lithography,improved_center,曝光聚焦重校后中心热点消失,保留 focus map 自动校验,17,27,1.0,11.0,PASS,pass
LOT-B,改善后,W10,28nm MCU,LITHO-02,-,Lithography,improved_center,曝光聚焦重校后中心热点消失,保留 focus map 自动校验,18,27,2.0,11.0,PASS,pass
LOT-B,改善后,W10,28nm MCU,LITHO-02,-,Lithography,improved_center,曝光聚焦重校后中心热点消失,保留 focus map 自动校验,19,27,3.0,11.0,PASS,pass
LOT-B,改善后,W10,28nm MCU,LITHO-02,-,Lithography,improved_center,曝光聚焦重校后中心热点消失,保留 focus map 自动校验,20,27,4.0,11.0,PASS,pass
LOT-B,改善后,W10,28nm MCU,LITHO-02,-,Lithography,improved_center,曝光聚焦重校后中心热点消失,保留 focus map 自动校验,21,27,5.0,11.0,PASS,pass
LOT-B,改善后,W10,28nm MCU,LITHO-02,-,Lithography,improved_center,曝光聚焦重校后中心热点消失,保留 focus map 自动校验,22,27,6.0,11.0,PASS,pass
LOT-B,改善后,W10,28nm MCU,LITHO-02,-,Lithography,improved_center,曝光聚焦重校后中心热点消失,保留 focus map 自动校验,23,27,7.0,11.0,PASS,pass
LOT-B,改善后,W10,28nm MCU,LITHO-02,-,Lithography,improved_center,曝光聚焦重校后中心热点消失,保留 focus map 自动校验,24,27,8.0,11.0,PASS,pass
LOT-B,改善后,W10,28nm MCU,LITHO-02,-,Lithography,improved_center,曝光聚焦重校后中心热点消失,保留 focus map 自动校验,25,27,9.0,11.0,PASS,pass
LOT-B,改善后,W10,28nm MCU,LITHO-02,-,Lithography,improved_center,曝光聚焦重校后中心热点消失,保留 focus map 自动校验,8,28,-8.0,12.0,PASS,pass
LOT-B,改善后,W10,28nm MCU,LITHO-02,-,Lithography,improved_center,曝光聚焦重校后中心热点消失,保留 focus map 自动校验,9,28,-7.0,12.0,PASS,pass
LOT-B,改善后,W10,28nm MCU,LITHO-02,-,Lithography,improved_center,曝光聚焦重校后中心热点消失,保留 focus map 自动校验,10,28,-6.0,12.0,PASS,pass
LOT-B,改善后,W10,28nm MCU,LITHO-02,-,Lithography,improved_center,曝光聚焦重校后中心热点消失,保留 focus map 自动校验,11,28,-5.0,12.0,PASS,pass
LOT-B,改善后,W10,28nm MCU,LITHO-02,-,Lithography,improved_center,曝光聚焦重校后中心热点消失,保留 focus map 自动校验,12,28,-4.0,12.0,PASS,pass
LOT-B,改善后,W10,28nm MCU,LITHO-02,-,Lithography,improved_center,曝光聚焦重校后中心热点消失,保留 focus map 自动校验,13,28,-3.0,12.0,PASS,pass
LOT-B,改善后,W10,28nm MCU,LITHO-02,-,Lithography,improved_center,曝光聚焦重校后中心热点消失,保留 focus map 自动校验,14,28,-2.0,12.0,PASS,pass
LOT-B,改善后,W10,28nm MCU,LITHO-02,-,Lithography,improved_center,曝光聚焦重校后中心热点消失,保留 focus map 自动校验,15,28,-1.0,12.0,PASS,pass
LOT-B,改善后,W10,28nm MCU,LITHO-02,-,Lithography,improved_center,曝光聚焦重校后中心热点消失,保留 focus map 自动校验,16,28,0.0,12.0,PASS,pass
LOT-B,改善后,W10,28nm MCU,LITHO-02,-,Lithography,improved_center,曝光聚焦重校后中心热点消失,保留 focus map 自动校验,17,28,1.0,12.0,PASS,pass
LOT-B,改善后,W10,28nm MCU,LITHO-02,-,Lithography,improved_center,曝光聚焦重校后中心热点消失,保留 focus map 自动校验,18,28,2.0,12.0,PASS,pass
LOT-B,改善后,W10,28nm MCU,LITHO-02,-,Lithography,improved_center,曝光聚焦重校后中心热点消失,保留 focus map 自动校验,19,28,3.0,12.0,PASS,pass
LOT-B,改善后,W10,28nm MCU,LITHO-02,-,Lithography,improved_center,曝光聚焦重校后中心热点消失,保留 focus map 自动校验,20,28,4.0,12.0,PASS,pass
LOT-B,改善后,W10,28nm MCU,LITHO-02,-,Lithography,improved_center,曝光聚焦重校后中心热点消失,保留 focus map 自动校验,21,28,5.0,12.0,PASS,pass
LOT-B,改善后,W10,28nm MCU,LITHO-02,-,Lithography,improved_center,曝光聚焦重校后中心热点消失,保留 focus map 自动校验,22,28,6.0,12.0,PASS,pass
LOT-B,改善后,W10,28nm MCU,LITHO-02,-,Lithography,improved_center,曝光聚焦重校后中心热点消失,保留 focus map 自动校验,23,28,7.0,12.0,PASS,pass
LOT-B,改善后,W10,28nm MCU,LITHO-02,-,Lithography,improved_center,曝光聚焦重校后中心热点消失,保留 focus map 自动校验,24,28,8.0,12.0,PASS,pass
LOT-B,改善后,W10,28nm MCU,LITHO-02,-,Lithography,improved_center,曝光聚焦重校后中心热点消失,保留 focus map 自动校验,9,29,-7.0,13.0,PASS,pass
LOT-B,改善后,W10,28nm MCU,LITHO-02,-,Lithography,improved_center,曝光聚焦重校后中心热点消失,保留 focus map 自动校验,10,29,-6.0,13.0,PASS,pass
LOT-B,改善后,W10,28nm MCU,LITHO-02,-,Lithography,improved_center,曝光聚焦重校后中心热点消失,保留 focus map 自动校验,11,29,-5.0,13.0,PASS,pass
LOT-B,改善后,W10,28nm MCU,LITHO-02,-,Lithography,improved_center,曝光聚焦重校后中心热点消失,保留 focus map 自动校验,12,29,-4.0,13.0,PASS,pass
LOT-B,改善后,W10,28nm MCU,LITHO-02,-,Lithography,improved_center,曝光聚焦重校后中心热点消失,保留 focus map 自动校验,13,29,-3.0,13.0,PASS,pass
LOT-B,改善后,W10,28nm MCU,LITHO-02,-,Lithography,improved_center,曝光聚焦重校后中心热点消失,保留 focus map 自动校验,14,29,-2.0,13.0,PASS,pass
LOT-B,改善后,W10,28nm MCU,LITHO-02,-,Lithography,improved_center,曝光聚焦重校后中心热点消失,保留 focus map 自动校验,15,29,-1.0,13.0,PASS,pass
LOT-B,改善后,W10,28nm MCU,LITHO-02,-,Lithography,improved_center,曝光聚焦重校后中心热点消失,保留 focus map 自动校验,16,29,0.0,13.0,PASS,pass
LOT-B,改善后,W10,28nm MCU,LITHO-02,-,Lithography,improved_center,曝光聚焦重校后中心热点消失,保留 focus map 自动校验,17,29,1.0,13.0,PASS,pass
LOT-B,改善后,W10,28nm MCU,LITHO-02,-,Lithography,improved_center,曝光聚焦重校后中心热点消失,保留 focus map 自动校验,18,29,2.0,13.0,PASS,pass
LOT-B,改善后,W10,28nm MCU,LITHO-02,-,Lithography,improved_center,曝光聚焦重校后中心热点消失,保留 focus map 自动校验,19,29,3.0,13.0,PASS,pass
LOT-B,改善后,W10,28nm MCU,LITHO-02,-,Lithography,improved_center,曝光聚焦重校后中心热点消失,保留 focus map 自动校验,20,29,4.0,13.0,PASS,pass
LOT-B,改善后,W10,28nm MCU,LITHO-02,-,Lithography,improved_center,曝光聚焦重校后中心热点消失,保留 focus map 自动校验,21,29,5.0,13.0,PASS,pass
LOT-B,改善后,W10,28nm MCU,LITHO-02,-,Lithography,improved_center,曝光聚焦重校后中心热点消失,保留 focus map 自动校验,22,29,6.0,13.0,PASS,pass
LOT-B,改善后,W10,28nm MCU,LITHO-02,-,Lithography,improved_center,曝光聚焦重校后中心热点消失,保留 focus map 自动校验,23,29,7.0,13.0,PASS,pass
LOT-B,改善后,W10,28nm MCU,LITHO-02,-,Lithography,improved_center,曝光聚焦重校后中心热点消失,保留 focus map 自动校验,12,30,-4.0,14.0,PASS,pass
LOT-B,改善后,W10,28nm MCU,LITHO-02,-,Lithography,improved_center,曝光聚焦重校后中心热点消失,保留 focus map 自动校验,13,30,-3.0,14.0,PASS,pass
LOT-B,改善后,W10,28nm MCU,LITHO-02,-,Lithography,improved_center,曝光聚焦重校后中心热点消失,保留 focus map 自动校验,14,30,-2.0,14.0,PASS,pass
LOT-B,改善后,W10,28nm MCU,LITHO-02,-,Lithography,improved_center,曝光聚焦重校后中心热点消失,保留 focus map 自动校验,15,30,-1.0,14.0,PASS,pass
LOT-B,改善后,W10,28nm MCU,LITHO-02,-,Lithography,improved_center,曝光聚焦重校后中心热点消失,保留 focus map 自动校验,16,30,0.0,14.0,PASS,pass
LOT-B,改善后,W10,28nm MCU,LITHO-02,-,Lithography,improved_center,曝光聚焦重校后中心热点消失,保留 focus map 自动校验,17,30,1.0,14.0,PASS,pass
LOT-B,改善后,W10,28nm MCU,LITHO-02,-,Lithography,improved_center,曝光聚焦重校后中心热点消失,保留 focus map 自动校验,18,30,2.0,14.0,PASS,pass
LOT-B,改善后,W10,28nm MCU,LITHO-02,-,Lithography,improved_center,曝光聚焦重校后中心热点消失,保留 focus map 自动校验,19,30,3.0,14.0,PASS,pass
LOT-B,改善后,W10,28nm MCU,LITHO-02,-,Lithography,improved_center,曝光聚焦重校后中心热点消失,保留 focus map 自动校验,20,30,4.0,14.0,PASS,pass
