wafer_id,die_x,die_y,center_x_mm,center_y_mm,dist_from_center,Vth_V,Idsat_uA,Rs_ohm_sq
1,-13,-4,-130,-40,136.01,0.4597,764.14,153.1
1,-13,-3,-130,-30,133.42,0.4674,798.25,163.19
1,-13,-2,-130,-20,131.53,0.4609,768.52,156.27
1,-13,-1,-130,-10,130.38,0.4522,791.7,152.33
1,-13,0,-130,0,130.0,0.4627,799.84,153.45
1,-13,1,-130,10,130.38,0.4686,796.33,148.25
1,-13,2,-130,20,131.53,0.4544,759.09,160.01
1,-13,3,-130,30,133.42,0.4616,808.03,149.39
1,-13,4,-130,40,136.01,0.459,791.62,155.23
1,-12,-6,-120,-60,134.16,0.467,762.02,158.53
1,-12,-5,-120,-50,130.0,0.4672,789.5,151.73
1,-12,-4,-120,-40,126.49,0.4622,781.23,148.35
1,-12,-3,-120,-30,123.69,0.4581,784.87,156.12
1,-12,-2,-120,-20,121.66,0.4399,791.89,149.21
1,-12,-1,-120,-10,120.42,0.4599,794.66,152.26
1,-12,0,-120,0,120.0,0.4636,770.58,155.8
1,-12,1,-120,10,120.42,0.4516,765.7,151.71
1,-12,2,-120,20,121.66,0.441,792.18,151.9
1,-12,3,-120,30,123.69,0.4684,796.96,148.75
1,-12,4,-120,40,126.49,0.4529,793.41,155.84
1,-12,5,-120,50,130.0,0.4708,801.69,153.52
1,-12,6,-120,60,134.16,0.4657,800.31,153.49
1,-11,-8,-110,-80,136.01,0.4666,774.71,153.04
1,-11,-7,-110,-70,130.38,0.4616,772.92,153.45
1,-11,-6,-110,-60,125.3,0.4509,783.45,154.48
1,-11,-5,-110,-50,120.83,0.4527,788.96,152.99
1,-11,-4,-110,-40,117.05,0.4597,788.81,155.39
1,-11,-3,-110,-30,114.02,0.4383,836.38,149.2
1,-11,-2,-110,-20,111.8,0.4577,779.27,153.52
1,-11,-1,-110,-10,110.45,0.4562,784.2,154.68
1,-11,0,-110,0,110.0,0.4526,802.37,148.66
1,-11,1,-110,10,110.45,0.4538,824.01,154.35
1,-11,2,-110,20,111.8,0.4569,786.62,151.79
1,-11,3,-110,30,114.02,0.4567,799.05,148.58
1,-11,4,-110,40,117.05,0.4615,774.47,157.03
1,-11,5,-110,50,120.83,0.4513,793.27,155.59
1,-11,6,-110,60,125.3,0.4571,791.41,157.44
1,-11,7,-110,70,130.38,0.4657,788.57,148.79
1,-11,8,-110,80,136.01,0.4561,795.32,156.4
1,-10,-9,-100,-90,134.54,0.4687,790.12,158.33
1,-10,-8,-100,-80,128.06,0.4581,786.47,150.43
1,-10,-7,-100,-70,122.07,0.4477,763.48,150.07
1,-10,-6,-100,-60,116.62,0.4684,767.74,151.18
1,-10,-5,-100,-50,111.8,0.4441,784.34,152.1
1,-10,-4,-100,-40,107.7,0.4476,811.48,155.81
1,-10,-3,-100,-30,104.4,0.4344,786.18,151.12
1,-10,-2,-100,-20,101.98,0.4608,790.48,150.7
1,-10,-1,-100,-10,100.5,0.4422,774.79,155.0
1,-10,0,-100,0,100.0,0.4368,832.86,152.8
1,-10,1,-100,10,100.5,0.4569,806.41,149.9
1,-10,2,-100,20,101.98,0.4549,794.46,152.42
1,-10,3,-100,30,104.4,0.4521,782.17,148.33
1,-10,4,-100,40,107.7,0.4454,809.7,149.36
1,-10,5,-100,50,111.8,0.4391,799.3,156.13
1,-10,6,-100,60,116.62,0.4622,781.98,147.33
1,-10,7,-100,70,122.07,0.4568,785.75,149.82
1,-10,8,-100,80,128.06,0.4646,812.36,154.18
1,-10,9,-100,90,134.54,0.4642,766.53,158.65
1,-9,-10,-90,-100,134.54,0.4623,771.9,154.65
1,-9,-9,-90,-90,127.28,0.4637,787.22,157.02
1,-9,-8,-90,-80,120.42,0.4604,784.78,153.73
1,-9,-7,-90,-70,114.02,0.4591,772.87,155.26
1,-9,-6,-90,-60,108.17,0.451,790.81,153.5
1,-9,-5,-90,-50,102.96,0.458,786.44,153.24
1,-9,-4,-90,-40,98.49,0.4466,825.68,148.05
1,-9,-3,-90,-30,94.87,0.4524,787.57,157.0
1,-9,-2,-90,-20,92.2,0.4402,807.65,148.01
1,-9,-1,-90,-10,90.55,0.4472,806.78,153.83
1,-9,0,-90,0,90.0,0.463,776.95,150.94
1,-9,1,-90,10,90.55,0.4617,774.69,151.1
1,-9,2,-90,20,92.2,0.4501,806.01,147.9
1,-9,3,-90,30,94.87,0.439,770.6,153.27
1,-9,4,-90,40,98.49,0.4599,802.92,148.93
1,-9,5,-90,50,102.96,0.439,805.4,147.53
1,-9,6,-90,60,108.17,0.4477,786.14,150.66
1,-9,7,-90,70,114.02,0.4491,792.81,149.94
1,-9,8,-90,80,120.42,0.4629,804.51,152.85
1,-9,9,-90,90,127.28,0.4636,816.9,149.89
1,-9,10,-90,100,134.54,0.4531,791.01,160.3
1,-8,-11,-80,-110,136.01,0.4615,805.51,154.98
1,-8,-10,-80,-100,128.06,0.4548,769.8,155.4
1,-8,-9,-80,-90,120.42,0.45,790.26,157.27
1,-8,-8,-80,-80,113.14,0.4524,812.44,148.08
1,-8,-7,-80,-70,106.3,0.4486,774.59,151.31
1,-8,-6,-80,-60,100.0,0.4576,799.06,154.31
1,-8,-5,-80,-50,94.34,0.4444,802.79,148.73
1,-8,-4,-80,-40,89.44,0.4529,807.56,151.87
1,-8,-3,-80,-30,85.44,0.4414,786.65,147.91
1,-8,-2,-80,-20,82.46,0.4481,801.31,152.12
1,-8,-1,-80,-10,80.62,0.4432,775.98,156.47
1,-8,0,-80,0,80.0,0.4409,812.54,150.09
1,-8,1,-80,10,80.62,0.452,799.98,148.85
1,-8,2,-80,20,82.46,0.4537,793.42,153.5
1,-8,3,-80,30,85.44,0.4545,808.99,148.5
1,-8,4,-80,40,89.44,0.4481,782.18,149.06
1,-8,5,-80,50,94.34,0.4421,819.11,150.46
1,-8,6,-80,60,100.0,0.4527,794.56,151.22
1,-8,7,-80,70,106.3,0.4726,791.2,149.14
1,-8,8,-80,80,113.14,0.4591,754.84,151.91
1,-8,9,-80,90,120.42,0.4543,774.16,154.05
1,-8,10,-80,100,128.06,0.4607,757.63,151.57
1,-8,11,-80,110,136.01,0.4405,784.01,155.54
1,-7,-11,-70,-110,130.38,0.4548,791.34,149.99
1,-7,-10,-70,-100,122.07,0.4502,794.4,150.66
1,-7,-9,-70,-90,114.02,0.4546,783.86,150.58
1,-7,-8,-70,-80,106.3,0.4499,785.1,152.0
1,-7,-7,-70,-70,98.99,0.4462,798.47,148.38
1,-7,-6,-70,-60,92.2,0.4379,813.47,151.72
1,-7,-5,-70,-50,86.02,0.4683,784.34,149.41
1,-7,-4,-70,-40,80.62,0.449,814.84,148.48
1,-7,-3,-70,-30,76.16,0.4406,818.12,149.05
1,-7,-2,-70,-20,72.8,0.457,811.43,149.91
1,-7,-1,-70,-10,70.71,0.4486,794.13,149.95
1,-7,0,-70,0,70.0,0.4569,788.05,150.33
1,-7,1,-70,10,70.71,0.4411,785.09,149.91
1,-7,2,-70,20,72.8,0.4343,830.91,146.42
1,-7,3,-70,30,76.16,0.4497,817.52,147.41
1,-7,4,-70,40,80.62,0.4316,793.33,147.38
1,-7,5,-70,50,86.02,0.4318,804.27,150.66
1,-7,6,-70,60,92.2,0.4593,782.98,145.42
1,-7,7,-70,70,98.99,0.4479,796.91,153.33
1,-7,8,-70,80,106.3,0.4642,813.92,151.92
1,-7,9,-70,90,114.02,0.4615,782.7,152.31
1,-7,10,-70,100,122.07,0.4484,789.08,152.99
1,-7,11,-70,110,130.38,0.475,779.8,154.11
1,-6,-12,-60,-120,134.16,0.4647,774.01,152.0
1,-6,-11,-60,-110,125.3,0.4695,771.59,149.15
1,-6,-10,-60,-100,116.62,0.4614,808.4,150.73
1,-6,-9,-60,-90,108.17,0.4499,799.18,149.13
1,-6,-8,-60,-80,100.0,0.4451,811.13,152.45
1,-6,-7,-60,-70,92.2,0.4606,781.0,148.71
1,-6,-6,-60,-60,84.85,0.4522,786.12,151.94
1,-6,-5,-60,-50,78.1,0.4598,791.25,150.12
1,-6,-4,-60,-40,72.11,0.4616,826.99,152.24
1,-6,-3,-60,-30,67.08,0.4547,787.19,151.08
1,-6,-2,-60,-20,63.25,0.4545,796.84,148.22
1,-6,-1,-60,-10,60.83,0.4397,773.93,144.16
1,-6,0,-60,0,60.0,0.4546,802.22,148.55
1,-6,1,-60,10,60.83,0.4473,803.16,149.51
1,-6,2,-60,20,63.25,0.4393,813.7,150.91
1,-6,3,-60,30,67.08,0.4521,812.56,147.56
1,-6,4,-60,40,72.11,0.4597,797.9,152.67
1,-6,5,-60,50,78.1,0.4559,784.42,151.51
1,-6,6,-60,60,84.85,0.4526,800.45,149.73
1,-6,7,-60,70,92.2,0.4495,811.98,151.95
1,-6,8,-60,80,100.0,0.4516,775.56,152.11
1,-6,9,-60,90,108.17,0.4592,829.45,154.48
1,-6,10,-60,100,116.62,0.4408,792.21,157.52
1,-6,11,-60,110,125.3,0.4641,791.23,155.84
1,-6,12,-60,120,134.16,0.4578,788.0,153.65
1,-5,-12,-50,-120,130.0,0.4609,795.9,151.01
1,-5,-11,-50,-110,120.83,0.4678,782.48,153.36
1,-5,-10,-50,-100,111.8,0.4432,804.15,155.93
1,-5,-9,-50,-90,102.96,0.4479,780.3,151.67
1,-5,-8,-50,-80,94.34,0.462,777.66,146.99
1,-5,-7,-50,-70,86.02,0.4464,787.69,147.58
1,-5,-6,-50,-60,78.1,0.4332,808.84,151.02
1,-5,-5,-50,-50,70.71,0.4364,821.86,155.04
1,-5,-4,-50,-40,64.03,0.444,817.5,148.28
1,-5,-3,-50,-30,58.31,0.4514,787.46,156.64
1,-5,-2,-50,-20,53.85,0.4476,801.9,147.94
1,-5,-1,-50,-10,50.99,0.4649,828.3,154.89
1,-5,0,-50,0,50.0,0.4577,790.63,152.48
1,-5,1,-50,10,50.99,0.4499,819.69,153.35
1,-5,2,-50,20,53.85,0.4448,814.22,152.05
1,-5,3,-50,30,58.31,0.4278,812.01,148.7
1,-5,4,-50,40,64.03,0.4429,787.35,149.59
1,-5,5,-50,50,70.71,0.4538,779.52,150.57
1,-5,6,-50,60,78.1,0.4546,827.93,146.77
1,-5,7,-50,70,86.02,0.4472,803.92,153.48
1,-5,8,-50,80,94.34,0.448,817.39,144.5
1,-5,9,-50,90,102.96,0.442,802.18,146.6
1,-5,10,-50,100,111.8,0.445,785.43,153.9
1,-5,11,-50,110,120.83,0.4423,791.37,155.67
1,-5,12,-50,120,130.0,0.4595,777.94,154.99
1,-4,-13,-40,-130,136.01,0.4621,800.47,151.36
1,-4,-12,-40,-120,126.49,0.4592,788.69,152.16
1,-4,-11,-40,-110,117.05,0.4332,788.4,154.84
1,-4,-10,-40,-100,107.7,0.4595,800.46,147.92
1,-4,-9,-40,-90,98.49,0.4542,789.78,151.59
1,-4,-8,-40,-80,89.44,0.451,785.35,147.44
1,-4,-7,-40,-70,80.62,0.4528,796.68,147.48
1,-4,-6,-40,-60,72.11,0.4426,795.44,154.7
1,-4,-5,-40,-50,64.03,0.4458,799.79,150.3
1,-4,-4,-40,-40,56.57,0.441,773.56,146.92
1,-4,-3,-40,-30,50.0,0.452,801.31,152.11
1,-4,-2,-40,-20,44.72,0.4508,798.36,148.19
1,-4,-1,-40,-10,41.23,0.4571,786.21,146.67
1,-4,0,-40,0,40.0,0.4545,780.0,157.24
1,-4,1,-40,10,41.23,0.4506,805.22,147.57
1,-4,2,-40,20,44.72,0.4475,793.6,148.37
1,-4,3,-40,30,50.0,0.4551,793.26,153.05
1,-4,4,-40,40,56.57,0.4713,795.57,150.46
1,-4,5,-40,50,64.03,0.453,827.17,149.75
1,-4,6,-40,60,72.11,0.4434,781.0,149.83
1,-4,7,-40,70,80.62,0.4464,830.15,155.31
1,-4,8,-40,80,89.44,0.4417,789.34,150.34
1,-4,9,-40,90,98.49,0.4623,799.24,148.59
1,-4,10,-40,100,107.7,0.4528,785.71,153.02
1,-4,11,-40,110,117.05,0.4505,783.16,155.62
1,-4,12,-40,120,126.49,0.4535,763.91,153.58
1,-4,13,-40,130,136.01,0.4607,787.28,155.64
1,-3,-13,-30,-130,133.42,0.4622,780.4,152.08
1,-3,-12,-30,-120,123.69,0.4592,800.44,150.01
1,-3,-11,-30,-110,114.02,0.4551,807.89,153.33
1,-3,-10,-30,-100,104.4,0.4629,787.91,145.45
1,-3,-9,-30,-90,94.87,0.4521,804.74,154.44
1,-3,-8,-30,-80,85.44,0.4595,808.05,152.32
1,-3,-7,-30,-70,76.16,0.4485,781.71,150.35
1,-3,-6,-30,-60,67.08,0.4579,809.85,152.5
1,-3,-5,-30,-50,58.31,0.4466,796.02,151.45
1,-3,-4,-30,-40,50.0,0.4456,792.26,150.89
1,-3,-3,-30,-30,42.43,0.4561,797.01,146.51
1,-3,-2,-30,-20,36.06,0.4441,803.06,150.57
1,-3,-1,-30,-10,31.62,0.4519,807.82,150.02
1,-3,0,-30,0,30.0,0.4521,799.32,153.45
1,-3,1,-30,10,31.62,0.4615,782.16,149.23
1,-3,2,-30,20,36.06,0.4503,796.0,155.38
1,-3,3,-30,30,42.43,0.4518,787.92,151.79
1,-3,4,-30,40,50.0,0.4522,804.56,155.42
1,-3,5,-30,50,58.31,0.4528,795.45,144.13
1,-3,6,-30,60,67.08,0.4487,819.59,149.73
1,-3,7,-30,70,76.16,0.4321,792.52,152.98
1,-3,8,-30,80,85.44,0.4544,787.4,148.33
1,-3,9,-30,90,94.87,0.4472,789.36,144.25
1,-3,10,-30,100,104.4,0.4585,815.29,146.38
1,-3,11,-30,110,114.02,0.4651,790.77,155.48
1,-3,12,-30,120,123.69,0.4588,789.26,154.05
1,-3,13,-30,130,133.42,0.4561,799.23,150.93
1,-2,-13,-20,-130,131.53,0.4584,790.38,152.48
1,-2,-12,-20,-120,121.66,0.464,809.0,155.71
1,-2,-11,-20,-110,111.8,0.4389,795.24,154.67
1,-2,-10,-20,-100,101.98,0.4413,808.15,152.76
1,-2,-9,-20,-90,92.2,0.4404,812.3,151.03
1,-2,-8,-20,-80,82.46,0.4552,785.51,150.45
1,-2,-7,-20,-70,72.8,0.4364,765.85,150.42
1,-2,-6,-20,-60,63.25,0.4588,803.79,149.81
1,-2,-5,-20,-50,53.85,0.4485,785.86,149.33
1,-2,-4,-20,-40,44.72,0.4534,793.47,152.25
1,-2,-3,-20,-30,36.06,0.4516,804.75,152.67
1,-2,-2,-20,-20,28.28,0.4458,809.89,148.84
1,-2,-1,-20,-10,22.36,0.4527,790.31,147.27
1,-2,0,-20,0,20.0,0.4507,771.72,149.11
1,-2,1,-20,10,22.36,0.4371,811.69,153.15
1,-2,2,-20,20,28.28,0.4431,806.42,152.7
1,-2,3,-20,30,36.06,0.4572,803.22,152.2
1,-2,4,-20,40,44.72,0.4448,801.25,148.6
1,-2,5,-20,50,53.85,0.4441,800.54,151.04
1,-2,6,-20,60,63.25,0.4593,803.98,151.93
1,-2,7,-20,70,72.8,0.4552,840.31,144.57
1,-2,8,-20,80,82.46,0.4445,822.11,148.94
1,-2,9,-20,90,92.2,0.4572,803.24,156.53
1,-2,10,-20,100,101.98,0.4429,815.62,156.01
1,-2,11,-20,110,111.8,0.4463,805.09,148.69
1,-2,12,-20,120,121.66,0.458,784.52,145.47
1,-2,13,-20,130,131.53,0.465,784.67,158.45
1,-1,-13,-10,-130,130.38,0.4661,817.6,154.16
1,-1,-12,-10,-120,120.42,0.4565,786.28,151.2
1,-1,-11,-10,-110,110.45,0.4364,790.65,145.25
1,-1,-10,-10,-100,100.5,0.4551,779.18,147.98
1,-1,-9,-10,-90,90.55,0.4447,796.9,150.18
1,-1,-8,-10,-80,80.62,0.4587,791.34,151.44
1,-1,-7,-10,-70,70.71,0.4718,805.66,149.46
1,-1,-6,-10,-60,60.83,0.4438,797.09,147.34
1,-1,-5,-10,-50,50.99,0.4521,801.55,143.51
1,-1,-4,-10,-40,41.23,0.4499,816.14,148.8
1,-1,-3,-10,-30,31.62,0.4448,779.33,144.43
1,-1,-2,-10,-20,22.36,0.4567,797.28,152.32
1,-1,-1,-10,-10,14.14,0.4623,813.82,148.37
1,-1,0,-10,0,10.0,0.4512,790.78,147.88
1,-1,1,-10,10,14.14,0.4527,787.52,143.37
1,-1,2,-10,20,22.36,0.4429,795.4,154.56
1,-1,3,-10,30,31.62,0.4461,807.68,149.5
1,-1,4,-10,40,41.23,0.4598,817.36,153.53
1,-1,5,-10,50,50.99,0.4361,803.1,152.28
1,-1,6,-10,60,60.83,0.4531,809.55,150.18
1,-1,7,-10,70,70.71,0.444,774.54,148.06
1,-1,8,-10,80,80.62,0.4714,792.72,144.12
1,-1,9,-10,90,90.55,0.4559,812.8,154.02
1,-1,10,-10,100,100.5,0.4552,810.46,156.18
1,-1,11,-10,110,110.45,0.4481,779.8,148.17
1,-1,12,-10,120,120.42,0.4552,810.54,154.11
1,-1,13,-10,130,130.38,0.4651,755.95,151.76
1,0,-13,0,-130,130.0,0.4463,801.04,158.54
1,0,-12,0,-120,120.0,0.4634,774.47,156.92
1,0,-11,0,-110,110.0,0.4519,775.94,148.52
1,0,-10,0,-100,100.0,0.4479,798.68,150.14
1,0,-9,0,-90,90.0,0.4387,818.2,149.68
1,0,-8,0,-80,80.0,0.4443,816.65,146.45
1,0,-7,0,-70,70.0,0.437,819.09,155.67
1,0,-6,0,-60,60.0,0.4463,799.31,146.56
1,0,-5,0,-50,50.0,0.45,792.86,149.69
1,0,-4,0,-40,40.0,0.4533,783.53,148.91
1,0,-3,0,-30,30.0,0.4356,794.68,149.72
1,0,-2,0,-20,20.0,0.4518,803.59,152.71
1,0,-1,0,-10,10.0,0.4377,777.71,151.59
1,0,0,0,0,0.0,0.4337,802.75,146.46
1,0,1,0,10,10.0,0.4626,803.76,149.34
1,0,2,0,20,20.0,0.4598,784.05,147.38
1,0,3,0,30,30.0,0.4399,787.02,150.18
1,0,4,0,40,40.0,0.454,814.42,144.53
1,0,5,0,50,50.0,0.4486,783.38,149.38
1,0,6,0,60,60.0,0.4687,804.38,152.7
1,0,7,0,70,70.0,0.4657,816.91,148.66
1,0,8,0,80,80.0,0.4398,799.55,148.3
1,0,9,0,90,90.0,0.4378,803.61,150.93
1,0,10,0,100,100.0,0.4655,792.51,151.47
1,0,11,0,110,110.0,0.4486,807.26,151.04
1,0,12,0,120,120.0,0.4478,789.06,153.65
1,0,13,0,130,130.0,0.4631,799.16,149.44
1,1,-13,10,-130,130.38,0.4544,792.83,151.67
1,1,-12,10,-120,120.42,0.4592,752.75,160.67
1,1,-11,10,-110,110.45,0.4519,811.87,150.45
1,1,-10,10,-100,100.5,0.4548,820.16,154.16
1,1,-9,10,-90,90.55,0.4484,797.94,153.17
1,1,-8,10,-80,80.62,0.4687,802.88,155.87
1,1,-7,10,-70,70.71,0.4481,814.28,153.3
1,1,-6,10,-60,60.83,0.4467,788.79,153.44
1,1,-5,10,-50,50.99,0.4457,786.58,147.95
1,1,-4,10,-40,41.23,0.4457,812.85,151.55
1,1,-3,10,-30,31.62,0.4557,806.32,148.22
1,1,-2,10,-20,22.36,0.4556,817.74,151.75
1,1,-1,10,-10,14.14,0.4536,788.49,150.64
1,1,0,10,0,10.0,0.4434,799.64,145.08
1,1,1,10,10,14.14,0.4369,797.13,148.35
1,1,2,10,20,22.36,0.4509,797.98,150.09
1,1,3,10,30,31.62,0.4549,793.05,149.34
1,1,4,10,40,41.23,0.4616,800.05,149.46
1,1,5,10,50,50.99,0.4507,797.58,147.87
1,1,6,10,60,60.83,0.442,788.55,152.62
1,1,7,10,70,70.71,0.445,797.68,152.1
1,1,8,10,80,80.62,0.4478,809.5,145.38
1,1,9,10,90,90.55,0.449,801.16,150.22
1,1,10,10,100,100.5,0.4383,815.82,148.1
1,1,11,10,110,110.45,0.4567,794.08,154.47
1,1,12,10,120,120.42,0.4748,769.69,150.58
1,1,13,10,130,130.38,0.4627,766.66,156.19
1,2,-13,20,-130,131.53,0.4684,790.91,154.72
1,2,-12,20,-120,121.66,0.4687,771.03,152.87
1,2,-11,20,-110,111.8,0.4485,806.7,146.09
1,2,-10,20,-100,101.98,0.4516,802.32,147.92
1,2,-9,20,-90,92.2,0.4451,800.02,153.08
1,2,-8,20,-80,82.46,0.4417,787.12,153.38
1,2,-7,20,-70,72.8,0.4478,788.34,152.19
1,2,-6,20,-60,63.25,0.4461,815.41,148.01
1,2,-5,20,-50,53.85,0.4487,814.17,149.32
1,2,-4,20,-40,44.72,0.456,799.02,155.95
1,2,-3,20,-30,36.06,0.4626,780.08,151.57
1,2,-2,20,-20,28.28,0.4435,802.87,150.21
1,2,-1,20,-10,22.36,0.4416,815.88,150.61
1,2,0,20,0,20.0,0.4477,793.43,150.42
1,2,1,20,10,22.36,0.4533,798.13,141.5
1,2,2,20,20,28.28,0.4501,778.38,149.37
1,2,3,20,30,36.06,0.4388,778.75,153.71
1,2,4,20,40,44.72,0.4474,794.05,151.45
1,2,5,20,50,53.85,0.447,831.56,149.18
1,2,6,20,60,63.25,0.4529,814.56,154.81
1,2,7,20,70,72.8,0.4441,793.73,153.82
1,2,8,20,80,82.46,0.4565,816.13,145.89
1,2,9,20,90,92.2,0.4625,788.37,150.79
1,2,10,20,100,101.98,0.4506,784.11,146.52
1,2,11,20,110,111.8,0.4405,795.14,147.01
1,2,12,20,120,121.66,0.4487,785.1,144.76
1,2,13,20,130,131.53,0.4679,746.37,153.78
1,3,-13,30,-130,133.42,0.4626,789.38,154.17
1,3,-12,30,-120,123.69,0.4747,790.47,156.09
1,3,-11,30,-110,114.02,0.4493,794.12,156.45
1,3,-10,30,-100,104.4,0.4505,799.31,153.88
1,3,-9,30,-90,94.87,0.4445,766.87,151.1
1,3,-8,30,-80,85.44,0.4579,779.73,152.04
1,3,-7,30,-70,76.16,0.4554,765.9,147.19
1,3,-6,30,-60,67.08,0.4468,797.31,147.77
1,3,-5,30,-50,58.31,0.4436,825.07,149.68
1,3,-4,30,-40,50.0,0.4444,799.38,151.61
1,3,-3,30,-30,42.43,0.4504,796.91,148.05
1,3,-2,30,-20,36.06,0.4447,791.03,151.02
1,3,-1,30,-10,31.62,0.442,805.9,154.24
1,3,0,30,0,30.0,0.4526,794.46,146.11
1,3,1,30,10,31.62,0.4626,782.45,152.55
1,3,2,30,20,36.06,0.4551,796.45,149.21
1,3,3,30,30,42.43,0.4353,804.95,151.86
1,3,4,30,40,50.0,0.4413,797.66,150.11
1,3,5,30,50,58.31,0.4547,800.06,145.12
1,3,6,30,60,67.08,0.4458,803.37,152.52
1,3,7,30,70,76.16,0.4451,832.81,144.32
1,3,8,30,80,85.44,0.4455,798.75,149.42
1,3,9,30,90,94.87,0.4406,806.02,151.45
1,3,10,30,100,104.4,0.4528,801.41,149.67
1,3,11,30,110,114.02,0.4422,781.56,152.28
1,3,12,30,120,123.69,0.4598,787.85,154.58
1,3,13,30,130,133.42,0.4578,781.71,156.01
1,4,-13,40,-130,136.01,0.4629,760.96,151.81
1,4,-12,40,-120,126.49,0.4662,806.49,156.82
1,4,-11,40,-110,117.05,0.458,772.76,152.12
1,4,-10,40,-100,107.7,0.4657,804.41,150.59
1,4,-9,40,-90,98.49,0.4561,779.34,148.45
1,4,-8,40,-80,89.44,0.4413,807.04,152.26
1,4,-7,40,-70,80.62,0.4488,786.91,149.94
1,4,-6,40,-60,72.11,0.4461,788.06,151.02
1,4,-5,40,-50,64.03,0.4439,776.5,145.97
1,4,-4,40,-40,56.57,0.4372,803.71,150.45
1,4,-3,40,-30,50.0,0.4508,808.82,153.58
1,4,-2,40,-20,44.72,0.4453,806.1,145.26
1,4,-1,40,-10,41.23,0.461,781.33,147.87
1,4,0,40,0,40.0,0.4452,777.11,150.1
1,4,1,40,10,41.23,0.4517,797.16,145.38
1,4,2,40,20,44.72,0.4659,808.24,157.9
1,4,3,40,30,50.0,0.4436,814.37,152.34
1,4,4,40,40,56.57,0.4477,821.17,148.78
1,4,5,40,50,64.03,0.4471,747.93,151.23
1,4,6,40,60,72.11,0.4394,791.74,146.92
1,4,7,40,70,80.62,0.4471,806.66,150.03
1,4,8,40,80,89.44,0.4557,818.98,149.01
1,4,9,40,90,98.49,0.4472,812.75,153.64
1,4,10,40,100,107.7,0.4592,780.85,152.48
1,4,11,40,110,117.05,0.457,806.6,150.42
1,4,12,40,120,126.49,0.4463,795.95,145.62
1,4,13,40,130,136.01,0.4577,764.26,151.6
1,5,-12,50,-120,130.0,0.455,801.74,156.25
1,5,-11,50,-110,120.83,0.4554,805.82,149.39
1,5,-10,50,-100,111.8,0.4448,806.3,153.33
1,5,-9,50,-90,102.96,0.4483,779.92,155.21
1,5,-8,50,-80,94.34,0.4366,790.43,151.0
1,5,-7,50,-70,86.02,0.4644,805.75,151.48
1,5,-6,50,-60,78.1,0.4454,808.53,150.32
1,5,-5,50,-50,70.71,0.4373,811.89,152.91
1,5,-4,50,-40,64.03,0.4564,800.5,147.13
1,5,-3,50,-30,58.31,0.4315,802.36,153.25
1,5,-2,50,-20,53.85,0.458,812.24,149.78
1,5,-1,50,-10,50.99,0.4587,813.86,148.73
1,5,0,50,0,50.0,0.4554,791.96,151.62
1,5,1,50,10,50.99,0.4396,781.67,153.17
1,5,2,50,20,53.85,0.4575,809.5,150.26
1,5,3,50,30,58.31,0.4309,798.88,151.36
1,5,4,50,40,64.03,0.4457,789.31,154.33
1,5,5,50,50,70.71,0.4495,806.82,152.32
1,5,6,50,60,78.1,0.442,802.9,153.96
1,5,7,50,70,86.02,0.4646,800.6,149.32
1,5,8,50,80,94.34,0.4525,803.06,154.47
1,5,9,50,90,102.96,0.4441,792.76,147.48
1,5,10,50,100,111.8,0.4463,799.0,154.02
1,5,11,50,110,120.83,0.4523,800.4,155.91
1,5,12,50,120,130.0,0.4765,784.52,151.87
1,6,-12,60,-120,134.16,0.4548,764.3,158.15
1,6,-11,60,-110,125.3,0.447,804.57,150.53
1,6,-10,60,-100,116.62,0.4505,788.76,149.98
1,6,-9,60,-90,108.17,0.4608,822.14,149.28
1,6,-8,60,-80,100.0,0.4479,795.48,152.25
1,6,-7,60,-70,92.2,0.4489,820.6,153.66
1,6,-6,60,-60,84.85,0.4405,807.81,154.58
1,6,-5,60,-50,78.1,0.446,795.59,148.42
1,6,-4,60,-40,72.11,0.4459,774.97,146.02
1,6,-3,60,-30,67.08,0.4506,822.7,148.16
1,6,-2,60,-20,63.25,0.4449,825.52,146.68
1,6,-1,60,-10,60.83,0.4367,787.57,148.01
1,6,0,60,0,60.0,0.436,798.08,152.85
1,6,1,60,10,60.83,0.4397,801.31,151.19
1,6,2,60,20,63.25,0.4493,802.79,150.59
1,6,3,60,30,67.08,0.4435,822.48,153.74
1,6,4,60,40,72.11,0.4595,815.21,145.28
1,6,5,60,50,78.1,0.4574,809.83,145.39
1,6,6,60,60,84.85,0.4483,804.15,155.01
1,6,7,60,70,92.2,0.4559,786.82,155.3
1,6,8,60,80,100.0,0.4517,794.1,149.65
1,6,9,60,90,108.17,0.4404,793.3,152.74
1,6,10,60,100,116.62,0.4529,797.34,149.49
1,6,11,60,110,125.3,0.458,791.05,153.71
1,6,12,60,120,134.16,0.4499,774.24,159.44
1,7,-11,70,-110,130.38,0.4572,783.47,153.58
1,7,-10,70,-100,122.07,0.4705,807.5,155.15
1,7,-9,70,-90,114.02,0.4473,797.7,153.51
1,7,-8,70,-80,106.3,0.4473,782.64,156.21
1,7,-7,70,-70,98.99,0.4488,822.46,153.56
1,7,-6,70,-60,92.2,0.4534,806.58,146.02
1,7,-5,70,-50,86.02,0.4517,821.26,152.08
1,7,-4,70,-40,80.62,0.4512,825.68,149.44
1,7,-3,70,-30,76.16,0.445,802.31,152.3
1,7,-2,70,-20,72.8,0.4363,804.27,152.43
1,7,-1,70,-10,70.71,0.4478,816.6,151.92
1,7,0,70,0,70.0,0.4671,788.74,152.49
1,7,1,70,10,70.71,0.4419,775.77,143.89
1,7,2,70,20,72.8,0.4543,802.76,148.56
1,7,3,70,30,76.16,0.4358,789.64,150.01
1,7,4,70,40,80.62,0.4563,799.75,150.76
1,7,5,70,50,86.02,0.447,826.24,146.98
1,7,6,70,60,92.2,0.4445,792.4,151.84
1,7,7,70,70,98.99,0.4429,800.27,151.06
1,7,8,70,80,106.3,0.4473,800.65,148.07
1,7,9,70,90,114.02,0.4462,793.81,146.83
1,7,10,70,100,122.07,0.4407,796.13,155.87
1,7,11,70,110,130.38,0.4574,773.22,156.86
1,8,-11,80,-110,136.01,0.4544,759.16,156.82
1,8,-10,80,-100,128.06,0.4603,800.63,147.09
1,8,-9,80,-90,120.42,0.4461,789.26,153.78
1,8,-8,80,-80,113.14,0.4616,795.35,152.21
1,8,-7,80,-70,106.3,0.4498,819.56,147.78
1,8,-6,80,-60,100.0,0.4542,783.12,152.23
1,8,-5,80,-50,94.34,0.4421,810.57,150.65
1,8,-4,80,-40,89.44,0.464,795.78,151.39
1,8,-3,80,-30,85.44,0.4438,795.68,150.34
1,8,-2,80,-20,82.46,0.4378,778.74,151.8
1,8,-1,80,-10,80.62,0.4488,791.11,147.79
1,8,0,80,0,80.0,0.4444,801.69,151.34
1,8,1,80,10,80.62,0.4333,821.19,154.03
1,8,2,80,20,82.46,0.4314,816.29,153.17
1,8,3,80,30,85.44,0.45,780.54,153.07
1,8,4,80,40,89.44,0.4481,808.23,156.78
1,8,5,80,50,94.34,0.4524,785.66,149.3
1,8,6,80,60,100.0,0.4451,804.44,148.21
1,8,7,80,70,106.3,0.4491,776.43,150.7
1,8,8,80,80,113.14,0.4563,752.46,152.5
1,8,9,80,90,120.42,0.4569,777.57,158.61
1,8,10,80,100,128.06,0.4679,768.22,156.03
1,8,11,80,110,136.01,0.4735,781.59,155.78
1,9,-10,90,-100,134.54,0.4656,749.3,153.9
1,9,-9,90,-90,127.28,0.458,806.58,154.41
1,9,-8,90,-80,120.42,0.4549,787.69,155.59
1,9,-7,90,-70,114.02,0.4536,781.84,150.98
1,9,-6,90,-60,108.17,0.4609,802.38,151.38
1,9,-5,90,-50,102.96,0.4536,788.56,150.25
1,9,-4,90,-40,98.49,0.4458,793.96,154.57
1,9,-3,90,-30,94.87,0.4418,788.97,146.57
1,9,-2,90,-20,92.2,0.4384,796.99,148.36
1,9,-1,90,-10,90.55,0.4641,795.73,154.02
1,9,0,90,0,90.0,0.4577,796.87,156.47
1,9,1,90,10,90.55,0.4522,822.67,154.35
1,9,2,90,20,92.2,0.4535,811.05,152.09
1,9,3,90,30,94.87,0.4413,800.16,153.56
1,9,4,90,40,98.49,0.4633,787.57,152.12
1,9,5,90,50,102.96,0.4532,795.19,151.9
1,9,6,90,60,108.17,0.4551,803.06,155.58
1,9,7,90,70,114.02,0.4614,796.97,157.4
1,9,8,90,80,120.42,0.4662,787.66,148.87
1,9,9,90,90,127.28,0.452,799.13,151.51
1,9,10,90,100,134.54,0.4549,769.21,152.4
1,10,-9,100,-90,134.54,0.4697,778.23,150.34
1,10,-8,100,-80,128.06,0.4605,788.0,152.07
1,10,-7,100,-70,122.07,0.4672,781.83,156.05
1,10,-6,100,-60,116.62,0.4608,804.93,148.79
1,10,-5,100,-50,111.8,0.4552,792.56,147.32
1,10,-4,100,-40,107.7,0.4621,782.87,149.38
1,10,-3,100,-30,104.4,0.4443,806.95,146.36
1,10,-2,100,-20,101.98,0.4567,812.96,152.37
1,10,-1,100,-10,100.5,0.4572,809.17,147.81
1,10,0,100,0,100.0,0.4629,791.03,150.43
1,10,1,100,10,100.5,0.4488,805.15,149.05
1,10,2,100,20,101.98,0.4523,778.76,154.26
1,10,3,100,30,104.4,0.4577,792.05,149.53
1,10,4,100,40,107.7,0.4584,784.53,151.59
1,10,5,100,50,111.8,0.4637,781.18,152.69
1,10,6,100,60,116.62,0.4585,789.57,150.58
1,10,7,100,70,122.07,0.4676,779.18,147.29
1,10,8,100,80,128.06,0.4654,766.64,155.59
1,10,9,100,90,134.54,0.4736,790.03,157.68
1,11,-8,110,-80,136.01,0.4798,794.11,155.68
1,11,-7,110,-70,130.38,0.4742,809.56,159.15
1,11,-6,110,-60,125.3,0.4552,765.99,151.48
1,11,-5,110,-50,120.83,0.4631,791.21,151.95
1,11,-4,110,-40,117.05,0.4606,768.75,152.56
1,11,-3,110,-30,114.02,0.4641,800.55,153.88
1,11,-2,110,-20,111.8,0.4672,792.36,149.63
1,11,-1,110,-10,110.45,0.4635,811.52,153.13
1,11,0,110,0,110.0,0.4526,794.18,147.59
1,11,1,110,10,110.45,0.4629,810.12,147.52
1,11,2,110,20,111.8,0.4614,799.41,148.52
1,11,3,110,30,114.02,0.4455,797.91,150.62
1,11,4,110,40,117.05,0.4707,805.1,153.56
1,11,5,110,50,120.83,0.4616,808.78,155.11
1,11,6,110,60,125.3,0.4631,771.6,162.32
1,11,7,110,70,130.38,0.4524,778.55,148.88
1,11,8,110,80,136.01,0.4679,781.88,156.99
1,12,-6,120,-60,134.16,0.4489,797.52,151.98
1,12,-5,120,-50,130.0,0.4598,797.45,154.57
1,12,-4,120,-40,126.49,0.4623,797.59,154.58
1,12,-3,120,-30,123.69,0.4558,784.73,153.57
1,12,-2,120,-20,121.66,0.4506,803.31,153.54
1,12,-1,120,-10,120.42,0.4579,806.93,152.16
1,12,0,120,0,120.0,0.4557,782.0,153.5
1,12,1,120,10,120.42,0.4598,779.05,151.99
1,12,2,120,20,121.66,0.4525,777.79,147.48
1,12,3,120,30,123.69,0.4567,761.69,151.54
1,12,4,120,40,126.49,0.4547,801.38,150.25
1,12,5,120,50,130.0,0.4549,777.75,152.05
1,12,6,120,60,134.16,0.4737,763.75,153.27
1,13,-4,130,-40,136.01,0.4662,792.83,153.55
1,13,-3,130,-30,133.42,0.4471,779.06,158.35
1,13,-2,130,-20,131.53,0.4639,786.06,150.82
1,13,-1,130,-10,130.38,0.4519,783.51,149.56
1,13,0,130,0,130.0,0.4673,770.78,153.71
1,13,1,130,10,130.38,0.4461,777.33,150.28
1,13,2,130,20,131.53,0.4431,790.65,158.93
1,13,3,130,30,133.42,0.4715,791.54,153.05
1,13,4,130,40,136.01,0.47,797.97,155.1
2,-13,-4,-130,-40,136.01,0.4693,782.06,156.93
2,-13,-3,-130,-30,133.42,0.4628,745.49,157.83
2,-13,-2,-130,-20,131.53,0.4782,801.78,143.39
2,-13,-1,-130,-10,130.38,0.4648,776.24,150.59
2,-13,0,-130,0,130.0,0.462,781.24,155.31
2,-13,1,-130,10,130.38,0.4616,766.42,152.11
2,-13,2,-130,20,131.53,0.4558,756.77,149.89
2,-13,3,-130,30,133.42,0.4608,802.67,152.68
2,-13,4,-130,40,136.01,0.4575,761.89,154.78
2,-12,-6,-120,-60,134.16,0.4722,810.87,155.26
2,-12,-5,-120,-50,130.0,0.4621,775.32,152.66
2,-12,-4,-120,-40,126.49,0.4646,780.88,152.81
2,-12,-3,-120,-30,123.69,0.4583,778.36,152.7
2,-12,-2,-120,-20,121.66,0.4416,796.6,159.73
2,-12,-1,-120,-10,120.42,0.4529,794.65,155.08
2,-12,0,-120,0,120.0,0.4674,785.3,147.06
2,-12,1,-120,10,120.42,0.4594,790.97,151.49
2,-12,2,-120,20,121.66,0.4567,790.52,153.76
2,-12,3,-120,30,123.69,0.4611,783.96,154.08
2,-12,4,-120,40,126.49,0.4573,795.23,151.42
2,-12,5,-120,50,130.0,0.4616,759.12,152.68
2,-12,6,-120,60,134.16,0.4673,765.32,153.44
2,-11,-8,-110,-80,136.01,0.4444,759.09,151.37
2,-11,-7,-110,-70,130.38,0.462,788.24,153.67
2,-11,-6,-110,-60,125.3,0.4561,780.61,155.29
2,-11,-5,-110,-50,120.83,0.4592,783.81,156.45
2,-11,-4,-110,-40,117.05,0.4717,772.13,153.7
2,-11,-3,-110,-30,114.02,0.4798,796.51,152.16
2,-11,-2,-110,-20,111.8,0.454,800.7,153.85
2,-11,-1,-110,-10,110.45,0.4441,793.56,144.65
2,-11,0,-110,0,110.0,0.4522,780.62,152.43
2,-11,1,-110,10,110.45,0.4408,786.27,154.36
2,-11,2,-110,20,111.8,0.449,764.78,152.36
2,-11,3,-110,30,114.02,0.4504,789.52,149.62
2,-11,4,-110,40,117.05,0.4719,767.44,160.63
2,-11,5,-110,50,120.83,0.4543,791.57,150.85
2,-11,6,-110,60,125.3,0.4542,774.53,154.94
2,-11,7,-110,70,130.38,0.4499,788.7,147.29
2,-11,8,-110,80,136.01,0.4658,792.35,150.87
2,-10,-9,-100,-90,134.54,0.4684,781.36,159.26
2,-10,-8,-100,-80,128.06,0.4534,826.9,146.34
2,-10,-7,-100,-70,122.07,0.4553,762.66,158.28
2,-10,-6,-100,-60,116.62,0.4539,788.45,153.42
2,-10,-5,-100,-50,111.8,0.4544,784.44,147.82
2,-10,-4,-100,-40,107.7,0.4546,800.82,153.3
2,-10,-3,-100,-30,104.4,0.4677,763.82,150.74
2,-10,-2,-100,-20,101.98,0.4613,795.42,143.75
2,-10,-1,-100,-10,100.5,0.4412,802.71,151.54
2,-10,0,-100,0,100.0,0.4568,786.22,151.41
2,-10,1,-100,10,100.5,0.4439,801.68,150.82
2,-10,2,-100,20,101.98,0.4452,820.66,145.64
2,-10,3,-100,30,104.4,0.4512,783.79,156.44
2,-10,4,-100,40,107.7,0.458,785.39,150.37
2,-10,5,-100,50,111.8,0.4693,779.16,146.29
2,-10,6,-100,60,116.62,0.4583,795.73,154.09
2,-10,7,-100,70,122.07,0.4633,814.7,147.57
2,-10,8,-100,80,128.06,0.4506,794.59,150.2
2,-10,9,-100,90,134.54,0.4513,808.57,149.6
2,-9,-10,-90,-100,134.54,0.4601,779.7,158.39
2,-9,-9,-90,-90,127.28,0.445,791.36,150.73
2,-9,-8,-90,-80,120.42,0.4623,775.44,157.24
2,-9,-7,-90,-70,114.02,0.4479,755.38,149.44
2,-9,-6,-90,-60,108.17,0.4513,811.18,147.48
2,-9,-5,-90,-50,102.96,0.4421,811.36,146.71
2,-9,-4,-90,-40,98.49,0.4496,796.0,151.19
2,-9,-3,-90,-30,94.87,0.4445,785.39,151.34
2,-9,-2,-90,-20,92.2,0.443,779.39,153.9
2,-9,-1,-90,-10,90.55,0.4539,826.49,152.51
2,-9,0,-90,0,90.0,0.4399,801.45,147.09
2,-9,1,-90,10,90.55,0.4368,793.27,153.1
2,-9,2,-90,20,92.2,0.4523,778.92,148.77
2,-9,3,-90,30,94.87,0.4493,773.96,152.48
2,-9,4,-90,40,98.49,0.4492,777.53,146.19
2,-9,5,-90,50,102.96,0.4608,791.24,154.4
2,-9,6,-90,60,108.17,0.4659,810.28,149.65
2,-9,7,-90,70,114.02,0.4351,797.01,158.08
2,-9,8,-90,80,120.42,0.457,759.2,150.5
2,-9,9,-90,90,127.28,0.4584,768.66,145.71
2,-9,10,-90,100,134.54,0.4622,768.81,159.78
2,-8,-11,-80,-110,136.01,0.4644,786.65,154.34
2,-8,-10,-80,-100,128.06,0.461,759.88,150.39
2,-8,-9,-80,-90,120.42,0.466,792.18,151.33
2,-8,-8,-80,-80,113.14,0.4587,800.32,157.69
2,-8,-7,-80,-70,106.3,0.4542,779.76,150.74
2,-8,-6,-80,-60,100.0,0.4562,812.87,145.78
2,-8,-5,-80,-50,94.34,0.4524,785.95,148.61
2,-8,-4,-80,-40,89.44,0.4568,811.19,148.08
2,-8,-3,-80,-30,85.44,0.4487,791.96,158.7
2,-8,-2,-80,-20,82.46,0.4522,787.41,153.97
2,-8,-1,-80,-10,80.62,0.4609,826.88,156.26
2,-8,0,-80,0,80.0,0.4557,794.75,149.39
2,-8,1,-80,10,80.62,0.4477,793.94,153.72
2,-8,2,-80,20,82.46,0.45,814.57,152.03
2,-8,3,-80,30,85.44,0.4412,774.24,146.32
2,-8,4,-80,40,89.44,0.4466,802.01,148.17
2,-8,5,-80,50,94.34,0.456,791.49,151.08
2,-8,6,-80,60,100.0,0.4523,823.95,147.7
2,-8,7,-80,70,106.3,0.4705,786.79,147.07
2,-8,8,-80,80,113.14,0.4531,841.33,154.41
2,-8,9,-80,90,120.42,0.4621,800.97,150.21
2,-8,10,-80,100,128.06,0.4628,784.7,158.94
2,-8,11,-80,110,136.01,0.4627,773.94,151.2
2,-7,-11,-70,-110,130.38,0.4623,787.63,150.24
2,-7,-10,-70,-100,122.07,0.4615,791.64,155.77
2,-7,-9,-70,-90,114.02,0.4648,793.73,148.7
2,-7,-8,-70,-80,106.3,0.4462,822.13,151.59
2,-7,-7,-70,-70,98.99,0.4651,805.72,152.83
2,-7,-6,-70,-60,92.2,0.4577,781.44,151.14
2,-7,-5,-70,-50,86.02,0.4401,795.73,151.96
2,-7,-4,-70,-40,80.62,0.4418,808.39,145.5
2,-7,-3,-70,-30,76.16,0.4591,790.03,146.92
2,-7,-2,-70,-20,72.8,0.4385,791.31,144.28
2,-7,-1,-70,-10,70.71,0.4456,816.49,149.43
2,-7,0,-70,0,70.0,0.4406,803.39,150.41
2,-7,1,-70,10,70.71,0.4657,811.86,150.92
2,-7,2,-70,20,72.8,0.4572,797.98,149.77
2,-7,3,-70,30,76.16,0.4633,775.47,152.9
2,-7,4,-70,40,80.62,0.4491,795.63,148.34
2,-7,5,-70,50,86.02,0.4512,799.35,148.79
2,-7,6,-70,60,92.2,0.4445,771.21,148.05
2,-7,7,-70,70,98.99,0.4471,800.51,156.45
2,-7,8,-70,80,106.3,0.4479,780.34,148.95
2,-7,9,-70,90,114.02,0.4564,801.14,153.99
2,-7,10,-70,100,122.07,0.4645,802.68,151.89
2,-7,11,-70,110,130.38,0.4776,777.92,154.17
2,-6,-12,-60,-120,134.16,0.4731,789.33,147.68
2,-6,-11,-60,-110,125.3,0.4592,799.23,149.11
2,-6,-10,-60,-100,116.62,0.462,796.88,155.64
2,-6,-9,-60,-90,108.17,0.4478,809.88,151.73
2,-6,-8,-60,-80,100.0,0.4655,839.73,155.24
2,-6,-7,-60,-70,92.2,0.454,834.6,152.03
2,-6,-6,-60,-60,84.85,0.4427,799.41,152.3
2,-6,-5,-60,-50,78.1,0.4566,783.12,146.72
2,-6,-4,-60,-40,72.11,0.4473,808.02,151.99
2,-6,-3,-60,-30,67.08,0.4511,787.48,155.21
2,-6,-2,-60,-20,63.25,0.4414,819.54,152.22
2,-6,-1,-60,-10,60.83,0.4602,793.33,149.57
2,-6,0,-60,0,60.0,0.4504,792.85,150.68
2,-6,1,-60,10,60.83,0.4626,780.55,148.03
2,-6,2,-60,20,63.25,0.4439,798.58,149.59
2,-6,3,-60,30,67.08,0.4562,800.51,150.91
2,-6,4,-60,40,72.11,0.4532,803.68,152.11
2,-6,5,-60,50,78.1,0.449,824.7,157.62
2,-6,6,-60,60,84.85,0.4556,803.42,151.89
2,-6,7,-60,70,92.2,0.4413,802.49,148.02
2,-6,8,-60,80,100.0,0.4555,787.04,149.59
2,-6,9,-60,90,108.17,0.4384,777.34,152.31
2,-6,10,-60,100,116.62,0.449,806.99,149.23
2,-6,11,-60,110,125.3,0.4628,774.87,154.3
2,-6,12,-60,120,134.16,0.4505,774.03,151.87
2,-5,-12,-50,-120,130.0,0.4681,790.41,150.09
2,-5,-11,-50,-110,120.83,0.4558,777.23,155.42
2,-5,-10,-50,-100,111.8,0.4646,771.73,154.07
2,-5,-9,-50,-90,102.96,0.4454,793.16,150.93
2,-5,-8,-50,-80,94.34,0.4649,784.35,152.81
2,-5,-7,-50,-70,86.02,0.4406,781.39,150.12
2,-5,-6,-50,-60,78.1,0.4502,757.52,153.48
2,-5,-5,-50,-50,70.71,0.4329,797.81,153.98
2,-5,-4,-50,-40,64.03,0.4677,794.55,145.7
2,-5,-3,-50,-30,58.31,0.4603,812.98,148.53
2,-5,-2,-50,-20,53.85,0.4451,789.24,148.97
2,-5,-1,-50,-10,50.99,0.4525,791.51,148.68
2,-5,0,-50,0,50.0,0.4551,777.76,148.87
2,-5,1,-50,10,50.99,0.4366,801.63,144.18
2,-5,2,-50,20,53.85,0.4571,780.28,144.68
2,-5,3,-50,30,58.31,0.4471,825.67,152.13
2,-5,4,-50,40,64.03,0.4346,779.85,148.81
2,-5,5,-50,50,70.71,0.4679,785.92,147.21
2,-5,6,-50,60,78.1,0.4622,802.92,153.16
2,-5,7,-50,70,86.02,0.4442,798.48,153.98
2,-5,8,-50,80,94.34,0.4492,816.26,151.47
2,-5,9,-50,90,102.96,0.4437,796.71,153.78
2,-5,10,-50,100,111.8,0.4598,792.75,145.91
2,-5,11,-50,110,120.83,0.4431,765.07,151.04
2,-5,12,-50,120,130.0,0.458,761.34,156.85
2,-4,-13,-40,-130,136.01,0.4535,759.05,154.96
2,-4,-12,-40,-120,126.49,0.4674,816.42,155.05
2,-4,-11,-40,-110,117.05,0.4688,772.63,158.61
2,-4,-10,-40,-100,107.7,0.4384,787.58,152.89
2,-4,-9,-40,-90,98.49,0.4382,784.48,147.28
2,-4,-8,-40,-80,89.44,0.4475,821.32,150.17
2,-4,-7,-40,-70,80.62,0.4463,756.74,151.4
2,-4,-6,-40,-60,72.11,0.4563,774.5,149.8
2,-4,-5,-40,-50,64.03,0.4515,814.47,147.83
2,-4,-4,-40,-40,56.57,0.443,793.15,153.85
2,-4,-3,-40,-30,50.0,0.4584,799.68,153.06
2,-4,-2,-40,-20,44.72,0.4311,811.87,146.64
2,-4,-1,-40,-10,41.23,0.4641,784.04,147.44
2,-4,0,-40,0,40.0,0.4545,809.88,148.66
2,-4,1,-40,10,41.23,0.453,807.43,151.18
2,-4,2,-40,20,44.72,0.4468,807.58,154.22
2,-4,3,-40,30,50.0,0.4402,787.4,150.08
2,-4,4,-40,40,56.57,0.4416,772.95,153.28
2,-4,5,-40,50,64.03,0.4322,793.96,152.28
2,-4,6,-40,60,72.11,0.4521,794.19,146.71
2,-4,7,-40,70,80.62,0.4528,785.17,150.8
2,-4,8,-40,80,89.44,0.4511,802.27,148.2
2,-4,9,-40,90,98.49,0.4674,803.76,149.7
2,-4,10,-40,100,107.7,0.4554,783.52,150.05
2,-4,11,-40,110,117.05,0.4753,779.3,151.9
2,-4,12,-40,120,126.49,0.456,770.01,154.56
2,-4,13,-40,130,136.01,0.4639,793.28,157.12
2,-3,-13,-30,-130,133.42,0.4697,767.54,156.21
2,-3,-12,-30,-120,123.69,0.4638,771.91,151.97
2,-3,-11,-30,-110,114.02,0.4435,802.36,153.8
2,-3,-10,-30,-100,104.4,0.4638,793.0,152.29
2,-3,-9,-30,-90,94.87,0.4584,787.99,147.62
2,-3,-8,-30,-80,85.44,0.4442,794.76,147.41
2,-3,-7,-30,-70,76.16,0.4446,813.21,149.71
2,-3,-6,-30,-60,67.08,0.4525,791.74,148.15
2,-3,-5,-30,-50,58.31,0.4523,801.89,152.33
2,-3,-4,-30,-40,50.0,0.4604,789.63,152.58
2,-3,-3,-30,-30,42.43,0.4414,831.11,147.64
2,-3,-2,-30,-20,36.06,0.4555,783.69,149.54
2,-3,-1,-30,-10,31.62,0.4624,787.73,156.61
2,-3,0,-30,0,30.0,0.45,814.64,151.21
2,-3,1,-30,10,31.62,0.4537,778.61,148.58
2,-3,2,-30,20,36.06,0.4596,794.84,150.42
2,-3,3,-30,30,42.43,0.4376,791.94,153.37
2,-3,4,-30,40,50.0,0.4397,810.76,150.53
2,-3,5,-30,50,58.31,0.4481,795.8,148.53
2,-3,6,-30,60,67.08,0.4468,813.95,148.7
2,-3,7,-30,70,76.16,0.4645,804.49,148.27
2,-3,8,-30,80,85.44,0.4578,809.36,145.06
2,-3,9,-30,90,94.87,0.4422,797.57,145.59
2,-3,10,-30,100,104.4,0.4691,808.76,150.9
2,-3,11,-30,110,114.02,0.4524,783.32,145.92
2,-3,12,-30,120,123.69,0.4447,815.74,157.65
2,-3,13,-30,130,133.42,0.4579,794.93,155.81
2,-2,-13,-20,-130,131.53,0.4666,761.14,148.58
2,-2,-12,-20,-120,121.66,0.4672,758.68,152.23
2,-2,-11,-20,-110,111.8,0.4515,786.45,152.53
2,-2,-10,-20,-100,101.98,0.4464,803.23,151.18
2,-2,-9,-20,-90,92.2,0.4669,779.01,150.3
2,-2,-8,-20,-80,82.46,0.4535,796.15,145.99
2,-2,-7,-20,-70,72.8,0.4601,805.05,146.2
2,-2,-6,-20,-60,63.25,0.4535,825.52,149.89
2,-2,-5,-20,-50,53.85,0.45,823.52,147.09
2,-2,-4,-20,-40,44.72,0.4638,814.59,147.23
2,-2,-3,-20,-30,36.06,0.4447,792.13,144.5
2,-2,-2,-20,-20,28.28,0.4521,786.82,150.89
2,-2,-1,-20,-10,22.36,0.4397,813.85,152.21
2,-2,0,-20,0,20.0,0.4444,805.39,150.25
2,-2,1,-20,10,22.36,0.4619,784.51,149.54
2,-2,2,-20,20,28.28,0.4449,800.67,151.6
2,-2,3,-20,30,36.06,0.4448,794.54,152.9
2,-2,4,-20,40,44.72,0.4609,807.4,149.59
2,-2,5,-20,50,53.85,0.4481,808.22,150.68
2,-2,6,-20,60,63.25,0.4368,808.59,147.42
2,-2,7,-20,70,72.8,0.4387,774.97,149.35
2,-2,8,-20,80,82.46,0.4419,765.1,148.92
2,-2,9,-20,90,92.2,0.4462,797.54,148.33
2,-2,10,-20,100,101.98,0.4664,805.05,149.26
2,-2,11,-20,110,111.8,0.4539,814.57,154.46
2,-2,12,-20,120,121.66,0.4466,773.75,150.33
2,-2,13,-20,130,131.53,0.4581,773.59,154.11
2,-1,-13,-10,-130,130.38,0.4671,796.78,152.86
2,-1,-12,-10,-120,120.42,0.4442,773.44,150.96
2,-1,-11,-10,-110,110.45,0.4441,811.07,147.92
2,-1,-10,-10,-100,100.5,0.4564,772.55,152.63
2,-1,-9,-10,-90,90.55,0.4489,822.66,146.76
2,-1,-8,-10,-80,80.62,0.4455,794.44,149.54
2,-1,-7,-10,-70,70.71,0.4472,795.1,148.97
2,-1,-6,-10,-60,60.83,0.4334,814.9,158.58
2,-1,-5,-10,-50,50.99,0.4524,782.96,146.9
2,-1,-4,-10,-40,41.23,0.4549,805.78,149.15
2,-1,-3,-10,-30,31.62,0.456,769.04,152.26
2,-1,-2,-10,-20,22.36,0.4519,785.06,145.7
2,-1,-1,-10,-10,14.14,0.451,821.11,149.32
2,-1,0,-10,0,10.0,0.4432,802.87,155.46
2,-1,1,-10,10,14.14,0.4535,808.09,153.67
2,-1,2,-10,20,22.36,0.4538,788.29,144.77
2,-1,3,-10,30,31.62,0.4426,783.43,151.98
2,-1,4,-10,40,41.23,0.4564,802.63,146.19
2,-1,5,-10,50,50.99,0.4643,793.76,151.81
2,-1,6,-10,60,60.83,0.4504,803.13,151.7
2,-1,7,-10,70,70.71,0.4444,819.58,145.26
2,-1,8,-10,80,80.62,0.4417,819.39,151.77
2,-1,9,-10,90,90.55,0.4703,801.0,155.26
2,-1,10,-10,100,100.5,0.4366,776.58,153.35
2,-1,11,-10,110,110.45,0.4401,791.0,154.96
2,-1,12,-10,120,120.42,0.4613,789.21,151.18
2,-1,13,-10,130,130.38,0.4628,791.9,151.86
2,0,-13,0,-130,130.0,0.464,799.65,153.12
2,0,-12,0,-120,120.0,0.4577,796.52,154.13
2,0,-11,0,-110,110.0,0.4609,778.94,149.83
2,0,-10,0,-100,100.0,0.4474,784.38,145.23
2,0,-9,0,-90,90.0,0.424,817.93,145.47
2,0,-8,0,-80,80.0,0.4625,811.09,148.78
2,0,-7,0,-70,70.0,0.4549,806.38,146.69
2,0,-6,0,-60,60.0,0.4499,785.3,151.96
2,0,-5,0,-50,50.0,0.4443,798.55,149.58
2,0,-4,0,-40,40.0,0.451,824.94,149.28
2,0,-3,0,-30,30.0,0.4597,807.2,154.26
2,0,-2,0,-20,20.0,0.4473,810.44,149.82
2,0,-1,0,-10,10.0,0.4261,783.65,151.75
2,0,0,0,0,0.0,0.4541,780.58,150.66
2,0,1,0,10,10.0,0.454,799.48,152.19
2,0,2,0,20,20.0,0.4547,799.47,148.47
2,0,3,0,30,30.0,0.4583,806.95,145.86
2,0,4,0,40,40.0,0.4518,782.73,147.11
2,0,5,0,50,50.0,0.4448,800.67,151.12
2,0,6,0,60,60.0,0.4467,794.52,148.49
2,0,7,0,70,70.0,0.4584,757.21,149.07
2,0,8,0,80,80.0,0.4624,807.76,153.8
2,0,9,0,90,90.0,0.4337,781.37,151.68
2,0,10,0,100,100.0,0.4638,780.82,149.46
2,0,11,0,110,110.0,0.4571,772.37,152.98
2,0,12,0,120,120.0,0.4357,796.65,149.49
2,0,13,0,130,130.0,0.4574,793.25,155.13
2,1,-13,10,-130,130.38,0.4611,797.77,148.74
2,1,-12,10,-120,120.42,0.4589,777.19,155.28
2,1,-11,10,-110,110.45,0.4595,804.81,156.39
2,1,-10,10,-100,100.5,0.4605,795.42,150.66
2,1,-9,10,-90,90.55,0.4548,802.02,152.27
2,1,-8,10,-80,80.62,0.4322,828.21,150.18
2,1,-7,10,-70,70.71,0.437,786.29,143.61
2,1,-6,10,-60,60.83,0.4413,797.87,154.54
2,1,-5,10,-50,50.99,0.4533,803.49,146.59
2,1,-4,10,-40,41.23,0.4434,788.8,147.88
2,1,-3,10,-30,31.62,0.4472,795.86,148.98
2,1,-2,10,-20,22.36,0.4446,802.03,149.06
2,1,-1,10,-10,14.14,0.4372,800.52,149.65
2,1,0,10,0,10.0,0.4374,791.13,151.79
2,1,1,10,10,14.14,0.4409,781.37,149.03
2,1,2,10,20,22.36,0.455,827.15,151.98
2,1,3,10,30,31.62,0.4587,805.2,147.94
2,1,4,10,40,41.23,0.4552,798.72,151.13
2,1,5,10,50,50.99,0.4424,807.0,149.64
2,1,6,10,60,60.83,0.4519,798.72,149.17
2,1,7,10,70,70.71,0.4539,793.91,145.23
2,1,8,10,80,80.62,0.435,802.77,148.66
2,1,9,10,90,90.55,0.4362,801.57,149.87
2,1,10,10,100,100.5,0.4475,801.48,154.61
2,1,11,10,110,110.45,0.4643,796.11,151.2
2,1,12,10,120,120.42,0.4586,793.68,151.72
2,1,13,10,130,130.38,0.4626,759.63,154.09
2,2,-13,20,-130,131.53,0.4655,775.17,153.72
2,2,-12,20,-120,121.66,0.4489,769.61,153.31
2,2,-11,20,-110,111.8,0.4486,766.7,148.25
2,2,-10,20,-100,101.98,0.4441,808.91,151.3
2,2,-9,20,-90,92.2,0.4432,790.97,154.15
2,2,-8,20,-80,82.46,0.4575,783.23,153.49
2,2,-7,20,-70,72.8,0.4494,811.99,149.51
2,2,-6,20,-60,63.25,0.4595,782.61,149.23
2,2,-5,20,-50,53.85,0.4597,764.11,149.86
2,2,-4,20,-40,44.72,0.4469,810.27,153.21
2,2,-3,20,-30,36.06,0.4558,803.62,150.12
2,2,-2,20,-20,28.28,0.4473,803.15,154.38
2,2,-1,20,-10,22.36,0.4434,793.97,149.77
2,2,0,20,0,20.0,0.458,803.35,152.95
2,2,1,20,10,22.36,0.4583,808.88,146.81
2,2,2,20,20,28.28,0.4633,821.19,150.19
2,2,3,20,30,36.06,0.4389,776.59,150.76
2,2,4,20,40,44.72,0.4444,774.24,145.26
2,2,5,20,50,53.85,0.4462,802.92,154.22
2,2,6,20,60,63.25,0.4539,794.28,151.14
2,2,7,20,70,72.8,0.4523,811.09,149.88
2,2,8,20,80,82.46,0.4583,812.37,150.25
2,2,9,20,90,92.2,0.4492,813.58,148.08
2,2,10,20,100,101.98,0.4398,774.61,148.37
2,2,11,20,110,111.8,0.4597,787.01,152.2
2,2,12,20,120,121.66,0.4538,781.06,149.6
2,2,13,20,130,131.53,0.4609,779.89,155.25
2,3,-13,30,-130,133.42,0.4648,778.36,149.77
2,3,-12,30,-120,123.69,0.4671,785.95,153.17
2,3,-11,30,-110,114.02,0.4679,805.93,153.15
2,3,-10,30,-100,104.4,0.4524,796.25,151.66
2,3,-9,30,-90,94.87,0.4537,824.97,157.76
2,3,-8,30,-80,85.44,0.4523,767.7,147.17
2,3,-7,30,-70,76.16,0.4645,810.78,151.28
2,3,-6,30,-60,67.08,0.4487,782.16,155.03
2,3,-5,30,-50,58.31,0.4434,810.94,146.1
2,3,-4,30,-40,50.0,0.4483,814.89,149.25
2,3,-3,30,-30,42.43,0.4471,800.16,145.99
2,3,-2,30,-20,36.06,0.4378,810.71,148.73
2,3,-1,30,-10,31.62,0.4557,816.77,153.6
2,3,0,30,0,30.0,0.437,789.53,151.61
2,3,1,30,10,31.62,0.4544,833.74,147.28
2,3,2,30,20,36.06,0.4593,805.58,145.08
2,3,3,30,30,42.43,0.4456,803.94,144.89
2,3,4,30,40,50.0,0.4334,773.58,150.78
2,3,5,30,50,58.31,0.4461,790.7,148.24
2,3,6,30,60,67.08,0.4386,793.15,144.54
2,3,7,30,70,76.16,0.4595,825.38,143.02
2,3,8,30,80,85.44,0.4462,793.94,149.5
2,3,9,30,90,94.87,0.4585,792.31,150.07
2,3,10,30,100,104.4,0.4762,794.76,156.24
2,3,11,30,110,114.02,0.4591,784.01,149.65
2,3,12,30,120,123.69,0.4585,770.33,150.34
2,3,13,30,130,133.42,0.4591,785.71,159.77
2,4,-13,40,-130,136.01,0.4597,786.53,149.81
2,4,-12,40,-120,126.49,0.4681,759.78,155.69
2,4,-11,40,-110,117.05,0.4555,789.0,151.23
2,4,-10,40,-100,107.7,0.4428,776.41,153.72
2,4,-9,40,-90,98.49,0.4512,793.77,151.86
2,4,-8,40,-80,89.44,0.4508,788.11,157.5
2,4,-7,40,-70,80.62,0.4559,801.91,148.46
2,4,-6,40,-60,72.11,0.4576,788.19,147.38
2,4,-5,40,-50,64.03,0.4635,800.46,147.71
2,4,-4,40,-40,56.57,0.45,812.75,151.86
2,4,-3,40,-30,50.0,0.4578,781.26,152.85
2,4,-2,40,-20,44.72,0.4486,801.34,153.63
2,4,-1,40,-10,41.23,0.4556,805.27,144.05
2,4,0,40,0,40.0,0.4496,788.23,152.13
2,4,1,40,10,41.23,0.4579,795.47,148.0
2,4,2,40,20,44.72,0.4625,790.95,146.42
2,4,3,40,30,50.0,0.4433,791.68,147.42
2,4,4,40,40,56.57,0.4568,767.03,147.35
2,4,5,40,50,64.03,0.4496,803.15,155.08
2,4,6,40,60,72.11,0.4624,775.99,144.28
2,4,7,40,70,80.62,0.4502,789.9,146.42
2,4,8,40,80,89.44,0.4501,803.46,147.6
2,4,9,40,90,98.49,0.4461,786.95,149.3
2,4,10,40,100,107.7,0.4576,778.97,149.29
2,4,11,40,110,117.05,0.4529,790.71,152.96
2,4,12,40,120,126.49,0.4759,794.18,155.09
2,4,13,40,130,136.01,0.4615,764.91,153.11
2,5,-12,50,-120,130.0,0.4553,789.36,148.83
2,5,-11,50,-110,120.83,0.4622,787.06,154.77
2,5,-10,50,-100,111.8,0.4486,779.83,150.37
2,5,-9,50,-90,102.96,0.4486,809.05,153.22
2,5,-8,50,-80,94.34,0.4656,791.98,140.27
2,5,-7,50,-70,86.02,0.4467,803.46,152.18
2,5,-6,50,-60,78.1,0.4524,792.56,155.14
2,5,-5,50,-50,70.71,0.4417,795.88,146.76
2,5,-4,50,-40,64.03,0.4502,823.84,149.58
2,5,-3,50,-30,58.31,0.4489,774.56,149.14
2,5,-2,50,-20,53.85,0.4592,796.25,149.05
2,5,-1,50,-10,50.99,0.4588,795.3,153.88
2,5,0,50,0,50.0,0.4397,810.17,154.94
2,5,1,50,10,50.99,0.4581,771.99,148.09
2,5,2,50,20,53.85,0.4481,815.15,146.01
2,5,3,50,30,58.31,0.4418,775.92,147.52
2,5,4,50,40,64.03,0.44,823.97,148.06
2,5,5,50,50,70.71,0.4555,800.27,150.01
2,5,6,50,60,78.1,0.4453,811.55,150.46
2,5,7,50,70,86.02,0.4508,791.1,148.75
2,5,8,50,80,94.34,0.4551,802.86,150.68
2,5,9,50,90,102.96,0.446,826.12,149.39
2,5,10,50,100,111.8,0.4542,790.54,157.45
2,5,11,50,110,120.83,0.4551,783.08,152.93
2,5,12,50,120,130.0,0.4555,785.15,160.9
2,6,-12,60,-120,134.16,0.4652,784.78,152.25
2,6,-11,60,-110,125.3,0.4728,815.39,155.7
2,6,-10,60,-100,116.62,0.4612,787.51,153.26
2,6,-9,60,-90,108.17,0.4467,778.05,146.79
2,6,-8,60,-80,100.0,0.4547,777.26,149.13
2,6,-7,60,-70,92.2,0.4497,814.72,148.48
2,6,-6,60,-60,84.85,0.4589,814.09,146.8
2,6,-5,60,-50,78.1,0.459,795.75,148.5
2,6,-4,60,-40,72.11,0.4478,799.95,148.75
2,6,-3,60,-30,67.08,0.4433,788.73,150.42
2,6,-2,60,-20,63.25,0.4487,807.91,150.16
2,6,-1,60,-10,60.83,0.4506,808.89,154.26
2,6,0,60,0,60.0,0.4617,820.11,152.61
2,6,1,60,10,60.83,0.4667,806.57,150.98
2,6,2,60,20,63.25,0.468,759.11,149.36
2,6,3,60,30,67.08,0.46,814.7,157.7
2,6,4,60,40,72.11,0.4509,793.54,149.0
2,6,5,60,50,78.1,0.4525,824.32,154.9
2,6,6,60,60,84.85,0.4496,803.8,148.18
2,6,7,60,70,92.2,0.4461,815.48,155.02
2,6,8,60,80,100.0,0.4458,801.58,149.9
2,6,9,60,90,108.17,0.4603,789.11,145.47
2,6,10,60,100,116.62,0.464,786.48,151.49
2,6,11,60,110,125.3,0.4626,791.59,154.51
2,6,12,60,120,134.16,0.4497,789.17,148.68
2,7,-11,70,-110,130.38,0.4673,800.01,149.74
2,7,-10,70,-100,122.07,0.4605,804.0,151.38
2,7,-9,70,-90,114.02,0.4605,750.53,155.1
2,7,-8,70,-80,106.3,0.4531,791.83,154.04
2,7,-7,70,-70,98.99,0.465,805.52,155.39
2,7,-6,70,-60,92.2,0.4377,809.78,149.82
2,7,-5,70,-50,86.02,0.4437,771.07,151.87
2,7,-4,70,-40,80.62,0.457,820.13,153.53
2,7,-3,70,-30,76.16,0.4438,819.36,154.19
2,7,-2,70,-20,72.8,0.4479,800.43,147.2
2,7,-1,70,-10,70.71,0.4618,777.32,151.6
2,7,0,70,0,70.0,0.4452,783.38,144.38
2,7,1,70,10,70.71,0.4483,781.03,150.17
2,7,2,70,20,72.8,0.4642,802.99,155.99
2,7,3,70,30,76.16,0.4421,780.79,146.92
2,7,4,70,40,80.62,0.4495,840.84,145.01
2,7,5,70,50,86.02,0.455,789.5,149.36
2,7,6,70,60,92.2,0.4401,812.97,150.08
2,7,7,70,70,98.99,0.4599,800.87,144.77
2,7,8,70,80,106.3,0.4616,765.51,145.48
2,7,9,70,90,114.02,0.4478,778.75,156.0
2,7,10,70,100,122.07,0.4565,806.85,151.02
2,7,11,70,110,130.38,0.4637,790.35,155.93
2,8,-11,80,-110,136.01,0.4599,773.94,153.8
2,8,-10,80,-100,128.06,0.447,783.4,152.36
2,8,-9,80,-90,120.42,0.4619,790.41,156.53
2,8,-8,80,-80,113.14,0.4554,784.3,151.89
2,8,-7,80,-70,106.3,0.4587,769.1,148.95
2,8,-6,80,-60,100.0,0.4458,804.1,152.21
2,8,-5,80,-50,94.34,0.4512,762.23,145.35
2,8,-4,80,-40,89.44,0.4481,792.48,150.13
2,8,-3,80,-30,85.44,0.4462,822.97,143.14
2,8,-2,80,-20,82.46,0.4524,812.42,152.1
2,8,-1,80,-10,80.62,0.4563,813.97,148.19
2,8,0,80,0,80.0,0.4412,769.48,148.91
2,8,1,80,10,80.62,0.4438,817.42,149.14
2,8,2,80,20,82.46,0.4418,782.17,155.97
2,8,3,80,30,85.44,0.4498,788.28,150.4
2,8,4,80,40,89.44,0.4652,794.15,152.18
2,8,5,80,50,94.34,0.4599,771.04,148.4
2,8,6,80,60,100.0,0.4599,787.44,151.87
2,8,7,80,70,106.3,0.4468,789.02,149.39
2,8,8,80,80,113.14,0.4599,795.75,152.02
2,8,9,80,90,120.42,0.4774,815.14,146.58
2,8,10,80,100,128.06,0.4567,821.06,151.79
2,8,11,80,110,136.01,0.4803,773.22,153.99
2,9,-10,90,-100,134.54,0.4699,779.23,155.95
2,9,-9,90,-90,127.28,0.4725,796.51,153.83
2,9,-8,90,-80,120.42,0.4707,802.19,150.32
2,9,-7,90,-70,114.02,0.471,801.95,151.17
2,9,-6,90,-60,108.17,0.4372,774.28,156.35
2,9,-5,90,-50,102.96,0.4659,798.23,145.52
2,9,-4,90,-40,98.49,0.4424,774.03,145.55
2,9,-3,90,-30,94.87,0.4667,830.2,146.97
2,9,-2,90,-20,92.2,0.4501,780.52,150.17
2,9,-1,90,-10,90.55,0.4631,816.15,152.58
2,9,0,90,0,90.0,0.4484,818.93,152.08
2,9,1,90,10,90.55,0.4532,798.24,151.11
2,9,2,90,20,92.2,0.4524,791.67,147.89
2,9,3,90,30,94.87,0.4425,785.31,149.77
2,9,4,90,40,98.49,0.4483,789.07,148.45
2,9,5,90,50,102.96,0.4544,817.62,150.8
2,9,6,90,60,108.17,0.4528,780.92,150.58
2,9,7,90,70,114.02,0.4646,807.87,154.71
2,9,8,90,80,120.42,0.4648,795.59,153.73
2,9,9,90,90,127.28,0.4619,778.88,153.66
2,9,10,90,100,134.54,0.4647,790.08,154.76
2,10,-9,100,-90,134.54,0.4798,762.44,156.73
2,10,-8,100,-80,128.06,0.4599,784.69,151.08
2,10,-7,100,-70,122.07,0.4661,797.93,155.23
2,10,-6,100,-60,116.62,0.4573,786.16,151.89
2,10,-5,100,-50,111.8,0.4579,763.27,154.21
2,10,-4,100,-40,107.7,0.4727,802.34,150.37
2,10,-3,100,-30,104.4,0.4511,807.04,150.16
2,10,-2,100,-20,101.98,0.4588,794.68,155.9
2,10,-1,100,-10,100.5,0.465,792.83,150.42
2,10,0,100,0,100.0,0.4512,797.8,147.79
2,10,1,100,10,100.5,0.4428,816.52,153.93
2,10,2,100,20,101.98,0.4604,796.25,156.44
2,10,3,100,30,104.4,0.4522,809.37,146.77
2,10,4,100,40,107.7,0.4514,792.8,151.01
2,10,5,100,50,111.8,0.4438,803.91,154.67
2,10,6,100,60,116.62,0.45,773.82,149.78
2,10,7,100,70,122.07,0.4619,779.19,152.32
2,10,8,100,80,128.06,0.4516,814.35,153.73
2,10,9,100,90,134.54,0.4721,787.98,154.34
2,11,-8,110,-80,136.01,0.4628,768.73,153.34
2,11,-7,110,-70,130.38,0.4531,766.48,160.1
2,11,-6,110,-60,125.3,0.4614,808.29,150.76
2,11,-5,110,-50,120.83,0.4474,774.15,151.31
2,11,-4,110,-40,117.05,0.4564,788.55,149.81
2,11,-3,110,-30,114.02,0.4558,794.94,153.92
2,11,-2,110,-20,111.8,0.4662,787.89,155.23
2,11,-1,110,-10,110.45,0.4546,771.05,156.81
2,11,0,110,0,110.0,0.4721,803.44,151.69
2,11,1,110,10,110.45,0.4519,787.0,155.09
2,11,2,110,20,111.8,0.4543,818.46,151.69
2,11,3,110,30,114.02,0.4518,783.29,149.58
2,11,4,110,40,117.05,0.4602,771.39,149.68
2,11,5,110,50,120.83,0.4681,774.5,155.16
2,11,6,110,60,125.3,0.4426,808.05,149.33
2,11,7,110,70,130.38,0.4542,793.44,154.65
2,11,8,110,80,136.01,0.4708,760.44,153.83
2,12,-6,120,-60,134.16,0.4578,764.18,156.19
2,12,-5,120,-50,130.0,0.4686,778.42,158.35
2,12,-4,120,-40,126.49,0.4533,808.08,154.98
2,12,-3,120,-30,123.69,0.4487,816.95,151.6
2,12,-2,120,-20,121.66,0.4674,790.55,153.8
2,12,-1,120,-10,120.42,0.4645,801.73,151.5
2,12,0,120,0,120.0,0.4614,796.12,153.11
2,12,1,120,10,120.42,0.4557,792.22,158.43
2,12,2,120,20,121.66,0.4554,806.47,150.82
2,12,3,120,30,123.69,0.4515,836.37,154.55
2,12,4,120,40,126.49,0.4641,794.53,157.52
2,12,5,120,50,130.0,0.4643,795.72,150.61
2,12,6,120,60,134.16,0.4707,777.28,156.42
2,13,-4,130,-40,136.01,0.4499,789.06,147.97
2,13,-3,130,-30,133.42,0.4603,755.73,156.19
2,13,-2,130,-20,131.53,0.4622,770.96,158.31
2,13,-1,130,-10,130.38,0.454,737.77,155.38
2,13,0,130,0,130.0,0.4469,770.5,152.23
2,13,1,130,10,130.38,0.4498,775.83,149.63
2,13,2,130,20,131.53,0.463,764.09,154.1
2,13,3,130,30,133.42,0.4718,793.05,154.05
2,13,4,130,40,136.01,0.4557,782.0,152.61
3,-13,-4,-130,-40,136.01,0.4762,775.53,158.39
3,-13,-3,-130,-30,133.42,0.4659,783.33,153.52
3,-13,-2,-130,-20,131.53,0.4711,766.42,155.45
3,-13,-1,-130,-10,130.38,0.4639,783.89,156.2
3,-13,0,-130,0,130.0,0.4613,775.46,154.06
3,-13,1,-130,10,130.38,0.4484,792.43,156.45
3,-13,2,-130,20,131.53,0.4564,769.1,152.15
3,-13,3,-130,30,133.42,0.462,784.55,159.14
3,-13,4,-130,40,136.01,0.4755,792.08,155.06
3,-12,-6,-120,-60,134.16,0.4554,806.02,153.66
3,-12,-5,-120,-50,130.0,0.4633,792.89,153.97
3,-12,-4,-120,-40,126.49,0.4688,792.43,156.26
3,-12,-3,-120,-30,123.69,0.4621,786.66,153.15
3,-12,-2,-120,-20,121.66,0.4573,769.1,149.67
3,-12,-1,-120,-10,120.42,0.4632,770.15,151.31
3,-12,0,-120,0,120.0,0.4488,782.4,152.01
3,-12,1,-120,10,120.42,0.4541,767.62,151.97
3,-12,2,-120,20,121.66,0.4501,778.82,154.9
3,-12,3,-120,30,123.69,0.4662,767.56,157.64
3,-12,4,-120,40,126.49,0.4555,776.59,150.62
3,-12,5,-120,50,130.0,0.4615,813.2,149.17
3,-12,6,-120,60,134.16,0.4463,784.86,156.11
3,-11,-8,-110,-80,136.01,0.464,788.55,151.3
3,-11,-7,-110,-70,130.38,0.4536,785.1,159.12
3,-11,-6,-110,-60,125.3,0.4636,795.41,149.92
3,-11,-5,-110,-50,120.83,0.4608,771.09,157.88
3,-11,-4,-110,-40,117.05,0.448,778.86,147.72
3,-11,-3,-110,-30,114.02,0.4558,792.97,156.35
3,-11,-2,-110,-20,111.8,0.4606,781.49,154.21
3,-11,-1,-110,-10,110.45,0.4441,783.18,151.81
3,-11,0,-110,0,110.0,0.4448,810.13,158.25
3,-11,1,-110,10,110.45,0.4517,784.18,151.07
3,-11,2,-110,20,111.8,0.45,797.28,147.62
3,-11,3,-110,30,114.02,0.4577,820.99,145.8
3,-11,4,-110,40,117.05,0.4468,784.14,153.76
3,-11,5,-110,50,120.83,0.4646,800.97,147.5
3,-11,6,-110,60,125.3,0.4537,772.8,152.94
3,-11,7,-110,70,130.38,0.4613,762.7,152.52
3,-11,8,-110,80,136.01,0.4682,770.19,154.09
3,-10,-9,-100,-90,134.54,0.4765,810.44,147.98
3,-10,-8,-100,-80,128.06,0.4611,828.42,154.95
3,-10,-7,-100,-70,122.07,0.4581,807.83,153.38
3,-10,-6,-100,-60,116.62,0.4617,787.87,152.7
3,-10,-5,-100,-50,111.8,0.4578,806.33,150.29
3,-10,-4,-100,-40,107.7,0.4496,766.22,150.05
3,-10,-3,-100,-30,104.4,0.46,803.38,147.95
3,-10,-2,-100,-20,101.98,0.4366,795.16,153.53
3,-10,-1,-100,-10,100.5,0.4477,776.1,148.89
3,-10,0,-100,0,100.0,0.454,816.57,149.86
3,-10,1,-100,10,100.5,0.4599,811.94,147.13
3,-10,2,-100,20,101.98,0.4618,801.72,147.14
3,-10,3,-100,30,104.4,0.4665,794.55,145.11
3,-10,4,-100,40,107.7,0.4476,780.85,149.16
3,-10,5,-100,50,111.8,0.4509,789.49,150.7
3,-10,6,-100,60,116.62,0.4552,799.84,149.85
3,-10,7,-100,70,122.07,0.4674,769.76,154.57
3,-10,8,-100,80,128.06,0.4734,782.0,154.09
3,-10,9,-100,90,134.54,0.4552,772.91,159.16
3,-9,-10,-90,-100,134.54,0.4689,786.86,148.65
3,-9,-9,-90,-90,127.28,0.4542,811.22,154.64
3,-9,-8,-90,-80,120.42,0.4616,791.6,150.68
3,-9,-7,-90,-70,114.02,0.4578,769.36,146.99
3,-9,-6,-90,-60,108.17,0.4475,797.82,146.54
3,-9,-5,-90,-50,102.96,0.453,782.04,148.25
3,-9,-4,-90,-40,98.49,0.4615,798.94,147.82
3,-9,-3,-90,-30,94.87,0.452,777.25,151.48
3,-9,-2,-90,-20,92.2,0.459,809.71,156.69
3,-9,-1,-90,-10,90.55,0.4345,801.88,146.12
3,-9,0,-90,0,90.0,0.4486,800.02,156.98
3,-9,1,-90,10,90.55,0.4495,798.8,153.17
3,-9,2,-90,20,92.2,0.4497,827.25,152.23
3,-9,3,-90,30,94.87,0.4571,771.28,156.29
3,-9,4,-90,40,98.49,0.4458,798.24,148.58
3,-9,5,-90,50,102.96,0.4438,778.92,151.14
3,-9,6,-90,60,108.17,0.4376,791.3,154.42
3,-9,7,-90,70,114.02,0.4602,798.8,149.12
3,-9,8,-90,80,120.42,0.4446,804.67,151.18
3,-9,9,-90,90,127.28,0.4592,782.17,155.42
3,-9,10,-90,100,134.54,0.4777,802.52,147.47
3,-8,-11,-80,-110,136.01,0.4611,759.41,157.51
3,-8,-10,-80,-100,128.06,0.4603,793.75,152.33
3,-8,-9,-80,-90,120.42,0.449,776.02,147.92
3,-8,-8,-80,-80,113.14,0.4447,770.62,148.61
3,-8,-7,-80,-70,106.3,0.4441,801.61,152.16
3,-8,-6,-80,-60,100.0,0.4545,815.56,150.39
3,-8,-5,-80,-50,94.34,0.4441,832.58,153.03
3,-8,-4,-80,-40,89.44,0.4512,801.24,150.99
3,-8,-3,-80,-30,85.44,0.4484,801.92,151.52
3,-8,-2,-80,-20,82.46,0.4442,775.49,143.77
3,-8,-1,-80,-10,80.62,0.4571,776.26,151.4
3,-8,0,-80,0,80.0,0.4408,782.93,147.85
3,-8,1,-80,10,80.62,0.4516,780.67,148.15
3,-8,2,-80,20,82.46,0.4498,781.85,154.28
3,-8,3,-80,30,85.44,0.4362,796.73,153.84
3,-8,4,-80,40,89.44,0.4394,798.36,150.52
3,-8,5,-80,50,94.34,0.4439,798.25,151.99
3,-8,6,-80,60,100.0,0.4476,809.4,151.81
3,-8,7,-80,70,106.3,0.4482,812.61,148.87
3,-8,8,-80,80,113.14,0.4617,781.89,150.77
3,-8,9,-80,90,120.42,0.456,794.12,145.28
3,-8,10,-80,100,128.06,0.4639,783.12,154.37
3,-8,11,-80,110,136.01,0.4676,785.52,148.67
3,-7,-11,-70,-110,130.38,0.4527,788.23,154.44
3,-7,-10,-70,-100,122.07,0.4516,799.2,151.96
3,-7,-9,-70,-90,114.02,0.4622,810.46,152.64
3,-7,-8,-70,-80,106.3,0.4573,786.57,153.77
3,-7,-7,-70,-70,98.99,0.4529,793.82,146.91
3,-7,-6,-70,-60,92.2,0.4463,783.15,152.5
3,-7,-5,-70,-50,86.02,0.4598,813.74,157.49
3,-7,-4,-70,-40,80.62,0.4463,808.95,146.46
3,-7,-3,-70,-30,76.16,0.4484,777.84,151.7
3,-7,-2,-70,-20,72.8,0.4472,769.18,147.94
3,-7,-1,-70,-10,70.71,0.4643,806.16,152.31
3,-7,0,-70,0,70.0,0.451,797.28,150.05
3,-7,1,-70,10,70.71,0.452,783.55,152.29
3,-7,2,-70,20,72.8,0.459,797.05,148.43
3,-7,3,-70,30,76.16,0.4441,826.39,148.64
3,-7,4,-70,40,80.62,0.4552,797.16,149.27
3,-7,5,-70,50,86.02,0.4439,785.45,152.25
3,-7,6,-70,60,92.2,0.4422,806.73,150.49
3,-7,7,-70,70,98.99,0.4572,789.09,153.8
3,-7,8,-70,80,106.3,0.4517,834.58,146.25
3,-7,9,-70,90,114.02,0.4746,790.42,152.48
3,-7,10,-70,100,122.07,0.4531,764.61,151.14
3,-7,11,-70,110,130.38,0.4583,785.98,157.2
3,-6,-12,-60,-120,134.16,0.4643,783.95,155.56
3,-6,-11,-60,-110,125.3,0.4451,761.36,148.65
3,-6,-10,-60,-100,116.62,0.453,762.95,150.02
3,-6,-9,-60,-90,108.17,0.4424,802.26,152.56
3,-6,-8,-60,-80,100.0,0.449,769.43,149.92
3,-6,-7,-60,-70,92.2,0.4528,811.95,155.48
3,-6,-6,-60,-60,84.85,0.4589,802.47,149.16
3,-6,-5,-60,-50,78.1,0.4441,820.33,150.5
3,-6,-4,-60,-40,72.11,0.455,791.15,146.28
3,-6,-3,-60,-30,67.08,0.4468,795.46,150.58
3,-6,-2,-60,-20,63.25,0.4441,800.37,153.53
3,-6,-1,-60,-10,60.83,0.4366,768.25,153.74
3,-6,0,-60,0,60.0,0.4383,794.3,151.83
3,-6,1,-60,10,60.83,0.4495,798.9,150.22
3,-6,2,-60,20,63.25,0.4701,826.71,147.92
3,-6,3,-60,30,67.08,0.4584,807.58,149.94
3,-6,4,-60,40,72.11,0.4427,806.77,149.08
3,-6,5,-60,50,78.1,0.447,788.49,153.0
3,-6,6,-60,60,84.85,0.4439,788.58,152.35
3,-6,7,-60,70,92.2,0.449,798.03,153.32
3,-6,8,-60,80,100.0,0.4619,766.02,150.24
3,-6,9,-60,90,108.17,0.4421,789.14,151.23
3,-6,10,-60,100,116.62,0.4531,775.65,148.86
3,-6,11,-60,110,125.3,0.465,809.32,146.96
3,-6,12,-60,120,134.16,0.4602,791.81,154.31
3,-5,-12,-50,-120,130.0,0.4521,776.31,154.69
3,-5,-11,-50,-110,120.83,0.455,788.1,152.52
3,-5,-10,-50,-100,111.8,0.4502,805.6,150.15
3,-5,-9,-50,-90,102.96,0.444,830.4,150.6
3,-5,-8,-50,-80,94.34,0.4296,818.23,154.07
3,-5,-7,-50,-70,86.02,0.4537,809.47,156.51
3,-5,-6,-50,-60,78.1,0.4423,802.0,155.91
3,-5,-5,-50,-50,70.71,0.4675,794.51,156.03
3,-5,-4,-50,-40,64.03,0.4564,822.43,152.31
3,-5,-3,-50,-30,58.31,0.4524,833.14,148.41
3,-5,-2,-50,-20,53.85,0.4652,830.91,154.09
3,-5,-1,-50,-10,50.99,0.4494,803.67,146.18
3,-5,0,-50,0,50.0,0.4464,809.31,145.72
3,-5,1,-50,10,50.99,0.4476,829.17,149.54
3,-5,2,-50,20,53.85,0.4583,808.5,149.08
3,-5,3,-50,30,58.31,0.4488,802.5,143.85
3,-5,4,-50,40,64.03,0.4576,798.22,152.95
3,-5,5,-50,50,70.71,0.4531,797.56,150.59
3,-5,6,-50,60,78.1,0.4516,822.14,150.19
3,-5,7,-50,70,86.02,0.4523,781.07,149.89
3,-5,8,-50,80,94.34,0.462,805.84,147.07
3,-5,9,-50,90,102.96,0.4442,785.83,153.83
3,-5,10,-50,100,111.8,0.4614,741.54,151.34
3,-5,11,-50,110,120.83,0.4586,774.39,151.4
3,-5,12,-50,120,130.0,0.4717,789.61,152.29
3,-4,-13,-40,-130,136.01,0.4621,776.19,155.54
3,-4,-12,-40,-120,126.49,0.4482,775.55,156.4
3,-4,-11,-40,-110,117.05,0.4555,778.06,149.71
3,-4,-10,-40,-100,107.7,0.459,787.37,152.74
3,-4,-9,-40,-90,98.49,0.4461,781.44,151.27
3,-4,-8,-40,-80,89.44,0.4492,810.28,152.77
3,-4,-7,-40,-70,80.62,0.4471,805.23,148.83
3,-4,-6,-40,-60,72.11,0.4551,803.5,148.13
3,-4,-5,-40,-50,64.03,0.4443,804.03,153.49
3,-4,-4,-40,-40,56.57,0.4572,785.85,147.49
3,-4,-3,-40,-30,50.0,0.4445,791.05,144.55
3,-4,-2,-40,-20,44.72,0.4563,793.16,151.39
3,-4,-1,-40,-10,41.23,0.4475,799.66,147.94
3,-4,0,-40,0,40.0,0.4498,786.93,149.94
3,-4,1,-40,10,41.23,0.4617,807.81,150.87
3,-4,2,-40,20,44.72,0.4394,808.51,151.99
3,-4,3,-40,30,50.0,0.4521,803.21,149.58
3,-4,4,-40,40,56.57,0.4552,820.96,150.99
3,-4,5,-40,50,64.03,0.4422,786.57,152.18
3,-4,6,-40,60,72.11,0.4423,803.02,148.96
3,-4,7,-40,70,80.62,0.4414,812.48,152.12
3,-4,8,-40,80,89.44,0.4392,807.22,151.12
3,-4,9,-40,90,98.49,0.4578,800.89,154.81
3,-4,10,-40,100,107.7,0.4522,791.05,148.29
3,-4,11,-40,110,117.05,0.4487,775.44,152.79
3,-4,12,-40,120,126.49,0.4574,790.56,149.67
3,-4,13,-40,130,136.01,0.4567,766.52,161.2
3,-3,-13,-30,-130,133.42,0.4611,780.32,154.06
3,-3,-12,-30,-120,123.69,0.4709,763.03,152.75
3,-3,-11,-30,-110,114.02,0.4421,756.61,149.61
3,-3,-10,-30,-100,104.4,0.4557,784.46,152.13
3,-3,-9,-30,-90,94.87,0.4513,797.21,154.13
3,-3,-8,-30,-80,85.44,0.4452,805.71,144.62
3,-3,-7,-30,-70,76.16,0.4508,796.14,146.45
3,-3,-6,-30,-60,67.08,0.4532,788.92,155.2
3,-3,-5,-30,-50,58.31,0.4305,803.72,150.13
3,-3,-4,-30,-40,50.0,0.4478,792.06,150.21
3,-3,-3,-30,-30,42.43,0.4585,774.92,147.58
3,-3,-2,-30,-20,36.06,0.4416,783.54,151.03
3,-3,-1,-30,-10,31.62,0.4547,815.98,151.82
3,-3,0,-30,0,30.0,0.4555,778.82,154.45
3,-3,1,-30,10,31.62,0.4483,815.49,145.87
3,-3,2,-30,20,36.06,0.4481,814.15,150.08
3,-3,3,-30,30,42.43,0.444,819.65,146.49
3,-3,4,-30,40,50.0,0.4498,809.6,156.29
3,-3,5,-30,50,58.31,0.4463,795.85,148.67
3,-3,6,-30,60,67.08,0.4519,808.82,153.28
3,-3,7,-30,70,76.16,0.456,792.54,152.44
3,-3,8,-30,80,85.44,0.4507,811.18,152.43
3,-3,9,-30,90,94.87,0.4635,793.98,148.7
3,-3,10,-30,100,104.4,0.456,814.17,151.11
3,-3,11,-30,110,114.02,0.4651,802.66,151.21
3,-3,12,-30,120,123.69,0.463,780.7,153.65
3,-3,13,-30,130,133.42,0.4539,780.29,157.29
3,-2,-13,-20,-130,131.53,0.4678,791.83,154.87
3,-2,-12,-20,-120,121.66,0.459,769.36,152.06
3,-2,-11,-20,-110,111.8,0.4559,776.48,146.33
3,-2,-10,-20,-100,101.98,0.4608,798.05,151.39
3,-2,-9,-20,-90,92.2,0.4546,785.06,149.01
3,-2,-8,-20,-80,82.46,0.462,792.67,149.2
3,-2,-7,-20,-70,72.8,0.4446,788.89,153.32
3,-2,-6,-20,-60,63.25,0.4302,793.14,150.68
3,-2,-5,-20,-50,53.85,0.4636,782.97,146.08
3,-2,-4,-20,-40,44.72,0.4431,810.53,150.38
3,-2,-3,-20,-30,36.06,0.4385,801.49,154.65
3,-2,-2,-20,-20,28.28,0.4521,802.47,150.67
3,-2,-1,-20,-10,22.36,0.4533,780.99,149.3
3,-2,0,-20,0,20.0,0.4486,792.75,152.06
3,-2,1,-20,10,22.36,0.4449,794.6,146.22
3,-2,2,-20,20,28.28,0.453,814.13,148.92
3,-2,3,-20,30,36.06,0.4565,797.8,142.42
3,-2,4,-20,40,44.72,0.4496,797.37,150.31
3,-2,5,-20,50,53.85,0.452,789.74,154.41
3,-2,6,-20,60,63.25,0.4495,797.01,152.23
3,-2,7,-20,70,72.8,0.4501,838.49,149.37
3,-2,8,-20,80,82.46,0.4528,788.76,152.61
3,-2,9,-20,90,92.2,0.4526,794.7,147.6
3,-2,10,-20,100,101.98,0.4413,803.57,146.6
3,-2,11,-20,110,111.8,0.4649,774.41,151.05
3,-2,12,-20,120,121.66,0.4507,788.86,152.75
3,-2,13,-20,130,131.53,0.4652,759.62,151.72
3,-1,-13,-10,-130,130.38,0.4689,793.11,146.34
3,-1,-12,-10,-120,120.42,0.4603,773.56,150.75
3,-1,-11,-10,-110,110.45,0.4522,817.32,148.33
3,-1,-10,-10,-100,100.5,0.4403,804.53,150.58
3,-1,-9,-10,-90,90.55,0.4597,794.68,153.79
3,-1,-8,-10,-80,80.62,0.4501,807.94,154.87
3,-1,-7,-10,-70,70.71,0.4487,815.67,148.16
3,-1,-6,-10,-60,60.83,0.4518,778.33,148.49
3,-1,-5,-10,-50,50.99,0.4415,818.31,155.22
3,-1,-4,-10,-40,41.23,0.4472,788.4,146.06
3,-1,-3,-10,-30,31.62,0.4521,790.97,148.35
3,-1,-2,-10,-20,22.36,0.463,795.55,151.76
3,-1,-1,-10,-10,14.14,0.4504,779.67,144.47
3,-1,0,-10,0,10.0,0.4539,825.56,150.94
3,-1,1,-10,10,14.14,0.455,786.43,153.04
3,-1,2,-10,20,22.36,0.458,789.56,151.64
3,-1,3,-10,30,31.62,0.4359,810.86,148.28
3,-1,4,-10,40,41.23,0.4402,806.04,144.68
3,-1,5,-10,50,50.99,0.4527,783.02,145.96
3,-1,6,-10,60,60.83,0.4505,797.41,154.37
3,-1,7,-10,70,70.71,0.4397,820.63,146.59
3,-1,8,-10,80,80.62,0.4574,816.59,150.96
3,-1,9,-10,90,90.55,0.4437,777.13,144.3
3,-1,10,-10,100,100.5,0.4663,793.33,147.35
3,-1,11,-10,110,110.45,0.4449,796.48,150.27
3,-1,12,-10,120,120.42,0.442,802.01,153.53
3,-1,13,-10,130,130.38,0.4759,800.35,144.55
3,0,-13,0,-130,130.0,0.4724,801.59,151.58
3,0,-12,0,-120,120.0,0.4537,795.44,149.43
3,0,-11,0,-110,110.0,0.452,809.16,152.97
3,0,-10,0,-100,100.0,0.446,813.28,151.54
3,0,-9,0,-90,90.0,0.4521,792.28,150.12
3,0,-8,0,-80,80.0,0.4438,770.89,149.16
3,0,-7,0,-70,70.0,0.449,802.06,153.64
3,0,-6,0,-60,60.0,0.4448,794.48,152.3
3,0,-5,0,-50,50.0,0.444,802.31,148.78
3,0,-4,0,-40,40.0,0.4481,811.37,148.88
3,0,-3,0,-30,30.0,0.4563,770.71,145.71
3,0,-2,0,-20,20.0,0.4315,782.51,155.57
3,0,-1,0,-10,10.0,0.4499,789.18,152.35
3,0,0,0,0,0.0,0.4574,781.69,157.49
3,0,1,0,10,10.0,0.4522,806.04,151.49
3,0,2,0,20,20.0,0.454,790.68,156.34
3,0,3,0,30,30.0,0.4477,814.36,148.58
3,0,4,0,40,40.0,0.4448,828.53,149.67
3,0,5,0,50,50.0,0.4497,804.25,157.81
3,0,6,0,60,60.0,0.4674,819.26,158.56
3,0,7,0,70,70.0,0.4424,809.84,150.23
3,0,8,0,80,80.0,0.4358,806.95,148.53
3,0,9,0,90,90.0,0.4623,794.07,148.78
3,0,10,0,100,100.0,0.4636,796.95,154.12
3,0,11,0,110,110.0,0.4573,800.72,150.68
3,0,12,0,120,120.0,0.4612,787.29,150.06
3,0,13,0,130,130.0,0.4602,802.79,155.39
3,1,-13,10,-130,130.38,0.4673,783.26,148.03
3,1,-12,10,-120,120.42,0.4475,784.71,149.12
3,1,-11,10,-110,110.45,0.4498,785.55,149.87
3,1,-10,10,-100,100.5,0.463,796.98,153.46
3,1,-9,10,-90,90.55,0.4513,821.21,153.22
3,1,-8,10,-80,80.62,0.4453,829.42,148.64
3,1,-7,10,-70,70.71,0.4516,805.66,151.47
3,1,-6,10,-60,60.83,0.4564,788.65,152.14
3,1,-5,10,-50,50.99,0.4546,800.01,149.43
3,1,-4,10,-40,41.23,0.4435,807.21,148.02
3,1,-3,10,-30,31.62,0.4519,798.48,146.0
3,1,-2,10,-20,22.36,0.4425,806.07,148.43
3,1,-1,10,-10,14.14,0.4455,788.54,147.81
3,1,0,10,0,10.0,0.4631,783.2,154.42
3,1,1,10,10,14.14,0.4474,790.19,151.15
3,1,2,10,20,22.36,0.4504,797.04,150.66
3,1,3,10,30,31.62,0.4503,796.77,152.81
3,1,4,10,40,41.23,0.4384,786.28,147.64
3,1,5,10,50,50.99,0.4415,801.29,151.52
3,1,6,10,60,60.83,0.4343,792.89,149.04
3,1,7,10,70,70.71,0.4477,780.72,149.06
3,1,8,10,80,80.62,0.4427,794.98,144.84
3,1,9,10,90,90.55,0.4474,789.19,149.37
3,1,10,10,100,100.5,0.4539,797.11,153.04
3,1,11,10,110,110.45,0.4511,803.24,154.83
3,1,12,10,120,120.42,0.4595,788.73,153.77
3,1,13,10,130,130.38,0.4636,798.26,156.22
3,2,-13,20,-130,131.53,0.4681,783.18,155.03
3,2,-12,20,-120,121.66,0.4603,770.26,155.88
3,2,-11,20,-110,111.8,0.4411,804.03,152.39
3,2,-10,20,-100,101.98,0.4495,803.16,152.02
3,2,-9,20,-90,92.2,0.4397,821.03,150.43
3,2,-8,20,-80,82.46,0.4685,811.85,150.15
3,2,-7,20,-70,72.8,0.4445,798.34,150.45
3,2,-6,20,-60,63.25,0.4617,818.4,151.35
3,2,-5,20,-50,53.85,0.4642,769.76,151.39
3,2,-4,20,-40,44.72,0.46,808.21,146.0
3,2,-3,20,-30,36.06,0.4611,811.42,151.03
3,2,-2,20,-20,28.28,0.4507,829.91,151.33
3,2,-1,20,-10,22.36,0.4481,787.83,152.27
3,2,0,20,0,20.0,0.4579,800.85,148.33
3,2,1,20,10,22.36,0.4606,786.69,155.91
3,2,2,20,20,28.28,0.4441,780.83,146.55
3,2,3,20,30,36.06,0.4411,796.45,148.6
3,2,4,20,40,44.72,0.4582,813.23,149.33
3,2,5,20,50,53.85,0.4748,796.45,149.69
3,2,6,20,60,63.25,0.4398,798.79,150.89
3,2,7,20,70,72.8,0.4405,792.52,150.98
3,2,8,20,80,82.46,0.4458,788.99,152.35
3,2,9,20,90,92.2,0.4399,783.47,150.75
3,2,10,20,100,101.98,0.4586,801.87,150.09
3,2,11,20,110,111.8,0.452,808.51,154.16
3,2,12,20,120,121.66,0.4582,784.2,152.78
3,2,13,20,130,131.53,0.4558,780.27,152.54
3,3,-13,30,-130,133.42,0.4617,774.51,155.86
3,3,-12,30,-120,123.69,0.4651,781.53,150.49
3,3,-11,30,-110,114.02,0.4608,795.08,150.71
3,3,-10,30,-100,104.4,0.4634,787.95,144.96
3,3,-9,30,-90,94.87,0.4448,823.57,149.38
3,3,-8,30,-80,85.44,0.4459,800.4,153.06
3,3,-7,30,-70,76.16,0.4493,808.87,149.43
3,3,-6,30,-60,67.08,0.4548,802.7,148.81
3,3,-5,30,-50,58.31,0.4521,791.86,145.87
3,3,-4,30,-40,50.0,0.4498,780.66,151.79
3,3,-3,30,-30,42.43,0.4497,821.35,149.01
3,3,-2,30,-20,36.06,0.4498,777.96,146.69
3,3,-1,30,-10,31.62,0.4366,816.16,148.62
3,3,0,30,0,30.0,0.4606,759.79,154.64
3,3,1,30,10,31.62,0.4495,805.1,146.81
3,3,2,30,20,36.06,0.4542,794.39,146.42
3,3,3,30,30,42.43,0.4403,781.62,151.14
3,3,4,30,40,50.0,0.4449,775.4,151.11
3,3,5,30,50,58.31,0.4326,819.94,155.96
3,3,6,30,60,67.08,0.4395,815.79,151.05
3,3,7,30,70,76.16,0.446,793.2,151.96
3,3,8,30,80,85.44,0.4497,761.09,156.24
3,3,9,30,90,94.87,0.4539,798.52,148.18
3,3,10,30,100,104.4,0.4509,815.47,151.72
3,3,11,30,110,114.02,0.4581,773.57,150.76
3,3,12,30,120,123.69,0.4589,797.67,151.68
3,3,13,30,130,133.42,0.4699,764.15,154.5
3,4,-13,40,-130,136.01,0.4628,756.88,154.55
3,4,-12,40,-120,126.49,0.4549,806.81,152.07
3,4,-11,40,-110,117.05,0.4589,772.35,152.84
3,4,-10,40,-100,107.7,0.4499,783.49,159.71
3,4,-9,40,-90,98.49,0.4482,795.21,153.24
3,4,-8,40,-80,89.44,0.4439,806.05,151.65
3,4,-7,40,-70,80.62,0.452,834.45,147.59
3,4,-6,40,-60,72.11,0.4623,807.08,152.73
3,4,-5,40,-50,64.03,0.4527,828.17,149.04
3,4,-4,40,-40,56.57,0.454,819.58,148.32
3,4,-3,40,-30,50.0,0.458,799.72,146.3
3,4,-2,40,-20,44.72,0.4384,798.64,152.97
3,4,-1,40,-10,41.23,0.4334,803.01,152.68
3,4,0,40,0,40.0,0.4398,790.49,151.72
3,4,1,40,10,41.23,0.4568,824.06,148.24
3,4,2,40,20,44.72,0.4435,824.79,147.74
3,4,3,40,30,50.0,0.4541,832.75,152.26
3,4,4,40,40,56.57,0.4563,819.17,151.57
3,4,5,40,50,64.03,0.4563,794.86,153.48
3,4,6,40,60,72.11,0.4533,777.83,150.73
3,4,7,40,70,80.62,0.4326,810.71,149.3
3,4,8,40,80,89.44,0.4652,807.34,152.89
3,4,9,40,90,98.49,0.4427,808.65,148.61
3,4,10,40,100,107.7,0.462,778.36,151.54
3,4,11,40,110,117.05,0.4469,792.7,158.2
3,4,12,40,120,126.49,0.4654,785.11,145.91
3,4,13,40,130,136.01,0.4593,786.73,153.16
3,5,-12,50,-120,130.0,0.4724,784.55,157.02
3,5,-11,50,-110,120.83,0.4591,784.68,151.16
3,5,-10,50,-100,111.8,0.4463,809.8,150.3
3,5,-9,50,-90,102.96,0.4562,789.07,147.58
3,5,-8,50,-80,94.34,0.4548,788.21,149.11
3,5,-7,50,-70,86.02,0.44,792.6,150.11
3,5,-6,50,-60,78.1,0.4477,812.27,150.44
3,5,-5,50,-50,70.71,0.4747,806.36,144.79
3,5,-4,50,-40,64.03,0.4483,798.11,148.16
3,5,-3,50,-30,58.31,0.4506,790.35,151.0
3,5,-2,50,-20,53.85,0.4347,817.16,145.27
3,5,-1,50,-10,50.99,0.4479,789.01,150.92
3,5,0,50,0,50.0,0.4485,803.77,153.33
3,5,1,50,10,50.99,0.4561,800.54,151.38
3,5,2,50,20,53.85,0.4657,812.06,149.12
3,5,3,50,30,58.31,0.4602,805.87,147.11
3,5,4,50,40,64.03,0.4486,777.92,143.14
3,5,5,50,50,70.71,0.4424,801.84,150.38
3,5,6,50,60,78.1,0.4387,764.32,154.41
3,5,7,50,70,86.02,0.4508,823.34,154.53
3,5,8,50,80,94.34,0.4563,800.3,149.12
3,5,9,50,90,102.96,0.4578,794.56,149.06
3,5,10,50,100,111.8,0.4377,792.1,154.88
3,5,11,50,110,120.83,0.4675,789.62,149.91
3,5,12,50,120,130.0,0.4682,783.24,152.69
3,6,-12,60,-120,134.16,0.4511,812.39,156.62
3,6,-11,60,-110,125.3,0.4659,773.36,153.38
3,6,-10,60,-100,116.62,0.4553,802.76,156.17
3,6,-9,60,-90,108.17,0.4419,778.82,153.19
3,6,-8,60,-80,100.0,0.4473,810.16,149.51
3,6,-7,60,-70,92.2,0.4402,773.4,151.67
3,6,-6,60,-60,84.85,0.4541,814.55,151.0
3,6,-5,60,-50,78.1,0.4199,807.55,145.63
3,6,-4,60,-40,72.11,0.4351,770.18,143.76
3,6,-3,60,-30,67.08,0.4522,789.03,145.44
3,6,-2,60,-20,63.25,0.4502,783.41,152.94
3,6,-1,60,-10,60.83,0.4616,796.74,154.13
3,6,0,60,0,60.0,0.461,801.27,155.2
3,6,1,60,10,60.83,0.445,770.67,145.34
3,6,2,60,20,63.25,0.4447,808.01,146.54
3,6,3,60,30,67.08,0.4446,781.26,148.04
3,6,4,60,40,72.11,0.4607,805.36,148.27
3,6,5,60,50,78.1,0.4598,800.38,150.4
3,6,6,60,60,84.85,0.4591,794.86,152.77
3,6,7,60,70,92.2,0.4569,797.6,146.03
3,6,8,60,80,100.0,0.4515,814.99,153.09
3,6,9,60,90,108.17,0.4671,787.59,153.59
3,6,10,60,100,116.62,0.4479,794.05,155.4
3,6,11,60,110,125.3,0.4664,787.85,152.33
3,6,12,60,120,134.16,0.4548,777.44,150.47
3,7,-11,70,-110,130.38,0.4584,756.14,149.89
3,7,-10,70,-100,122.07,0.4647,799.26,151.86
3,7,-9,70,-90,114.02,0.4556,795.3,153.19
3,7,-8,70,-80,106.3,0.4557,775.65,143.76
3,7,-7,70,-70,98.99,0.443,795.92,153.44
3,7,-6,70,-60,92.2,0.452,807.8,147.53
3,7,-5,70,-50,86.02,0.4494,800.98,147.77
3,7,-4,70,-40,80.62,0.4414,796.6,151.98
3,7,-3,70,-30,76.16,0.4428,796.88,154.06
3,7,-2,70,-20,72.8,0.4458,800.11,149.68
3,7,-1,70,-10,70.71,0.4485,825.03,150.92
3,7,0,70,0,70.0,0.4374,822.93,150.82
3,7,1,70,10,70.71,0.447,820.24,147.66
3,7,2,70,20,72.8,0.4637,801.4,153.02
3,7,3,70,30,76.16,0.4745,802.7,149.71
3,7,4,70,40,80.62,0.4415,798.19,146.89
3,7,5,70,50,86.02,0.4485,843.42,150.39
3,7,6,70,60,92.2,0.4457,796.64,148.98
3,7,7,70,70,98.99,0.4596,796.88,155.39
3,7,8,70,80,106.3,0.4503,791.93,148.4
3,7,9,70,90,114.02,0.4521,766.31,145.42
3,7,10,70,100,122.07,0.4629,761.96,153.94
3,7,11,70,110,130.38,0.4572,797.33,148.67
3,8,-11,80,-110,136.01,0.4684,784.59,155.78
3,8,-10,80,-100,128.06,0.4692,785.72,146.17
3,8,-9,80,-90,120.42,0.4609,793.84,151.79
3,8,-8,80,-80,113.14,0.4481,787.32,156.09
3,8,-7,80,-70,106.3,0.4455,769.59,146.69
3,8,-6,80,-60,100.0,0.4511,823.0,157.24
3,8,-5,80,-50,94.34,0.4556,784.69,147.69
3,8,-4,80,-40,89.44,0.457,819.97,148.19
3,8,-3,80,-30,85.44,0.4614,796.56,152.17
3,8,-2,80,-20,82.46,0.4592,777.77,151.35
3,8,-1,80,-10,80.62,0.4614,791.59,146.83
3,8,0,80,0,80.0,0.454,802.0,149.02
3,8,1,80,10,80.62,0.45,774.95,151.21
3,8,2,80,20,82.46,0.4627,789.28,147.51
3,8,3,80,30,85.44,0.4514,842.69,153.32
3,8,4,80,40,89.44,0.4492,800.59,153.72
3,8,5,80,50,94.34,0.4431,808.59,146.96
3,8,6,80,60,100.0,0.4588,793.53,151.23
3,8,7,80,70,106.3,0.45,806.18,150.57
3,8,8,80,80,113.14,0.4721,814.01,147.81
3,8,9,80,90,120.42,0.4588,800.07,151.15
3,8,10,80,100,128.06,0.4699,801.08,153.26
3,8,11,80,110,136.01,0.4714,743.45,158.77
3,9,-10,90,-100,134.54,0.47,764.27,155.22
3,9,-9,90,-90,127.28,0.4437,773.68,156.69
3,9,-8,90,-80,120.42,0.4572,788.02,152.66
3,9,-7,90,-70,114.02,0.4546,807.12,149.95
3,9,-6,90,-60,108.17,0.4567,777.77,153.47
3,9,-5,90,-50,102.96,0.4495,796.34,149.74
3,9,-4,90,-40,98.49,0.4492,783.31,151.52
3,9,-3,90,-30,94.87,0.4549,779.34,148.55
3,9,-2,90,-20,92.2,0.4504,790.81,149.55
3,9,-1,90,-10,90.55,0.4629,784.7,143.22
3,9,0,90,0,90.0,0.4452,795.08,148.67
3,9,1,90,10,90.55,0.4522,784.55,146.63
3,9,2,90,20,92.2,0.4447,789.98,156.58
3,9,3,90,30,94.87,0.4629,774.26,144.55
3,9,4,90,40,98.49,0.4504,827.06,152.53
3,9,5,90,50,102.96,0.4518,790.11,154.06
3,9,6,90,60,108.17,0.4548,820.92,146.19
3,9,7,90,70,114.02,0.4585,783.86,153.05
3,9,8,90,80,120.42,0.4593,796.69,155.46
3,9,9,90,90,127.28,0.471,814.41,153.45
3,9,10,90,100,134.54,0.4586,762.2,155.77
3,10,-9,100,-90,134.54,0.4696,760.36,157.9
3,10,-8,100,-80,128.06,0.4594,765.82,150.97
3,10,-7,100,-70,122.07,0.4504,774.26,154.43
3,10,-6,100,-60,116.62,0.4629,816.52,149.99
3,10,-5,100,-50,111.8,0.4572,783.64,151.65
3,10,-4,100,-40,107.7,0.4414,778.29,153.62
3,10,-3,100,-30,104.4,0.4405,805.65,148.91
3,10,-2,100,-20,101.98,0.4364,759.21,155.15
3,10,-1,100,-10,100.5,0.4362,796.81,151.72
3,10,0,100,0,100.0,0.4409,789.63,152.06
3,10,1,100,10,100.5,0.4538,790.87,151.37
3,10,2,100,20,101.98,0.451,782.74,154.36
3,10,3,100,30,104.4,0.454,768.8,152.5
3,10,4,100,40,107.7,0.4483,790.79,151.23
3,10,5,100,50,111.8,0.4481,820.4,147.11
3,10,6,100,60,116.62,0.4564,796.75,152.21
3,10,7,100,70,122.07,0.4564,782.48,150.32
3,10,8,100,80,128.06,0.4537,802.04,152.19
3,10,9,100,90,134.54,0.48,790.62,146.46
3,11,-8,110,-80,136.01,0.4707,778.81,150.52
3,11,-7,110,-70,130.38,0.4716,776.7,152.28
3,11,-6,110,-60,125.3,0.4621,803.44,153.48
3,11,-5,110,-50,120.83,0.4578,778.37,155.95
3,11,-4,110,-40,117.05,0.4571,787.43,151.09
3,11,-3,110,-30,114.02,0.4633,788.38,154.9
3,11,-2,110,-20,111.8,0.4507,804.18,152.21
3,11,-1,110,-10,110.45,0.4464,792.65,144.89
3,11,0,110,0,110.0,0.4479,770.49,157.41
3,11,1,110,10,110.45,0.4415,832.74,153.0
3,11,2,110,20,111.8,0.4503,805.45,149.65
3,11,3,110,30,114.02,0.4438,793.5,153.91
3,11,4,110,40,117.05,0.4664,798.28,150.55
3,11,5,110,50,120.83,0.4685,806.26,153.38
3,11,6,110,60,125.3,0.4688,819.07,151.51
3,11,7,110,70,130.38,0.454,774.65,149.79
3,11,8,110,80,136.01,0.4683,755.46,158.49
3,12,-6,120,-60,134.16,0.4574,801.21,146.73
3,12,-5,120,-50,130.0,0.4579,764.08,157.85
3,12,-4,120,-40,126.49,0.473,750.44,155.9
3,12,-3,120,-30,123.69,0.4671,792.11,154.69
3,12,-2,120,-20,121.66,0.4619,801.41,149.4
3,12,-1,120,-10,120.42,0.4669,792.18,152.97
3,12,0,120,0,120.0,0.4617,770.21,147.81
3,12,1,120,10,120.42,0.4563,812.2,148.97
3,12,2,120,20,121.66,0.4592,777.62,150.12
3,12,3,120,30,123.69,0.4625,798.62,150.57
3,12,4,120,40,126.49,0.4707,791.94,152.57
3,12,5,120,50,130.0,0.4638,814.02,156.05
3,12,6,120,60,134.16,0.4572,780.55,154.8
3,13,-4,130,-40,136.01,0.4689,783.2,160.38
3,13,-3,130,-30,133.42,0.4606,755.36,154.93
3,13,-2,130,-20,131.53,0.4581,759.96,151.9
3,13,-1,130,-10,130.38,0.4583,800.33,149.39
3,13,0,130,0,130.0,0.4638,816.78,153.26
3,13,1,130,10,130.38,0.4595,794.03,155.41
3,13,2,130,20,131.53,0.473,780.01,156.12
3,13,3,130,30,133.42,0.4682,776.28,153.95
3,13,4,130,40,136.01,0.4635,761.05,153.53
4,-13,-4,-130,-40,136.01,0.4548,792.38,153.74
4,-13,-3,-130,-30,133.42,0.4733,795.01,154.93
4,-13,-2,-130,-20,131.53,0.4636,777.96,151.28
4,-13,-1,-130,-10,130.38,0.4711,802.92,151.19
4,-13,0,-130,0,130.0,0.4598,781.32,153.69
4,-13,1,-130,10,130.38,0.4617,797.44,151.6
4,-13,2,-130,20,131.53,0.4549,801.07,152.62
4,-13,3,-130,30,133.42,0.4524,774.04,153.3
4,-13,4,-130,40,136.01,0.476,793.48,158.14
4,-12,-6,-120,-60,134.16,0.4693,795.02,152.34
4,-12,-5,-120,-50,130.0,0.4594,768.63,153.15
4,-12,-4,-120,-40,126.49,0.4651,787.62,157.23
4,-12,-3,-120,-30,123.69,0.4494,794.73,149.18
4,-12,-2,-120,-20,121.66,0.4585,799.47,152.03
4,-12,-1,-120,-10,120.42,0.4617,774.65,147.53
4,-12,0,-120,0,120.0,0.4616,815.43,149.49
4,-12,1,-120,10,120.42,0.4671,789.69,148.52
4,-12,2,-120,20,121.66,0.4487,788.6,151.46
4,-12,3,-120,30,123.69,0.448,761.81,150.39
4,-12,4,-120,40,126.49,0.4611,785.51,151.79
4,-12,5,-120,50,130.0,0.4626,799.08,154.97
4,-12,6,-120,60,134.16,0.4618,794.75,151.52
4,-11,-8,-110,-80,136.01,0.4618,776.59,150.98
4,-11,-7,-110,-70,130.38,0.4578,752.11,159.58
4,-11,-6,-110,-60,125.3,0.4516,810.09,153.25
4,-11,-5,-110,-50,120.83,0.462,781.49,153.2
4,-11,-4,-110,-40,117.05,0.4613,800.78,154.46
4,-11,-3,-110,-30,114.02,0.4522,785.11,147.03
4,-11,-2,-110,-20,111.8,0.4586,809.59,156.44
4,-11,-1,-110,-10,110.45,0.4565,782.46,146.37
4,-11,0,-110,0,110.0,0.4622,767.21,150.39
4,-11,1,-110,10,110.45,0.4522,792.92,151.57
4,-11,2,-110,20,111.8,0.4555,757.12,151.63
4,-11,3,-110,30,114.02,0.4373,803.29,150.14
4,-11,4,-110,40,117.05,0.4389,778.6,150.42
4,-11,5,-110,50,120.83,0.467,791.77,153.61
4,-11,6,-110,60,125.3,0.4686,784.86,155.4
4,-11,7,-110,70,130.38,0.4666,763.94,158.26
4,-11,8,-110,80,136.01,0.4522,793.37,150.14
4,-10,-9,-100,-90,134.54,0.4678,808.51,153.82
4,-10,-8,-100,-80,128.06,0.4582,793.82,152.52
4,-10,-7,-100,-70,122.07,0.4725,791.02,151.76
4,-10,-6,-100,-60,116.62,0.4517,777.03,150.2
4,-10,-5,-100,-50,111.8,0.4516,786.04,149.61
4,-10,-4,-100,-40,107.7,0.47,779.68,151.65
4,-10,-3,-100,-30,104.4,0.4571,805.88,150.76
4,-10,-2,-100,-20,101.98,0.4499,804.06,151.56
4,-10,-1,-100,-10,100.5,0.4494,774.35,149.26
4,-10,0,-100,0,100.0,0.4422,787.93,150.73
4,-10,1,-100,10,100.5,0.4544,824.48,149.05
4,-10,2,-100,20,101.98,0.458,801.88,154.65
4,-10,3,-100,30,104.4,0.457,781.3,145.77
4,-10,4,-100,40,107.7,0.4557,787.21,148.27
4,-10,5,-100,50,111.8,0.4443,795.76,156.11
4,-10,6,-100,60,116.62,0.4527,799.88,151.78
4,-10,7,-100,70,122.07,0.4476,799.16,149.44
4,-10,8,-100,80,128.06,0.4604,779.54,156.19
4,-10,9,-100,90,134.54,0.4545,786.45,151.94
4,-9,-10,-90,-100,134.54,0.4589,726.06,160.74
4,-9,-9,-90,-90,127.28,0.4643,773.62,150.03
4,-9,-8,-90,-80,120.42,0.4533,799.8,146.85
4,-9,-7,-90,-70,114.02,0.454,818.87,148.41
4,-9,-6,-90,-60,108.17,0.454,827.99,153.15
4,-9,-5,-90,-50,102.96,0.453,804.55,149.63
4,-9,-4,-90,-40,98.49,0.4615,792.39,144.66
4,-9,-3,-90,-30,94.87,0.4473,784.8,149.49
4,-9,-2,-90,-20,92.2,0.4481,817.75,152.3
4,-9,-1,-90,-10,90.55,0.4521,799.93,146.98
4,-9,0,-90,0,90.0,0.4326,801.7,152.52
4,-9,1,-90,10,90.55,0.4492,791.95,151.55
4,-9,2,-90,20,92.2,0.4495,825.07,153.91
4,-9,3,-90,30,94.87,0.4581,810.66,146.47
4,-9,4,-90,40,98.49,0.4564,804.03,152.35
4,-9,5,-90,50,102.96,0.456,803.75,158.93
4,-9,6,-90,60,108.17,0.4528,808.99,149.84
4,-9,7,-90,70,114.02,0.4615,806.4,152.9
4,-9,8,-90,80,120.42,0.4707,775.78,151.06
4,-9,9,-90,90,127.28,0.4616,798.34,153.94
4,-9,10,-90,100,134.54,0.4732,770.66,151.04
4,-8,-11,-80,-110,136.01,0.4661,778.45,156.32
4,-8,-10,-80,-100,128.06,0.46,779.56,153.29
4,-8,-9,-80,-90,120.42,0.4575,784.47,151.91
4,-8,-8,-80,-80,113.14,0.4516,805.58,152.3
4,-8,-7,-80,-70,106.3,0.4709,798.11,149.44
4,-8,-6,-80,-60,100.0,0.4727,804.14,153.6
4,-8,-5,-80,-50,94.34,0.4551,808.75,151.92
4,-8,-4,-80,-40,89.44,0.4412,805.51,146.14
4,-8,-3,-80,-30,85.44,0.4486,789.12,151.1
4,-8,-2,-80,-20,82.46,0.4527,807.22,150.86
4,-8,-1,-80,-10,80.62,0.4451,796.08,152.76
4,-8,0,-80,0,80.0,0.4585,782.8,145.41
4,-8,1,-80,10,80.62,0.4442,815.68,153.64
4,-8,2,-80,20,82.46,0.4426,804.61,155.5
4,-8,3,-80,30,85.44,0.4533,821.32,153.02
4,-8,4,-80,40,89.44,0.4427,797.15,150.22
4,-8,5,-80,50,94.34,0.4512,813.15,151.54
4,-8,6,-80,60,100.0,0.4279,778.24,144.07
4,-8,7,-80,70,106.3,0.4543,799.31,151.94
4,-8,8,-80,80,113.14,0.4472,802.84,153.87
4,-8,9,-80,90,120.42,0.4473,767.05,152.52
4,-8,10,-80,100,128.06,0.4746,810.16,155.2
4,-8,11,-80,110,136.01,0.4578,792.91,153.34
4,-7,-11,-70,-110,130.38,0.455,751.08,154.15
4,-7,-10,-70,-100,122.07,0.4529,789.59,145.83
4,-7,-9,-70,-90,114.02,0.4565,755.84,155.07
4,-7,-8,-70,-80,106.3,0.457,791.52,152.78
4,-7,-7,-70,-70,98.99,0.4434,799.32,152.95
4,-7,-6,-70,-60,92.2,0.4254,793.08,150.15
4,-7,-5,-70,-50,86.02,0.4484,821.86,146.66
4,-7,-4,-70,-40,80.62,0.445,771.26,154.53
4,-7,-3,-70,-30,76.16,0.448,793.42,149.84
4,-7,-2,-70,-20,72.8,0.4551,805.21,157.94
4,-7,-1,-70,-10,70.71,0.4536,793.02,148.32
4,-7,0,-70,0,70.0,0.4469,777.47,150.12
4,-7,1,-70,10,70.71,0.4563,790.8,147.58
4,-7,2,-70,20,72.8,0.4621,778.6,143.8
4,-7,3,-70,30,76.16,0.4408,776.89,151.16
4,-7,4,-70,40,80.62,0.4471,796.7,153.46
4,-7,5,-70,50,86.02,0.4445,811.63,154.57
4,-7,6,-70,60,92.2,0.4465,810.84,149.49
4,-7,7,-70,70,98.99,0.4586,774.67,145.63
4,-7,8,-70,80,106.3,0.4497,782.37,149.54
4,-7,9,-70,90,114.02,0.4534,803.11,150.59
4,-7,10,-70,100,122.07,0.4513,782.87,150.42
4,-7,11,-70,110,130.38,0.4537,759.04,154.05
4,-6,-12,-60,-120,134.16,0.4582,795.32,150.06
4,-6,-11,-60,-110,125.3,0.4548,813.49,150.32
4,-6,-10,-60,-100,116.62,0.4541,772.79,148.04
4,-6,-9,-60,-90,108.17,0.4658,797.51,151.65
4,-6,-8,-60,-80,100.0,0.4378,803.32,154.1
4,-6,-7,-60,-70,92.2,0.4593,809.81,146.83
4,-6,-6,-60,-60,84.85,0.4525,810.01,144.63
4,-6,-5,-60,-50,78.1,0.441,813.32,152.63
4,-6,-4,-60,-40,72.11,0.4376,811.93,150.29
4,-6,-3,-60,-30,67.08,0.4562,790.48,151.94
4,-6,-2,-60,-20,63.25,0.4568,794.73,150.05
4,-6,-1,-60,-10,60.83,0.4448,824.77,149.64
4,-6,0,-60,0,60.0,0.4426,789.26,150.38
4,-6,1,-60,10,60.83,0.456,779.96,155.54
4,-6,2,-60,20,63.25,0.4525,807.0,149.71
4,-6,3,-60,30,67.08,0.4502,797.78,153.05
4,-6,4,-60,40,72.11,0.4499,811.51,148.7
4,-6,5,-60,50,78.1,0.4516,787.94,153.65
4,-6,6,-60,60,84.85,0.4433,795.13,149.07
4,-6,7,-60,70,92.2,0.4473,810.62,149.27
4,-6,8,-60,80,100.0,0.4625,785.66,151.14
4,-6,9,-60,90,108.17,0.4472,801.26,151.2
4,-6,10,-60,100,116.62,0.4547,808.86,150.12
4,-6,11,-60,110,125.3,0.4638,774.77,153.48
4,-6,12,-60,120,134.16,0.4532,770.89,154.16
4,-5,-12,-50,-120,130.0,0.4755,784.99,158.75
4,-5,-11,-50,-110,120.83,0.4592,783.01,157.19
4,-5,-10,-50,-100,111.8,0.4579,783.71,153.0
4,-5,-9,-50,-90,102.96,0.4497,767.12,153.64
4,-5,-8,-50,-80,94.34,0.4592,826.98,151.58
4,-5,-7,-50,-70,86.02,0.448,812.52,152.58
4,-5,-6,-50,-60,78.1,0.4631,799.33,149.5
4,-5,-5,-50,-50,70.71,0.4443,808.06,145.36
4,-5,-4,-50,-40,64.03,0.4562,808.82,151.76
4,-5,-3,-50,-30,58.31,0.4511,822.99,152.62
4,-5,-2,-50,-20,53.85,0.4451,791.16,147.36
4,-5,-1,-50,-10,50.99,0.4544,785.0,153.25
4,-5,0,-50,0,50.0,0.4606,786.81,149.44
4,-5,1,-50,10,50.99,0.4501,813.26,154.83
4,-5,2,-50,20,53.85,0.4365,795.23,149.2
4,-5,3,-50,30,58.31,0.4388,792.72,151.28
4,-5,4,-50,40,64.03,0.4478,776.83,158.62
4,-5,5,-50,50,70.71,0.4521,801.68,146.71
4,-5,6,-50,60,78.1,0.4521,797.54,144.33
4,-5,7,-50,70,86.02,0.4414,811.92,155.87
4,-5,8,-50,80,94.34,0.4533,815.96,149.84
4,-5,9,-50,90,102.96,0.4513,813.32,155.82
4,-5,10,-50,100,111.8,0.4648,777.35,151.39
4,-5,11,-50,110,120.83,0.4597,784.92,153.74
4,-5,12,-50,120,130.0,0.4676,798.52,158.84
4,-4,-13,-40,-130,136.01,0.461,759.15,155.77
4,-4,-12,-40,-120,126.49,0.4747,778.45,155.36
4,-4,-11,-40,-110,117.05,0.4617,793.68,152.16
4,-4,-10,-40,-100,107.7,0.4459,760.91,147.87
4,-4,-9,-40,-90,98.49,0.448,814.85,150.22
4,-4,-8,-40,-80,89.44,0.4458,786.64,152.09
4,-4,-7,-40,-70,80.62,0.4609,815.95,151.82
4,-4,-6,-40,-60,72.11,0.4382,794.72,155.84
4,-4,-5,-40,-50,64.03,0.459,776.94,149.83
4,-4,-4,-40,-40,56.57,0.4529,788.57,143.07
4,-4,-3,-40,-30,50.0,0.4508,788.18,147.65
4,-4,-2,-40,-20,44.72,0.4472,797.99,149.97
4,-4,-1,-40,-10,41.23,0.4429,796.7,144.73
4,-4,0,-40,0,40.0,0.4525,757.16,149.13
4,-4,1,-40,10,41.23,0.4574,784.11,152.15
4,-4,2,-40,20,44.72,0.4592,750.38,149.55
4,-4,3,-40,30,50.0,0.427,798.23,149.98
4,-4,4,-40,40,56.57,0.4301,828.87,150.86
4,-4,5,-40,50,64.03,0.4432,821.98,144.61
4,-4,6,-40,60,72.11,0.4402,765.51,155.4
4,-4,7,-40,70,80.62,0.4527,809.89,150.9
4,-4,8,-40,80,89.44,0.4546,801.17,150.93
4,-4,9,-40,90,98.49,0.4519,789.26,150.39
4,-4,10,-40,100,107.7,0.4554,796.79,146.78
4,-4,11,-40,110,117.05,0.4454,807.05,151.21
4,-4,12,-40,120,126.49,0.4643,769.22,148.88
4,-4,13,-40,130,136.01,0.4568,776.27,152.7
4,-3,-13,-30,-130,133.42,0.4728,784.01,159.84
4,-3,-12,-30,-120,123.69,0.4618,751.04,156.1
4,-3,-11,-30,-110,114.02,0.443,795.77,149.49
4,-3,-10,-30,-100,104.4,0.4695,818.02,148.71
4,-3,-9,-30,-90,94.87,0.4494,802.97,152.93
4,-3,-8,-30,-80,85.44,0.4502,784.63,147.87
4,-3,-7,-30,-70,76.16,0.45,818.52,151.28
4,-3,-6,-30,-60,67.08,0.4438,809.73,148.84
4,-3,-5,-30,-50,58.31,0.4571,837.91,148.92
4,-3,-4,-30,-40,50.0,0.4564,788.82,149.66
4,-3,-3,-30,-30,42.43,0.4502,797.09,157.39
4,-3,-2,-30,-20,36.06,0.4475,808.8,144.21
4,-3,-1,-30,-10,31.62,0.4535,817.13,148.42
4,-3,0,-30,0,30.0,0.4299,799.42,150.05
4,-3,1,-30,10,31.62,0.4558,830.16,148.86
4,-3,2,-30,20,36.06,0.4431,782.5,150.59
4,-3,3,-30,30,42.43,0.4538,791.82,152.34
4,-3,4,-30,40,50.0,0.4537,800.65,147.29
4,-3,5,-30,50,58.31,0.4461,763.55,150.71
4,-3,6,-30,60,67.08,0.4502,802.83,151.51
4,-3,7,-30,70,76.16,0.4531,798.34,150.15
4,-3,8,-30,80,85.44,0.4388,791.24,150.18
4,-3,9,-30,90,94.87,0.4446,812.2,148.36
4,-3,10,-30,100,104.4,0.4541,798.18,153.18
4,-3,11,-30,110,114.02,0.4623,802.72,145.49
4,-3,12,-30,120,123.69,0.4681,810.13,151.48
4,-3,13,-30,130,133.42,0.4644,767.95,148.45
4,-2,-13,-20,-130,131.53,0.4557,774.42,152.94
4,-2,-12,-20,-120,121.66,0.4501,777.37,152.64
4,-2,-11,-20,-110,111.8,0.4483,801.5,153.63
4,-2,-10,-20,-100,101.98,0.4708,814.18,151.49
4,-2,-9,-20,-90,92.2,0.4452,804.19,151.2
4,-2,-8,-20,-80,82.46,0.4459,811.76,145.81
4,-2,-7,-20,-70,72.8,0.448,808.34,149.14
4,-2,-6,-20,-60,63.25,0.4483,797.93,147.49
4,-2,-5,-20,-50,53.85,0.4594,784.73,150.95
4,-2,-4,-20,-40,44.72,0.4533,785.77,150.22
4,-2,-3,-20,-30,36.06,0.4427,820.87,146.58
4,-2,-2,-20,-20,28.28,0.4448,781.64,145.93
4,-2,-1,-20,-10,22.36,0.4627,808.14,150.42
4,-2,0,-20,0,20.0,0.4447,813.61,147.53
4,-2,1,-20,10,22.36,0.4563,786.91,148.07
4,-2,2,-20,20,28.28,0.4561,812.96,151.79
4,-2,3,-20,30,36.06,0.4416,793.3,150.47
4,-2,4,-20,40,44.72,0.4432,820.56,142.79
4,-2,5,-20,50,53.85,0.4438,792.36,141.47
4,-2,6,-20,60,63.25,0.4388,809.38,150.09
4,-2,7,-20,70,72.8,0.4626,823.18,151.3
4,-2,8,-20,80,82.46,0.4525,800.99,142.03
4,-2,9,-20,90,92.2,0.439,801.3,152.06
4,-2,10,-20,100,101.98,0.4541,783.9,153.57
4,-2,11,-20,110,111.8,0.4663,807.42,154.56
4,-2,12,-20,120,121.66,0.4533,804.51,153.11
4,-2,13,-20,130,131.53,0.4657,788.0,153.64
4,-1,-13,-10,-130,130.38,0.4543,782.0,156.8
4,-1,-12,-10,-120,120.42,0.4538,802.44,154.73
4,-1,-11,-10,-110,110.45,0.4516,814.79,150.39
4,-1,-10,-10,-100,100.5,0.4636,804.29,150.61
4,-1,-9,-10,-90,90.55,0.4429,798.65,149.54
4,-1,-8,-10,-80,80.62,0.4399,796.74,147.59
4,-1,-7,-10,-70,70.71,0.4547,819.59,146.32
4,-1,-6,-10,-60,60.83,0.4637,798.07,147.07
4,-1,-5,-10,-50,50.99,0.4561,793.3,149.75
4,-1,-4,-10,-40,41.23,0.4468,787.75,152.17
4,-1,-3,-10,-30,31.62,0.4477,778.45,151.65
4,-1,-2,-10,-20,22.36,0.4404,782.7,153.58
4,-1,-1,-10,-10,14.14,0.4404,765.25,151.87
4,-1,0,-10,0,10.0,0.4476,796.74,149.06
4,-1,1,-10,10,14.14,0.4519,788.71,154.43
4,-1,2,-10,20,22.36,0.4382,806.67,151.93
4,-1,3,-10,30,31.62,0.4439,784.64,153.05
4,-1,4,-10,40,41.23,0.4421,790.9,152.66
4,-1,5,-10,50,50.99,0.4503,773.04,155.24
4,-1,6,-10,60,60.83,0.4458,793.96,150.77
4,-1,7,-10,70,70.71,0.455,829.42,145.02
4,-1,8,-10,80,80.62,0.4566,811.15,149.59
4,-1,9,-10,90,90.55,0.4563,813.99,146.01
4,-1,10,-10,100,100.5,0.4655,774.4,147.25
4,-1,11,-10,110,110.45,0.4519,822.83,150.53
4,-1,12,-10,120,120.42,0.457,810.52,151.62
4,-1,13,-10,130,130.38,0.4517,776.98,157.95
4,0,-13,0,-130,130.0,0.4616,812.44,156.0
4,0,-12,0,-120,120.0,0.452,790.03,149.91
4,0,-11,0,-110,110.0,0.4485,861.34,154.47
4,0,-10,0,-100,100.0,0.4583,788.59,155.34
4,0,-9,0,-90,90.0,0.4588,828.22,155.64
4,0,-8,0,-80,80.0,0.4382,783.35,146.99
4,0,-7,0,-70,70.0,0.4424,804.85,148.3
4,0,-6,0,-60,60.0,0.4666,828.57,149.98
4,0,-5,0,-50,50.0,0.4656,822.32,148.65
4,0,-4,0,-40,40.0,0.4339,796.73,148.07
4,0,-3,0,-30,30.0,0.4517,801.34,150.19
4,0,-2,0,-20,20.0,0.4542,781.81,151.23
4,0,-1,0,-10,10.0,0.4465,803.0,152.87
4,0,0,0,0,0.0,0.4402,795.78,149.64
4,0,1,0,10,10.0,0.4459,813.5,147.84
4,0,2,0,20,20.0,0.4456,789.35,153.28
4,0,3,0,30,30.0,0.4461,806.9,155.93
4,0,4,0,40,40.0,0.4494,816.68,155.01
4,0,5,0,50,50.0,0.4582,799.75,151.93
4,0,6,0,60,60.0,0.4397,788.3,148.19
4,0,7,0,70,70.0,0.4679,787.81,147.52
4,0,8,0,80,80.0,0.4416,808.4,150.43
4,0,9,0,90,90.0,0.4587,810.07,146.0
4,0,10,0,100,100.0,0.4449,818.41,150.02
4,0,11,0,110,110.0,0.4634,791.91,148.51
4,0,12,0,120,120.0,0.4547,774.75,150.78
4,0,13,0,130,130.0,0.4626,791.15,149.02
4,1,-13,10,-130,130.38,0.461,774.44,151.9
4,1,-12,10,-120,120.42,0.4584,780.79,156.67
4,1,-11,10,-110,110.45,0.4635,811.69,149.97
4,1,-10,10,-100,100.5,0.4438,799.01,150.21
4,1,-9,10,-90,90.55,0.4451,782.34,150.03
4,1,-8,10,-80,80.62,0.4468,810.33,152.0
4,1,-7,10,-70,70.71,0.4588,781.11,151.2
4,1,-6,10,-60,60.83,0.4442,781.69,148.71
4,1,-5,10,-50,50.99,0.4585,794.42,154.7
4,1,-4,10,-40,41.23,0.4544,794.09,153.48
4,1,-3,10,-30,31.62,0.4536,786.01,155.58
4,1,-2,10,-20,22.36,0.4521,800.28,147.43
4,1,-1,10,-10,14.14,0.4594,807.76,151.89
4,1,0,10,0,10.0,0.4459,812.51,152.74
4,1,1,10,10,14.14,0.4446,778.75,151.74
4,1,2,10,20,22.36,0.4374,802.28,148.66
4,1,3,10,30,31.62,0.4597,794.11,153.32
4,1,4,10,40,41.23,0.4459,815.0,156.18
4,1,5,10,50,50.99,0.4415,804.38,158.25
4,1,6,10,60,60.83,0.4505,800.93,152.37
4,1,7,10,70,70.71,0.4503,774.39,153.4
4,1,8,10,80,80.62,0.434,793.75,153.62
4,1,9,10,90,90.55,0.4472,789.57,152.79
4,1,10,10,100,100.5,0.4447,779.44,151.48
4,1,11,10,110,110.45,0.4526,775.3,153.37
4,1,12,10,120,120.42,0.461,783.65,151.65
4,1,13,10,130,130.38,0.4649,801.09,152.99
4,2,-13,20,-130,131.53,0.4669,791.0,156.65
4,2,-12,20,-120,121.66,0.4581,774.68,151.29
4,2,-11,20,-110,111.8,0.4572,820.63,150.14
4,2,-10,20,-100,101.98,0.4582,792.37,151.09
4,2,-9,20,-90,92.2,0.4623,811.25,146.49
4,2,-8,20,-80,82.46,0.4454,818.84,150.43
4,2,-7,20,-70,72.8,0.4408,787.72,152.11
4,2,-6,20,-60,63.25,0.458,800.27,157.43
4,2,-5,20,-50,53.85,0.4566,796.35,147.55
4,2,-4,20,-40,44.72,0.4422,805.03,148.53
4,2,-3,20,-30,36.06,0.4634,821.99,151.9
4,2,-2,20,-20,28.28,0.4406,789.92,153.77
4,2,-1,20,-10,22.36,0.4455,816.83,151.42
4,2,0,20,0,20.0,0.4504,789.46,149.72
4,2,1,20,10,22.36,0.4515,815.49,147.34
4,2,2,20,20,28.28,0.4479,800.67,151.99
4,2,3,20,30,36.06,0.4427,780.25,152.02
4,2,4,20,40,44.72,0.4379,819.27,149.53
4,2,5,20,50,53.85,0.4376,792.79,151.14
4,2,6,20,60,63.25,0.4457,800.3,152.22
4,2,7,20,70,72.8,0.4484,785.94,149.1
4,2,8,20,80,82.46,0.4613,825.28,143.94
4,2,9,20,90,92.2,0.4589,803.54,152.99
4,2,10,20,100,101.98,0.4474,770.77,152.51
4,2,11,20,110,111.8,0.4469,772.53,147.63
4,2,12,20,120,121.66,0.4626,790.46,155.02
4,2,13,20,130,131.53,0.467,776.2,153.8
4,3,-13,30,-130,133.42,0.4584,778.16,151.39
4,3,-12,30,-120,123.69,0.4616,803.35,150.48
4,3,-11,30,-110,114.02,0.4654,794.01,152.53
4,3,-10,30,-100,104.4,0.4388,769.32,151.37
4,3,-9,30,-90,94.87,0.4568,789.23,155.35
4,3,-8,30,-80,85.44,0.4559,786.37,150.12
4,3,-7,30,-70,76.16,0.4698,781.36,151.58
4,3,-6,30,-60,67.08,0.4474,810.6,153.8
4,3,-5,30,-50,58.31,0.4469,816.78,156.66
4,3,-4,30,-40,50.0,0.4505,811.77,148.23
4,3,-3,30,-30,42.43,0.4502,797.35,152.39
4,3,-2,30,-20,36.06,0.4596,798.36,154.6
4,3,-1,30,-10,31.62,0.4622,812.7,148.45
4,3,0,30,0,30.0,0.4451,787.81,152.85
4,3,1,30,10,31.62,0.4403,810.15,146.76
4,3,2,30,20,36.06,0.4566,800.26,154.0
4,3,3,30,30,42.43,0.4591,821.53,154.38
4,3,4,30,40,50.0,0.4511,782.62,146.84
4,3,5,30,50,58.31,0.4333,783.75,150.21
4,3,6,30,60,67.08,0.4455,797.3,151.48
4,3,7,30,70,76.16,0.4476,783.17,149.84
4,3,8,30,80,85.44,0.4428,795.94,154.05
4,3,9,30,90,94.87,0.4483,825.86,154.63
4,3,10,30,100,104.4,0.4477,779.76,150.78
4,3,11,30,110,114.02,0.4644,784.96,154.53
4,3,12,30,120,123.69,0.4682,775.61,150.9
4,3,13,30,130,133.42,0.4682,783.59,152.23
4,4,-13,40,-130,136.01,0.4608,778.55,150.0
4,4,-12,40,-120,126.49,0.4657,778.42,144.95
4,4,-11,40,-110,117.05,0.4559,779.69,157.2
4,4,-10,40,-100,107.7,0.4486,778.67,152.73
4,4,-9,40,-90,98.49,0.4458,786.69,152.06
4,4,-8,40,-80,89.44,0.4417,778.14,155.3
4,4,-7,40,-70,80.62,0.4546,796.04,149.99
4,4,-6,40,-60,72.11,0.454,814.6,147.73
4,4,-5,40,-50,64.03,0.4529,792.4,149.43
4,4,-4,40,-40,56.57,0.4513,799.9,152.21
4,4,-3,40,-30,50.0,0.4539,777.38,145.93
4,4,-2,40,-20,44.72,0.447,827.43,147.45
4,4,-1,40,-10,41.23,0.4483,791.95,148.34
4,4,0,40,0,40.0,0.4514,821.01,151.37
4,4,1,40,10,41.23,0.4436,841.3,150.24
4,4,2,40,20,44.72,0.4454,821.18,148.59
4,4,3,40,30,50.0,0.4633,786.94,154.29
4,4,4,40,40,56.57,0.4516,819.37,155.71
4,4,5,40,50,64.03,0.4409,819.14,145.77
4,4,6,40,60,72.11,0.4416,787.95,151.51
4,4,7,40,70,80.62,0.4503,797.49,150.44
4,4,8,40,80,89.44,0.4547,810.02,153.4
4,4,9,40,90,98.49,0.4656,798.06,148.97
4,4,10,40,100,107.7,0.4582,777.97,149.17
4,4,11,40,110,117.05,0.4641,788.95,148.51
4,4,12,40,120,126.49,0.4477,786.33,156.72
4,4,13,40,130,136.01,0.4726,781.27,160.72
4,5,-12,50,-120,130.0,0.4602,781.4,146.08
4,5,-11,50,-110,120.83,0.4539,801.6,157.27
4,5,-10,50,-100,111.8,0.4478,800.28,154.73
4,5,-9,50,-90,102.96,0.4521,762.7,151.57
4,5,-8,50,-80,94.34,0.4565,785.2,149.55
4,5,-7,50,-70,86.02,0.4408,761.45,153.12
4,5,-6,50,-60,78.1,0.45,823.97,152.57
4,5,-5,50,-50,70.71,0.4472,798.75,151.7
4,5,-4,50,-40,64.03,0.4577,804.84,153.32
4,5,-3,50,-30,58.31,0.4476,785.04,149.81
4,5,-2,50,-20,53.85,0.4516,781.98,145.99
4,5,-1,50,-10,50.99,0.4536,793.9,149.5
4,5,0,50,0,50.0,0.4471,822.81,153.79
4,5,1,50,10,50.99,0.4401,792.01,152.55
4,5,2,50,20,53.85,0.4548,799.38,146.59
4,5,3,50,30,58.31,0.4445,792.25,150.83
4,5,4,50,40,64.03,0.4636,789.7,146.92
4,5,5,50,50,70.71,0.4491,815.48,145.66
4,5,6,50,60,78.1,0.4616,797.42,147.8
4,5,7,50,70,86.02,0.4372,810.6,149.52
4,5,8,50,80,94.34,0.4518,785.9,149.35
4,5,9,50,90,102.96,0.4481,795.44,148.82
4,5,10,50,100,111.8,0.4422,834.28,147.5
4,5,11,50,110,120.83,0.4589,762.24,146.58
4,5,12,50,120,130.0,0.4618,786.09,157.57
4,6,-12,60,-120,134.16,0.466,778.58,151.56
4,6,-11,60,-110,125.3,0.4711,800.23,149.4
4,6,-10,60,-100,116.62,0.4563,793.19,151.05
4,6,-9,60,-90,108.17,0.4595,807.42,150.68
4,6,-8,60,-80,100.0,0.4491,820.42,153.43
4,6,-7,60,-70,92.2,0.4507,775.35,151.25
4,6,-6,60,-60,84.85,0.4556,758.68,150.77
4,6,-5,60,-50,78.1,0.4467,796.69,147.28
4,6,-4,60,-40,72.11,0.4488,820.88,148.66
4,6,-3,60,-30,67.08,0.4577,787.91,152.28
4,6,-2,60,-20,63.25,0.45,805.28,150.02
4,6,-1,60,-10,60.83,0.4551,761.49,145.74
4,6,0,60,0,60.0,0.4533,769.35,148.41
4,6,1,60,10,60.83,0.4496,787.58,147.93
4,6,2,60,20,63.25,0.4522,815.14,147.12
4,6,3,60,30,67.08,0.4454,789.03,142.74
4,6,4,60,40,72.11,0.4511,814.02,153.05
4,6,5,60,50,78.1,0.443,781.22,150.06
4,6,6,60,60,84.85,0.4566,802.32,150.88
4,6,7,60,70,92.2,0.4593,788.7,149.56
4,6,8,60,80,100.0,0.4645,794.98,146.83
4,6,9,60,90,108.17,0.448,780.87,152.32
4,6,10,60,100,116.62,0.4488,795.09,149.88
4,6,11,60,110,125.3,0.4421,790.9,153.58
4,6,12,60,120,134.16,0.4669,770.73,152.07
4,7,-11,70,-110,130.38,0.4644,806.02,153.88
4,7,-10,70,-100,122.07,0.4613,783.32,148.09
4,7,-9,70,-90,114.02,0.4629,805.94,153.94
4,7,-8,70,-80,106.3,0.4514,804.66,153.77
4,7,-7,70,-70,98.99,0.4641,813.07,150.76
4,7,-6,70,-60,92.2,0.4397,802.12,150.99
4,7,-5,70,-50,86.02,0.4557,820.31,149.75
4,7,-4,70,-40,80.62,0.4668,773.61,151.26
4,7,-3,70,-30,76.16,0.4436,771.39,149.39
4,7,-2,70,-20,72.8,0.4383,797.58,150.1
4,7,-1,70,-10,70.71,0.4589,777.39,152.73
4,7,0,70,0,70.0,0.4508,815.43,148.7
4,7,1,70,10,70.71,0.4393,781.74,146.12
4,7,2,70,20,72.8,0.4538,822.15,148.31
4,7,3,70,30,76.16,0.455,777.15,150.54
4,7,4,70,40,80.62,0.4553,778.28,149.39
4,7,5,70,50,86.02,0.4557,755.99,154.04
4,7,6,70,60,92.2,0.453,810.54,148.98
4,7,7,70,70,98.99,0.4374,806.25,150.32
4,7,8,70,80,106.3,0.4531,812.01,153.38
4,7,9,70,90,114.02,0.4705,794.62,149.74
4,7,10,70,100,122.07,0.4564,794.37,155.77
4,7,11,70,110,130.38,0.4494,783.36,158.67
4,8,-11,80,-110,136.01,0.4617,793.58,156.17
4,8,-10,80,-100,128.06,0.4679,772.51,151.1
4,8,-9,80,-90,120.42,0.4575,766.06,151.71
4,8,-8,80,-80,113.14,0.4569,819.5,152.93
4,8,-7,80,-70,106.3,0.4579,813.17,148.2
4,8,-6,80,-60,100.0,0.4501,834.32,150.39
4,8,-5,80,-50,94.34,0.4593,813.87,145.88
4,8,-4,80,-40,89.44,0.4525,802.2,151.11
4,8,-3,80,-30,85.44,0.444,783.25,148.6
4,8,-2,80,-20,82.46,0.4492,817.77,155.45
4,8,-1,80,-10,80.62,0.4612,812.9,146.99
4,8,0,80,0,80.0,0.4467,803.15,148.1
4,8,1,80,10,80.62,0.4546,810.81,151.61
4,8,2,80,20,82.46,0.4582,786.43,152.8
4,8,3,80,30,85.44,0.4444,785.89,151.62
4,8,4,80,40,89.44,0.4597,807.32,150.18
4,8,5,80,50,94.34,0.4529,801.46,146.93
4,8,6,80,60,100.0,0.4414,796.75,150.87
4,8,7,80,70,106.3,0.453,805.84,150.45
4,8,8,80,80,113.14,0.4594,790.56,157.19
4,8,9,80,90,120.42,0.458,824.15,153.58
4,8,10,80,100,128.06,0.4585,771.17,149.18
4,8,11,80,110,136.01,0.4557,766.42,155.88
4,9,-10,90,-100,134.54,0.4587,783.39,158.31
4,9,-9,90,-90,127.28,0.4592,816.32,149.88
4,9,-8,90,-80,120.42,0.4561,780.95,155.33
4,9,-7,90,-70,114.02,0.4372,770.66,151.49
4,9,-6,90,-60,108.17,0.4658,798.33,147.2
4,9,-5,90,-50,102.96,0.4425,822.05,148.97
4,9,-4,90,-40,98.49,0.4435,820.55,153.57
4,9,-3,90,-30,94.87,0.4607,785.05,145.76
4,9,-2,90,-20,92.2,0.4512,804.81,151.31
4,9,-1,90,-10,90.55,0.4618,773.97,152.73
4,9,0,90,0,90.0,0.4412,812.84,148.71
4,9,1,90,10,90.55,0.4435,790.82,145.82
4,9,2,90,20,92.2,0.4505,788.2,152.58
4,9,3,90,30,94.87,0.4556,824.62,151.43
4,9,4,90,40,98.49,0.4552,819.39,148.65
4,9,5,90,50,102.96,0.4401,799.96,146.56
4,9,6,90,60,108.17,0.473,816.77,157.74
4,9,7,90,70,114.02,0.4556,800.57,150.43
4,9,8,90,80,120.42,0.4644,770.81,144.89
4,9,9,90,90,127.28,0.4536,763.3,157.84
4,9,10,90,100,134.54,0.4775,759.54,158.34
4,10,-9,100,-90,134.54,0.4706,757.04,153.29
4,10,-8,100,-80,128.06,0.4556,795.88,149.83
4,10,-7,100,-70,122.07,0.4571,777.85,154.14
4,10,-6,100,-60,116.62,0.4542,783.0,151.45
4,10,-5,100,-50,111.8,0.4707,787.1,148.46
4,10,-4,100,-40,107.7,0.4579,792.98,146.96
4,10,-3,100,-30,104.4,0.4702,791.14,149.81
4,10,-2,100,-20,101.98,0.4531,823.24,145.72
4,10,-1,100,-10,100.5,0.4537,829.09,151.05
4,10,0,100,0,100.0,0.4415,788.66,151.25
4,10,1,100,10,100.5,0.4621,792.69,153.14
4,10,2,100,20,101.98,0.4403,775.64,149.31
4,10,3,100,30,104.4,0.4639,797.46,151.81
4,10,4,100,40,107.7,0.4555,811.77,149.38
4,10,5,100,50,111.8,0.4599,780.89,157.54
4,10,6,100,60,116.62,0.4496,777.79,153.74
4,10,7,100,70,122.07,0.4585,793.04,153.41
4,10,8,100,80,128.06,0.4515,808.86,156.19
4,10,9,100,90,134.54,0.4738,772.66,155.71
4,11,-8,110,-80,136.01,0.4652,796.53,158.17
4,11,-7,110,-70,130.38,0.4627,760.47,159.18
4,11,-6,110,-60,125.3,0.4636,777.17,154.36
4,11,-5,110,-50,120.83,0.4454,804.65,148.16
4,11,-4,110,-40,117.05,0.4544,794.48,155.25
4,11,-3,110,-30,114.02,0.456,801.84,151.72
4,11,-2,110,-20,111.8,0.4542,794.63,151.02
4,11,-1,110,-10,110.45,0.4405,782.43,152.19
4,11,0,110,0,110.0,0.4519,791.82,150.45
4,11,1,110,10,110.45,0.4471,786.56,150.54
4,11,2,110,20,111.8,0.4545,799.25,151.05
4,11,3,110,30,114.02,0.4469,771.34,159.6
4,11,4,110,40,117.05,0.4471,783.03,153.69
4,11,5,110,50,120.83,0.4603,796.63,151.25
4,11,6,110,60,125.3,0.461,787.22,152.2
4,11,7,110,70,130.38,0.4631,799.07,153.77
4,11,8,110,80,136.01,0.4635,795.63,157.58
4,12,-6,120,-60,134.16,0.4755,754.49,157.12
4,12,-5,120,-50,130.0,0.4658,770.19,154.54
4,12,-4,120,-40,126.49,0.468,773.16,154.63
4,12,-3,120,-30,123.69,0.4655,771.16,152.5
4,12,-2,120,-20,121.66,0.4602,776.42,150.04
4,12,-1,120,-10,120.42,0.4562,801.07,154.45
4,12,0,120,0,120.0,0.4503,799.05,149.97
4,12,1,120,10,120.42,0.4444,783.54,155.89
4,12,2,120,20,121.66,0.463,788.34,151.42
4,12,3,120,30,123.69,0.4554,788.86,149.72
4,12,4,120,40,126.49,0.4568,782.37,149.24
4,12,5,120,50,130.0,0.4543,789.63,153.81
4,12,6,120,60,134.16,0.4603,767.16,159.14
4,13,-4,130,-40,136.01,0.4569,783.39,153.23
4,13,-3,130,-30,133.42,0.4627,788.18,150.18
4,13,-2,130,-20,131.53,0.4616,800.38,159.29
4,13,-1,130,-10,130.38,0.4601,783.86,160.48
4,13,0,130,0,130.0,0.4701,774.22,151.93
4,13,1,130,10,130.38,0.4688,768.07,157.1
4,13,2,130,20,131.53,0.4643,790.28,153.24
4,13,3,130,30,133.42,0.4574,803.24,153.55
4,13,4,130,40,136.01,0.4603,778.41,155.27
5,-13,-4,-130,-40,136.01,0.4604,823.42,155.22
5,-13,-3,-130,-30,133.42,0.4652,758.03,151.84
5,-13,-2,-130,-20,131.53,0.4688,760.81,151.82
5,-13,-1,-130,-10,130.38,0.4657,795.37,153.51
5,-13,0,-130,0,130.0,0.462,785.28,150.09
5,-13,1,-130,10,130.38,0.4606,786.87,153.58
5,-13,2,-130,20,131.53,0.4462,805.55,150.73
5,-13,3,-130,30,133.42,0.463,786.14,152.93
5,-13,4,-130,40,136.01,0.4655,767.98,161.13
5,-12,-6,-120,-60,134.16,0.4607,794.31,151.13
5,-12,-5,-120,-50,130.0,0.4668,772.72,149.61
5,-12,-4,-120,-40,126.49,0.4511,772.88,153.63
5,-12,-3,-120,-30,123.69,0.4815,828.26,151.96
5,-12,-2,-120,-20,121.66,0.4654,769.56,146.36
5,-12,-1,-120,-10,120.42,0.4575,797.24,154.87
5,-12,0,-120,0,120.0,0.4658,784.31,152.69
5,-12,1,-120,10,120.42,0.4639,806.94,149.8
5,-12,2,-120,20,121.66,0.4594,798.11,153.12
5,-12,3,-120,30,123.69,0.4535,787.27,154.52
5,-12,4,-120,40,126.49,0.4535,767.64,159.48
5,-12,5,-120,50,130.0,0.4625,797.55,154.41
5,-12,6,-120,60,134.16,0.4712,782.02,156.17
5,-11,-8,-110,-80,136.01,0.4547,753.13,153.26
5,-11,-7,-110,-70,130.38,0.4498,751.48,154.75
5,-11,-6,-110,-60,125.3,0.445,800.54,157.46
5,-11,-5,-110,-50,120.83,0.4459,793.15,158.15
5,-11,-4,-110,-40,117.05,0.4523,799.97,159.31
5,-11,-3,-110,-30,114.02,0.4417,777.02,153.5
5,-11,-2,-110,-20,111.8,0.4718,782.68,158.89
5,-11,-1,-110,-10,110.45,0.4551,764.45,156.23
5,-11,0,-110,0,110.0,0.4502,800.89,146.44
5,-11,1,-110,10,110.45,0.448,771.5,146.65
5,-11,2,-110,20,111.8,0.4552,801.85,149.95
5,-11,3,-110,30,114.02,0.4436,773.17,152.92
5,-11,4,-110,40,117.05,0.457,796.63,156.81
5,-11,5,-110,50,120.83,0.4621,794.95,159.68
5,-11,6,-110,60,125.3,0.4569,822.06,157.41
5,-11,7,-110,70,130.38,0.4588,795.31,153.2
5,-11,8,-110,80,136.01,0.4521,779.49,150.29
5,-10,-9,-100,-90,134.54,0.4648,792.59,153.81
5,-10,-8,-100,-80,128.06,0.4621,787.88,156.05
5,-10,-7,-100,-70,122.07,0.4586,783.42,155.12
5,-10,-6,-100,-60,116.62,0.4572,759.0,151.04
5,-10,-5,-100,-50,111.8,0.4503,795.56,151.71
5,-10,-4,-100,-40,107.7,0.4376,772.76,148.35
5,-10,-3,-100,-30,104.4,0.4529,812.54,146.13
5,-10,-2,-100,-20,101.98,0.4464,796.56,147.97
5,-10,-1,-100,-10,100.5,0.4522,807.38,148.39
5,-10,0,-100,0,100.0,0.454,796.22,147.18
5,-10,1,-100,10,100.5,0.4504,804.63,154.9
5,-10,2,-100,20,101.98,0.465,788.78,148.88
5,-10,3,-100,30,104.4,0.4527,788.29,154.58
5,-10,4,-100,40,107.7,0.454,795.96,153.14
5,-10,5,-100,50,111.8,0.4557,797.93,152.38
5,-10,6,-100,60,116.62,0.4548,777.49,157.36
5,-10,7,-100,70,122.07,0.4507,812.95,153.75
5,-10,8,-100,80,128.06,0.4554,792.98,155.87
5,-10,9,-100,90,134.54,0.4767,760.85,154.04
5,-9,-10,-90,-100,134.54,0.474,791.78,155.92
5,-9,-9,-90,-90,127.28,0.4717,782.43,146.21
5,-9,-8,-90,-80,120.42,0.4544,819.22,153.42
5,-9,-7,-90,-70,114.02,0.4484,812.32,154.34
5,-9,-6,-90,-60,108.17,0.4545,803.72,148.2
5,-9,-5,-90,-50,102.96,0.4491,795.98,154.13
5,-9,-4,-90,-40,98.49,0.4467,798.0,154.86
5,-9,-3,-90,-30,94.87,0.4707,786.24,150.76
5,-9,-2,-90,-20,92.2,0.4381,799.57,149.35
5,-9,-1,-90,-10,90.55,0.46,782.38,146.23
5,-9,0,-90,0,90.0,0.4622,790.5,150.73
5,-9,1,-90,10,90.55,0.4524,788.16,147.8
5,-9,2,-90,20,92.2,0.4592,809.94,150.17
5,-9,3,-90,30,94.87,0.4494,804.05,151.48
5,-9,4,-90,40,98.49,0.4612,798.07,151.86
5,-9,5,-90,50,102.96,0.4578,807.99,155.18
5,-9,6,-90,60,108.17,0.4533,786.45,150.18
5,-9,7,-90,70,114.02,0.4603,790.69,158.67
5,-9,8,-90,80,120.42,0.4574,774.72,153.49
5,-9,9,-90,90,127.28,0.4722,772.9,150.87
5,-9,10,-90,100,134.54,0.4614,770.9,150.41
5,-8,-11,-80,-110,136.01,0.4513,783.1,156.84
5,-8,-10,-80,-100,128.06,0.4546,783.6,154.07
5,-8,-9,-80,-90,120.42,0.4485,801.93,153.16
5,-8,-8,-80,-80,113.14,0.459,802.93,159.0
5,-8,-7,-80,-70,106.3,0.4447,782.31,156.14
5,-8,-6,-80,-60,100.0,0.4566,798.97,149.19
5,-8,-5,-80,-50,94.34,0.4485,796.22,145.83
5,-8,-4,-80,-40,89.44,0.4578,769.84,147.57
5,-8,-3,-80,-30,85.44,0.4465,832.15,149.72
5,-8,-2,-80,-20,82.46,0.4525,786.84,152.61
5,-8,-1,-80,-10,80.62,0.4736,807.37,148.99
5,-8,0,-80,0,80.0,0.4337,810.41,147.04
5,-8,1,-80,10,80.62,0.444,813.98,148.58
5,-8,2,-80,20,82.46,0.4492,811.25,147.88
5,-8,3,-80,30,85.44,0.4397,806.96,152.29
5,-8,4,-80,40,89.44,0.4454,790.59,146.82
5,-8,5,-80,50,94.34,0.4561,828.19,153.11
5,-8,6,-80,60,100.0,0.4506,808.68,148.13
5,-8,7,-80,70,106.3,0.4558,779.42,150.72
5,-8,8,-80,80,113.14,0.4635,804.91,153.42
5,-8,9,-80,90,120.42,0.4606,778.0,152.95
5,-8,10,-80,100,128.06,0.4665,781.01,152.9
5,-8,11,-80,110,136.01,0.4598,775.34,152.37
5,-7,-11,-70,-110,130.38,0.4614,778.43,149.42
5,-7,-10,-70,-100,122.07,0.4787,772.58,152.32
5,-7,-9,-70,-90,114.02,0.4556,784.29,151.54
5,-7,-8,-70,-80,106.3,0.4463,806.61,151.02
5,-7,-7,-70,-70,98.99,0.4569,820.29,149.72
5,-7,-6,-70,-60,92.2,0.4563,822.83,149.85
5,-7,-5,-70,-50,86.02,0.4555,793.02,153.63
5,-7,-4,-70,-40,80.62,0.446,810.55,152.99
5,-7,-3,-70,-30,76.16,0.4406,790.0,147.88
5,-7,-2,-70,-20,72.8,0.4586,782.37,150.98
5,-7,-1,-70,-10,70.71,0.4558,802.54,153.82
5,-7,0,-70,0,70.0,0.4346,809.12,149.45
5,-7,1,-70,10,70.71,0.438,783.78,154.7
5,-7,2,-70,20,72.8,0.4551,812.03,152.88
5,-7,3,-70,30,76.16,0.4391,803.69,153.3
5,-7,4,-70,40,80.62,0.4468,820.44,148.16
5,-7,5,-70,50,86.02,0.451,805.96,152.3
5,-7,6,-70,60,92.2,0.4478,814.97,151.5
5,-7,7,-70,70,98.99,0.4381,825.79,147.69
5,-7,8,-70,80,106.3,0.4682,793.34,150.06
5,-7,9,-70,90,114.02,0.4583,781.83,146.15
5,-7,10,-70,100,122.07,0.457,793.77,157.34
5,-7,11,-70,110,130.38,0.4516,791.94,153.53
5,-6,-12,-60,-120,134.16,0.463,795.41,152.87
5,-6,-11,-60,-110,125.3,0.4605,802.65,156.23
5,-6,-10,-60,-100,116.62,0.4462,781.84,151.66
5,-6,-9,-60,-90,108.17,0.4599,791.17,151.5
5,-6,-8,-60,-80,100.0,0.4614,792.85,155.05
5,-6,-7,-60,-70,92.2,0.4373,793.9,146.12
5,-6,-6,-60,-60,84.85,0.4509,811.26,149.53
5,-6,-5,-60,-50,78.1,0.4462,779.61,155.04
5,-6,-4,-60,-40,72.11,0.4498,793.22,154.69
5,-6,-3,-60,-30,67.08,0.4472,786.34,147.87
5,-6,-2,-60,-20,63.25,0.4431,784.01,147.92
5,-6,-1,-60,-10,60.83,0.4693,782.75,145.52
5,-6,0,-60,0,60.0,0.4522,798.86,151.98
5,-6,1,-60,10,60.83,0.4456,786.97,155.02
5,-6,2,-60,20,63.25,0.4371,805.41,152.07
5,-6,3,-60,30,67.08,0.4566,795.45,146.26
5,-6,4,-60,40,72.11,0.462,793.32,154.59
5,-6,5,-60,50,78.1,0.4529,792.74,151.18
5,-6,6,-60,60,84.85,0.4592,801.23,147.8
5,-6,7,-60,70,92.2,0.4358,793.42,152.64
5,-6,8,-60,80,100.0,0.4433,808.15,150.71
5,-6,9,-60,90,108.17,0.4593,759.85,146.99
5,-6,10,-60,100,116.62,0.4523,819.02,149.82
5,-6,11,-60,110,125.3,0.4581,818.56,154.42
5,-6,12,-60,120,134.16,0.4697,771.19,157.94
5,-5,-12,-50,-120,130.0,0.4717,791.0,153.53
5,-5,-11,-50,-110,120.83,0.4619,764.43,155.84
5,-5,-10,-50,-100,111.8,0.4476,789.17,155.54
5,-5,-9,-50,-90,102.96,0.4608,772.64,147.99
5,-5,-8,-50,-80,94.34,0.4555,773.32,154.57
5,-5,-7,-50,-70,86.02,0.4509,821.19,147.8
5,-5,-6,-50,-60,78.1,0.4448,815.51,149.11
5,-5,-5,-50,-50,70.71,0.4401,808.42,145.22
5,-5,-4,-50,-40,64.03,0.4615,802.76,147.33
5,-5,-3,-50,-30,58.31,0.4592,817.44,150.01
5,-5,-2,-50,-20,53.85,0.4682,833.79,150.97
5,-5,-1,-50,-10,50.99,0.4585,819.63,146.6
5,-5,0,-50,0,50.0,0.4523,789.77,147.53
5,-5,1,-50,10,50.99,0.451,802.95,145.16
5,-5,2,-50,20,53.85,0.4527,796.24,154.19
5,-5,3,-50,30,58.31,0.4593,787.16,153.94
5,-5,4,-50,40,64.03,0.4543,796.73,148.46
5,-5,5,-50,50,70.71,0.4408,781.73,144.52
5,-5,6,-50,60,78.1,0.4502,769.1,147.4
5,-5,7,-50,70,86.02,0.4553,822.4,146.59
5,-5,8,-50,80,94.34,0.4553,794.76,148.76
5,-5,9,-50,90,102.96,0.4533,787.13,150.58
5,-5,10,-50,100,111.8,0.455,810.76,155.72
5,-5,11,-50,110,120.83,0.4527,784.77,154.99
5,-5,12,-50,120,130.0,0.4596,794.19,156.49
5,-4,-13,-40,-130,136.01,0.4717,780.93,151.2
5,-4,-12,-40,-120,126.49,0.4583,777.99,155.63
5,-4,-11,-40,-110,117.05,0.4683,814.12,154.79
5,-4,-10,-40,-100,107.7,0.4458,816.18,152.49
5,-4,-9,-40,-90,98.49,0.4445,811.31,149.87
5,-4,-8,-40,-80,89.44,0.4344,785.3,149.92
5,-4,-7,-40,-70,80.62,0.4492,784.03,152.25
5,-4,-6,-40,-60,72.11,0.4542,778.46,157.9
5,-4,-5,-40,-50,64.03,0.4403,793.13,151.13
5,-4,-4,-40,-40,56.57,0.4464,821.81,149.47
5,-4,-3,-40,-30,50.0,0.4426,809.22,141.3
5,-4,-2,-40,-20,44.72,0.4543,819.35,143.08
5,-4,-1,-40,-10,41.23,0.4468,775.31,150.04
5,-4,0,-40,0,40.0,0.4679,803.44,149.34
5,-4,1,-40,10,41.23,0.4274,783.41,149.6
5,-4,2,-40,20,44.72,0.4507,805.15,152.3
5,-4,3,-40,30,50.0,0.4428,800.6,148.51
5,-4,4,-40,40,56.57,0.4425,786.92,151.62
5,-4,5,-40,50,64.03,0.4295,772.17,159.5
5,-4,6,-40,60,72.11,0.4447,822.03,149.81
5,-4,7,-40,70,80.62,0.4455,809.86,150.24
5,-4,8,-40,80,89.44,0.4486,799.34,151.3
5,-4,9,-40,90,98.49,0.4456,791.16,147.6
5,-4,10,-40,100,107.7,0.4436,822.89,148.49
5,-4,11,-40,110,117.05,0.4641,785.47,153.76
5,-4,12,-40,120,126.49,0.4596,758.73,153.38
5,-4,13,-40,130,136.01,0.4684,765.29,161.66
5,-3,-13,-30,-130,133.42,0.469,793.63,157.07
5,-3,-12,-30,-120,123.69,0.4398,797.8,159.76
5,-3,-11,-30,-110,114.02,0.4612,788.37,148.46
5,-3,-10,-30,-100,104.4,0.4427,776.45,149.74
5,-3,-9,-30,-90,94.87,0.4419,797.02,150.95
5,-3,-8,-30,-80,85.44,0.4362,788.52,148.29
5,-3,-7,-30,-70,76.16,0.4451,800.27,150.37
5,-3,-6,-30,-60,67.08,0.4466,789.91,149.94
5,-3,-5,-30,-50,58.31,0.4615,778.17,153.4
5,-3,-4,-30,-40,50.0,0.4369,805.43,153.15
5,-3,-3,-30,-30,42.43,0.4394,805.26,146.86
5,-3,-2,-30,-20,36.06,0.4594,776.0,147.32
5,-3,-1,-30,-10,31.62,0.4511,810.67,150.28
5,-3,0,-30,0,30.0,0.454,791.76,146.73
5,-3,1,-30,10,31.62,0.4617,807.48,148.54
5,-3,2,-30,20,36.06,0.4368,818.35,153.79
5,-3,3,-30,30,42.43,0.4483,790.09,149.22
5,-3,4,-30,40,50.0,0.4483,811.54,146.59
5,-3,5,-30,50,58.31,0.4453,797.24,150.78
5,-3,6,-30,60,67.08,0.4569,804.66,155.26
5,-3,7,-30,70,76.16,0.4421,821.92,147.14
5,-3,8,-30,80,85.44,0.4468,805.81,153.56
5,-3,9,-30,90,94.87,0.4473,805.19,149.39
5,-3,10,-30,100,104.4,0.434,795.85,147.22
5,-3,11,-30,110,114.02,0.4653,811.49,149.3
5,-3,12,-30,120,123.69,0.4506,777.79,154.53
5,-3,13,-30,130,133.42,0.4667,832.43,153.36
5,-2,-13,-20,-130,131.53,0.4624,811.49,154.87
5,-2,-12,-20,-120,121.66,0.4491,793.5,154.79
5,-2,-11,-20,-110,111.8,0.4517,805.28,153.71
5,-2,-10,-20,-100,101.98,0.4481,820.57,148.41
5,-2,-9,-20,-90,92.2,0.4536,790.76,145.14
5,-2,-8,-20,-80,82.46,0.4529,828.94,149.84
5,-2,-7,-20,-70,72.8,0.4381,803.33,147.54
5,-2,-6,-20,-60,63.25,0.4584,796.57,144.68
5,-2,-5,-20,-50,53.85,0.4541,803.13,149.1
5,-2,-4,-20,-40,44.72,0.4417,826.84,148.64
5,-2,-3,-20,-30,36.06,0.4572,793.05,152.04
5,-2,-2,-20,-20,28.28,0.4504,800.42,147.52
5,-2,-1,-20,-10,22.36,0.4542,821.08,146.9
5,-2,0,-20,0,20.0,0.4433,844.17,147.0
5,-2,1,-20,10,22.36,0.4456,820.76,154.24
5,-2,2,-20,20,28.28,0.4306,811.48,149.41
5,-2,3,-20,30,36.06,0.4488,817.48,148.96
5,-2,4,-20,40,44.72,0.4459,795.18,148.95
5,-2,5,-20,50,53.85,0.4528,819.85,151.28
5,-2,6,-20,60,63.25,0.4499,808.2,152.34
5,-2,7,-20,70,72.8,0.4546,789.99,151.27
5,-2,8,-20,80,82.46,0.433,823.01,154.59
5,-2,9,-20,90,92.2,0.4573,818.48,149.99
5,-2,10,-20,100,101.98,0.4458,778.48,153.79
5,-2,11,-20,110,111.8,0.4484,787.74,152.26
5,-2,12,-20,120,121.66,0.4575,792.34,147.25
5,-2,13,-20,130,131.53,0.4598,794.88,152.71
5,-1,-13,-10,-130,130.38,0.4543,797.56,152.57
5,-1,-12,-10,-120,120.42,0.4588,785.89,152.52
5,-1,-11,-10,-110,110.45,0.4663,802.54,147.79
5,-1,-10,-10,-100,100.5,0.4485,791.59,151.31
5,-1,-9,-10,-90,90.55,0.4573,800.45,150.16
5,-1,-8,-10,-80,80.62,0.4321,819.86,149.5
5,-1,-7,-10,-70,70.71,0.4521,803.84,147.69
5,-1,-6,-10,-60,60.83,0.448,788.34,154.15
5,-1,-5,-10,-50,50.99,0.4322,785.7,149.03
5,-1,-4,-10,-40,41.23,0.462,810.62,145.09
5,-1,-3,-10,-30,31.62,0.4491,810.82,156.68
5,-1,-2,-10,-20,22.36,0.4473,782.23,150.97
5,-1,-1,-10,-10,14.14,0.4497,806.95,152.07
5,-1,0,-10,0,10.0,0.4526,807.92,154.91
5,-1,1,-10,10,14.14,0.4477,781.63,150.94
5,-1,2,-10,20,22.36,0.4397,783.18,147.53
5,-1,3,-10,30,31.62,0.44,817.53,150.15
5,-1,4,-10,40,41.23,0.4557,807.65,149.37
5,-1,5,-10,50,50.99,0.4577,792.76,149.5
5,-1,6,-10,60,60.83,0.4443,821.0,149.68
5,-1,7,-10,70,70.71,0.4548,791.28,152.54
5,-1,8,-10,80,80.62,0.4562,775.62,150.01
5,-1,9,-10,90,90.55,0.451,795.48,154.31
5,-1,10,-10,100,100.5,0.4417,791.05,148.11
5,-1,11,-10,110,110.45,0.4623,778.53,145.96
5,-1,12,-10,120,120.42,0.4608,786.96,155.64
5,-1,13,-10,130,130.38,0.4677,782.6,149.51
5,0,-13,0,-130,130.0,0.4514,756.88,153.37
5,0,-12,0,-120,120.0,0.4519,786.56,152.99
5,0,-11,0,-110,110.0,0.4691,802.87,151.63
5,0,-10,0,-100,100.0,0.4389,798.33,153.27
5,0,-9,0,-90,90.0,0.4531,784.28,149.01
5,0,-8,0,-80,80.0,0.4506,793.88,148.15
5,0,-7,0,-70,70.0,0.4328,788.48,150.75
5,0,-6,0,-60,60.0,0.457,801.14,153.18
5,0,-5,0,-50,50.0,0.4494,786.83,148.58
5,0,-4,0,-40,40.0,0.454,795.98,148.07
5,0,-3,0,-30,30.0,0.4375,786.6,148.81
5,0,-2,0,-20,20.0,0.4453,785.38,154.67
5,0,-1,0,-10,10.0,0.4548,832.88,145.18
5,0,0,0,0,0.0,0.4525,793.48,150.06
5,0,1,0,10,10.0,0.4648,773.91,148.28
5,0,2,0,20,20.0,0.444,791.45,143.67
5,0,3,0,30,30.0,0.4603,819.88,151.75
5,0,4,0,40,40.0,0.4393,804.16,152.6
5,0,5,0,50,50.0,0.4531,799.26,154.23
5,0,6,0,60,60.0,0.4443,797.47,151.88
5,0,7,0,70,70.0,0.4525,808.4,151.6
5,0,8,0,80,80.0,0.4542,794.53,147.91
5,0,9,0,90,90.0,0.4511,822.67,150.06
5,0,10,0,100,100.0,0.4562,799.62,156.73
5,0,11,0,110,110.0,0.4528,803.2,149.26
5,0,12,0,120,120.0,0.4482,789.16,156.02
5,0,13,0,130,130.0,0.4661,752.18,155.98
5,1,-13,10,-130,130.38,0.4489,795.84,155.47
5,1,-12,10,-120,120.42,0.4561,799.95,151.73
5,1,-11,10,-110,110.45,0.4552,772.38,150.69
5,1,-10,10,-100,100.5,0.4589,777.81,153.12
5,1,-9,10,-90,90.55,0.4339,782.13,149.21
5,1,-8,10,-80,80.62,0.4512,791.41,148.2
5,1,-7,10,-70,70.71,0.4589,817.83,148.73
5,1,-6,10,-60,60.83,0.4468,795.69,156.65
5,1,-5,10,-50,50.99,0.4501,823.57,152.2
5,1,-4,10,-40,41.23,0.4492,790.29,152.34
5,1,-3,10,-30,31.62,0.4437,794.2,151.98
5,1,-2,10,-20,22.36,0.4481,794.08,149.08
5,1,-1,10,-10,14.14,0.4445,806.74,150.11
5,1,0,10,0,10.0,0.4392,792.69,148.9
5,1,1,10,10,14.14,0.447,808.99,147.89
5,1,2,10,20,22.36,0.4716,820.78,154.14
5,1,3,10,30,31.62,0.4417,769.54,148.98
5,1,4,10,40,41.23,0.4523,797.57,148.41
5,1,5,10,50,50.99,0.4361,789.92,149.27
5,1,6,10,60,60.83,0.446,792.48,147.61
5,1,7,10,70,70.71,0.4632,810.63,152.87
5,1,8,10,80,80.62,0.4522,779.97,152.22
5,1,9,10,90,90.55,0.4608,822.38,152.03
5,1,10,10,100,100.5,0.4515,797.75,152.22
5,1,11,10,110,110.45,0.4409,803.54,150.0
5,1,12,10,120,120.42,0.475,784.54,153.11
5,1,13,10,130,130.38,0.4623,772.85,155.21
5,2,-13,20,-130,131.53,0.4644,797.86,156.17
5,2,-12,20,-120,121.66,0.4593,776.08,150.3
5,2,-11,20,-110,111.8,0.4677,794.66,157.82
5,2,-10,20,-100,101.98,0.4453,830.2,147.93
5,2,-9,20,-90,92.2,0.4466,806.42,153.21
5,2,-8,20,-80,82.46,0.4554,771.3,148.28
5,2,-7,20,-70,72.8,0.4408,779.28,149.95
5,2,-6,20,-60,63.25,0.4331,815.0,152.23
5,2,-5,20,-50,53.85,0.463,784.0,147.1
5,2,-4,20,-40,44.72,0.4584,816.92,154.05
5,2,-3,20,-30,36.06,0.4592,803.29,148.62
5,2,-2,20,-20,28.28,0.4559,793.37,150.32
5,2,-1,20,-10,22.36,0.4469,804.0,153.73
5,2,0,20,0,20.0,0.4472,792.48,149.68
5,2,1,20,10,22.36,0.4406,809.96,150.35
5,2,2,20,20,28.28,0.4497,804.93,145.58
5,2,3,20,30,36.06,0.4612,792.21,148.88
5,2,4,20,40,44.72,0.4569,809.17,156.0
5,2,5,20,50,53.85,0.4423,785.94,146.41
5,2,6,20,60,63.25,0.4511,795.94,147.91
5,2,7,20,70,72.8,0.4495,784.52,154.64
5,2,8,20,80,82.46,0.4444,791.43,142.84
5,2,9,20,90,92.2,0.437,790.97,149.3
5,2,10,20,100,101.98,0.4576,774.86,152.12
5,2,11,20,110,111.8,0.4594,803.5,154.69
5,2,12,20,120,121.66,0.4485,796.48,157.97
5,2,13,20,130,131.53,0.4729,810.9,154.73
5,3,-13,30,-130,133.42,0.4577,743.36,150.56
5,3,-12,30,-120,123.69,0.4543,782.05,150.55
5,3,-11,30,-110,114.02,0.4578,795.23,151.93
5,3,-10,30,-100,104.4,0.4587,789.38,154.23
5,3,-9,30,-90,94.87,0.4408,794.74,151.29
5,3,-8,30,-80,85.44,0.4347,792.44,152.16
5,3,-7,30,-70,76.16,0.4466,772.66,147.34
5,3,-6,30,-60,67.08,0.4392,807.44,150.35
5,3,-5,30,-50,58.31,0.4375,775.43,147.83
5,3,-4,30,-40,50.0,0.4503,789.92,151.05
5,3,-3,30,-30,42.43,0.4525,807.98,145.76
5,3,-2,30,-20,36.06,0.4478,816.13,147.98
5,3,-1,30,-10,31.62,0.4435,792.68,148.46
5,3,0,30,0,30.0,0.451,791.28,143.94
5,3,1,30,10,31.62,0.4595,807.6,150.45
5,3,2,30,20,36.06,0.4492,795.16,147.6
5,3,3,30,30,42.43,0.435,824.41,150.06
5,3,4,30,40,50.0,0.4371,784.61,150.91
5,3,5,30,50,58.31,0.4523,788.79,146.77
5,3,6,30,60,67.08,0.4454,771.06,148.57
5,3,7,30,70,76.16,0.4463,822.9,148.65
5,3,8,30,80,85.44,0.452,823.97,146.82
5,3,9,30,90,94.87,0.4455,791.21,145.31
5,3,10,30,100,104.4,0.4503,813.88,153.48
5,3,11,30,110,114.02,0.4646,782.8,148.42
5,3,12,30,120,123.69,0.4766,790.45,148.09
5,3,13,30,130,133.42,0.4829,779.96,145.45
5,4,-13,40,-130,136.01,0.4752,744.96,155.56
5,4,-12,40,-120,126.49,0.4663,795.82,157.97
5,4,-11,40,-110,117.05,0.4643,818.66,151.86
5,4,-10,40,-100,107.7,0.4499,789.93,155.33
5,4,-9,40,-90,98.49,0.446,811.1,147.95
5,4,-8,40,-80,89.44,0.4433,817.76,151.43
5,4,-7,40,-70,80.62,0.4327,787.19,142.29
5,4,-6,40,-60,72.11,0.447,795.9,148.58
5,4,-5,40,-50,64.03,0.4597,806.2,157.4
5,4,-4,40,-40,56.57,0.4543,808.29,150.82
5,4,-3,40,-30,50.0,0.4478,790.26,149.3
5,4,-2,40,-20,44.72,0.4485,798.59,151.91
5,4,-1,40,-10,41.23,0.4524,792.25,147.79
5,4,0,40,0,40.0,0.4518,786.1,148.72
5,4,1,40,10,41.23,0.4457,836.39,146.18
5,4,2,40,20,44.72,0.4437,791.67,148.64
5,4,3,40,30,50.0,0.458,796.18,146.03
5,4,4,40,40,56.57,0.4614,803.95,151.26
5,4,5,40,50,64.03,0.4552,781.52,149.98
5,4,6,40,60,72.11,0.4566,790.4,150.92
5,4,7,40,70,80.62,0.4543,778.1,146.9
5,4,8,40,80,89.44,0.4317,803.4,155.77
5,4,9,40,90,98.49,0.4455,795.49,153.57
5,4,10,40,100,107.7,0.4554,780.53,155.79
5,4,11,40,110,117.05,0.4577,787.33,151.69
5,4,12,40,120,126.49,0.4643,776.4,158.01
5,4,13,40,130,136.01,0.4737,779.74,154.88
5,5,-12,50,-120,130.0,0.4542,773.92,150.38
5,5,-11,50,-110,120.83,0.4558,789.75,147.8
5,5,-10,50,-100,111.8,0.4599,780.29,152.82
5,5,-9,50,-90,102.96,0.4585,816.56,154.12
5,5,-8,50,-80,94.34,0.4636,811.64,150.81
5,5,-7,50,-70,86.02,0.4462,798.21,154.92
5,5,-6,50,-60,78.1,0.4484,799.92,154.43
5,5,-5,50,-50,70.71,0.4481,788.08,153.4
5,5,-4,50,-40,64.03,0.4434,806.06,150.69
5,5,-3,50,-30,58.31,0.4525,763.7,152.34
5,5,-2,50,-20,53.85,0.4495,809.24,151.5
5,5,-1,50,-10,50.99,0.4525,794.04,148.84
5,5,0,50,0,50.0,0.4496,802.57,148.73
5,5,1,50,10,50.99,0.4575,795.08,147.06
5,5,2,50,20,53.85,0.4548,828.22,146.5
5,5,3,50,30,58.31,0.449,815.96,151.71
5,5,4,50,40,64.03,0.455,800.46,142.03
5,5,5,50,50,70.71,0.4521,805.6,153.38
5,5,6,50,60,78.1,0.444,825.24,149.07
5,5,7,50,70,86.02,0.4461,789.19,153.17
5,5,8,50,80,94.34,0.4416,808.89,147.89
5,5,9,50,90,102.96,0.4517,774.08,153.19
5,5,10,50,100,111.8,0.4532,801.71,151.05
5,5,11,50,110,120.83,0.4617,788.13,154.8
5,5,12,50,120,130.0,0.4653,786.42,151.09
5,6,-12,60,-120,134.16,0.4593,769.25,158.69
5,6,-11,60,-110,125.3,0.4654,786.87,151.45
5,6,-10,60,-100,116.62,0.4497,792.87,157.62
5,6,-9,60,-90,108.17,0.4534,812.97,152.08
5,6,-8,60,-80,100.0,0.4559,790.8,150.04
5,6,-7,60,-70,92.2,0.4435,804.36,149.49
5,6,-6,60,-60,84.85,0.4529,785.22,151.38
5,6,-5,60,-50,78.1,0.4514,802.05,151.17
5,6,-4,60,-40,72.11,0.4481,857.1,151.41
5,6,-3,60,-30,67.08,0.4508,811.13,148.44
5,6,-2,60,-20,63.25,0.4456,812.01,152.67
5,6,-1,60,-10,60.83,0.4595,778.62,149.62
5,6,0,60,0,60.0,0.4526,810.8,151.58
5,6,1,60,10,60.83,0.4432,807.72,150.96
5,6,2,60,20,63.25,0.4525,783.55,147.2
5,6,3,60,30,67.08,0.4645,814.79,149.81
5,6,4,60,40,72.11,0.4496,833.34,150.14
5,6,5,60,50,78.1,0.4491,788.1,149.3
5,6,6,60,60,84.85,0.4365,807.81,153.79
5,6,7,60,70,92.2,0.4603,789.25,143.33
5,6,8,60,80,100.0,0.4541,817.72,145.82
5,6,9,60,90,108.17,0.4504,800.3,148.73
5,6,10,60,100,116.62,0.4422,779.87,150.38
5,6,11,60,110,125.3,0.444,802.37,157.8
5,6,12,60,120,134.16,0.463,791.77,149.97
5,7,-11,70,-110,130.38,0.46,774.55,155.08
5,7,-10,70,-100,122.07,0.4363,783.58,154.61
5,7,-9,70,-90,114.02,0.457,804.06,150.01
5,7,-8,70,-80,106.3,0.4303,812.18,153.37
5,7,-7,70,-70,98.99,0.4637,799.35,151.81
5,7,-6,70,-60,92.2,0.4688,772.02,151.55
5,7,-5,70,-50,86.02,0.4597,803.19,150.23
5,7,-4,70,-40,80.62,0.4381,822.01,153.21
5,7,-3,70,-30,76.16,0.4603,799.68,149.04
5,7,-2,70,-20,72.8,0.4499,825.49,149.22
5,7,-1,70,-10,70.71,0.4619,797.79,147.43
5,7,0,70,0,70.0,0.4334,808.61,152.3
5,7,1,70,10,70.71,0.4408,822.15,145.86
5,7,2,70,20,72.8,0.4557,811.36,153.22
5,7,3,70,30,76.16,0.4342,816.0,149.57
5,7,4,70,40,80.62,0.4473,812.38,152.88
5,7,5,70,50,86.02,0.4341,780.65,153.63
5,7,6,70,60,92.2,0.4539,802.51,147.26
5,7,7,70,70,98.99,0.4547,816.52,157.52
5,7,8,70,80,106.3,0.45,808.86,156.66
5,7,9,70,90,114.02,0.4435,819.3,152.41
5,7,10,70,100,122.07,0.4585,780.01,151.63
5,7,11,70,110,130.38,0.4552,768.94,155.19
5,8,-11,80,-110,136.01,0.4725,763.9,152.61
5,8,-10,80,-100,128.06,0.4623,767.94,154.25
5,8,-9,80,-90,120.42,0.4551,764.47,153.94
5,8,-8,80,-80,113.14,0.4504,808.11,151.13
5,8,-7,80,-70,106.3,0.4472,795.2,154.82
5,8,-6,80,-60,100.0,0.4661,806.83,148.86
5,8,-5,80,-50,94.34,0.4507,797.93,149.86
5,8,-4,80,-40,89.44,0.448,785.52,153.05
5,8,-3,80,-30,85.44,0.4569,800.35,153.8
5,8,-2,80,-20,82.46,0.4547,783.25,148.94
5,8,-1,80,-10,80.62,0.4618,794.59,147.92
5,8,0,80,0,80.0,0.4558,795.8,151.68
5,8,1,80,10,80.62,0.4497,788.05,147.92
5,8,2,80,20,82.46,0.4365,783.42,151.89
5,8,3,80,30,85.44,0.4596,790.84,145.9
5,8,4,80,40,89.44,0.4591,817.51,152.29
5,8,5,80,50,94.34,0.4388,807.14,151.97
5,8,6,80,60,100.0,0.4586,800.2,148.38
5,8,7,80,70,106.3,0.4496,813.36,152.23
5,8,8,80,80,113.14,0.4444,818.33,155.19
5,8,9,80,90,120.42,0.4706,806.06,149.74
5,8,10,80,100,128.06,0.4629,793.71,149.48
5,8,11,80,110,136.01,0.4542,790.76,157.16
5,9,-10,90,-100,134.54,0.4819,776.68,149.41
5,9,-9,90,-90,127.28,0.4587,797.78,152.31
5,9,-8,90,-80,120.42,0.4581,779.41,156.1
5,9,-7,90,-70,114.02,0.4611,780.01,150.24
5,9,-6,90,-60,108.17,0.4479,767.05,148.96
5,9,-5,90,-50,102.96,0.4378,810.96,153.87
5,9,-4,90,-40,98.49,0.4487,801.45,153.75
5,9,-3,90,-30,94.87,0.4567,829.37,151.11
5,9,-2,90,-20,92.2,0.4618,801.21,149.86
5,9,-1,90,-10,90.55,0.4554,808.26,148.33
5,9,0,90,0,90.0,0.4434,801.12,144.47
5,9,1,90,10,90.55,0.4476,785.24,148.43
5,9,2,90,20,92.2,0.4439,811.31,151.56
5,9,3,90,30,94.87,0.4509,793.55,153.44
5,9,4,90,40,98.49,0.4583,796.72,154.6
5,9,5,90,50,102.96,0.4505,800.02,149.11
5,9,6,90,60,108.17,0.4502,785.54,153.31
5,9,7,90,70,114.02,0.4581,776.52,153.51
5,9,8,90,80,120.42,0.4716,779.14,150.37
5,9,9,90,90,127.28,0.46,805.81,152.09
5,9,10,90,100,134.54,0.4777,764.73,155.03
5,10,-9,100,-90,134.54,0.4493,766.54,153.82
5,10,-8,100,-80,128.06,0.4624,803.27,151.41
5,10,-7,100,-70,122.07,0.4613,768.05,155.75
5,10,-6,100,-60,116.62,0.4665,806.59,155.2
5,10,-5,100,-50,111.8,0.4537,797.5,151.3
5,10,-4,100,-40,107.7,0.4529,783.98,152.05
5,10,-3,100,-30,104.4,0.4557,811.21,152.12
5,10,-2,100,-20,101.98,0.4589,786.13,155.03
5,10,-1,100,-10,100.5,0.4496,767.05,149.49
5,10,0,100,0,100.0,0.456,799.17,144.8
5,10,1,100,10,100.5,0.4532,799.68,147.75
5,10,2,100,20,101.98,0.4563,795.28,144.91
5,10,3,100,30,104.4,0.4579,799.05,155.48
5,10,4,100,40,107.7,0.4463,791.64,154.41
5,10,5,100,50,111.8,0.4471,808.81,154.76
5,10,6,100,60,116.62,0.4585,788.55,150.15
5,10,7,100,70,122.07,0.4521,792.8,144.09
5,10,8,100,80,128.06,0.4558,774.24,150.55
5,10,9,100,90,134.54,0.4644,758.54,158.07
5,11,-8,110,-80,136.01,0.4709,800.0,153.11
5,11,-7,110,-70,130.38,0.4628,795.58,153.45
5,11,-6,110,-60,125.3,0.4546,788.1,152.52
5,11,-5,110,-50,120.83,0.4489,753.11,149.8
5,11,-4,110,-40,117.05,0.4372,777.76,156.39
5,11,-3,110,-30,114.02,0.4403,799.05,155.48
5,11,-2,110,-20,111.8,0.4419,820.26,151.36
5,11,-1,110,-10,110.45,0.4649,798.02,150.08
5,11,0,110,0,110.0,0.4306,777.44,153.45
5,11,1,110,10,110.45,0.4663,772.89,151.28
5,11,2,110,20,111.8,0.4509,799.62,151.85
5,11,3,110,30,114.02,0.4522,801.9,149.73
5,11,4,110,40,117.05,0.4562,802.36,149.96
5,11,5,110,50,120.83,0.4546,780.45,153.93
5,11,6,110,60,125.3,0.4619,778.53,154.16
5,11,7,110,70,130.38,0.4387,795.77,156.53
5,11,8,110,80,136.01,0.4595,769.03,154.52
5,12,-6,120,-60,134.16,0.4555,769.51,155.33
5,12,-5,120,-50,130.0,0.4675,788.24,162.45
5,12,-4,120,-40,126.49,0.4696,796.63,155.4
5,12,-3,120,-30,123.69,0.4592,794.79,153.52
5,12,-2,120,-20,121.66,0.4662,784.18,151.68
5,12,-1,120,-10,120.42,0.4667,782.14,149.69
5,12,0,120,0,120.0,0.4512,800.5,160.49
5,12,1,120,10,120.42,0.4502,798.72,152.99
5,12,2,120,20,121.66,0.4668,797.91,156.24
5,12,3,120,30,123.69,0.4609,774.7,150.89
5,12,4,120,40,126.49,0.4613,792.61,152.15
5,12,5,120,50,130.0,0.4771,797.59,147.53
5,12,6,120,60,134.16,0.4618,765.38,160.12
5,13,-4,130,-40,136.01,0.4458,785.89,155.06
5,13,-3,130,-30,133.42,0.469,786.15,160.5
5,13,-2,130,-20,131.53,0.469,754.95,158.22
5,13,-1,130,-10,130.38,0.4628,804.33,152.89
5,13,0,130,0,130.0,0.4525,764.7,156.97
5,13,1,130,10,130.38,0.4676,774.36,145.83
5,13,2,130,20,131.53,0.4705,751.96,160.53
5,13,3,130,30,133.42,0.4509,781.52,154.98
5,13,4,130,40,136.01,0.4665,784.48,155.08
6,-13,-4,-130,-40,136.01,0.4699,758.01,155.82
6,-13,-3,-130,-30,133.42,0.4741,775.38,152.62
6,-13,-2,-130,-20,131.53,0.4672,772.23,154.83
6,-13,-1,-130,-10,130.38,0.4615,777.09,153.79
6,-13,0,-130,0,130.0,0.4751,792.54,157.06
6,-13,1,-130,10,130.38,0.4538,799.68,155.76
6,-13,2,-130,20,131.53,0.4497,790.62,152.47
6,-13,3,-130,30,133.42,0.4501,783.26,155.91
6,-13,4,-130,40,136.01,0.4648,777.97,153.7
6,-12,-6,-120,-60,134.16,0.4825,763.09,157.02
6,-12,-5,-120,-50,130.0,0.4611,770.66,153.64
6,-12,-4,-120,-40,126.49,0.4485,776.67,153.16
6,-12,-3,-120,-30,123.69,0.4461,794.82,150.04
6,-12,-2,-120,-20,121.66,0.4461,772.16,159.2
6,-12,-1,-120,-10,120.42,0.4415,795.58,150.27
6,-12,0,-120,0,120.0,0.4544,798.33,154.14
6,-12,1,-120,10,120.42,0.4519,768.68,154.39
6,-12,2,-120,20,121.66,0.4622,784.09,154.0
6,-12,3,-120,30,123.69,0.4549,774.82,152.94
6,-12,4,-120,40,126.49,0.4638,790.24,154.83
6,-12,5,-120,50,130.0,0.4549,807.2,152.76
6,-12,6,-120,60,134.16,0.4618,761.05,153.82
6,-11,-8,-110,-80,136.01,0.4679,791.05,159.38
6,-11,-7,-110,-70,130.38,0.4653,787.39,152.5
6,-11,-6,-110,-60,125.3,0.4538,800.85,155.99
6,-11,-5,-110,-50,120.83,0.4488,799.66,154.52
6,-11,-4,-110,-40,117.05,0.4472,798.92,148.99
6,-11,-3,-110,-30,114.02,0.4357,789.91,152.58
6,-11,-2,-110,-20,111.8,0.4535,836.36,152.72
6,-11,-1,-110,-10,110.45,0.4552,800.4,150.13
6,-11,0,-110,0,110.0,0.4613,799.57,152.36
6,-11,1,-110,10,110.45,0.449,770.49,149.95
6,-11,2,-110,20,111.8,0.4567,786.68,152.46
6,-11,3,-110,30,114.02,0.4533,798.77,148.88
6,-11,4,-110,40,117.05,0.4577,781.2,147.52
6,-11,5,-110,50,120.83,0.4561,811.86,148.2
6,-11,6,-110,60,125.3,0.4601,798.26,160.04
6,-11,7,-110,70,130.38,0.4572,773.76,150.34
6,-11,8,-110,80,136.01,0.4727,766.6,153.58
6,-10,-9,-100,-90,134.54,0.4482,793.85,157.94
6,-10,-8,-100,-80,128.06,0.467,760.58,155.33
6,-10,-7,-100,-70,122.07,0.4445,789.01,153.34
6,-10,-6,-100,-60,116.62,0.4585,799.05,152.06
6,-10,-5,-100,-50,111.8,0.4387,801.38,151.88
6,-10,-4,-100,-40,107.7,0.446,771.59,155.83
6,-10,-3,-100,-30,104.4,0.4622,807.02,148.91
6,-10,-2,-100,-20,101.98,0.4317,808.76,151.86
6,-10,-1,-100,-10,100.5,0.4485,814.65,153.2
6,-10,0,-100,0,100.0,0.4528,798.46,150.78
6,-10,1,-100,10,100.5,0.4569,784.92,151.94
6,-10,2,-100,20,101.98,0.4444,817.34,152.36
6,-10,3,-100,30,104.4,0.4469,797.64,148.38
6,-10,4,-100,40,107.7,0.4653,819.48,153.3
6,-10,5,-100,50,111.8,0.4669,795.63,153.88
6,-10,6,-100,60,116.62,0.4658,790.94,152.3
6,-10,7,-100,70,122.07,0.4654,797.84,150.46
6,-10,8,-100,80,128.06,0.4427,782.03,147.22
6,-10,9,-100,90,134.54,0.455,767.47,152.76
6,-9,-10,-90,-100,134.54,0.4695,796.15,155.99
6,-9,-9,-90,-90,127.28,0.465,794.97,145.91
6,-9,-8,-90,-80,120.42,0.4574,762.1,154.05
6,-9,-7,-90,-70,114.02,0.4384,789.61,153.45
6,-9,-6,-90,-60,108.17,0.4444,809.37,152.77
6,-9,-5,-90,-50,102.96,0.4551,807.42,149.75
6,-9,-4,-90,-40,98.49,0.4523,798.54,150.5
6,-9,-3,-90,-30,94.87,0.4451,780.66,149.33
6,-9,-2,-90,-20,92.2,0.447,788.74,152.77
6,-9,-1,-90,-10,90.55,0.4406,797.4,153.65
6,-9,0,-90,0,90.0,0.4573,818.24,148.36
6,-9,1,-90,10,90.55,0.4563,784.03,149.33
6,-9,2,-90,20,92.2,0.4487,791.15,149.13
6,-9,3,-90,30,94.87,0.4465,784.56,152.91
6,-9,4,-90,40,98.49,0.4496,801.41,151.02
6,-9,5,-90,50,102.96,0.4525,798.35,149.91
6,-9,6,-90,60,108.17,0.4647,806.35,151.31
6,-9,7,-90,70,114.02,0.4515,790.53,153.06
6,-9,8,-90,80,120.42,0.4693,768.45,154.5
6,-9,9,-90,90,127.28,0.4689,762.83,152.86
6,-9,10,-90,100,134.54,0.4544,787.04,153.39
6,-8,-11,-80,-110,136.01,0.4626,773.45,156.85
6,-8,-10,-80,-100,128.06,0.4621,788.13,153.99
6,-8,-9,-80,-90,120.42,0.4619,785.11,157.63
6,-8,-8,-80,-80,113.14,0.445,766.84,146.29
6,-8,-7,-80,-70,106.3,0.4362,805.8,152.75
6,-8,-6,-80,-60,100.0,0.461,782.08,152.86
6,-8,-5,-80,-50,94.34,0.4508,801.91,152.19
6,-8,-4,-80,-40,89.44,0.4439,838.81,154.11
6,-8,-3,-80,-30,85.44,0.4457,783.64,149.76
6,-8,-2,-80,-20,82.46,0.4515,815.98,146.49
6,-8,-1,-80,-10,80.62,0.4523,777.06,151.31
6,-8,0,-80,0,80.0,0.4491,829.05,145.36
6,-8,1,-80,10,80.62,0.461,774.44,146.02
6,-8,2,-80,20,82.46,0.4366,803.76,146.48
6,-8,3,-80,30,85.44,0.4392,803.04,151.38
6,-8,4,-80,40,89.44,0.4503,797.57,155.61
6,-8,5,-80,50,94.34,0.4516,811.49,150.74
6,-8,6,-80,60,100.0,0.4426,806.18,148.66
6,-8,7,-80,70,106.3,0.4521,800.28,145.27
6,-8,8,-80,80,113.14,0.442,806.37,149.73
6,-8,9,-80,90,120.42,0.4524,791.54,151.37
6,-8,10,-80,100,128.06,0.4636,783.89,154.11
6,-8,11,-80,110,136.01,0.458,782.52,158.01
6,-7,-11,-70,-110,130.38,0.4566,796.97,153.69
6,-7,-10,-70,-100,122.07,0.4638,790.07,152.62
6,-7,-9,-70,-90,114.02,0.4579,810.52,152.52
6,-7,-8,-70,-80,106.3,0.4567,790.17,155.8
6,-7,-7,-70,-70,98.99,0.4563,799.4,150.2
6,-7,-6,-70,-60,92.2,0.458,790.69,144.87
6,-7,-5,-70,-50,86.02,0.4506,817.85,154.81
6,-7,-4,-70,-40,80.62,0.4491,800.65,151.56
6,-7,-3,-70,-30,76.16,0.4479,807.75,149.74
6,-7,-2,-70,-20,72.8,0.4581,810.84,152.43
6,-7,-1,-70,-10,70.71,0.4484,828.89,151.45
6,-7,0,-70,0,70.0,0.452,788.59,149.71
6,-7,1,-70,10,70.71,0.4509,788.18,149.12
6,-7,2,-70,20,72.8,0.4487,800.84,144.71
6,-7,3,-70,30,76.16,0.4489,794.34,149.94
6,-7,4,-70,40,80.62,0.4583,830.79,152.04
6,-7,5,-70,50,86.02,0.4401,794.82,151.82
6,-7,6,-70,60,92.2,0.454,814.6,149.92
6,-7,7,-70,70,98.99,0.4483,824.52,150.74
6,-7,8,-70,80,106.3,0.4447,817.83,146.6
6,-7,9,-70,90,114.02,0.4272,803.85,154.54
6,-7,10,-70,100,122.07,0.4612,768.6,152.55
6,-7,11,-70,110,130.38,0.459,775.18,158.08
6,-6,-12,-60,-120,134.16,0.4544,785.57,157.99
6,-6,-11,-60,-110,125.3,0.4622,804.92,154.83
6,-6,-10,-60,-100,116.62,0.4594,796.53,153.93
6,-6,-9,-60,-90,108.17,0.4503,775.41,154.11
6,-6,-8,-60,-80,100.0,0.4607,801.71,148.98
6,-6,-7,-60,-70,92.2,0.4377,801.07,146.17
6,-6,-6,-60,-60,84.85,0.4381,799.69,147.73
6,-6,-5,-60,-50,78.1,0.4528,797.61,148.18
6,-6,-4,-60,-40,72.11,0.4364,787.21,147.55
6,-6,-3,-60,-30,67.08,0.4402,795.06,146.56
6,-6,-2,-60,-20,63.25,0.4487,803.61,147.52
6,-6,-1,-60,-10,60.83,0.4534,779.58,146.66
6,-6,0,-60,0,60.0,0.4491,810.31,152.6
6,-6,1,-60,10,60.83,0.4629,794.35,149.62
6,-6,2,-60,20,63.25,0.4417,781.19,150.69
6,-6,3,-60,30,67.08,0.4438,818.49,145.61
6,-6,4,-60,40,72.11,0.4539,784.91,147.54
6,-6,5,-60,50,78.1,0.4543,789.86,148.45
6,-6,6,-60,60,84.85,0.4435,826.78,148.16
6,-6,7,-60,70,92.2,0.4506,796.76,150.88
6,-6,8,-60,80,100.0,0.4465,794.92,151.81
6,-6,9,-60,90,108.17,0.4465,811.28,154.81
6,-6,10,-60,100,116.62,0.4608,792.08,143.12
6,-6,11,-60,110,125.3,0.4625,780.43,152.4
6,-6,12,-60,120,134.16,0.4476,788.23,150.06
6,-5,-12,-50,-120,130.0,0.462,797.05,152.38
6,-5,-11,-50,-110,120.83,0.4672,777.61,154.37
6,-5,-10,-50,-100,111.8,0.444,808.82,154.22
6,-5,-9,-50,-90,102.96,0.4558,791.05,146.63
6,-5,-8,-50,-80,94.34,0.4473,816.06,150.7
6,-5,-7,-50,-70,86.02,0.4376,783.13,153.79
6,-5,-6,-50,-60,78.1,0.4539,781.49,144.7
6,-5,-5,-50,-50,70.71,0.445,772.23,149.53
6,-5,-4,-50,-40,64.03,0.4696,776.05,149.44
6,-5,-3,-50,-30,58.31,0.4605,811.24,149.55
6,-5,-2,-50,-20,53.85,0.4488,782.66,149.2
6,-5,-1,-50,-10,50.99,0.4519,816.58,148.14
6,-5,0,-50,0,50.0,0.4485,785.76,150.68
6,-5,1,-50,10,50.99,0.4563,809.44,146.49
6,-5,2,-50,20,53.85,0.4512,789.84,153.03
6,-5,3,-50,30,58.31,0.4487,777.21,149.34
6,-5,4,-50,40,64.03,0.4537,803.66,148.46
6,-5,5,-50,50,70.71,0.4453,785.19,148.82
6,-5,6,-50,60,78.1,0.4432,814.55,147.3
6,-5,7,-50,70,86.02,0.451,800.81,152.87
6,-5,8,-50,80,94.34,0.4591,809.85,151.37
6,-5,9,-50,90,102.96,0.4436,780.92,148.29
6,-5,10,-50,100,111.8,0.4604,794.45,154.19
6,-5,11,-50,110,120.83,0.4655,777.93,152.67
6,-5,12,-50,120,130.0,0.4609,778.56,152.18
6,-4,-13,-40,-130,136.01,0.4731,780.39,154.73
6,-4,-12,-40,-120,126.49,0.4532,795.73,150.28
6,-4,-11,-40,-110,117.05,0.4598,798.05,150.9
6,-4,-10,-40,-100,107.7,0.4558,797.92,151.09
6,-4,-9,-40,-90,98.49,0.4512,799.31,150.92
6,-4,-8,-40,-80,89.44,0.4505,783.44,149.66
6,-4,-7,-40,-70,80.62,0.4521,801.46,152.86
6,-4,-6,-40,-60,72.11,0.455,786.94,149.5
6,-4,-5,-40,-50,64.03,0.4475,799.93,149.99
6,-4,-4,-40,-40,56.57,0.4549,802.66,153.69
6,-4,-3,-40,-30,50.0,0.4519,787.54,148.6
6,-4,-2,-40,-20,44.72,0.4548,775.79,145.96
6,-4,-1,-40,-10,41.23,0.4501,814.26,153.92
6,-4,0,-40,0,40.0,0.4483,815.91,150.22
6,-4,1,-40,10,41.23,0.4377,799.88,148.14
6,-4,2,-40,20,44.72,0.4573,799.61,146.17
6,-4,3,-40,30,50.0,0.438,799.69,142.74
6,-4,4,-40,40,56.57,0.4459,803.47,146.83
6,-4,5,-40,50,64.03,0.458,817.87,146.95
6,-4,6,-40,60,72.11,0.4476,814.92,150.0
6,-4,7,-40,70,80.62,0.4388,797.85,147.44
6,-4,8,-40,80,89.44,0.4589,809.09,149.18
6,-4,9,-40,90,98.49,0.4522,778.76,148.27
6,-4,10,-40,100,107.7,0.4657,795.94,154.0
6,-4,11,-40,110,117.05,0.458,810.53,146.14
6,-4,12,-40,120,126.49,0.4581,810.27,156.17
6,-4,13,-40,130,136.01,0.4742,779.51,153.08
6,-3,-13,-30,-130,133.42,0.4542,764.86,156.71
6,-3,-12,-30,-120,123.69,0.4626,786.23,154.45
6,-3,-11,-30,-110,114.02,0.4563,806.74,154.67
6,-3,-10,-30,-100,104.4,0.4439,800.53,145.93
6,-3,-9,-30,-90,94.87,0.4515,808.36,146.39
6,-3,-8,-30,-80,85.44,0.4467,800.14,150.73
6,-3,-7,-30,-70,76.16,0.4478,782.42,149.84
6,-3,-6,-30,-60,67.08,0.4368,796.51,148.68
6,-3,-5,-30,-50,58.31,0.4489,791.61,145.48
6,-3,-4,-30,-40,50.0,0.4471,813.96,153.78
6,-3,-3,-30,-30,42.43,0.4695,825.37,146.41
6,-3,-2,-30,-20,36.06,0.4467,799.66,149.74
6,-3,-1,-30,-10,31.62,0.4506,836.11,146.75
6,-3,0,-30,0,30.0,0.4443,824.66,148.15
6,-3,1,-30,10,31.62,0.4531,815.52,151.46
6,-3,2,-30,20,36.06,0.4515,814.08,147.32
6,-3,3,-30,30,42.43,0.446,808.03,143.79
6,-3,4,-30,40,50.0,0.4613,804.55,150.46
6,-3,5,-30,50,58.31,0.437,780.7,148.8
6,-3,6,-30,60,67.08,0.4565,768.85,152.37
6,-3,7,-30,70,76.16,0.4471,796.65,150.76
6,-3,8,-30,80,85.44,0.4522,789.31,151.9
6,-3,9,-30,90,94.87,0.4319,792.54,150.8
6,-3,10,-30,100,104.4,0.4496,769.03,153.21
6,-3,11,-30,110,114.02,0.4451,791.3,152.27
6,-3,12,-30,120,123.69,0.4587,804.76,152.77
6,-3,13,-30,130,133.42,0.4659,780.47,156.13
6,-2,-13,-20,-130,131.53,0.4728,784.58,156.35
6,-2,-12,-20,-120,121.66,0.4694,808.72,151.52
6,-2,-11,-20,-110,111.8,0.4627,797.08,154.94
6,-2,-10,-20,-100,101.98,0.4564,801.43,152.06
6,-2,-9,-20,-90,92.2,0.4522,804.2,149.74
6,-2,-8,-20,-80,82.46,0.448,826.45,151.43
6,-2,-7,-20,-70,72.8,0.4454,795.84,153.17
6,-2,-6,-20,-60,63.25,0.4441,777.77,145.77
6,-2,-5,-20,-50,53.85,0.4362,780.52,146.46
6,-2,-4,-20,-40,44.72,0.4611,799.31,148.91
6,-2,-3,-20,-30,36.06,0.4385,797.85,144.79
6,-2,-2,-20,-20,28.28,0.447,830.97,151.99
6,-2,-1,-20,-10,22.36,0.4483,810.47,148.44
6,-2,0,-20,0,20.0,0.4436,825.56,146.57
6,-2,1,-20,10,22.36,0.4472,804.59,147.19
6,-2,2,-20,20,28.28,0.4552,795.4,151.99
6,-2,3,-20,30,36.06,0.4547,796.35,155.13
6,-2,4,-20,40,44.72,0.4447,820.23,153.52
6,-2,5,-20,50,53.85,0.4642,802.61,147.63
6,-2,6,-20,60,63.25,0.4666,794.98,147.56
6,-2,7,-20,70,72.8,0.4485,785.27,151.58
6,-2,8,-20,80,82.46,0.4452,795.69,152.9
6,-2,9,-20,90,92.2,0.4551,800.02,150.73
6,-2,10,-20,100,101.98,0.4519,790.82,150.75
6,-2,11,-20,110,111.8,0.4584,791.46,152.85
6,-2,12,-20,120,121.66,0.4511,779.31,150.47
6,-2,13,-20,130,131.53,0.4571,801.83,156.19
6,-1,-13,-10,-130,130.38,0.4526,789.8,152.67
6,-1,-12,-10,-120,120.42,0.4518,766.76,155.44
6,-1,-11,-10,-110,110.45,0.4431,793.18,148.62
6,-1,-10,-10,-100,100.5,0.4577,792.76,150.26
6,-1,-9,-10,-90,90.55,0.4492,804.51,150.19
6,-1,-8,-10,-80,80.62,0.4497,792.22,145.28
6,-1,-7,-10,-70,70.71,0.4411,810.78,149.08
6,-1,-6,-10,-60,60.83,0.4447,778.91,144.84
6,-1,-5,-10,-50,50.99,0.4444,813.32,148.33
6,-1,-4,-10,-40,41.23,0.4532,790.95,151.92
6,-1,-3,-10,-30,31.62,0.4472,781.52,149.19
6,-1,-2,-10,-20,22.36,0.4647,826.85,151.46
6,-1,-1,-10,-10,14.14,0.4489,804.56,150.95
6,-1,0,-10,0,10.0,0.4497,806.61,150.62
6,-1,1,-10,10,14.14,0.4475,782.07,148.62
6,-1,2,-10,20,22.36,0.4564,799.53,150.9
6,-1,3,-10,30,31.62,0.4477,784.11,149.28
6,-1,4,-10,40,41.23,0.4418,783.71,153.62
6,-1,5,-10,50,50.99,0.4466,788.88,154.85
6,-1,6,-10,60,60.83,0.4565,794.43,151.28
6,-1,7,-10,70,70.71,0.4481,789.61,151.42
6,-1,8,-10,80,80.62,0.4474,801.13,153.06
6,-1,9,-10,90,90.55,0.4573,791.72,151.61
6,-1,10,-10,100,100.5,0.4425,804.53,151.11
6,-1,11,-10,110,110.45,0.4571,789.5,157.71
6,-1,12,-10,120,120.42,0.4501,803.62,149.43
6,-1,13,-10,130,130.38,0.4652,791.87,154.01
6,0,-13,0,-130,130.0,0.4571,785.59,154.59
6,0,-12,0,-120,120.0,0.4715,776.18,150.81
6,0,-11,0,-110,110.0,0.4562,790.32,151.12
6,0,-10,0,-100,100.0,0.4599,755.63,148.83
6,0,-9,0,-90,90.0,0.4361,782.06,157.35
6,0,-8,0,-80,80.0,0.4548,814.27,149.76
6,0,-7,0,-70,70.0,0.4561,773.5,153.11
6,0,-6,0,-60,60.0,0.4434,792.03,151.52
6,0,-5,0,-50,50.0,0.4525,801.27,145.91
6,0,-4,0,-40,40.0,0.4508,814.41,148.4
6,0,-3,0,-30,30.0,0.4605,786.91,150.02
6,0,-2,0,-20,20.0,0.4623,789.78,153.16
6,0,-1,0,-10,10.0,0.4658,802.57,148.42
6,0,0,0,0,0.0,0.4438,819.57,153.83
6,0,1,0,10,10.0,0.4616,799.51,153.11
6,0,2,0,20,20.0,0.4496,786.75,153.37
6,0,3,0,30,30.0,0.4631,784.69,146.88
6,0,4,0,40,40.0,0.4503,814.34,146.6
6,0,5,0,50,50.0,0.4518,791.14,152.1
6,0,6,0,60,60.0,0.4436,811.58,149.53
6,0,7,0,70,70.0,0.4425,800.96,144.19
6,0,8,0,80,80.0,0.4455,805.06,144.68
6,0,9,0,90,90.0,0.4294,764.91,154.12
6,0,10,0,100,100.0,0.4508,789.95,153.46
6,0,11,0,110,110.0,0.4507,798.18,151.49
6,0,12,0,120,120.0,0.4534,793.68,154.79
6,0,13,0,130,130.0,0.4595,776.57,152.76
6,1,-13,10,-130,130.38,0.4428,787.48,150.21
6,1,-12,10,-120,120.42,0.4623,787.69,152.84
6,1,-11,10,-110,110.45,0.4596,780.06,152.57
6,1,-10,10,-100,100.5,0.4536,795.01,147.88
6,1,-9,10,-90,90.55,0.4548,810.52,150.5
6,1,-8,10,-80,80.62,0.4414,792.09,149.82
6,1,-7,10,-70,70.71,0.4555,776.25,148.31
6,1,-6,10,-60,60.83,0.4468,798.75,146.1
6,1,-5,10,-50,50.99,0.4483,795.34,146.89
6,1,-4,10,-40,41.23,0.4491,791.88,151.49
6,1,-3,10,-30,31.62,0.4429,801.35,147.57
6,1,-2,10,-20,22.36,0.4452,804.46,150.7
6,1,-1,10,-10,14.14,0.4467,795.96,145.64
6,1,0,10,0,10.0,0.4612,810.31,151.95
6,1,1,10,10,14.14,0.4372,791.07,149.0
6,1,2,10,20,22.36,0.4346,813.35,154.36
6,1,3,10,30,31.62,0.4665,784.31,150.35
6,1,4,10,40,41.23,0.4606,796.2,148.3
6,1,5,10,50,50.99,0.4351,816.99,149.94
6,1,6,10,60,60.83,0.4442,804.26,150.46
6,1,7,10,70,70.71,0.4513,796.74,154.87
6,1,8,10,80,80.62,0.4489,824.29,151.69
6,1,9,10,90,90.55,0.4528,798.27,153.08
6,1,10,10,100,100.5,0.4524,783.8,147.76
6,1,11,10,110,110.45,0.4574,780.35,151.27
6,1,12,10,120,120.42,0.4658,793.6,150.36
6,1,13,10,130,130.38,0.4725,791.45,156.89
6,2,-13,20,-130,131.53,0.4435,787.48,156.53
6,2,-12,20,-120,121.66,0.4714,766.41,156.29
6,2,-11,20,-110,111.8,0.4676,763.09,153.02
6,2,-10,20,-100,101.98,0.4567,792.39,149.29
6,2,-9,20,-90,92.2,0.4555,790.56,149.57
6,2,-8,20,-80,82.46,0.4565,826.31,151.61
6,2,-7,20,-70,72.8,0.4511,792.25,146.97
6,2,-6,20,-60,63.25,0.4589,797.7,153.45
6,2,-5,20,-50,53.85,0.4474,790.26,151.26
6,2,-4,20,-40,44.72,0.4494,781.92,155.45
6,2,-3,20,-30,36.06,0.445,813.91,152.53
6,2,-2,20,-20,28.28,0.4399,784.96,149.1
6,2,-1,20,-10,22.36,0.4431,825.9,149.4
6,2,0,20,0,20.0,0.4571,807.7,150.79
6,2,1,20,10,22.36,0.4503,818.56,147.52
6,2,2,20,20,28.28,0.4638,780.69,152.34
6,2,3,20,30,36.06,0.4388,795.26,150.28
6,2,4,20,40,44.72,0.4461,797.27,145.84
6,2,5,20,50,53.85,0.4421,807.47,150.09
6,2,6,20,60,63.25,0.4445,819.86,146.34
6,2,7,20,70,72.8,0.4471,792.42,151.85
6,2,8,20,80,82.46,0.4504,798.38,144.47
6,2,9,20,90,92.2,0.4571,796.52,150.56
6,2,10,20,100,101.98,0.4458,783.7,155.26
6,2,11,20,110,111.8,0.4402,777.54,156.03
6,2,12,20,120,121.66,0.4629,783.48,156.41
6,2,13,20,130,131.53,0.4652,786.01,154.69
6,3,-13,30,-130,133.42,0.4662,788.9,160.88
6,3,-12,30,-120,123.69,0.457,784.76,149.22
6,3,-11,30,-110,114.02,0.4547,820.25,154.76
6,3,-10,30,-100,104.4,0.448,796.88,147.05
6,3,-9,30,-90,94.87,0.4427,801.54,148.85
6,3,-8,30,-80,85.44,0.4416,807.35,149.78
6,3,-7,30,-70,76.16,0.4375,768.87,148.29
6,3,-6,30,-60,67.08,0.4373,771.97,153.39
6,3,-5,30,-50,58.31,0.4492,796.02,149.43
6,3,-4,30,-40,50.0,0.4409,806.16,149.61
6,3,-3,30,-30,42.43,0.4439,790.89,146.32
6,3,-2,30,-20,36.06,0.4468,796.41,148.7
6,3,-1,30,-10,31.62,0.4504,798.82,150.69
6,3,0,30,0,30.0,0.4575,808.9,152.86
6,3,1,30,10,31.62,0.4432,792.37,151.96
6,3,2,30,20,36.06,0.4554,789.82,151.83
6,3,3,30,30,42.43,0.4425,807.22,149.92
6,3,4,30,40,50.0,0.4389,793.49,156.55
6,3,5,30,50,58.31,0.4516,834.51,145.67
6,3,6,30,60,67.08,0.456,761.98,150.0
6,3,7,30,70,76.16,0.455,812.57,147.6
6,3,8,30,80,85.44,0.4583,791.99,149.53
6,3,9,30,90,94.87,0.447,782.25,155.05
6,3,10,30,100,104.4,0.4528,812.74,154.07
6,3,11,30,110,114.02,0.4474,810.55,153.32
6,3,12,30,120,123.69,0.4502,793.96,149.86
6,3,13,30,130,133.42,0.4753,793.52,154.08
6,4,-13,40,-130,136.01,0.4737,755.88,152.44
6,4,-12,40,-120,126.49,0.4576,819.14,150.09
6,4,-11,40,-110,117.05,0.4425,769.15,154.85
6,4,-10,40,-100,107.7,0.4485,792.75,153.5
6,4,-9,40,-90,98.49,0.4498,801.45,152.14
6,4,-8,40,-80,89.44,0.4466,797.51,150.84
6,4,-7,40,-70,80.62,0.4569,788.11,140.94
6,4,-6,40,-60,72.11,0.4554,813.92,150.6
6,4,-5,40,-50,64.03,0.4521,791.54,151.5
6,4,-4,40,-40,56.57,0.4568,800.85,157.47
6,4,-3,40,-30,50.0,0.4375,802.44,146.48
6,4,-2,40,-20,44.72,0.457,776.28,146.0
6,4,-1,40,-10,41.23,0.4449,803.99,148.21
6,4,0,40,0,40.0,0.4453,797.29,149.27
6,4,1,40,10,41.23,0.4619,810.29,149.03
6,4,2,40,20,44.72,0.4668,807.37,147.09
6,4,3,40,30,50.0,0.4521,808.03,147.94
6,4,4,40,40,56.57,0.4416,801.3,148.92
6,4,5,40,50,64.03,0.4618,811.12,148.08
6,4,6,40,60,72.11,0.4534,819.01,145.82
6,4,7,40,70,80.62,0.4418,799.83,150.11
6,4,8,40,80,89.44,0.4496,795.34,149.14
6,4,9,40,90,98.49,0.4542,815.39,149.09
6,4,10,40,100,107.7,0.4728,824.54,155.2
6,4,11,40,110,117.05,0.4611,820.93,151.26
6,4,12,40,120,126.49,0.4529,777.71,150.29
6,4,13,40,130,136.01,0.4646,784.11,155.3
6,5,-12,50,-120,130.0,0.4609,785.47,159.0
6,5,-11,50,-110,120.83,0.4624,802.66,153.15
6,5,-10,50,-100,111.8,0.4415,766.14,157.84
6,5,-9,50,-90,102.96,0.4478,787.7,151.57
6,5,-8,50,-80,94.34,0.4548,809.56,155.63
6,5,-7,50,-70,86.02,0.462,787.84,152.94
6,5,-6,50,-60,78.1,0.4469,797.94,146.72
6,5,-5,50,-50,70.71,0.4365,799.53,147.13
6,5,-4,50,-40,64.03,0.4574,795.78,150.93
6,5,-3,50,-30,58.31,0.4609,777.72,147.83
6,5,-2,50,-20,53.85,0.4514,804.69,153.31
6,5,-1,50,-10,50.99,0.4569,801.45,150.91
6,5,0,50,0,50.0,0.4526,777.95,149.53
6,5,1,50,10,50.99,0.452,806.88,147.23
6,5,2,50,20,53.85,0.4398,796.48,155.9
6,5,3,50,30,58.31,0.4434,817.61,154.75
6,5,4,50,40,64.03,0.4504,789.8,151.54
6,5,5,50,50,70.71,0.4516,787.11,148.02
6,5,6,50,60,78.1,0.4536,814.0,149.03
6,5,7,50,70,86.02,0.4494,810.03,149.52
6,5,8,50,80,94.34,0.448,788.08,147.99
6,5,9,50,90,102.96,0.4734,794.01,154.93
6,5,10,50,100,111.8,0.4679,790.6,152.69
6,5,11,50,110,120.83,0.4583,764.64,147.92
6,5,12,50,120,130.0,0.4614,777.1,159.46
6,6,-12,60,-120,134.16,0.4609,810.09,152.98
6,6,-11,60,-110,125.3,0.4744,793.9,154.83
6,6,-10,60,-100,116.62,0.4519,799.68,157.17
6,6,-9,60,-90,108.17,0.4522,789.85,150.51
6,6,-8,60,-80,100.0,0.4643,810.76,154.97
6,6,-7,60,-70,92.2,0.4527,800.38,151.49
6,6,-6,60,-60,84.85,0.4586,796.29,154.12
6,6,-5,60,-50,78.1,0.4529,763.91,152.65
6,6,-4,60,-40,72.11,0.4398,812.89,152.7
6,6,-3,60,-30,67.08,0.4526,808.16,153.3
6,6,-2,60,-20,63.25,0.446,811.9,153.49
6,6,-1,60,-10,60.83,0.4641,783.41,151.23
6,6,0,60,0,60.0,0.4423,784.94,151.08
6,6,1,60,10,60.83,0.4506,817.18,148.96
6,6,2,60,20,63.25,0.4489,803.17,147.41
6,6,3,60,30,67.08,0.4442,816.74,148.35
6,6,4,60,40,72.11,0.4595,809.11,145.36
6,6,5,60,50,78.1,0.4542,807.84,151.27
6,6,6,60,60,84.85,0.4489,785.9,154.06
6,6,7,60,70,92.2,0.4493,786.54,151.59
6,6,8,60,80,100.0,0.4454,783.7,149.5
6,6,9,60,90,108.17,0.448,781.26,153.67
6,6,10,60,100,116.62,0.4551,809.81,149.52
6,6,11,60,110,125.3,0.4453,788.53,158.71
6,6,12,60,120,134.16,0.467,829.06,155.4
6,7,-11,70,-110,130.38,0.4631,750.91,155.13
6,7,-10,70,-100,122.07,0.4593,782.03,152.31
6,7,-9,70,-90,114.02,0.4546,789.61,158.08
6,7,-8,70,-80,106.3,0.4499,798.24,149.88
6,7,-7,70,-70,98.99,0.4574,800.89,149.72
6,7,-6,70,-60,92.2,0.4347,803.44,149.29
6,7,-5,70,-50,86.02,0.4495,782.26,154.33
6,7,-4,70,-40,80.62,0.4569,821.46,153.44
6,7,-3,70,-30,76.16,0.4547,782.87,155.53
6,7,-2,70,-20,72.8,0.4426,795.97,152.12
6,7,-1,70,-10,70.71,0.4561,808.58,148.8
6,7,0,70,0,70.0,0.4451,838.02,149.88
6,7,1,70,10,70.71,0.4487,789.3,150.73
6,7,2,70,20,72.8,0.4516,799.76,151.15
6,7,3,70,30,76.16,0.4641,791.07,150.13
6,7,4,70,40,80.62,0.4448,804.42,148.29
6,7,5,70,50,86.02,0.4458,778.11,150.33
6,7,6,70,60,92.2,0.4536,827.69,151.63
6,7,7,70,70,98.99,0.4476,777.84,146.9
6,7,8,70,80,106.3,0.4425,823.87,151.95
6,7,9,70,90,114.02,0.4505,777.91,149.24
6,7,10,70,100,122.07,0.453,807.88,152.63
6,7,11,70,110,130.38,0.4496,817.89,150.42
6,8,-11,80,-110,136.01,0.4589,799.26,155.94
6,8,-10,80,-100,128.06,0.4565,766.19,150.61
6,8,-9,80,-90,120.42,0.4501,789.15,153.1
6,8,-8,80,-80,113.14,0.4537,792.14,148.57
6,8,-7,80,-70,106.3,0.4552,814.91,150.6
6,8,-6,80,-60,100.0,0.4499,799.18,153.98
6,8,-5,80,-50,94.34,0.4432,821.17,151.57
6,8,-4,80,-40,89.44,0.4502,818.2,146.57
6,8,-3,80,-30,85.44,0.4542,806.45,147.22
6,8,-2,80,-20,82.46,0.4537,804.25,149.46
6,8,-1,80,-10,80.62,0.4569,791.42,150.81
6,8,0,80,0,80.0,0.4489,790.78,151.51
6,8,1,80,10,80.62,0.4483,777.9,144.6
6,8,2,80,20,82.46,0.4563,781.69,150.84
6,8,3,80,30,85.44,0.4504,794.47,155.9
6,8,4,80,40,89.44,0.4514,811.33,150.97
6,8,5,80,50,94.34,0.4485,799.12,154.69
6,8,6,80,60,100.0,0.4601,827.21,151.29
6,8,7,80,70,106.3,0.4459,789.09,147.53
6,8,8,80,80,113.14,0.461,783.94,142.55
6,8,9,80,90,120.42,0.477,780.48,150.79
6,8,10,80,100,128.06,0.4736,766.54,156.92
6,8,11,80,110,136.01,0.4589,759.75,159.81
6,9,-10,90,-100,134.54,0.4703,794.39,155.56
6,9,-9,90,-90,127.28,0.4647,766.65,153.74
6,9,-8,90,-80,120.42,0.4499,768.21,153.76
6,9,-7,90,-70,114.02,0.4644,786.56,151.17
6,9,-6,90,-60,108.17,0.4443,795.05,153.53
6,9,-5,90,-50,102.96,0.4584,805.13,148.98
6,9,-4,90,-40,98.49,0.4459,810.32,152.97
6,9,-3,90,-30,94.87,0.4491,792.91,153.84
6,9,-2,90,-20,92.2,0.4473,810.98,149.81
6,9,-1,90,-10,90.55,0.4416,824.16,150.52
6,9,0,90,0,90.0,0.4443,779.14,146.27
6,9,1,90,10,90.55,0.447,828.85,148.4
6,9,2,90,20,92.2,0.4617,797.83,146.67
6,9,3,90,30,94.87,0.4467,780.08,147.77
6,9,4,90,40,98.49,0.444,769.83,155.07
6,9,5,90,50,102.96,0.4537,786.66,151.5
6,9,6,90,60,108.17,0.4467,754.88,160.12
6,9,7,90,70,114.02,0.4566,783.48,146.01
6,9,8,90,80,120.42,0.4454,813.86,157.03
6,9,9,90,90,127.28,0.4659,768.41,157.93
6,9,10,90,100,134.54,0.4665,790.41,155.8
6,10,-9,100,-90,134.54,0.4509,762.61,152.93
6,10,-8,100,-80,128.06,0.4654,763.95,152.99
6,10,-7,100,-70,122.07,0.4565,800.03,154.75
6,10,-6,100,-60,116.62,0.4479,812.73,148.6
6,10,-5,100,-50,111.8,0.4632,785.1,152.08
6,10,-4,100,-40,107.7,0.4551,798.1,153.23
6,10,-3,100,-30,104.4,0.4555,808.18,152.33
6,10,-2,100,-20,101.98,0.4417,801.34,149.07
6,10,-1,100,-10,100.5,0.4426,793.43,151.21
6,10,0,100,0,100.0,0.4534,813.77,154.55
6,10,1,100,10,100.5,0.4542,805.53,150.95
6,10,2,100,20,101.98,0.4579,804.6,150.6
6,10,3,100,30,104.4,0.4696,788.24,155.3
6,10,4,100,40,107.7,0.4424,807.34,155.52
6,10,5,100,50,111.8,0.4392,795.43,153.73
6,10,6,100,60,116.62,0.458,796.7,152.5
6,10,7,100,70,122.07,0.4492,823.66,151.21
6,10,8,100,80,128.06,0.4637,774.96,146.69
6,10,9,100,90,134.54,0.4555,758.87,157.74
6,11,-8,110,-80,136.01,0.4587,771.9,151.5
6,11,-7,110,-70,130.38,0.4619,772.49,156.82
6,11,-6,110,-60,125.3,0.4615,777.72,155.69
6,11,-5,110,-50,120.83,0.4575,789.14,148.19
6,11,-4,110,-40,117.05,0.4556,795.64,156.14
6,11,-3,110,-30,114.02,0.4491,826.48,153.48
6,11,-2,110,-20,111.8,0.4423,780.67,155.85
6,11,-1,110,-10,110.45,0.464,794.23,151.91
6,11,0,110,0,110.0,0.4446,813.98,148.45
6,11,1,110,10,110.45,0.4608,814.24,151.6
6,11,2,110,20,111.8,0.4622,821.06,152.39
6,11,3,110,30,114.02,0.4537,791.31,149.58
6,11,4,110,40,117.05,0.45,797.45,151.64
6,11,5,110,50,120.83,0.4601,766.47,152.3
6,11,6,110,60,125.3,0.4674,769.52,153.19
6,11,7,110,70,130.38,0.4463,763.65,156.26
6,11,8,110,80,136.01,0.4611,806.94,155.99
6,12,-6,120,-60,134.16,0.467,764.68,153.25
6,12,-5,120,-50,130.0,0.4552,767.49,155.78
6,12,-4,120,-40,126.49,0.4665,791.59,150.81
6,12,-3,120,-30,123.69,0.4612,758.53,156.9
6,12,-2,120,-20,121.66,0.4474,771.56,153.02
6,12,-1,120,-10,120.42,0.4589,787.95,149.19
6,12,0,120,0,120.0,0.4662,763.98,148.02
6,12,1,120,10,120.42,0.4564,770.08,156.19
6,12,2,120,20,121.66,0.4483,811.72,155.78
6,12,3,120,30,123.69,0.4684,815.53,153.17
6,12,4,120,40,126.49,0.4515,784.06,151.6
6,12,5,120,50,130.0,0.4553,785.74,152.85
6,12,6,120,60,134.16,0.4568,777.15,156.05
6,13,-4,130,-40,136.01,0.4712,755.57,153.78
6,13,-3,130,-30,133.42,0.4613,763.58,153.93
6,13,-2,130,-20,131.53,0.4628,790.3,154.24
6,13,-1,130,-10,130.38,0.4541,813.42,156.33
6,13,0,130,0,130.0,0.4654,798.55,154.52
6,13,1,130,10,130.38,0.4715,784.09,153.85
6,13,2,130,20,131.53,0.4667,806.16,158.54
6,13,3,130,30,133.42,0.4672,789.06,156.38
6,13,4,130,40,136.01,0.4715,799.09,153.98
7,-13,-4,-130,-40,136.01,0.4534,756.06,153.43
7,-13,-3,-130,-30,133.42,0.4552,787.03,154.8
7,-13,-2,-130,-20,131.53,0.472,781.71,155.02
7,-13,-1,-130,-10,130.38,0.4567,766.69,156.35
7,-13,0,-130,0,130.0,0.471,794.06,154.18
7,-13,1,-130,10,130.38,0.4534,800.36,155.58
7,-13,2,-130,20,131.53,0.4779,765.2,156.6
7,-13,3,-130,30,133.42,0.4669,776.18,158.38
7,-13,4,-130,40,136.01,0.4668,765.56,154.34
7,-12,-6,-120,-60,134.16,0.4552,773.8,156.52
7,-12,-5,-120,-50,130.0,0.4689,786.79,151.54
7,-12,-4,-120,-40,126.49,0.4627,796.45,147.38
7,-12,-3,-120,-30,123.69,0.4594,784.37,155.79
7,-12,-2,-120,-20,121.66,0.4608,795.63,151.23
7,-12,-1,-120,-10,120.42,0.4573,803.2,152.33
7,-12,0,-120,0,120.0,0.4586,766.23,152.27
7,-12,1,-120,10,120.42,0.4412,781.3,152.71
7,-12,2,-120,20,121.66,0.4639,773.38,153.8
7,-12,3,-120,30,123.69,0.4703,777.61,148.29
7,-12,4,-120,40,126.49,0.4619,767.72,150.84
7,-12,5,-120,50,130.0,0.4684,811.63,150.78
7,-12,6,-120,60,134.16,0.4569,774.23,152.76
7,-11,-8,-110,-80,136.01,0.4791,771.65,153.53
7,-11,-7,-110,-70,130.38,0.4741,791.89,156.8
7,-11,-6,-110,-60,125.3,0.4519,778.35,150.02
7,-11,-5,-110,-50,120.83,0.4639,807.2,150.77
7,-11,-4,-110,-40,117.05,0.4532,786.0,147.49
7,-11,-3,-110,-30,114.02,0.4497,803.91,149.18
7,-11,-2,-110,-20,111.8,0.4552,773.73,151.16
7,-11,-1,-110,-10,110.45,0.4495,775.63,153.83
7,-11,0,-110,0,110.0,0.4607,779.61,150.77
7,-11,1,-110,10,110.45,0.4544,766.74,147.27
7,-11,2,-110,20,111.8,0.4647,777.37,155.36
7,-11,3,-110,30,114.02,0.4444,802.19,150.88
7,-11,4,-110,40,117.05,0.4548,818.65,148.37
7,-11,5,-110,50,120.83,0.4622,797.12,162.64
7,-11,6,-110,60,125.3,0.4505,776.91,155.59
7,-11,7,-110,70,130.38,0.4596,776.29,156.71
7,-11,8,-110,80,136.01,0.4615,766.23,156.87
7,-10,-9,-100,-90,134.54,0.4659,775.89,153.38
7,-10,-8,-100,-80,128.06,0.4529,795.54,152.43
7,-10,-7,-100,-70,122.07,0.4517,768.86,153.9
7,-10,-6,-100,-60,116.62,0.4519,760.84,148.48
7,-10,-5,-100,-50,111.8,0.4526,790.27,150.86
7,-10,-4,-100,-40,107.7,0.4502,773.0,148.59
7,-10,-3,-100,-30,104.4,0.4619,811.97,152.67
7,-10,-2,-100,-20,101.98,0.4557,810.86,147.4
7,-10,-1,-100,-10,100.5,0.4517,780.97,147.35
7,-10,0,-100,0,100.0,0.4543,812.14,150.05
7,-10,1,-100,10,100.5,0.4647,800.95,148.33
7,-10,2,-100,20,101.98,0.4431,812.56,151.15
7,-10,3,-100,30,104.4,0.4578,756.56,151.67
7,-10,4,-100,40,107.7,0.4491,774.23,151.02
7,-10,5,-100,50,111.8,0.4632,827.34,152.31
7,-10,6,-100,60,116.62,0.4503,779.49,154.98
7,-10,7,-100,70,122.07,0.4499,797.48,153.61
7,-10,8,-100,80,128.06,0.4617,761.14,152.44
7,-10,9,-100,90,134.54,0.4513,771.76,157.21
7,-9,-10,-90,-100,134.54,0.4728,783.8,152.75
7,-9,-9,-90,-90,127.28,0.4726,776.38,150.0
7,-9,-8,-90,-80,120.42,0.4629,795.91,150.9
7,-9,-7,-90,-70,114.02,0.4559,798.94,152.42
7,-9,-6,-90,-60,108.17,0.457,787.36,152.83
7,-9,-5,-90,-50,102.96,0.4522,789.88,150.09
7,-9,-4,-90,-40,98.49,0.4503,776.7,148.62
7,-9,-3,-90,-30,94.87,0.451,779.03,148.48
7,-9,-2,-90,-20,92.2,0.4692,782.85,149.07
7,-9,-1,-90,-10,90.55,0.4433,798.22,147.71
7,-9,0,-90,0,90.0,0.4481,789.22,153.3
7,-9,1,-90,10,90.55,0.4507,784.93,152.68
7,-9,2,-90,20,92.2,0.4425,776.33,150.21
7,-9,3,-90,30,94.87,0.4657,771.88,146.34
7,-9,4,-90,40,98.49,0.4571,788.75,152.37
7,-9,5,-90,50,102.96,0.4453,799.08,156.06
7,-9,6,-90,60,108.17,0.4438,810.3,153.29
7,-9,7,-90,70,114.02,0.4432,800.7,152.03
7,-9,8,-90,80,120.42,0.458,794.09,151.47
7,-9,9,-90,90,127.28,0.4605,788.75,155.64
7,-9,10,-90,100,134.54,0.4507,799.95,151.0
7,-8,-11,-80,-110,136.01,0.4697,780.8,150.85
7,-8,-10,-80,-100,128.06,0.4645,770.48,156.72
7,-8,-9,-80,-90,120.42,0.4516,766.62,157.13
7,-8,-8,-80,-80,113.14,0.4563,805.74,149.17
7,-8,-7,-80,-70,106.3,0.4377,820.83,151.07
7,-8,-6,-80,-60,100.0,0.4553,807.78,149.62
7,-8,-5,-80,-50,94.34,0.4522,823.32,150.21
7,-8,-4,-80,-40,89.44,0.4575,770.13,153.49
7,-8,-3,-80,-30,85.44,0.4378,815.14,151.2
7,-8,-2,-80,-20,82.46,0.4492,798.51,149.24
7,-8,-1,-80,-10,80.62,0.4434,796.91,156.62
7,-8,0,-80,0,80.0,0.4604,786.93,150.8
7,-8,1,-80,10,80.62,0.4508,797.87,146.99
7,-8,2,-80,20,82.46,0.4536,812.69,147.5
7,-8,3,-80,30,85.44,0.4656,822.83,151.67
7,-8,4,-80,40,89.44,0.4401,806.02,150.96
7,-8,5,-80,50,94.34,0.4545,823.27,149.78
7,-8,6,-80,60,100.0,0.4678,804.03,149.76
7,-8,7,-80,70,106.3,0.4721,808.15,149.73
7,-8,8,-80,80,113.14,0.4555,802.26,151.27
7,-8,9,-80,90,120.42,0.4584,776.78,147.47
7,-8,10,-80,100,128.06,0.4611,786.76,155.09
7,-8,11,-80,110,136.01,0.459,759.5,151.8
7,-7,-11,-70,-110,130.38,0.4696,773.24,152.52
7,-7,-10,-70,-100,122.07,0.4554,778.85,150.65
7,-7,-9,-70,-90,114.02,0.4482,813.32,153.85
7,-7,-8,-70,-80,106.3,0.4628,817.44,144.04
7,-7,-7,-70,-70,98.99,0.4539,789.45,153.91
7,-7,-6,-70,-60,92.2,0.4442,783.98,145.91
7,-7,-5,-70,-50,86.02,0.4476,813.72,150.8
7,-7,-4,-70,-40,80.62,0.4404,832.29,151.95
7,-7,-3,-70,-30,76.16,0.4562,819.28,145.08
7,-7,-2,-70,-20,72.8,0.4427,812.35,147.57
7,-7,-1,-70,-10,70.71,0.4478,798.83,146.17
7,-7,0,-70,0,70.0,0.4471,813.72,152.19
7,-7,1,-70,10,70.71,0.4589,815.15,151.22
7,-7,2,-70,20,72.8,0.4526,803.8,148.12
7,-7,3,-70,30,76.16,0.4418,789.66,149.02
7,-7,4,-70,40,80.62,0.4448,806.21,150.61
7,-7,5,-70,50,86.02,0.4525,805.27,153.62
7,-7,6,-70,60,92.2,0.4501,814.91,151.77
7,-7,7,-70,70,98.99,0.4602,822.46,152.29
7,-7,8,-70,80,106.3,0.4537,797.16,149.68
7,-7,9,-70,90,114.02,0.4511,805.84,148.92
7,-7,10,-70,100,122.07,0.4708,785.86,161.31
7,-7,11,-70,110,130.38,0.4556,786.99,152.79
7,-6,-12,-60,-120,134.16,0.4564,796.79,151.09
7,-6,-11,-60,-110,125.3,0.4537,795.1,155.37
7,-6,-10,-60,-100,116.62,0.4448,799.75,152.47
7,-6,-9,-60,-90,108.17,0.446,783.11,145.15
7,-6,-8,-60,-80,100.0,0.4651,813.17,146.76
7,-6,-7,-60,-70,92.2,0.4565,791.18,152.96
7,-6,-6,-60,-60,84.85,0.446,794.55,149.15
7,-6,-5,-60,-50,78.1,0.4447,820.99,152.7
7,-6,-4,-60,-40,72.11,0.4509,815.37,145.12
7,-6,-3,-60,-30,67.08,0.4402,807.12,152.21
7,-6,-2,-60,-20,63.25,0.4522,771.76,146.81
7,-6,-1,-60,-10,60.83,0.4533,836.4,153.65
7,-6,0,-60,0,60.0,0.4626,805.1,151.0
7,-6,1,-60,10,60.83,0.4417,814.28,149.78
7,-6,2,-60,20,63.25,0.4555,800.46,150.84
7,-6,3,-60,30,67.08,0.4493,803.37,153.0
7,-6,4,-60,40,72.11,0.4399,777.61,151.28
7,-6,5,-60,50,78.1,0.4615,825.39,146.33
7,-6,6,-60,60,84.85,0.4468,777.81,148.37
7,-6,7,-60,70,92.2,0.4591,799.59,149.1
7,-6,8,-60,80,100.0,0.4557,786.01,155.41
7,-6,9,-60,90,108.17,0.4534,788.92,153.01
7,-6,10,-60,100,116.62,0.4635,814.97,151.46
7,-6,11,-60,110,125.3,0.4678,787.82,151.3
7,-6,12,-60,120,134.16,0.4566,764.37,152.18
7,-5,-12,-50,-120,130.0,0.4699,794.08,150.06
7,-5,-11,-50,-110,120.83,0.4435,772.13,150.24
7,-5,-10,-50,-100,111.8,0.452,810.94,149.94
7,-5,-9,-50,-90,102.96,0.4655,771.75,149.79
7,-5,-8,-50,-80,94.34,0.4567,812.12,149.3
7,-5,-7,-50,-70,86.02,0.458,812.18,147.99
7,-5,-6,-50,-60,78.1,0.4525,810.55,148.17
7,-5,-5,-50,-50,70.71,0.4636,787.47,150.43
7,-5,-4,-50,-40,64.03,0.44,801.55,146.8
7,-5,-3,-50,-30,58.31,0.4476,776.2,152.4
7,-5,-2,-50,-20,53.85,0.4529,816.31,148.96
7,-5,-1,-50,-10,50.99,0.4591,800.59,150.34
7,-5,0,-50,0,50.0,0.4669,792.73,153.68
7,-5,1,-50,10,50.99,0.4538,791.42,146.05
7,-5,2,-50,20,53.85,0.4417,816.96,155.2
7,-5,3,-50,30,58.31,0.4507,802.16,152.33
7,-5,4,-50,40,64.03,0.4506,816.5,150.87
7,-5,5,-50,50,70.71,0.4511,789.51,147.16
7,-5,6,-50,60,78.1,0.4247,818.51,149.56
7,-5,7,-50,70,86.02,0.4468,770.72,148.11
7,-5,8,-50,80,94.34,0.4442,787.49,151.31
7,-5,9,-50,90,102.96,0.453,776.53,146.94
7,-5,10,-50,100,111.8,0.444,820.51,156.07
7,-5,11,-50,110,120.83,0.4506,759.17,152.96
7,-5,12,-50,120,130.0,0.4614,788.23,156.01
7,-4,-13,-40,-130,136.01,0.4672,762.86,155.57
7,-4,-12,-40,-120,126.49,0.4664,774.74,154.2
7,-4,-11,-40,-110,117.05,0.4517,820.75,148.15
7,-4,-10,-40,-100,107.7,0.4625,770.07,156.59
7,-4,-9,-40,-90,98.49,0.4419,801.23,145.65
7,-4,-8,-40,-80,89.44,0.4392,813.47,153.2
7,-4,-7,-40,-70,80.62,0.4519,811.12,153.13
7,-4,-6,-40,-60,72.11,0.4445,779.02,149.96
7,-4,-5,-40,-50,64.03,0.4454,805.83,151.64
7,-4,-4,-40,-40,56.57,0.4445,810.56,151.96
7,-4,-3,-40,-30,50.0,0.4558,793.88,152.34
7,-4,-2,-40,-20,44.72,0.4542,809.6,155.03
7,-4,-1,-40,-10,41.23,0.4526,790.9,146.67
7,-4,0,-40,0,40.0,0.459,805.36,155.01
7,-4,1,-40,10,41.23,0.4338,813.66,149.22
7,-4,2,-40,20,44.72,0.4472,788.53,152.7
7,-4,3,-40,30,50.0,0.4549,782.86,150.49
7,-4,4,-40,40,56.57,0.4556,802.67,153.32
7,-4,5,-40,50,64.03,0.4477,766.18,150.56
7,-4,6,-40,60,72.11,0.4514,804.67,153.32
7,-4,7,-40,70,80.62,0.4344,796.42,147.23
7,-4,8,-40,80,89.44,0.4403,798.92,152.22
7,-4,9,-40,90,98.49,0.4535,788.07,150.1
7,-4,10,-40,100,107.7,0.4607,805.38,149.55
7,-4,11,-40,110,117.05,0.4512,765.06,150.85
7,-4,12,-40,120,126.49,0.4457,816.61,150.73
7,-4,13,-40,130,136.01,0.4725,806.88,155.34
7,-3,-13,-30,-130,133.42,0.4617,761.48,152.78
7,-3,-12,-30,-120,123.69,0.4713,792.49,153.01
7,-3,-11,-30,-110,114.02,0.4656,802.76,151.37
7,-3,-10,-30,-100,104.4,0.4541,784.91,149.26
7,-3,-9,-30,-90,94.87,0.4488,807.66,146.59
7,-3,-8,-30,-80,85.44,0.4506,794.15,147.32
7,-3,-7,-30,-70,76.16,0.4469,765.18,147.73
7,-3,-6,-30,-60,67.08,0.4412,795.8,143.16
7,-3,-5,-30,-50,58.31,0.4515,813.64,149.65
7,-3,-4,-30,-40,50.0,0.454,792.31,145.34
7,-3,-3,-30,-30,42.43,0.45,810.21,146.03
7,-3,-2,-30,-20,36.06,0.4463,796.29,158.55
7,-3,-1,-30,-10,31.62,0.4518,771.42,143.54
7,-3,0,-30,0,30.0,0.4558,837.28,149.16
7,-3,1,-30,10,31.62,0.4473,806.46,147.61
7,-3,2,-30,20,36.06,0.4296,815.56,148.16
7,-3,3,-30,30,42.43,0.4584,788.59,150.37
7,-3,4,-30,40,50.0,0.4568,816.06,150.7
7,-3,5,-30,50,58.31,0.4515,809.3,151.39
7,-3,6,-30,60,67.08,0.4397,780.92,143.67
7,-3,7,-30,70,76.16,0.4561,794.06,152.46
7,-3,8,-30,80,85.44,0.4532,784.96,149.66
7,-3,9,-30,90,94.87,0.4468,790.16,153.08
7,-3,10,-30,100,104.4,0.4725,813.17,150.86
7,-3,11,-30,110,114.02,0.4652,818.01,147.63
7,-3,12,-30,120,123.69,0.4683,798.77,156.49
7,-3,13,-30,130,133.42,0.469,777.9,160.39
7,-2,-13,-20,-130,131.53,0.4644,776.0,155.53
7,-2,-12,-20,-120,121.66,0.4655,789.79,153.85
7,-2,-11,-20,-110,111.8,0.4551,783.45,149.12
7,-2,-10,-20,-100,101.98,0.4406,820.06,150.09
7,-2,-9,-20,-90,92.2,0.4227,805.74,151.34
7,-2,-8,-20,-80,82.46,0.4351,787.51,147.37
7,-2,-7,-20,-70,72.8,0.4441,818.19,149.55
7,-2,-6,-20,-60,63.25,0.4466,816.84,151.49
7,-2,-5,-20,-50,53.85,0.4361,790.75,150.97
7,-2,-4,-20,-40,44.72,0.4425,830.44,150.34
7,-2,-3,-20,-30,36.06,0.444,783.16,152.78
7,-2,-2,-20,-20,28.28,0.4448,805.7,146.55
7,-2,-1,-20,-10,22.36,0.4506,790.46,149.05
7,-2,0,-20,0,20.0,0.4436,815.38,148.53
7,-2,1,-20,10,22.36,0.4489,798.57,154.84
7,-2,2,-20,20,28.28,0.4571,811.86,145.27
7,-2,3,-20,30,36.06,0.4447,817.83,146.49
7,-2,4,-20,40,44.72,0.4507,784.02,147.11
7,-2,5,-20,50,53.85,0.4634,810.79,152.95
7,-2,6,-20,60,63.25,0.4563,797.91,147.93
7,-2,7,-20,70,72.8,0.4468,797.12,155.33
7,-2,8,-20,80,82.46,0.4393,791.7,147.26
7,-2,9,-20,90,92.2,0.4586,827.59,151.14
7,-2,10,-20,100,101.98,0.4549,798.66,152.07
7,-2,11,-20,110,111.8,0.4606,799.73,153.08
7,-2,12,-20,120,121.66,0.464,761.69,152.68
7,-2,13,-20,130,131.53,0.4641,788.76,153.5
7,-1,-13,-10,-130,130.38,0.4625,772.44,148.52
7,-1,-12,-10,-120,120.42,0.4652,772.03,152.04
7,-1,-11,-10,-110,110.45,0.448,817.76,151.22
7,-1,-10,-10,-100,100.5,0.449,809.0,157.13
7,-1,-9,-10,-90,90.55,0.4533,794.31,152.25
7,-1,-8,-10,-80,80.62,0.4374,800.7,155.98
7,-1,-7,-10,-70,70.71,0.4513,801.62,150.06
7,-1,-6,-10,-60,60.83,0.4468,804.72,152.33
7,-1,-5,-10,-50,50.99,0.4473,762.64,151.4
7,-1,-4,-10,-40,41.23,0.4671,794.36,145.59
7,-1,-3,-10,-30,31.62,0.4554,826.16,151.59
7,-1,-2,-10,-20,22.36,0.4638,811.91,152.12
7,-1,-1,-10,-10,14.14,0.4459,804.28,149.91
7,-1,0,-10,0,10.0,0.4495,796.19,150.68
7,-1,1,-10,10,14.14,0.4396,812.18,147.37
7,-1,2,-10,20,22.36,0.448,804.96,147.22
7,-1,3,-10,30,31.62,0.4343,794.25,145.71
7,-1,4,-10,40,41.23,0.4557,782.7,154.46
7,-1,5,-10,50,50.99,0.45,800.89,144.06
7,-1,6,-10,60,60.83,0.4512,798.8,146.1
7,-1,7,-10,70,70.71,0.4507,794.03,149.35
7,-1,8,-10,80,80.62,0.4502,792.93,150.74
7,-1,9,-10,90,90.55,0.4493,807.06,148.57
7,-1,10,-10,100,100.5,0.443,787.14,154.99
7,-1,11,-10,110,110.45,0.4617,812.16,155.31
7,-1,12,-10,120,120.42,0.4536,793.48,152.75
7,-1,13,-10,130,130.38,0.4665,778.9,154.12
7,0,-13,0,-130,130.0,0.4616,791.46,155.75
7,0,-12,0,-120,120.0,0.4579,791.13,153.15
7,0,-11,0,-110,110.0,0.4671,768.21,148.51
7,0,-10,0,-100,100.0,0.4568,801.98,151.42
7,0,-9,0,-90,90.0,0.4553,803.21,148.46
7,0,-8,0,-80,80.0,0.455,800.31,148.66
7,0,-7,0,-70,70.0,0.4555,809.77,150.64
7,0,-6,0,-60,60.0,0.4637,819.9,153.01
7,0,-5,0,-50,50.0,0.4705,797.8,148.61
7,0,-4,0,-40,40.0,0.4569,796.21,150.04
7,0,-3,0,-30,30.0,0.4421,809.1,145.59
7,0,-2,0,-20,20.0,0.4492,799.77,148.69
7,0,-1,0,-10,10.0,0.4359,773.53,147.76
7,0,0,0,0,0.0,0.4543,804.33,149.95
7,0,1,0,10,10.0,0.4429,805.12,144.6
7,0,2,0,20,20.0,0.4308,796.35,148.36
7,0,3,0,30,30.0,0.4581,802.37,154.95
7,0,4,0,40,40.0,0.4456,807.3,149.24
7,0,5,0,50,50.0,0.4611,796.94,152.56
7,0,6,0,60,60.0,0.4414,793.77,149.75
7,0,7,0,70,70.0,0.4601,767.04,149.0
7,0,8,0,80,80.0,0.4471,768.85,148.61
7,0,9,0,90,90.0,0.4377,765.04,149.35
7,0,10,0,100,100.0,0.449,794.26,151.39
7,0,11,0,110,110.0,0.4469,821.02,151.32
7,0,12,0,120,120.0,0.4674,764.07,149.97
7,0,13,0,130,130.0,0.4665,780.08,150.57
7,1,-13,10,-130,130.38,0.4465,794.23,155.8
7,1,-12,10,-120,120.42,0.4593,781.6,149.18
7,1,-11,10,-110,110.45,0.4536,774.23,149.2
7,1,-10,10,-100,100.5,0.4616,770.02,152.69
7,1,-9,10,-90,90.55,0.462,812.22,151.35
7,1,-8,10,-80,80.62,0.4463,790.31,143.26
7,1,-7,10,-70,70.71,0.4503,793.97,147.91
7,1,-6,10,-60,60.83,0.4498,800.94,148.09
7,1,-5,10,-50,50.99,0.4629,810.96,152.69
7,1,-4,10,-40,41.23,0.4492,807.67,147.31
7,1,-3,10,-30,31.62,0.4553,796.93,146.93
7,1,-2,10,-20,22.36,0.4498,795.62,156.97
7,1,-1,10,-10,14.14,0.4535,823.7,153.39
7,1,0,10,0,10.0,0.4503,793.34,144.78
7,1,1,10,10,14.14,0.443,809.94,149.09
7,1,2,10,20,22.36,0.453,769.55,151.36
7,1,3,10,30,31.62,0.4588,773.36,151.11
7,1,4,10,40,41.23,0.4607,825.2,148.49
7,1,5,10,50,50.99,0.4562,821.45,151.2
7,1,6,10,60,60.83,0.4603,799.46,151.18
7,1,7,10,70,70.71,0.445,797.53,151.3
7,1,8,10,80,80.62,0.4444,796.65,152.28
7,1,9,10,90,90.55,0.4664,769.23,156.08
7,1,10,10,100,100.5,0.4494,812.25,154.14
7,1,11,10,110,110.45,0.4665,783.04,150.78
7,1,12,10,120,120.42,0.4569,783.68,156.48
7,1,13,10,130,130.38,0.4606,758.96,151.94
7,2,-13,20,-130,131.53,0.449,779.09,156.03
7,2,-12,20,-120,121.66,0.4525,782.32,151.85
7,2,-11,20,-110,111.8,0.4556,801.09,154.01
7,2,-10,20,-100,101.98,0.4698,799.14,152.97
7,2,-9,20,-90,92.2,0.4374,794.1,149.41
7,2,-8,20,-80,82.46,0.4419,791.96,149.68
7,2,-7,20,-70,72.8,0.446,839.03,151.54
7,2,-6,20,-60,63.25,0.466,822.39,148.08
7,2,-5,20,-50,53.85,0.4503,793.48,149.51
7,2,-4,20,-40,44.72,0.4422,793.38,151.08
7,2,-3,20,-30,36.06,0.4527,803.8,149.82
7,2,-2,20,-20,28.28,0.4569,796.14,154.17
7,2,-1,20,-10,22.36,0.4352,809.85,151.47
7,2,0,20,0,20.0,0.4446,794.67,151.39
7,2,1,20,10,22.36,0.4573,773.76,151.88
7,2,2,20,20,28.28,0.4463,816.88,144.48
7,2,3,20,30,36.06,0.4696,786.71,154.29
7,2,4,20,40,44.72,0.4494,787.72,150.8
7,2,5,20,50,53.85,0.4582,776.71,152.1
7,2,6,20,60,63.25,0.4499,808.66,150.03
7,2,7,20,70,72.8,0.4454,783.3,152.02
7,2,8,20,80,82.46,0.4553,809.93,151.28
7,2,9,20,90,92.2,0.4577,820.88,144.59
7,2,10,20,100,101.98,0.4331,823.06,146.74
7,2,11,20,110,111.8,0.4457,789.04,146.63
7,2,12,20,120,121.66,0.4547,774.14,151.97
7,2,13,20,130,131.53,0.4639,777.37,152.83
7,3,-13,30,-130,133.42,0.4645,796.98,159.1
7,3,-12,30,-120,123.69,0.4568,814.6,155.56
7,3,-11,30,-110,114.02,0.4453,773.39,150.08
7,3,-10,30,-100,104.4,0.4639,788.91,145.26
7,3,-9,30,-90,94.87,0.4486,769.59,147.17
7,3,-8,30,-80,85.44,0.4453,802.25,153.1
7,3,-7,30,-70,76.16,0.4556,782.31,148.88
7,3,-6,30,-60,67.08,0.4506,796.07,149.19
7,3,-5,30,-50,58.31,0.4362,782.71,148.79
7,3,-4,30,-40,50.0,0.4253,809.61,145.88
7,3,-3,30,-30,42.43,0.4555,808.98,148.37
7,3,-2,30,-20,36.06,0.458,811.15,149.07
7,3,-1,30,-10,31.62,0.4466,816.46,150.7
7,3,0,30,0,30.0,0.4584,764.17,150.3
7,3,1,30,10,31.62,0.4374,799.61,152.14
7,3,2,30,20,36.06,0.4639,785.93,148.42
7,3,3,30,30,42.43,0.4492,785.38,152.94
7,3,4,30,40,50.0,0.4494,801.83,151.86
7,3,5,30,50,58.31,0.4494,787.74,149.81
7,3,6,30,60,67.08,0.4432,801.62,152.99
7,3,7,30,70,76.16,0.4406,777.01,150.15
7,3,8,30,80,85.44,0.4439,800.48,150.99
7,3,9,30,90,94.87,0.4333,809.65,146.83
7,3,10,30,100,104.4,0.4522,786.54,149.28
7,3,11,30,110,114.02,0.4687,797.1,154.52
7,3,12,30,120,123.69,0.4597,796.53,154.18
7,3,13,30,130,133.42,0.4645,797.92,154.76
7,4,-13,40,-130,136.01,0.4819,794.02,151.27
7,4,-12,40,-120,126.49,0.4582,791.56,153.43
7,4,-11,40,-110,117.05,0.4616,802.77,148.06
7,4,-10,40,-100,107.7,0.4635,787.68,149.42
7,4,-9,40,-90,98.49,0.4463,810.51,149.73
7,4,-8,40,-80,89.44,0.4447,793.64,144.73
7,4,-7,40,-70,80.62,0.4433,781.41,149.19
7,4,-6,40,-60,72.11,0.4553,808.31,153.77
7,4,-5,40,-50,64.03,0.4583,792.07,150.06
7,4,-4,40,-40,56.57,0.4497,767.73,146.35
7,4,-3,40,-30,50.0,0.4487,797.41,151.54
7,4,-2,40,-20,44.72,0.4537,773.44,151.56
7,4,-1,40,-10,41.23,0.4514,809.35,153.2
7,4,0,40,0,40.0,0.4489,818.68,147.33
7,4,1,40,10,41.23,0.4424,806.43,148.89
7,4,2,40,20,44.72,0.4521,829.89,151.18
7,4,3,40,30,50.0,0.4517,786.96,144.9
7,4,4,40,40,56.57,0.4494,816.0,149.03
7,4,5,40,50,64.03,0.4532,821.4,154.2
7,4,6,40,60,72.11,0.4534,802.55,145.44
7,4,7,40,70,80.62,0.445,795.79,147.44
7,4,8,40,80,89.44,0.452,828.67,154.67
7,4,9,40,90,98.49,0.453,810.08,148.35
7,4,10,40,100,107.7,0.465,771.71,153.95
7,4,11,40,110,117.05,0.4601,779.47,151.51
7,4,12,40,120,126.49,0.4505,769.23,148.52
7,4,13,40,130,136.01,0.4697,797.69,148.21
7,5,-12,50,-120,130.0,0.4757,783.3,154.66
7,5,-11,50,-110,120.83,0.4457,808.63,153.17
7,5,-10,50,-100,111.8,0.4635,811.66,155.59
7,5,-9,50,-90,102.96,0.4468,793.83,149.0
7,5,-8,50,-80,94.34,0.4576,804.4,153.52
7,5,-7,50,-70,86.02,0.4589,774.09,154.09
7,5,-6,50,-60,78.1,0.4576,794.46,151.05
7,5,-5,50,-50,70.71,0.449,809.24,148.89
7,5,-4,50,-40,64.03,0.4538,801.01,148.7
7,5,-3,50,-30,58.31,0.4515,840.6,147.94
7,5,-2,50,-20,53.85,0.448,789.98,148.31
7,5,-1,50,-10,50.99,0.4565,810.74,149.98
7,5,0,50,0,50.0,0.4582,811.9,149.51
7,5,1,50,10,50.99,0.4377,812.45,150.51
7,5,2,50,20,53.85,0.4502,793.01,152.23
7,5,3,50,30,58.31,0.4528,796.45,146.32
7,5,4,50,40,64.03,0.4585,809.07,150.77
7,5,5,50,50,70.71,0.4287,799.43,149.28
7,5,6,50,60,78.1,0.4451,811.31,152.14
7,5,7,50,70,86.02,0.4535,815.57,146.97
7,5,8,50,80,94.34,0.4468,800.53,148.44
7,5,9,50,90,102.96,0.4578,789.12,154.73
7,5,10,50,100,111.8,0.447,825.33,157.68
7,5,11,50,110,120.83,0.4567,806.01,151.37
7,5,12,50,120,130.0,0.4691,780.84,149.93
7,6,-12,60,-120,134.16,0.4345,776.8,155.24
7,6,-11,60,-110,125.3,0.4698,786.85,156.15
7,6,-10,60,-100,116.62,0.4523,785.97,155.25
7,6,-9,60,-90,108.17,0.4337,795.14,150.05
7,6,-8,60,-80,100.0,0.4623,790.01,152.18
7,6,-7,60,-70,92.2,0.4575,777.4,149.8
7,6,-6,60,-60,84.85,0.4465,814.19,152.04
7,6,-5,60,-50,78.1,0.4481,784.29,153.11
7,6,-4,60,-40,72.11,0.4495,775.72,145.4
7,6,-3,60,-30,67.08,0.4535,780.86,155.58
7,6,-2,60,-20,63.25,0.4425,799.99,150.48
7,6,-1,60,-10,60.83,0.4442,766.4,150.57
7,6,0,60,0,60.0,0.444,801.75,149.63
7,6,1,60,10,60.83,0.4521,823.43,148.36
7,6,2,60,20,63.25,0.4462,775.01,149.41
7,6,3,60,30,67.08,0.4533,792.75,151.25
7,6,4,60,40,72.11,0.4486,780.47,150.94
7,6,5,60,50,78.1,0.4484,801.84,148.3
7,6,6,60,60,84.85,0.4448,802.36,149.33
7,6,7,60,70,92.2,0.4639,811.77,151.85
7,6,8,60,80,100.0,0.45,767.54,148.2
7,6,9,60,90,108.17,0.4482,790.82,151.15
7,6,10,60,100,116.62,0.4612,795.13,155.56
7,6,11,60,110,125.3,0.4566,790.16,154.17
7,6,12,60,120,134.16,0.4647,800.06,156.82
7,7,-11,70,-110,130.38,0.4506,781.52,153.8
7,7,-10,70,-100,122.07,0.4751,783.19,149.78
7,7,-9,70,-90,114.02,0.4586,799.77,151.59
7,7,-8,70,-80,106.3,0.4511,809.93,148.53
7,7,-7,70,-70,98.99,0.4484,790.41,153.85
7,7,-6,70,-60,92.2,0.4524,783.81,147.32
7,7,-5,70,-50,86.02,0.465,816.25,152.56
7,7,-4,70,-40,80.62,0.4501,822.63,146.69
7,7,-3,70,-30,76.16,0.456,793.35,149.25
7,7,-2,70,-20,72.8,0.4558,797.85,148.7
7,7,-1,70,-10,70.71,0.446,770.2,152.29
7,7,0,70,0,70.0,0.4419,827.88,149.14
7,7,1,70,10,70.71,0.4605,772.86,152.19
7,7,2,70,20,72.8,0.4579,819.55,145.42
7,7,3,70,30,76.16,0.4444,808.65,150.45
7,7,4,70,40,80.62,0.4523,794.6,154.65
7,7,5,70,50,86.02,0.4709,801.56,151.4
7,7,6,70,60,92.2,0.4506,819.05,152.7
7,7,7,70,70,98.99,0.4426,789.05,147.54
7,7,8,70,80,106.3,0.4744,805.23,149.3
7,7,9,70,90,114.02,0.4497,804.39,154.52
7,7,10,70,100,122.07,0.4643,781.76,153.64
7,7,11,70,110,130.38,0.4621,769.19,151.06
7,8,-11,80,-110,136.01,0.4669,782.56,156.35
7,8,-10,80,-100,128.06,0.4666,807.15,151.19
7,8,-9,80,-90,120.42,0.4623,800.28,151.59
7,8,-8,80,-80,113.14,0.4558,788.43,158.05
7,8,-7,80,-70,106.3,0.4537,802.47,150.3
7,8,-6,80,-60,100.0,0.4475,778.4,153.93
7,8,-5,80,-50,94.34,0.4565,794.89,147.61
7,8,-4,80,-40,89.44,0.4514,792.53,149.45
7,8,-3,80,-30,85.44,0.4399,803.26,150.74
7,8,-2,80,-20,82.46,0.4588,797.74,149.0
7,8,-1,80,-10,80.62,0.4375,816.51,152.68
7,8,0,80,0,80.0,0.4502,780.06,146.36
7,8,1,80,10,80.62,0.4456,814.48,150.87
7,8,2,80,20,82.46,0.4381,806.06,147.48
7,8,3,80,30,85.44,0.4458,814.58,152.32
7,8,4,80,40,89.44,0.4587,799.65,152.77
7,8,5,80,50,94.34,0.4457,795.55,149.33
7,8,6,80,60,100.0,0.4516,778.64,149.95
7,8,7,80,70,106.3,0.4645,779.31,147.1
7,8,8,80,80,113.14,0.4449,832.66,153.11
7,8,9,80,90,120.42,0.4551,790.07,153.21
7,8,10,80,100,128.06,0.4551,776.9,153.04
7,8,11,80,110,136.01,0.4578,773.66,155.75
7,9,-10,90,-100,134.54,0.455,819.74,156.72
7,9,-9,90,-90,127.28,0.4498,747.96,151.34
7,9,-8,90,-80,120.42,0.4628,796.4,152.19
7,9,-7,90,-70,114.02,0.4503,778.75,150.6
7,9,-6,90,-60,108.17,0.4453,788.96,155.24
7,9,-5,90,-50,102.96,0.4459,806.12,153.12
7,9,-4,90,-40,98.49,0.4424,785.73,153.74
7,9,-3,90,-30,94.87,0.4431,798.44,156.46
7,9,-2,90,-20,92.2,0.458,801.07,152.74
7,9,-1,90,-10,90.55,0.4496,815.25,144.02
7,9,0,90,0,90.0,0.4489,768.7,150.62
7,9,1,90,10,90.55,0.4481,820.38,152.29
7,9,2,90,20,92.2,0.4459,793.69,151.36
7,9,3,90,30,94.87,0.4459,798.81,154.29
7,9,4,90,40,98.49,0.4444,791.67,149.61
7,9,5,90,50,102.96,0.4773,806.08,154.23
7,9,6,90,60,108.17,0.4595,807.47,152.67
7,9,7,90,70,114.02,0.458,770.55,152.88
7,9,8,90,80,120.42,0.4564,797.22,152.31
7,9,9,90,90,127.28,0.466,799.23,144.67
7,9,10,90,100,134.54,0.4595,752.73,155.18
7,10,-9,100,-90,134.54,0.4605,800.92,155.08
7,10,-8,100,-80,128.06,0.4563,798.74,152.56
7,10,-7,100,-70,122.07,0.4539,794.04,157.56
7,10,-6,100,-60,116.62,0.4628,799.53,160.34
7,10,-5,100,-50,111.8,0.4486,782.03,152.02
7,10,-4,100,-40,107.7,0.4654,781.01,156.47
7,10,-3,100,-30,104.4,0.4409,794.61,151.46
7,10,-2,100,-20,101.98,0.4447,787.97,153.15
7,10,-1,100,-10,100.5,0.463,766.06,151.2
7,10,0,100,0,100.0,0.4505,799.55,149.68
7,10,1,100,10,100.5,0.4412,820.91,154.14
7,10,2,100,20,101.98,0.451,789.97,148.93
7,10,3,100,30,104.4,0.4317,801.74,153.28
7,10,4,100,40,107.7,0.4543,793.84,151.61
7,10,5,100,50,111.8,0.4476,785.86,151.09
7,10,6,100,60,116.62,0.4616,811.71,151.4
7,10,7,100,70,122.07,0.4495,788.67,158.76
7,10,8,100,80,128.06,0.4526,797.95,157.52
7,10,9,100,90,134.54,0.4601,770.08,156.19
7,11,-8,110,-80,136.01,0.4664,790.03,160.91
7,11,-7,110,-70,130.38,0.4625,765.35,154.04
7,11,-6,110,-60,125.3,0.4611,805.31,152.55
7,11,-5,110,-50,120.83,0.4542,768.25,154.22
7,11,-4,110,-40,117.05,0.4829,787.47,153.49
7,11,-3,110,-30,114.02,0.4507,773.09,153.11
7,11,-2,110,-20,111.8,0.4547,757.57,156.42
7,11,-1,110,-10,110.45,0.4574,795.07,150.19
7,11,0,110,0,110.0,0.4571,800.93,152.62
7,11,1,110,10,110.45,0.4626,813.39,157.47
7,11,2,110,20,111.8,0.4477,784.75,152.67
7,11,3,110,30,114.02,0.4489,783.04,153.24
7,11,4,110,40,117.05,0.4633,809.95,151.56
7,11,5,110,50,120.83,0.4612,792.46,152.63
7,11,6,110,60,125.3,0.4526,772.15,155.14
7,11,7,110,70,130.38,0.4545,756.58,153.75
7,11,8,110,80,136.01,0.4752,737.69,153.83
7,12,-6,120,-60,134.16,0.4682,753.48,153.76
7,12,-5,120,-50,130.0,0.4519,768.37,152.58
7,12,-4,120,-40,126.49,0.4506,767.51,153.12
7,12,-3,120,-30,123.69,0.4763,798.59,155.96
7,12,-2,120,-20,121.66,0.4641,777.9,153.61
7,12,-1,120,-10,120.42,0.4661,801.47,153.11
7,12,0,120,0,120.0,0.4613,826.21,154.99
7,12,1,120,10,120.42,0.4548,787.93,149.36
7,12,2,120,20,121.66,0.4765,812.42,152.92
7,12,3,120,30,123.69,0.476,796.71,151.64
7,12,4,120,40,126.49,0.4669,791.58,155.81
7,12,5,120,50,130.0,0.4501,771.32,158.25
7,12,6,120,60,134.16,0.4763,802.06,161.06
7,13,-4,130,-40,136.01,0.4682,787.22,151.95
7,13,-3,130,-30,133.42,0.4578,751.49,153.33
7,13,-2,130,-20,131.53,0.4452,798.73,155.17
7,13,-1,130,-10,130.38,0.445,780.39,159.74
7,13,0,130,0,130.0,0.46,768.5,148.43
7,13,1,130,10,130.38,0.4471,791.27,152.54
7,13,2,130,20,131.53,0.4588,776.07,153.59
7,13,3,130,30,133.42,0.4526,786.06,150.02
7,13,4,130,40,136.01,0.4575,794.77,155.82
8,-13,-4,-130,-40,136.01,0.4711,774.92,158.55
8,-13,-3,-130,-30,133.42,0.4487,778.38,153.96
8,-13,-2,-130,-20,131.53,0.4628,774.18,153.05
8,-13,-1,-130,-10,130.38,0.476,790.73,151.5
8,-13,0,-130,0,130.0,0.4662,784.16,156.01
8,-13,1,-130,10,130.38,0.4595,771.12,148.84
8,-13,2,-130,20,131.53,0.4709,792.78,155.08
8,-13,3,-130,30,133.42,0.4676,799.86,149.24
8,-13,4,-130,40,136.01,0.4643,752.45,153.51
8,-12,-6,-120,-60,134.16,0.4654,775.55,159.69
8,-12,-5,-120,-50,130.0,0.4587,771.92,153.88
8,-12,-4,-120,-40,126.49,0.4513,772.45,156.11
8,-12,-3,-120,-30,123.69,0.4664,789.58,154.76
8,-12,-2,-120,-20,121.66,0.4745,787.49,150.07
8,-12,-1,-120,-10,120.42,0.4616,801.57,155.32
8,-12,0,-120,0,120.0,0.4663,804.19,154.03
8,-12,1,-120,10,120.42,0.4624,795.2,147.76
8,-12,2,-120,20,121.66,0.444,772.57,155.13
8,-12,3,-120,30,123.69,0.455,789.27,157.62
8,-12,4,-120,40,126.49,0.4683,753.01,155.49
8,-12,5,-120,50,130.0,0.4615,773.64,152.8
8,-12,6,-120,60,134.16,0.4603,761.15,155.14
8,-11,-8,-110,-80,136.01,0.481,794.85,148.61
8,-11,-7,-110,-70,130.38,0.4635,787.61,150.86
8,-11,-6,-110,-60,125.3,0.4494,799.77,153.45
8,-11,-5,-110,-50,120.83,0.4536,797.86,158.93
8,-11,-4,-110,-40,117.05,0.4582,795.18,152.07
8,-11,-3,-110,-30,114.02,0.452,804.6,151.23
8,-11,-2,-110,-20,111.8,0.4584,815.86,153.82
8,-11,-1,-110,-10,110.45,0.4438,773.97,155.22
8,-11,0,-110,0,110.0,0.453,798.07,149.04
8,-11,1,-110,10,110.45,0.459,822.28,151.91
8,-11,2,-110,20,111.8,0.4596,812.03,156.63
8,-11,3,-110,30,114.02,0.4497,798.52,155.63
8,-11,4,-110,40,117.05,0.4686,784.46,150.12
8,-11,5,-110,50,120.83,0.4562,784.01,151.74
8,-11,6,-110,60,125.3,0.4624,778.19,157.82
8,-11,7,-110,70,130.38,0.4579,774.22,150.33
8,-11,8,-110,80,136.01,0.4737,760.21,156.06
8,-10,-9,-100,-90,134.54,0.4685,736.84,150.54
8,-10,-8,-100,-80,128.06,0.4572,813.08,152.38
8,-10,-7,-100,-70,122.07,0.4539,776.89,150.43
8,-10,-6,-100,-60,116.62,0.4509,780.95,149.94
8,-10,-5,-100,-50,111.8,0.4487,787.63,154.44
8,-10,-4,-100,-40,107.7,0.4443,785.43,149.65
8,-10,-3,-100,-30,104.4,0.4524,784.99,157.17
8,-10,-2,-100,-20,101.98,0.4565,811.91,151.48
8,-10,-1,-100,-10,100.5,0.4627,780.63,148.99
8,-10,0,-100,0,100.0,0.4448,795.36,155.38
8,-10,1,-100,10,100.5,0.4691,812.1,150.37
8,-10,2,-100,20,101.98,0.4608,819.54,154.29
8,-10,3,-100,30,104.4,0.4513,794.82,148.97
8,-10,4,-100,40,107.7,0.4513,783.15,151.02
8,-10,5,-100,50,111.8,0.4542,780.4,159.64
8,-10,6,-100,60,116.62,0.4583,810.42,155.69
8,-10,7,-100,70,122.07,0.4735,774.53,151.09
8,-10,8,-100,80,128.06,0.4457,760.4,150.48
8,-10,9,-100,90,134.54,0.4617,779.17,163.99
8,-9,-10,-90,-100,134.54,0.467,795.14,154.89
8,-9,-9,-90,-90,127.28,0.4494,789.58,148.56
8,-9,-8,-90,-80,120.42,0.4559,798.76,150.76
8,-9,-7,-90,-70,114.02,0.4567,783.28,148.49
8,-9,-6,-90,-60,108.17,0.4573,810.61,154.38
8,-9,-5,-90,-50,102.96,0.4501,764.32,151.1
8,-9,-4,-90,-40,98.49,0.4612,778.66,155.88
8,-9,-3,-90,-30,94.87,0.434,805.25,152.83
8,-9,-2,-90,-20,92.2,0.4619,806.67,149.24
8,-9,-1,-90,-10,90.55,0.4514,789.74,144.19
8,-9,0,-90,0,90.0,0.4481,807.37,153.21
8,-9,1,-90,10,90.55,0.4461,822.13,149.65
8,-9,2,-90,20,92.2,0.454,810.98,150.38
8,-9,3,-90,30,94.87,0.4497,822.66,145.24
8,-9,4,-90,40,98.49,0.4514,770.87,145.14
8,-9,5,-90,50,102.96,0.4516,789.07,157.07
8,-9,6,-90,60,108.17,0.4513,811.97,151.41
8,-9,7,-90,70,114.02,0.4455,765.87,147.72
8,-9,8,-90,80,120.42,0.4599,813.0,149.78
8,-9,9,-90,90,127.28,0.4666,782.41,150.21
8,-9,10,-90,100,134.54,0.4658,804.46,154.24
8,-8,-11,-80,-110,136.01,0.4702,784.24,155.62
8,-8,-10,-80,-100,128.06,0.4538,792.02,149.13
8,-8,-9,-80,-90,120.42,0.4602,809.63,157.94
8,-8,-8,-80,-80,113.14,0.4465,799.36,149.6
8,-8,-7,-80,-70,106.3,0.454,824.53,153.72
8,-8,-6,-80,-60,100.0,0.4462,787.3,150.68
8,-8,-5,-80,-50,94.34,0.4511,801.4,145.84
8,-8,-4,-80,-40,89.44,0.466,831.47,151.56
8,-8,-3,-80,-30,85.44,0.443,790.6,147.2
8,-8,-2,-80,-20,82.46,0.4417,790.49,151.27
8,-8,-1,-80,-10,80.62,0.451,822.86,145.43
8,-8,0,-80,0,80.0,0.443,770.0,150.43
8,-8,1,-80,10,80.62,0.4628,792.91,154.1
8,-8,2,-80,20,82.46,0.4556,813.0,151.76
8,-8,3,-80,30,85.44,0.4644,797.0,152.09
8,-8,4,-80,40,89.44,0.4648,784.65,149.47
8,-8,5,-80,50,94.34,0.455,786.53,147.61
8,-8,6,-80,60,100.0,0.4676,785.75,149.53
8,-8,7,-80,70,106.3,0.4546,802.13,149.46
8,-8,8,-80,80,113.14,0.4532,777.7,150.06
8,-8,9,-80,90,120.42,0.4629,802.64,155.58
8,-8,10,-80,100,128.06,0.4602,781.71,149.59
8,-8,11,-80,110,136.01,0.4607,782.21,157.96
8,-7,-11,-70,-110,130.38,0.4457,778.18,147.04
8,-7,-10,-70,-100,122.07,0.4451,807.9,148.82
8,-7,-9,-70,-90,114.02,0.456,807.7,150.41
8,-7,-8,-70,-80,106.3,0.4431,797.49,155.77
8,-7,-7,-70,-70,98.99,0.4591,794.51,148.89
8,-7,-6,-70,-60,92.2,0.4594,777.87,153.03
8,-7,-5,-70,-50,86.02,0.4458,777.69,144.74
8,-7,-4,-70,-40,80.62,0.4631,796.98,147.32
8,-7,-3,-70,-30,76.16,0.4497,791.42,148.38
8,-7,-2,-70,-20,72.8,0.446,800.12,152.27
8,-7,-1,-70,-10,70.71,0.4378,820.26,147.17
8,-7,0,-70,0,70.0,0.452,799.13,147.58
8,-7,1,-70,10,70.71,0.4591,788.09,154.26
8,-7,2,-70,20,72.8,0.4553,788.76,146.4
8,-7,3,-70,30,76.16,0.4585,782.88,149.6
8,-7,4,-70,40,80.62,0.4556,806.95,149.39
8,-7,5,-70,50,86.02,0.4442,810.83,144.39
8,-7,6,-70,60,92.2,0.4522,780.34,147.59
8,-7,7,-70,70,98.99,0.4541,786.99,154.04
8,-7,8,-70,80,106.3,0.4585,785.24,150.42
8,-7,9,-70,90,114.02,0.4463,799.41,156.51
8,-7,10,-70,100,122.07,0.4483,790.97,153.7
8,-7,11,-70,110,130.38,0.4512,768.11,148.42
8,-6,-12,-60,-120,134.16,0.4673,775.43,152.23
8,-6,-11,-60,-110,125.3,0.4756,759.27,156.99
8,-6,-10,-60,-100,116.62,0.4387,783.22,146.99
8,-6,-9,-60,-90,108.17,0.4468,786.83,149.12
8,-6,-8,-60,-80,100.0,0.4534,811.1,150.29
8,-6,-7,-60,-70,92.2,0.4527,823.2,148.12
8,-6,-6,-60,-60,84.85,0.4572,837.88,155.46
8,-6,-5,-60,-50,78.1,0.463,810.92,153.45
8,-6,-4,-60,-40,72.11,0.4461,798.78,149.41
8,-6,-3,-60,-30,67.08,0.4447,802.2,148.43
8,-6,-2,-60,-20,63.25,0.4505,779.29,148.4
8,-6,-1,-60,-10,60.83,0.4605,802.92,154.0
8,-6,0,-60,0,60.0,0.4452,796.28,150.64
8,-6,1,-60,10,60.83,0.4484,779.09,151.7
8,-6,2,-60,20,63.25,0.4421,799.84,143.61
8,-6,3,-60,30,67.08,0.4448,798.11,151.68
8,-6,4,-60,40,72.11,0.4401,786.63,155.29
8,-6,5,-60,50,78.1,0.4657,807.72,153.84
8,-6,6,-60,60,84.85,0.4468,809.8,151.83
8,-6,7,-60,70,92.2,0.4426,802.74,149.33
8,-6,8,-60,80,100.0,0.4543,789.91,146.26
8,-6,9,-60,90,108.17,0.4535,807.4,153.74
8,-6,10,-60,100,116.62,0.4418,793.77,154.15
8,-6,11,-60,110,125.3,0.4602,799.27,148.91
8,-6,12,-60,120,134.16,0.4536,789.67,153.36
8,-5,-12,-50,-120,130.0,0.4704,788.08,151.1
8,-5,-11,-50,-110,120.83,0.4499,760.67,154.64
8,-5,-10,-50,-100,111.8,0.4535,807.09,152.36
8,-5,-9,-50,-90,102.96,0.4529,809.18,150.54
8,-5,-8,-50,-80,94.34,0.4477,799.41,152.84
8,-5,-7,-50,-70,86.02,0.4425,813.87,150.23
8,-5,-6,-50,-60,78.1,0.4469,802.75,153.53
8,-5,-5,-50,-50,70.71,0.4594,805.88,151.88
8,-5,-4,-50,-40,64.03,0.4503,791.23,151.33
8,-5,-3,-50,-30,58.31,0.4464,784.6,148.73
8,-5,-2,-50,-20,53.85,0.4369,781.42,156.09
8,-5,-1,-50,-10,50.99,0.459,796.4,151.57
8,-5,0,-50,0,50.0,0.4424,809.92,150.78
8,-5,1,-50,10,50.99,0.4444,795.15,148.82
8,-5,2,-50,20,53.85,0.4568,798.78,145.27
8,-5,3,-50,30,58.31,0.4464,788.26,145.57
8,-5,4,-50,40,64.03,0.4439,767.62,147.21
8,-5,5,-50,50,70.71,0.4516,806.81,151.51
8,-5,6,-50,60,78.1,0.4577,817.81,146.93
8,-5,7,-50,70,86.02,0.439,800.64,151.67
8,-5,8,-50,80,94.34,0.4437,803.38,155.78
8,-5,9,-50,90,102.96,0.4413,797.04,153.95
8,-5,10,-50,100,111.8,0.4529,799.54,154.32
8,-5,11,-50,110,120.83,0.455,772.9,152.27
8,-5,12,-50,120,130.0,0.4523,775.22,155.11
8,-4,-13,-40,-130,136.01,0.465,794.58,155.39
8,-4,-12,-40,-120,126.49,0.4534,770.65,155.18
8,-4,-11,-40,-110,117.05,0.458,787.93,153.15
8,-4,-10,-40,-100,107.7,0.4476,758.45,154.34
8,-4,-9,-40,-90,98.49,0.4563,797.08,147.84
8,-4,-8,-40,-80,89.44,0.4483,774.05,150.46
8,-4,-7,-40,-70,80.62,0.4345,801.6,147.88
8,-4,-6,-40,-60,72.11,0.4488,782.91,154.52
8,-4,-5,-40,-50,64.03,0.4529,789.67,149.46
8,-4,-4,-40,-40,56.57,0.4628,785.75,146.66
8,-4,-3,-40,-30,50.0,0.4408,789.78,154.49
8,-4,-2,-40,-20,44.72,0.4455,793.74,150.6
8,-4,-1,-40,-10,41.23,0.4498,814.54,152.46
8,-4,0,-40,0,40.0,0.4526,796.55,152.88
8,-4,1,-40,10,41.23,0.4437,787.23,148.78
8,-4,2,-40,20,44.72,0.4593,787.45,148.2
8,-4,3,-40,30,50.0,0.4514,799.15,148.86
8,-4,4,-40,40,56.57,0.4537,792.9,153.17
8,-4,5,-40,50,64.03,0.4519,815.25,147.63
8,-4,6,-40,60,72.11,0.4488,771.54,154.01
8,-4,7,-40,70,80.62,0.4684,795.68,151.12
8,-4,8,-40,80,89.44,0.4509,780.62,153.86
8,-4,9,-40,90,98.49,0.4489,767.66,148.39
8,-4,10,-40,100,107.7,0.4421,796.97,151.56
8,-4,11,-40,110,117.05,0.4656,818.26,157.87
8,-4,12,-40,120,126.49,0.4514,794.89,155.69
8,-4,13,-40,130,136.01,0.4594,783.92,155.89
8,-3,-13,-30,-130,133.42,0.4586,800.54,155.0
8,-3,-12,-30,-120,123.69,0.4571,768.87,156.38
8,-3,-11,-30,-110,114.02,0.4557,793.49,149.27
8,-3,-10,-30,-100,104.4,0.4595,779.41,144.32
8,-3,-9,-30,-90,94.87,0.4448,804.5,151.35
8,-3,-8,-30,-80,85.44,0.4511,797.42,150.5
8,-3,-7,-30,-70,76.16,0.4729,803.75,148.73
8,-3,-6,-30,-60,67.08,0.4492,796.89,150.21
8,-3,-5,-30,-50,58.31,0.4427,811.98,150.89
8,-3,-4,-30,-40,50.0,0.4437,815.3,144.29
8,-3,-3,-30,-30,42.43,0.4672,828.28,155.18
8,-3,-2,-30,-20,36.06,0.446,803.61,148.13
8,-3,-1,-30,-10,31.62,0.4534,800.28,148.62
8,-3,0,-30,0,30.0,0.4462,801.24,158.81
8,-3,1,-30,10,31.62,0.4604,801.29,149.46
8,-3,2,-30,20,36.06,0.455,790.81,149.32
8,-3,3,-30,30,42.43,0.4344,801.36,150.35
8,-3,4,-30,40,50.0,0.4456,806.77,150.37
8,-3,5,-30,50,58.31,0.4457,812.35,149.46
8,-3,6,-30,60,67.08,0.4416,773.58,154.31
8,-3,7,-30,70,76.16,0.451,801.25,149.87
8,-3,8,-30,80,85.44,0.4597,802.14,154.67
8,-3,9,-30,90,94.87,0.4516,759.18,154.14
8,-3,10,-30,100,104.4,0.4549,788.83,150.17
8,-3,11,-30,110,114.02,0.4527,773.69,154.44
8,-3,12,-30,120,123.69,0.4549,774.2,165.83
8,-3,13,-30,130,133.42,0.4532,780.0,147.39
8,-2,-13,-20,-130,131.53,0.4717,778.28,156.46
8,-2,-12,-20,-120,121.66,0.4502,764.13,150.44
8,-2,-11,-20,-110,111.8,0.4652,802.01,146.74
8,-2,-10,-20,-100,101.98,0.4324,792.47,154.04
8,-2,-9,-20,-90,92.2,0.4441,815.93,150.6
8,-2,-8,-20,-80,82.46,0.464,789.82,149.82
8,-2,-7,-20,-70,72.8,0.4448,814.78,151.77
8,-2,-6,-20,-60,63.25,0.4364,810.38,145.53
8,-2,-5,-20,-50,53.85,0.4427,811.19,146.24
8,-2,-4,-20,-40,44.72,0.447,811.39,151.25
8,-2,-3,-20,-30,36.06,0.4529,811.88,153.92
8,-2,-2,-20,-20,28.28,0.4401,805.0,152.89
8,-2,-1,-20,-10,22.36,0.4561,797.61,149.35
8,-2,0,-20,0,20.0,0.4566,803.21,153.28
8,-2,1,-20,10,22.36,0.4509,794.4,144.71
8,-2,2,-20,20,28.28,0.4482,781.54,144.51
8,-2,3,-20,30,36.06,0.4431,810.55,149.27
8,-2,4,-20,40,44.72,0.4514,810.1,149.89
8,-2,5,-20,50,53.85,0.4445,793.31,152.32
8,-2,6,-20,60,63.25,0.4498,761.84,148.94
8,-2,7,-20,70,72.8,0.4543,802.74,146.94
8,-2,8,-20,80,82.46,0.444,770.77,151.65
8,-2,9,-20,90,92.2,0.4551,797.79,149.17
8,-2,10,-20,100,101.98,0.4432,802.28,145.83
8,-2,11,-20,110,111.8,0.4606,802.04,155.09
8,-2,12,-20,120,121.66,0.4582,780.57,153.97
8,-2,13,-20,130,131.53,0.4679,765.15,153.8
8,-1,-13,-10,-130,130.38,0.4633,790.46,152.78
8,-1,-12,-10,-120,120.42,0.4624,774.64,158.58
8,-1,-11,-10,-110,110.45,0.449,800.07,149.8
8,-1,-10,-10,-100,100.5,0.4523,781.59,153.89
8,-1,-9,-10,-90,90.55,0.4435,801.2,149.96
8,-1,-8,-10,-80,80.62,0.4444,761.82,153.18
8,-1,-7,-10,-70,70.71,0.4512,773.9,144.26
8,-1,-6,-10,-60,60.83,0.4474,798.76,149.36
8,-1,-5,-10,-50,50.99,0.4616,774.96,150.64
8,-1,-4,-10,-40,41.23,0.4552,809.37,152.68
8,-1,-3,-10,-30,31.62,0.4509,803.69,149.01
8,-1,-2,-10,-20,22.36,0.4379,804.93,148.79
8,-1,-1,-10,-10,14.14,0.444,805.59,151.38
8,-1,0,-10,0,10.0,0.4444,803.75,149.76
8,-1,1,-10,10,14.14,0.4515,818.8,151.33
8,-1,2,-10,20,22.36,0.4529,786.72,147.77
8,-1,3,-10,30,31.62,0.4539,776.19,148.93
8,-1,4,-10,40,41.23,0.4439,797.87,149.35
8,-1,5,-10,50,50.99,0.451,806.98,152.9
8,-1,6,-10,60,60.83,0.4583,796.44,148.23
8,-1,7,-10,70,70.71,0.4437,795.16,147.04
8,-1,8,-10,80,80.62,0.4538,815.35,145.43
8,-1,9,-10,90,90.55,0.4501,823.31,145.71
8,-1,10,-10,100,100.5,0.4633,784.88,148.84
8,-1,11,-10,110,110.45,0.459,801.57,151.14
8,-1,12,-10,120,120.42,0.4512,770.38,152.29
8,-1,13,-10,130,130.38,0.4595,771.35,153.07
8,0,-13,0,-130,130.0,0.463,799.52,154.37
8,0,-12,0,-120,120.0,0.4558,776.92,150.24
8,0,-11,0,-110,110.0,0.4556,798.22,150.75
8,0,-10,0,-100,100.0,0.4586,798.82,149.17
8,0,-9,0,-90,90.0,0.4448,789.17,151.58
8,0,-8,0,-80,80.0,0.445,801.61,147.45
8,0,-7,0,-70,70.0,0.4487,799.18,157.09
8,0,-6,0,-60,60.0,0.4395,812.13,147.69
8,0,-5,0,-50,50.0,0.4608,789.53,153.11
8,0,-4,0,-40,40.0,0.4518,780.03,150.6
8,0,-3,0,-30,30.0,0.4541,808.81,149.29
8,0,-2,0,-20,20.0,0.4708,829.19,151.01
8,0,-1,0,-10,10.0,0.4395,785.0,149.19
8,0,0,0,0,0.0,0.4492,787.61,148.37
8,0,1,0,10,10.0,0.4341,767.58,150.04
8,0,2,0,20,20.0,0.4627,776.73,149.36
8,0,3,0,30,30.0,0.4499,805.59,148.47
8,0,4,0,40,40.0,0.4412,809.69,144.14
8,0,5,0,50,50.0,0.4531,787.94,150.73
8,0,6,0,60,60.0,0.4593,789.7,148.9
8,0,7,0,70,70.0,0.4466,834.18,149.62
8,0,8,0,80,80.0,0.4486,798.7,154.06
8,0,9,0,90,90.0,0.4449,811.9,147.86
8,0,10,0,100,100.0,0.4448,803.5,154.27
8,0,11,0,110,110.0,0.4508,788.3,153.32
8,0,12,0,120,120.0,0.4571,799.47,147.6
8,0,13,0,130,130.0,0.4527,782.55,155.14
8,1,-13,10,-130,130.38,0.4601,784.43,155.66
8,1,-12,10,-120,120.42,0.4473,798.14,155.68
8,1,-11,10,-110,110.45,0.4513,781.04,154.12
8,1,-10,10,-100,100.5,0.4652,799.99,148.01
8,1,-9,10,-90,90.55,0.45,787.47,152.3
8,1,-8,10,-80,80.62,0.4496,786.08,150.6
8,1,-7,10,-70,70.71,0.4448,780.27,152.28
8,1,-6,10,-60,60.83,0.4524,792.96,153.82
8,1,-5,10,-50,50.99,0.444,793.48,151.13
8,1,-4,10,-40,41.23,0.457,805.86,148.31
8,1,-3,10,-30,31.62,0.4481,790.32,149.0
8,1,-2,10,-20,22.36,0.4479,806.24,147.93
8,1,-1,10,-10,14.14,0.4576,799.63,147.44
8,1,0,10,0,10.0,0.4531,798.2,148.62
8,1,1,10,10,14.14,0.4613,795.31,148.64
8,1,2,10,20,22.36,0.4577,807.56,152.26
8,1,3,10,30,31.62,0.4455,803.3,145.84
8,1,4,10,40,41.23,0.4346,791.14,150.14
8,1,5,10,50,50.99,0.4692,818.75,146.72
8,1,6,10,60,60.83,0.457,779.82,154.6
8,1,7,10,70,70.71,0.446,791.38,153.06
8,1,8,10,80,80.62,0.4455,826.22,148.29
8,1,9,10,90,90.55,0.4571,801.71,152.19
8,1,10,10,100,100.5,0.4434,770.28,147.84
8,1,11,10,110,110.45,0.4508,790.96,150.01
8,1,12,10,120,120.42,0.4402,779.46,152.64
8,1,13,10,130,130.38,0.4592,777.62,152.46
8,2,-13,20,-130,131.53,0.4621,766.81,153.27
8,2,-12,20,-120,121.66,0.4545,769.63,152.13
8,2,-11,20,-110,111.8,0.4385,783.17,152.6
8,2,-10,20,-100,101.98,0.4551,797.49,151.44
8,2,-9,20,-90,92.2,0.4551,801.36,153.75
8,2,-8,20,-80,82.46,0.433,812.37,143.48
8,2,-7,20,-70,72.8,0.445,810.96,151.86
8,2,-6,20,-60,63.25,0.4422,799.28,148.21
8,2,-5,20,-50,53.85,0.4568,798.84,148.06
8,2,-4,20,-40,44.72,0.4531,808.69,149.41
8,2,-3,20,-30,36.06,0.4552,823.42,143.76
8,2,-2,20,-20,28.28,0.4596,821.48,151.35
8,2,-1,20,-10,22.36,0.4475,776.62,150.13
8,2,0,20,0,20.0,0.4468,779.13,148.03
8,2,1,20,10,22.36,0.4497,804.04,146.93
8,2,2,20,20,28.28,0.431,796.17,147.25
8,2,3,20,30,36.06,0.4465,769.3,149.04
8,2,4,20,40,44.72,0.453,793.35,150.31
8,2,5,20,50,53.85,0.4476,770.43,150.24
8,2,6,20,60,63.25,0.4437,780.13,152.03
8,2,7,20,70,72.8,0.4522,790.82,149.53
8,2,8,20,80,82.46,0.4513,774.52,146.58
8,2,9,20,90,92.2,0.4414,807.25,154.91
8,2,10,20,100,101.98,0.4565,799.06,147.68
8,2,11,20,110,111.8,0.4604,787.91,148.55
8,2,12,20,120,121.66,0.4635,808.31,154.89
8,2,13,20,130,131.53,0.4807,771.14,152.6
8,3,-13,30,-130,133.42,0.4554,768.01,158.48
8,3,-12,30,-120,123.69,0.4497,779.01,156.71
8,3,-11,30,-110,114.02,0.4582,777.07,151.57
8,3,-10,30,-100,104.4,0.4388,793.41,151.17
8,3,-9,30,-90,94.87,0.4516,827.46,152.57
8,3,-8,30,-80,85.44,0.4406,801.63,149.83
8,3,-7,30,-70,76.16,0.4649,793.38,150.39
8,3,-6,30,-60,67.08,0.4521,783.95,145.43
8,3,-5,30,-50,58.31,0.4482,810.0,146.06
8,3,-4,30,-40,50.0,0.4492,789.96,144.19
8,3,-3,30,-30,42.43,0.4519,806.14,152.01
8,3,-2,30,-20,36.06,0.4563,798.51,151.2
8,3,-1,30,-10,31.62,0.4515,761.4,145.5
8,3,0,30,0,30.0,0.4441,800.79,150.8
8,3,1,30,10,31.62,0.4552,810.12,150.56
8,3,2,30,20,36.06,0.4539,823.0,151.23
8,3,3,30,30,42.43,0.4497,806.87,152.45
8,3,4,30,40,50.0,0.4624,783.58,145.08
8,3,5,30,50,58.31,0.4517,778.32,149.25
8,3,6,30,60,67.08,0.4645,800.05,150.04
8,3,7,30,70,76.16,0.4468,822.58,151.27
8,3,8,30,80,85.44,0.4463,822.2,150.58
8,3,9,30,90,94.87,0.4471,767.98,150.75
8,3,10,30,100,104.4,0.4488,791.71,149.83
8,3,11,30,110,114.02,0.4405,830.77,149.73
8,3,12,30,120,123.69,0.4639,783.94,144.72
8,3,13,30,130,133.42,0.4613,783.11,152.66
8,4,-13,40,-130,136.01,0.4752,806.49,155.55
8,4,-12,40,-120,126.49,0.463,768.31,149.83
8,4,-11,40,-110,117.05,0.4509,820.81,150.49
8,4,-10,40,-100,107.7,0.4638,784.3,148.32
8,4,-9,40,-90,98.49,0.4471,790.5,148.36
8,4,-8,40,-80,89.44,0.4625,799.19,149.52
8,4,-7,40,-70,80.62,0.4502,813.72,150.08
8,4,-6,40,-60,72.11,0.4524,815.27,146.79
8,4,-5,40,-50,64.03,0.4433,801.63,147.88
8,4,-4,40,-40,56.57,0.4481,783.46,147.41
8,4,-3,40,-30,50.0,0.4589,794.5,148.62
8,4,-2,40,-20,44.72,0.4434,786.72,146.89
8,4,-1,40,-10,41.23,0.4397,789.44,149.65
8,4,0,40,0,40.0,0.4551,798.73,146.98
8,4,1,40,10,41.23,0.4457,790.97,148.02
8,4,2,40,20,44.72,0.447,813.34,152.02
8,4,3,40,30,50.0,0.4628,786.6,146.65
8,4,4,40,40,56.57,0.447,817.5,143.69
8,4,5,40,50,64.03,0.4509,794.92,151.87
8,4,6,40,60,72.11,0.4534,809.29,151.47
8,4,7,40,70,80.62,0.4724,826.76,152.48
8,4,8,40,80,89.44,0.4461,794.36,153.57
8,4,9,40,90,98.49,0.4606,785.62,144.54
8,4,10,40,100,107.7,0.4386,812.72,155.29
8,4,11,40,110,117.05,0.4563,795.67,157.48
8,4,12,40,120,126.49,0.4757,795.8,153.23
8,4,13,40,130,136.01,0.4601,775.39,152.37
8,5,-12,50,-120,130.0,0.4662,781.5,151.33
8,5,-11,50,-110,120.83,0.4665,797.11,153.35
8,5,-10,50,-100,111.8,0.4531,800.21,150.54
8,5,-9,50,-90,102.96,0.4742,831.19,148.38
8,5,-8,50,-80,94.34,0.4483,785.93,144.68
8,5,-7,50,-70,86.02,0.4637,797.75,146.75
8,5,-6,50,-60,78.1,0.4361,803.34,151.07
8,5,-5,50,-50,70.71,0.4533,816.05,152.69
8,5,-4,50,-40,64.03,0.4397,783.67,152.92
8,5,-3,50,-30,58.31,0.4451,778.0,145.88
8,5,-2,50,-20,53.85,0.4575,813.79,150.38
8,5,-1,50,-10,50.99,0.4425,799.06,149.52
8,5,0,50,0,50.0,0.4465,810.26,148.56
8,5,1,50,10,50.99,0.4543,805.01,145.68
8,5,2,50,20,53.85,0.4659,808.65,145.22
8,5,3,50,30,58.31,0.4385,823.76,150.54
8,5,4,50,40,64.03,0.4545,805.82,153.26
8,5,5,50,50,70.71,0.4591,786.84,151.51
8,5,6,50,60,78.1,0.4388,783.68,149.09
8,5,7,50,70,86.02,0.4364,788.34,143.52
8,5,8,50,80,94.34,0.4502,824.05,150.41
8,5,9,50,90,102.96,0.4523,791.56,153.76
8,5,10,50,100,111.8,0.454,776.86,152.1
8,5,11,50,110,120.83,0.4699,767.41,149.75
8,5,12,50,120,130.0,0.4602,778.22,155.05
8,6,-12,60,-120,134.16,0.4549,772.88,154.56
8,6,-11,60,-110,125.3,0.4598,825.35,155.49
8,6,-10,60,-100,116.62,0.4437,775.8,148.0
8,6,-9,60,-90,108.17,0.4663,778.9,153.01
8,6,-8,60,-80,100.0,0.4553,775.95,149.37
8,6,-7,60,-70,92.2,0.448,776.07,155.57
8,6,-6,60,-60,84.85,0.4514,823.9,156.64
8,6,-5,60,-50,78.1,0.4513,805.6,147.64
8,6,-4,60,-40,72.11,0.4607,799.28,148.73
8,6,-3,60,-30,67.08,0.4439,801.1,151.86
8,6,-2,60,-20,63.25,0.4516,806.94,149.35
8,6,-1,60,-10,60.83,0.454,807.11,153.64
8,6,0,60,0,60.0,0.4565,802.32,151.24
8,6,1,60,10,60.83,0.4408,819.17,149.25
8,6,2,60,20,63.25,0.449,792.82,147.34
8,6,3,60,30,67.08,0.4435,783.84,149.28
8,6,4,60,40,72.11,0.4567,799.66,151.99
8,6,5,60,50,78.1,0.4538,793.27,153.71
8,6,6,60,60,84.85,0.458,812.32,151.26
8,6,7,60,70,92.2,0.4474,794.66,150.13
8,6,8,60,80,100.0,0.4624,814.7,146.3
8,6,9,60,90,108.17,0.4554,757.63,149.93
8,6,10,60,100,116.62,0.4506,799.37,148.82
8,6,11,60,110,125.3,0.4469,778.82,153.12
8,6,12,60,120,134.16,0.4489,797.9,153.8
8,7,-11,70,-110,130.38,0.4614,799.78,151.64
8,7,-10,70,-100,122.07,0.4698,788.22,155.1
8,7,-9,70,-90,114.02,0.4587,802.62,152.04
8,7,-8,70,-80,106.3,0.4491,824.78,151.03
8,7,-7,70,-70,98.99,0.4424,820.27,149.63
8,7,-6,70,-60,92.2,0.4364,787.42,144.34
8,7,-5,70,-50,86.02,0.4438,826.37,151.41
8,7,-4,70,-40,80.62,0.45,791.34,149.59
8,7,-3,70,-30,76.16,0.4589,772.58,158.82
8,7,-2,70,-20,72.8,0.4429,796.26,149.52
8,7,-1,70,-10,70.71,0.4485,789.92,152.62
8,7,0,70,0,70.0,0.4591,814.33,150.27
8,7,1,70,10,70.71,0.4453,797.22,149.74
8,7,2,70,20,72.8,0.4422,802.67,155.4
8,7,3,70,30,76.16,0.4486,807.5,148.03
8,7,4,70,40,80.62,0.4571,790.13,148.76
8,7,5,70,50,86.02,0.4541,785.14,151.33
8,7,6,70,60,92.2,0.4586,802.23,152.82
8,7,7,70,70,98.99,0.4408,804.96,149.2
8,7,8,70,80,106.3,0.4559,819.43,142.14
8,7,9,70,90,114.02,0.4502,757.95,148.12
8,7,10,70,100,122.07,0.4541,801.04,155.15
8,7,11,70,110,130.38,0.4674,791.64,149.82
8,8,-11,80,-110,136.01,0.47,769.44,156.04
8,8,-10,80,-100,128.06,0.4529,781.95,153.31
8,8,-9,80,-90,120.42,0.4601,776.45,154.51
8,8,-8,80,-80,113.14,0.4443,818.24,149.46
8,8,-7,80,-70,106.3,0.4372,794.62,149.86
8,8,-6,80,-60,100.0,0.444,818.12,152.89
8,8,-5,80,-50,94.34,0.4541,785.08,148.72
8,8,-4,80,-40,89.44,0.4451,772.6,150.93
8,8,-3,80,-30,85.44,0.4528,801.83,150.71
8,8,-2,80,-20,82.46,0.4409,786.58,149.05
8,8,-1,80,-10,80.62,0.4611,817.44,151.55
8,8,0,80,0,80.0,0.4661,807.65,151.91
8,8,1,80,10,80.62,0.4618,810.43,154.95
8,8,2,80,20,82.46,0.4502,790.4,149.71
8,8,3,80,30,85.44,0.4519,786.43,147.89
8,8,4,80,40,89.44,0.4466,783.52,148.35
8,8,5,80,50,94.34,0.4563,811.32,146.1
8,8,6,80,60,100.0,0.4538,796.89,153.78
8,8,7,80,70,106.3,0.4507,777.11,149.63
8,8,8,80,80,113.14,0.4453,758.91,151.56
8,8,9,80,90,120.42,0.4615,791.85,148.67
8,8,10,80,100,128.06,0.4494,787.93,158.61
8,8,11,80,110,136.01,0.474,775.21,155.33
8,9,-10,90,-100,134.54,0.4702,778.43,150.43
8,9,-9,90,-90,127.28,0.4374,787.86,152.81
8,9,-8,90,-80,120.42,0.4437,767.64,151.74
8,9,-7,90,-70,114.02,0.4508,813.79,156.07
8,9,-6,90,-60,108.17,0.4466,817.51,156.1
8,9,-5,90,-50,102.96,0.4544,782.99,151.19
8,9,-4,90,-40,98.49,0.4341,789.57,151.33
8,9,-3,90,-30,94.87,0.4536,792.63,150.55
8,9,-2,90,-20,92.2,0.442,820.9,154.56
8,9,-1,90,-10,90.55,0.4557,795.96,147.68
8,9,0,90,0,90.0,0.4568,802.77,147.13
8,9,1,90,10,90.55,0.4585,793.26,147.56
8,9,2,90,20,92.2,0.4577,787.96,150.59
8,9,3,90,30,94.87,0.4607,817.04,151.36
8,9,4,90,40,98.49,0.4417,790.92,157.78
8,9,5,90,50,102.96,0.4596,793.49,147.05
8,9,6,90,60,108.17,0.4382,813.17,154.96
8,9,7,90,70,114.02,0.4548,786.15,155.21
8,9,8,90,80,120.42,0.4455,819.02,154.74
8,9,9,90,90,127.28,0.4499,796.92,151.35
8,9,10,90,100,134.54,0.4523,792.32,151.15
8,10,-9,100,-90,134.54,0.4523,787.86,154.15
8,10,-8,100,-80,128.06,0.4683,780.16,152.34
8,10,-7,100,-70,122.07,0.4416,795.67,152.67
8,10,-6,100,-60,116.62,0.4655,802.43,153.08
8,10,-5,100,-50,111.8,0.4486,787.12,153.23
8,10,-4,100,-40,107.7,0.4528,816.41,155.15
8,10,-3,100,-30,104.4,0.4504,797.83,148.56
8,10,-2,100,-20,101.98,0.451,811.54,149.13
8,10,-1,100,-10,100.5,0.4485,780.25,148.97
8,10,0,100,0,100.0,0.4563,794.32,147.17
8,10,1,100,10,100.5,0.4532,797.01,154.02
8,10,2,100,20,101.98,0.4507,782.37,153.65
8,10,3,100,30,104.4,0.4446,776.91,147.82
8,10,4,100,40,107.7,0.4484,766.78,146.03
8,10,5,100,50,111.8,0.4607,790.78,151.09
8,10,6,100,60,116.62,0.4555,799.49,149.63
8,10,7,100,70,122.07,0.4624,789.83,149.85
8,10,8,100,80,128.06,0.4651,785.52,150.37
8,10,9,100,90,134.54,0.4552,787.78,157.51
8,11,-8,110,-80,136.01,0.4659,792.95,158.39
8,11,-7,110,-70,130.38,0.4594,785.71,155.85
8,11,-6,110,-60,125.3,0.45,801.81,157.23
8,11,-5,110,-50,120.83,0.4515,831.86,154.96
8,11,-4,110,-40,117.05,0.4549,759.65,151.86
8,11,-3,110,-30,114.02,0.4585,796.93,147.88
8,11,-2,110,-20,111.8,0.4491,803.55,153.37
8,11,-1,110,-10,110.45,0.4616,795.74,151.36
8,11,0,110,0,110.0,0.458,795.57,146.83
8,11,1,110,10,110.45,0.4662,807.78,152.73
8,11,2,110,20,111.8,0.4435,805.92,150.27
8,11,3,110,30,114.02,0.4618,800.51,150.79
8,11,4,110,40,117.05,0.4645,772.93,152.3
8,11,5,110,50,120.83,0.4707,796.12,155.31
8,11,6,110,60,125.3,0.4598,785.98,149.48
8,11,7,110,70,130.38,0.4599,793.34,150.56
8,11,8,110,80,136.01,0.4559,785.9,157.17
8,12,-6,120,-60,134.16,0.4789,776.72,153.66
8,12,-5,120,-50,130.0,0.4677,792.03,153.01
8,12,-4,120,-40,126.49,0.4594,776.18,149.83
8,12,-3,120,-30,123.69,0.4574,810.06,150.77
8,12,-2,120,-20,121.66,0.4463,773.31,154.27
8,12,-1,120,-10,120.42,0.4607,808.1,155.71
8,12,0,120,0,120.0,0.4595,799.03,150.23
8,12,1,120,10,120.42,0.4628,787.41,155.08
8,12,2,120,20,121.66,0.4611,781.27,149.37
8,12,3,120,30,123.69,0.4545,789.99,150.48
8,12,4,120,40,126.49,0.4584,801.92,156.82
8,12,5,120,50,130.0,0.4648,803.92,149.99
8,12,6,120,60,134.16,0.4732,760.43,154.43
8,13,-4,130,-40,136.01,0.4571,790.69,149.99
8,13,-3,130,-30,133.42,0.4483,771.5,152.11
8,13,-2,130,-20,131.53,0.4571,772.39,156.07
8,13,-1,130,-10,130.38,0.4605,806.47,154.53
8,13,0,130,0,130.0,0.4681,792.17,151.09
8,13,1,130,10,130.38,0.457,798.15,148.51
8,13,2,130,20,131.53,0.4655,779.84,151.77
8,13,3,130,30,133.42,0.4603,805.62,149.12
8,13,4,130,40,136.01,0.4538,750.54,153.38
9,-13,-4,-130,-40,136.01,0.4571,767.21,158.0
9,-13,-3,-130,-30,133.42,0.4617,792.93,155.49
9,-13,-2,-130,-20,131.53,0.4701,768.49,156.73
9,-13,-1,-130,-10,130.38,0.4463,783.88,152.2
9,-13,0,-130,0,130.0,0.4498,770.07,151.86
9,-13,1,-130,10,130.38,0.4596,775.36,154.08
9,-13,2,-130,20,131.53,0.455,775.37,153.14
9,-13,3,-130,30,133.42,0.4639,794.05,156.85
9,-13,4,-130,40,136.01,0.4655,786.07,155.63
9,-12,-6,-120,-60,134.16,0.4603,794.34,151.66
9,-12,-5,-120,-50,130.0,0.4446,767.85,158.0
9,-12,-4,-120,-40,126.49,0.4572,789.71,152.48
9,-12,-3,-120,-30,123.69,0.463,788.29,152.72
9,-12,-2,-120,-20,121.66,0.4627,781.38,153.79
9,-12,-1,-120,-10,120.42,0.4559,787.43,150.07
9,-12,0,-120,0,120.0,0.4554,781.15,155.86
9,-12,1,-120,10,120.42,0.4438,802.38,147.29
9,-12,2,-120,20,121.66,0.4621,775.8,154.37
9,-12,3,-120,30,123.69,0.4575,765.74,157.01
9,-12,4,-120,40,126.49,0.4658,793.15,151.38
9,-12,5,-120,50,130.0,0.4675,764.23,147.1
9,-12,6,-120,60,134.16,0.4503,767.0,152.14
9,-11,-8,-110,-80,136.01,0.4601,773.75,152.74
9,-11,-7,-110,-70,130.38,0.4442,786.12,153.05
9,-11,-6,-110,-60,125.3,0.4536,807.27,152.41
9,-11,-5,-110,-50,120.83,0.4579,800.76,148.1
9,-11,-4,-110,-40,117.05,0.4559,802.7,151.86
9,-11,-3,-110,-30,114.02,0.4447,785.07,152.38
9,-11,-2,-110,-20,111.8,0.4376,773.06,157.51
9,-11,-1,-110,-10,110.45,0.4579,816.21,154.06
9,-11,0,-110,0,110.0,0.457,789.52,152.56
9,-11,1,-110,10,110.45,0.4656,806.34,151.96
9,-11,2,-110,20,111.8,0.4531,800.82,149.99
9,-11,3,-110,30,114.02,0.4591,781.84,150.75
9,-11,4,-110,40,117.05,0.4479,784.22,150.08
9,-11,5,-110,50,120.83,0.471,775.4,153.73
9,-11,6,-110,60,125.3,0.4516,787.0,154.01
9,-11,7,-110,70,130.38,0.4464,762.27,150.98
9,-11,8,-110,80,136.01,0.4532,780.87,155.42
9,-10,-9,-100,-90,134.54,0.4544,782.45,153.19
9,-10,-8,-100,-80,128.06,0.4594,775.23,154.98
9,-10,-7,-100,-70,122.07,0.471,799.75,156.9
9,-10,-6,-100,-60,116.62,0.4448,780.89,153.78
9,-10,-5,-100,-50,111.8,0.4665,803.11,148.51
9,-10,-4,-100,-40,107.7,0.4498,800.14,150.72
9,-10,-3,-100,-30,104.4,0.446,792.08,150.9
9,-10,-2,-100,-20,101.98,0.4431,812.06,149.44
9,-10,-1,-100,-10,100.5,0.4509,813.3,150.29
9,-10,0,-100,0,100.0,0.4592,782.5,151.93
9,-10,1,-100,10,100.5,0.4582,785.33,150.12
9,-10,2,-100,20,101.98,0.4505,800.44,152.19
9,-10,3,-100,30,104.4,0.4451,795.53,155.71
9,-10,4,-100,40,107.7,0.4617,807.04,150.63
9,-10,5,-100,50,111.8,0.4715,808.8,151.7
9,-10,6,-100,60,116.62,0.4577,784.15,153.27
9,-10,7,-100,70,122.07,0.4627,798.68,152.18
9,-10,8,-100,80,128.06,0.4484,788.29,155.63
9,-10,9,-100,90,134.54,0.4551,779.22,158.49
9,-9,-10,-90,-100,134.54,0.4533,776.33,158.92
9,-9,-9,-90,-90,127.28,0.4612,777.24,153.38
9,-9,-8,-90,-80,120.42,0.4639,785.99,154.32
9,-9,-7,-90,-70,114.02,0.457,797.07,153.79
9,-9,-6,-90,-60,108.17,0.451,780.77,152.67
9,-9,-5,-90,-50,102.96,0.451,790.23,152.41
9,-9,-4,-90,-40,98.49,0.4613,796.07,150.56
9,-9,-3,-90,-30,94.87,0.441,795.96,151.0
9,-9,-2,-90,-20,92.2,0.45,794.36,152.39
9,-9,-1,-90,-10,90.55,0.4505,838.81,150.78
9,-9,0,-90,0,90.0,0.428,783.32,151.73
9,-9,1,-90,10,90.55,0.4449,791.25,146.44
9,-9,2,-90,20,92.2,0.4463,802.7,151.37
9,-9,3,-90,30,94.87,0.4423,811.38,146.76
9,-9,4,-90,40,98.49,0.4546,803.44,147.73
9,-9,5,-90,50,102.96,0.4436,802.69,149.15
9,-9,6,-90,60,108.17,0.4518,805.25,152.69
9,-9,7,-90,70,114.02,0.4478,791.51,149.01
9,-9,8,-90,80,120.42,0.4643,812.09,149.99
9,-9,9,-90,90,127.28,0.4597,798.89,153.48
9,-9,10,-90,100,134.54,0.4674,781.36,151.29
9,-8,-11,-80,-110,136.01,0.4645,796.52,155.64
9,-8,-10,-80,-100,128.06,0.4732,758.09,154.65
9,-8,-9,-80,-90,120.42,0.4521,775.91,156.53
9,-8,-8,-80,-80,113.14,0.4528,787.46,152.75
9,-8,-7,-80,-70,106.3,0.4356,816.02,156.8
9,-8,-6,-80,-60,100.0,0.4587,804.11,149.98
9,-8,-5,-80,-50,94.34,0.4418,817.32,153.06
9,-8,-4,-80,-40,89.44,0.4536,805.0,151.02
9,-8,-3,-80,-30,85.44,0.4458,837.52,149.17
9,-8,-2,-80,-20,82.46,0.4466,816.81,149.91
9,-8,-1,-80,-10,80.62,0.4498,821.22,152.04
9,-8,0,-80,0,80.0,0.4558,778.73,151.2
9,-8,1,-80,10,80.62,0.442,793.18,150.53
9,-8,2,-80,20,82.46,0.4497,809.81,152.31
9,-8,3,-80,30,85.44,0.4568,779.84,157.11
9,-8,4,-80,40,89.44,0.4498,818.19,142.58
9,-8,5,-80,50,94.34,0.4483,777.5,147.73
9,-8,6,-80,60,100.0,0.4518,792.91,154.57
9,-8,7,-80,70,106.3,0.467,781.2,149.63
9,-8,8,-80,80,113.14,0.4466,810.07,152.2
9,-8,9,-80,90,120.42,0.4576,793.73,151.59
9,-8,10,-80,100,128.06,0.4534,785.43,152.71
9,-8,11,-80,110,136.01,0.4664,755.13,155.25
9,-7,-11,-70,-110,130.38,0.4557,785.51,156.56
9,-7,-10,-70,-100,122.07,0.4535,806.09,147.5
9,-7,-9,-70,-90,114.02,0.4675,810.89,149.15
9,-7,-8,-70,-80,106.3,0.4458,773.28,153.86
9,-7,-7,-70,-70,98.99,0.4485,792.18,147.2
9,-7,-6,-70,-60,92.2,0.4646,785.2,150.29
9,-7,-5,-70,-50,86.02,0.4517,794.02,148.23
9,-7,-4,-70,-40,80.62,0.447,808.48,148.96
9,-7,-3,-70,-30,76.16,0.463,788.34,152.26
9,-7,-2,-70,-20,72.8,0.4359,788.35,147.55
9,-7,-1,-70,-10,70.71,0.4412,804.25,149.67
9,-7,0,-70,0,70.0,0.4318,829.93,150.53
9,-7,1,-70,10,70.71,0.45,819.65,152.97
9,-7,2,-70,20,72.8,0.4476,770.71,151.69
9,-7,3,-70,30,76.16,0.4423,818.59,147.67
9,-7,4,-70,40,80.62,0.4464,779.85,146.21
9,-7,5,-70,50,86.02,0.4491,796.97,148.61
9,-7,6,-70,60,92.2,0.4666,808.84,150.25
9,-7,7,-70,70,98.99,0.4291,810.62,159.55
9,-7,8,-70,80,106.3,0.4514,783.54,151.58
9,-7,9,-70,90,114.02,0.4437,799.24,156.31
9,-7,10,-70,100,122.07,0.4525,778.56,152.49
9,-7,11,-70,110,130.38,0.4572,760.55,152.69
9,-6,-12,-60,-120,134.16,0.4581,801.33,157.87
9,-6,-11,-60,-110,125.3,0.4703,798.33,153.76
9,-6,-10,-60,-100,116.62,0.449,810.92,153.13
9,-6,-9,-60,-90,108.17,0.4434,781.23,147.46
9,-6,-8,-60,-80,100.0,0.435,803.76,146.91
9,-6,-7,-60,-70,92.2,0.4441,800.37,149.65
9,-6,-6,-60,-60,84.85,0.4443,822.78,145.44
9,-6,-5,-60,-50,78.1,0.4381,806.87,148.12
9,-6,-4,-60,-40,72.11,0.4447,783.81,151.01
9,-6,-3,-60,-30,67.08,0.4518,801.79,148.25
9,-6,-2,-60,-20,63.25,0.444,797.55,152.9
9,-6,-1,-60,-10,60.83,0.4625,816.67,151.52
9,-6,0,-60,0,60.0,0.4579,782.27,147.86
9,-6,1,-60,10,60.83,0.4542,798.23,151.01
9,-6,2,-60,20,63.25,0.4578,812.36,146.73
9,-6,3,-60,30,67.08,0.4501,786.19,147.67
9,-6,4,-60,40,72.11,0.4363,802.0,144.65
9,-6,5,-60,50,78.1,0.4532,820.38,151.59
9,-6,6,-60,60,84.85,0.4504,823.02,151.0
9,-6,7,-60,70,92.2,0.4432,801.66,156.1
9,-6,8,-60,80,100.0,0.4426,777.23,152.47
9,-6,9,-60,90,108.17,0.4516,786.96,147.47
9,-6,10,-60,100,116.62,0.4404,769.18,156.93
9,-6,11,-60,110,125.3,0.4591,756.87,156.69
9,-6,12,-60,120,134.16,0.4727,799.27,153.14
9,-5,-12,-50,-120,130.0,0.4589,785.54,157.99
9,-5,-11,-50,-110,120.83,0.453,777.5,154.66
9,-5,-10,-50,-100,111.8,0.4641,792.56,153.6
9,-5,-9,-50,-90,102.96,0.4529,793.19,148.34
9,-5,-8,-50,-80,94.34,0.4412,790.19,147.38
9,-5,-7,-50,-70,86.02,0.4523,818.26,150.65
9,-5,-6,-50,-60,78.1,0.4426,812.83,150.89
9,-5,-5,-50,-50,70.71,0.454,792.21,153.4
9,-5,-4,-50,-40,64.03,0.459,797.24,152.16
9,-5,-3,-50,-30,58.31,0.4588,793.02,149.76
9,-5,-2,-50,-20,53.85,0.4506,783.53,151.32
9,-5,-1,-50,-10,50.99,0.4582,797.84,151.02
9,-5,0,-50,0,50.0,0.4612,793.92,151.08
9,-5,1,-50,10,50.99,0.4454,791.04,151.03
9,-5,2,-50,20,53.85,0.4519,808.33,150.23
9,-5,3,-50,30,58.31,0.4537,824.98,153.18
9,-5,4,-50,40,64.03,0.4527,807.57,149.1
9,-5,5,-50,50,70.71,0.4487,807.39,150.26
9,-5,6,-50,60,78.1,0.4563,819.01,149.69
9,-5,7,-50,70,86.02,0.4339,830.51,148.08
9,-5,8,-50,80,94.34,0.452,810.32,154.54
9,-5,9,-50,90,102.96,0.4665,791.5,154.4
9,-5,10,-50,100,111.8,0.456,834.5,154.89
9,-5,11,-50,110,120.83,0.456,776.92,144.69
9,-5,12,-50,120,130.0,0.4664,798.6,156.02
9,-4,-13,-40,-130,136.01,0.4448,760.74,156.14
9,-4,-12,-40,-120,126.49,0.4739,784.77,156.57
9,-4,-11,-40,-110,117.05,0.4479,793.92,151.31
9,-4,-10,-40,-100,107.7,0.4627,787.04,156.24
9,-4,-9,-40,-90,98.49,0.4486,782.34,147.42
9,-4,-8,-40,-80,89.44,0.445,805.56,148.29
9,-4,-7,-40,-70,80.62,0.4434,813.35,140.37
9,-4,-6,-40,-60,72.11,0.4466,779.99,147.39
9,-4,-5,-40,-50,64.03,0.4519,796.92,149.11
9,-4,-4,-40,-40,56.57,0.4595,799.8,155.42
9,-4,-3,-40,-30,50.0,0.4557,785.5,155.8
9,-4,-2,-40,-20,44.72,0.4522,828.08,149.2
9,-4,-1,-40,-10,41.23,0.4522,806.48,149.5
9,-4,0,-40,0,40.0,0.4602,828.99,143.12
9,-4,1,-40,10,41.23,0.4565,786.58,142.22
9,-4,2,-40,20,44.72,0.4541,807.79,152.04
9,-4,3,-40,30,50.0,0.453,813.13,148.19
9,-4,4,-40,40,56.57,0.4521,810.47,154.06
9,-4,5,-40,50,64.03,0.4504,796.79,149.83
9,-4,6,-40,60,72.11,0.4405,811.54,145.63
9,-4,7,-40,70,80.62,0.4531,801.27,145.35
9,-4,8,-40,80,89.44,0.438,787.19,149.09
9,-4,9,-40,90,98.49,0.4629,796.72,152.17
9,-4,10,-40,100,107.7,0.4634,811.23,151.19
9,-4,11,-40,110,117.05,0.4505,798.29,150.08
9,-4,12,-40,120,126.49,0.4741,798.62,153.92
9,-4,13,-40,130,136.01,0.4677,782.29,153.59
9,-3,-13,-30,-130,133.42,0.4664,777.67,160.1
9,-3,-12,-30,-120,123.69,0.453,794.86,150.58
9,-3,-11,-30,-110,114.02,0.4488,765.52,153.04
9,-3,-10,-30,-100,104.4,0.4481,812.68,152.18
9,-3,-9,-30,-90,94.87,0.4517,778.14,152.09
9,-3,-8,-30,-80,85.44,0.4447,778.51,151.32
9,-3,-7,-30,-70,76.16,0.4399,768.63,153.89
9,-3,-6,-30,-60,67.08,0.4455,773.83,147.11
9,-3,-5,-30,-50,58.31,0.4442,817.16,145.01
9,-3,-4,-30,-40,50.0,0.4393,814.71,148.65
9,-3,-3,-30,-30,42.43,0.4518,792.64,156.06
9,-3,-2,-30,-20,36.06,0.4397,804.23,154.51
9,-3,-1,-30,-10,31.62,0.447,788.69,152.3
9,-3,0,-30,0,30.0,0.458,788.0,154.39
9,-3,1,-30,10,31.62,0.4504,807.63,154.46
9,-3,2,-30,20,36.06,0.4562,800.0,147.99
9,-3,3,-30,30,42.43,0.4717,788.16,150.95
9,-3,4,-30,40,50.0,0.4541,808.36,156.38
9,-3,5,-30,50,58.31,0.4504,798.57,154.66
9,-3,6,-30,60,67.08,0.4489,813.14,150.58
9,-3,7,-30,70,76.16,0.4574,810.88,148.79
9,-3,8,-30,80,85.44,0.4352,774.89,144.5
9,-3,9,-30,90,94.87,0.4497,764.01,149.86
9,-3,10,-30,100,104.4,0.4535,809.27,152.45
9,-3,11,-30,110,114.02,0.4623,798.52,150.84
9,-3,12,-30,120,123.69,0.4577,774.45,153.61
9,-3,13,-30,130,133.42,0.4498,797.3,151.42
9,-2,-13,-20,-130,131.53,0.4629,787.34,157.5
9,-2,-12,-20,-120,121.66,0.4443,783.48,154.32
9,-2,-11,-20,-110,111.8,0.4684,792.77,149.8
9,-2,-10,-20,-100,101.98,0.468,809.33,154.88
9,-2,-9,-20,-90,92.2,0.4405,807.6,146.97
9,-2,-8,-20,-80,82.46,0.4396,808.73,151.96
9,-2,-7,-20,-70,72.8,0.4461,821.48,148.89
9,-2,-6,-20,-60,63.25,0.4478,799.46,149.27
9,-2,-5,-20,-50,53.85,0.4602,784.37,147.74
9,-2,-4,-20,-40,44.72,0.4405,828.25,149.03
9,-2,-3,-20,-30,36.06,0.4439,795.69,152.55
9,-2,-2,-20,-20,28.28,0.4553,791.37,148.8
9,-2,-1,-20,-10,22.36,0.4384,802.08,153.85
9,-2,0,-20,0,20.0,0.4453,809.54,148.25
9,-2,1,-20,10,22.36,0.4412,810.2,157.04
9,-2,2,-20,20,28.28,0.4543,793.79,148.95
9,-2,3,-20,30,36.06,0.4653,804.6,147.7
9,-2,4,-20,40,44.72,0.4495,803.23,151.41
9,-2,5,-20,50,53.85,0.4621,819.14,150.59
9,-2,6,-20,60,63.25,0.4497,805.94,148.18
9,-2,7,-20,70,72.8,0.4578,796.95,151.47
9,-2,8,-20,80,82.46,0.4637,808.29,150.69
9,-2,9,-20,90,92.2,0.446,798.62,146.81
9,-2,10,-20,100,101.98,0.4561,765.28,153.67
9,-2,11,-20,110,111.8,0.4603,794.82,149.99
9,-2,12,-20,120,121.66,0.4576,761.76,155.15
9,-2,13,-20,130,131.53,0.4603,805.25,155.18
9,-1,-13,-10,-130,130.38,0.463,789.25,150.91
9,-1,-12,-10,-120,120.42,0.4537,791.04,151.62
9,-1,-11,-10,-110,110.45,0.4494,789.72,151.59
9,-1,-10,-10,-100,100.5,0.47,792.9,148.63
9,-1,-9,-10,-90,90.55,0.4488,822.5,154.87
9,-1,-8,-10,-80,80.62,0.4656,800.91,151.92
9,-1,-7,-10,-70,70.71,0.4416,794.7,146.65
9,-1,-6,-10,-60,60.83,0.4538,800.58,150.68
9,-1,-5,-10,-50,50.99,0.4432,812.76,142.78
9,-1,-4,-10,-40,41.23,0.448,798.4,143.94
9,-1,-3,-10,-30,31.62,0.4531,797.4,151.68
9,-1,-2,-10,-20,22.36,0.466,804.87,152.92
9,-1,-1,-10,-10,14.14,0.461,807.38,147.4
9,-1,0,-10,0,10.0,0.4369,805.62,148.8
9,-1,1,-10,10,14.14,0.4603,792.87,149.96
9,-1,2,-10,20,22.36,0.4407,794.84,147.17
9,-1,3,-10,30,31.62,0.4432,799.21,148.18
9,-1,4,-10,40,41.23,0.471,812.54,153.25
9,-1,5,-10,50,50.99,0.4491,801.59,148.71
9,-1,6,-10,60,60.83,0.471,798.37,148.19
9,-1,7,-10,70,70.71,0.444,805.03,154.26
9,-1,8,-10,80,80.62,0.4587,788.66,147.66
9,-1,9,-10,90,90.55,0.46,831.49,149.72
9,-1,10,-10,100,100.5,0.4611,775.79,148.13
9,-1,11,-10,110,110.45,0.446,800.14,150.92
9,-1,12,-10,120,120.42,0.4592,807.33,150.56
9,-1,13,-10,130,130.38,0.4619,763.17,157.33
9,0,-13,0,-130,130.0,0.4698,788.9,154.15
9,0,-12,0,-120,120.0,0.4531,768.33,153.39
9,0,-11,0,-110,110.0,0.4599,824.45,150.24
9,0,-10,0,-100,100.0,0.4535,814.65,154.06
9,0,-9,0,-90,90.0,0.445,795.81,148.56
9,0,-8,0,-80,80.0,0.4428,822.08,150.19
9,0,-7,0,-70,70.0,0.4494,803.72,150.16
9,0,-6,0,-60,60.0,0.4482,788.58,154.7
9,0,-5,0,-50,50.0,0.4454,786.04,149.76
9,0,-4,0,-40,40.0,0.4673,787.68,152.13
9,0,-3,0,-30,30.0,0.448,803.67,152.77
9,0,-2,0,-20,20.0,0.4362,786.55,152.72
9,0,-1,0,-10,10.0,0.4508,803.18,152.13
9,0,0,0,0,0.0,0.4429,815.83,152.46
9,0,1,0,10,10.0,0.4519,807.02,153.49
9,0,2,0,20,20.0,0.4452,809.92,155.23
9,0,3,0,30,30.0,0.4551,796.66,156.95
9,0,4,0,40,40.0,0.4518,820.98,148.74
9,0,5,0,50,50.0,0.4585,791.8,150.97
9,0,6,0,60,60.0,0.4451,828.52,149.34
9,0,7,0,70,70.0,0.4411,801.43,151.61
9,0,8,0,80,80.0,0.4498,787.8,153.11
9,0,9,0,90,90.0,0.4601,775.28,147.51
9,0,10,0,100,100.0,0.4501,789.97,152.21
9,0,11,0,110,110.0,0.4686,788.44,156.15
9,0,12,0,120,120.0,0.4454,796.1,150.69
9,0,13,0,130,130.0,0.4648,757.12,149.93
9,1,-13,10,-130,130.38,0.465,773.79,152.87
9,1,-12,10,-120,120.42,0.472,791.11,155.23
9,1,-11,10,-110,110.45,0.448,773.84,151.22
9,1,-10,10,-100,100.5,0.4396,787.3,151.37
9,1,-9,10,-90,90.55,0.4491,804.99,151.96
9,1,-8,10,-80,80.62,0.4404,785.87,143.46
9,1,-7,10,-70,70.71,0.447,811.05,154.47
9,1,-6,10,-60,60.83,0.4515,820.6,151.15
9,1,-5,10,-50,50.99,0.4509,790.83,142.84
9,1,-4,10,-40,41.23,0.4598,799.2,154.16
9,1,-3,10,-30,31.62,0.4424,836.43,149.25
9,1,-2,10,-20,22.36,0.4445,796.78,150.51
9,1,-1,10,-10,14.14,0.4494,792.27,144.59
9,1,0,10,0,10.0,0.4436,816.12,147.36
9,1,1,10,10,14.14,0.4363,784.17,149.73
9,1,2,10,20,22.36,0.4439,795.8,147.6
9,1,3,10,30,31.62,0.4581,807.36,156.65
9,1,4,10,40,41.23,0.4469,795.73,153.55
9,1,5,10,50,50.99,0.4531,785.88,151.67
9,1,6,10,60,60.83,0.4532,773.09,148.05
9,1,7,10,70,70.71,0.4515,821.69,152.09
9,1,8,10,80,80.62,0.4455,789.38,152.39
9,1,9,10,90,90.55,0.4306,787.86,154.38
9,1,10,10,100,100.5,0.4539,786.4,147.05
9,1,11,10,110,110.45,0.4607,795.12,150.8
9,1,12,10,120,120.42,0.4603,791.51,152.79
9,1,13,10,130,130.38,0.4506,767.84,156.09
9,2,-13,20,-130,131.53,0.4661,788.25,152.25
9,2,-12,20,-120,121.66,0.4639,782.81,156.58
9,2,-11,20,-110,111.8,0.4485,785.47,151.13
9,2,-10,20,-100,101.98,0.4586,796.77,150.87
9,2,-9,20,-90,92.2,0.447,803.81,150.0
9,2,-8,20,-80,82.46,0.4437,801.91,150.45
9,2,-7,20,-70,72.8,0.4688,790.83,147.48
9,2,-6,20,-60,63.25,0.4522,785.11,146.78
9,2,-5,20,-50,53.85,0.4385,788.38,147.75
9,2,-4,20,-40,44.72,0.4397,796.25,142.9
9,2,-3,20,-30,36.06,0.4539,791.65,148.77
9,2,-2,20,-20,28.28,0.4547,805.58,148.11
9,2,-1,20,-10,22.36,0.4536,823.23,146.96
9,2,0,20,0,20.0,0.456,783.3,153.53
9,2,1,20,10,22.36,0.4443,788.75,153.45
9,2,2,20,20,28.28,0.4558,789.81,150.38
9,2,3,20,30,36.06,0.4443,776.11,150.57
9,2,4,20,40,44.72,0.4471,785.81,153.91
9,2,5,20,50,53.85,0.4427,802.16,153.24
9,2,6,20,60,63.25,0.448,788.99,150.89
9,2,7,20,70,72.8,0.4536,813.15,155.61
9,2,8,20,80,82.46,0.4463,802.94,146.19
9,2,9,20,90,92.2,0.4555,802.54,149.68
9,2,10,20,100,101.98,0.4469,792.06,151.47
9,2,11,20,110,111.8,0.4467,788.74,151.64
9,2,12,20,120,121.66,0.4454,772.6,150.69
9,2,13,20,130,131.53,0.4742,770.06,153.84
9,3,-13,30,-130,133.42,0.4541,769.67,149.97
9,3,-12,30,-120,123.69,0.4639,767.34,155.65
9,3,-11,30,-110,114.02,0.4589,791.18,154.63
9,3,-10,30,-100,104.4,0.4772,803.59,147.58
9,3,-9,30,-90,94.87,0.4624,802.09,156.67
9,3,-8,30,-80,85.44,0.446,819.23,150.02
9,3,-7,30,-70,76.16,0.4713,795.78,159.01
9,3,-6,30,-60,67.08,0.4535,812.7,155.1
9,3,-5,30,-50,58.31,0.4437,814.54,149.12
9,3,-4,30,-40,50.0,0.4512,801.25,151.72
9,3,-3,30,-30,42.43,0.4542,791.37,150.37
9,3,-2,30,-20,36.06,0.4313,814.85,155.08
9,3,-1,30,-10,31.62,0.4515,775.91,152.23
9,3,0,30,0,30.0,0.4439,802.73,152.06
9,3,1,30,10,31.62,0.4544,816.21,150.44
9,3,2,30,20,36.06,0.4514,811.05,149.79
9,3,3,30,30,42.43,0.4445,806.78,146.61
9,3,4,30,40,50.0,0.4494,779.33,148.34
9,3,5,30,50,58.31,0.4459,785.24,153.3
9,3,6,30,60,67.08,0.4581,819.71,149.44
9,3,7,30,70,76.16,0.4465,812.05,150.39
9,3,8,30,80,85.44,0.451,761.84,152.29
9,3,9,30,90,94.87,0.4555,799.22,152.78
9,3,10,30,100,104.4,0.4572,785.98,150.28
9,3,11,30,110,114.02,0.4471,814.25,154.74
9,3,12,30,120,123.69,0.452,796.51,153.77
9,3,13,30,130,133.42,0.457,783.18,156.87
9,4,-13,40,-130,136.01,0.4711,814.59,154.98
9,4,-12,40,-120,126.49,0.4577,794.03,152.75
9,4,-11,40,-110,117.05,0.4514,776.93,141.85
9,4,-10,40,-100,107.7,0.4591,770.56,148.57
9,4,-9,40,-90,98.49,0.4534,793.56,156.98
9,4,-8,40,-80,89.44,0.4379,833.58,154.26
9,4,-7,40,-70,80.62,0.4573,821.59,151.21
9,4,-6,40,-60,72.11,0.4364,807.72,145.56
9,4,-5,40,-50,64.03,0.4458,798.83,147.27
9,4,-4,40,-40,56.57,0.4576,796.79,151.23
9,4,-3,40,-30,50.0,0.4499,801.89,147.34
9,4,-2,40,-20,44.72,0.4406,797.69,147.1
9,4,-1,40,-10,41.23,0.4611,779.35,157.01
9,4,0,40,0,40.0,0.4524,801.04,148.38
9,4,1,40,10,41.23,0.4553,796.94,150.9
9,4,2,40,20,44.72,0.4567,810.04,153.72
9,4,3,40,30,50.0,0.4543,785.73,143.76
9,4,4,40,40,56.57,0.4517,803.38,155.78
9,4,5,40,50,64.03,0.4491,805.62,152.33
9,4,6,40,60,72.11,0.4541,812.66,147.55
9,4,7,40,70,80.62,0.4422,795.79,143.48
9,4,8,40,80,89.44,0.4497,790.11,151.09
9,4,9,40,90,98.49,0.449,783.15,154.47
9,4,10,40,100,107.7,0.4539,808.08,151.76
9,4,11,40,110,117.05,0.4598,770.4,155.97
9,4,12,40,120,126.49,0.4666,785.32,154.16
9,4,13,40,130,136.01,0.4716,774.03,149.94
9,5,-12,50,-120,130.0,0.4582,785.76,153.69
9,5,-11,50,-110,120.83,0.468,774.42,150.07
9,5,-10,50,-100,111.8,0.446,799.78,147.01
9,5,-9,50,-90,102.96,0.458,782.96,148.51
9,5,-8,50,-80,94.34,0.4646,817.9,150.67
9,5,-7,50,-70,86.02,0.4395,830.22,149.45
9,5,-6,50,-60,78.1,0.452,813.68,144.11
9,5,-5,50,-50,70.71,0.4449,798.98,150.39
9,5,-4,50,-40,64.03,0.4396,804.9,150.1
9,5,-3,50,-30,58.31,0.4633,815.0,149.19
9,5,-2,50,-20,53.85,0.4484,815.22,150.85
9,5,-1,50,-10,50.99,0.439,831.41,147.03
9,5,0,50,0,50.0,0.4698,806.42,148.09
9,5,1,50,10,50.99,0.4311,811.65,145.35
9,5,2,50,20,53.85,0.4529,829.0,146.59
9,5,3,50,30,58.31,0.4559,787.83,153.4
9,5,4,50,40,64.03,0.4505,799.71,153.62
9,5,5,50,50,70.71,0.455,787.93,155.36
9,5,6,50,60,78.1,0.4377,804.14,147.53
9,5,7,50,70,86.02,0.4381,782.99,149.89
9,5,8,50,80,94.34,0.4532,815.29,154.74
9,5,9,50,90,102.96,0.4543,790.31,153.95
9,5,10,50,100,111.8,0.4495,769.42,154.4
9,5,11,50,110,120.83,0.468,776.49,158.46
9,5,12,50,120,130.0,0.4657,789.98,152.24
9,6,-12,60,-120,134.16,0.4709,757.96,153.39
9,6,-11,60,-110,125.3,0.4533,766.67,155.73
9,6,-10,60,-100,116.62,0.4587,803.1,151.25
9,6,-9,60,-90,108.17,0.4613,796.1,149.83
9,6,-8,60,-80,100.0,0.4463,768.19,154.12
9,6,-7,60,-70,92.2,0.4585,843.7,149.21
9,6,-6,60,-60,84.85,0.4447,774.48,152.9
9,6,-5,60,-50,78.1,0.4558,823.28,147.25
9,6,-4,60,-40,72.11,0.4557,792.17,154.03
9,6,-3,60,-30,67.08,0.4543,776.66,149.61
9,6,-2,60,-20,63.25,0.4344,782.55,146.69
9,6,-1,60,-10,60.83,0.4449,796.06,150.49
9,6,0,60,0,60.0,0.4509,799.64,151.0
9,6,1,60,10,60.83,0.44,801.1,154.3
9,6,2,60,20,63.25,0.4487,807.42,151.2
9,6,3,60,30,67.08,0.4569,804.31,152.54
9,6,4,60,40,72.11,0.4541,809.86,151.33
9,6,5,60,50,78.1,0.4419,782.44,148.94
9,6,6,60,60,84.85,0.4624,797.43,150.95
9,6,7,60,70,92.2,0.4344,802.69,150.47
9,6,8,60,80,100.0,0.43,802.3,145.67
9,6,9,60,90,108.17,0.4476,809.86,151.72
9,6,10,60,100,116.62,0.4524,783.02,150.83
9,6,11,60,110,125.3,0.4604,768.29,156.51
9,6,12,60,120,134.16,0.4536,754.92,157.38
9,7,-11,70,-110,130.38,0.4577,784.29,155.81
9,7,-10,70,-100,122.07,0.4522,790.2,154.67
9,7,-9,70,-90,114.02,0.4683,784.65,150.42
9,7,-8,70,-80,106.3,0.4574,798.83,150.68
9,7,-7,70,-70,98.99,0.4639,773.0,146.3
9,7,-6,70,-60,92.2,0.4368,817.81,151.76
9,7,-5,70,-50,86.02,0.439,798.15,149.95
9,7,-4,70,-40,80.62,0.4323,802.82,146.47
9,7,-3,70,-30,76.16,0.4557,782.8,150.66
9,7,-2,70,-20,72.8,0.4604,814.62,151.52
9,7,-1,70,-10,70.71,0.4493,777.5,148.68
9,7,0,70,0,70.0,0.4482,795.53,145.4
9,7,1,70,10,70.71,0.4535,782.29,154.64
9,7,2,70,20,72.8,0.4512,814.69,152.88
9,7,3,70,30,76.16,0.4666,802.73,148.83
9,7,4,70,40,80.62,0.447,822.44,146.04
9,7,5,70,50,86.02,0.443,803.55,149.58
9,7,6,70,60,92.2,0.4579,779.71,150.02
9,7,7,70,70,98.99,0.4497,782.15,153.2
9,7,8,70,80,106.3,0.4521,793.69,148.62
9,7,9,70,90,114.02,0.4522,776.99,154.4
9,7,10,70,100,122.07,0.4662,813.34,154.03
9,7,11,70,110,130.38,0.4585,776.2,155.31
9,8,-11,80,-110,136.01,0.4652,777.0,153.91
9,8,-10,80,-100,128.06,0.4696,778.18,157.55
9,8,-9,80,-90,120.42,0.4588,783.52,150.17
9,8,-8,80,-80,113.14,0.4536,800.28,150.59
9,8,-7,80,-70,106.3,0.4597,789.3,150.72
9,8,-6,80,-60,100.0,0.4411,806.33,149.83
9,8,-5,80,-50,94.34,0.463,809.98,150.56
9,8,-4,80,-40,89.44,0.4598,806.08,153.14
9,8,-3,80,-30,85.44,0.4431,806.92,151.53
9,8,-2,80,-20,82.46,0.4376,822.6,146.52
9,8,-1,80,-10,80.62,0.4396,757.27,151.42
9,8,0,80,0,80.0,0.4369,792.25,152.51
9,8,1,80,10,80.62,0.4515,790.64,145.23
9,8,2,80,20,82.46,0.4491,812.83,152.1
9,8,3,80,30,85.44,0.4643,790.2,146.07
9,8,4,80,40,89.44,0.4525,803.17,150.1
9,8,5,80,50,94.34,0.4444,759.61,147.29
9,8,6,80,60,100.0,0.4558,802.19,153.52
9,8,7,80,70,106.3,0.4556,806.74,153.39
9,8,8,80,80,113.14,0.455,793.14,142.99
9,8,9,80,90,120.42,0.4521,779.84,152.2
9,8,10,80,100,128.06,0.4528,798.72,150.87
9,8,11,80,110,136.01,0.4724,765.19,152.88
9,9,-10,90,-100,134.54,0.4575,773.14,158.0
9,9,-9,90,-90,127.28,0.4573,780.61,151.18
9,9,-8,90,-80,120.42,0.4552,792.29,151.88
9,9,-7,90,-70,114.02,0.4539,807.55,152.63
9,9,-6,90,-60,108.17,0.4442,793.66,149.64
9,9,-5,90,-50,102.96,0.4562,798.5,154.22
9,9,-4,90,-40,98.49,0.4452,795.5,147.34
9,9,-3,90,-30,94.87,0.4501,776.25,151.3
9,9,-2,90,-20,92.2,0.4497,802.12,152.58
9,9,-1,90,-10,90.55,0.4518,780.82,148.49
9,9,0,90,0,90.0,0.4494,795.08,149.52
9,9,1,90,10,90.55,0.463,801.48,151.3
9,9,2,90,20,92.2,0.4341,810.98,158.77
9,9,3,90,30,94.87,0.4612,792.7,157.18
9,9,4,90,40,98.49,0.4513,802.98,149.73
9,9,5,90,50,102.96,0.4497,763.23,153.19
9,9,6,90,60,108.17,0.451,792.12,152.07
9,9,7,90,70,114.02,0.4518,796.27,155.42
9,9,8,90,80,120.42,0.4605,786.74,152.15
9,9,9,90,90,127.28,0.4615,772.65,154.03
9,9,10,90,100,134.54,0.4684,781.9,153.19
9,10,-9,100,-90,134.54,0.4606,790.37,151.16
9,10,-8,100,-80,128.06,0.4537,760.56,153.61
9,10,-7,100,-70,122.07,0.4648,808.11,157.37
9,10,-6,100,-60,116.62,0.4505,794.78,150.88
9,10,-5,100,-50,111.8,0.4676,812.9,152.09
9,10,-4,100,-40,107.7,0.4483,743.41,146.91
9,10,-3,100,-30,104.4,0.4376,774.74,156.58
9,10,-2,100,-20,101.98,0.4414,781.38,148.0
9,10,-1,100,-10,100.5,0.4723,796.84,153.64
9,10,0,100,0,100.0,0.4528,768.17,155.23
9,10,1,100,10,100.5,0.4547,795.95,155.94
9,10,2,100,20,101.98,0.449,795.13,149.73
9,10,3,100,30,104.4,0.461,808.64,151.78
9,10,4,100,40,107.7,0.4448,789.58,148.05
9,10,5,100,50,111.8,0.4637,769.73,156.37
9,10,6,100,60,116.62,0.4663,777.25,150.84
9,10,7,100,70,122.07,0.4522,794.59,156.96
9,10,8,100,80,128.06,0.4697,778.17,157.28
9,10,9,100,90,134.54,0.4723,777.75,154.43
9,11,-8,110,-80,136.01,0.4759,795.49,158.37
9,11,-7,110,-70,130.38,0.4819,791.45,154.82
9,11,-6,110,-60,125.3,0.47,816.12,151.3
9,11,-5,110,-50,120.83,0.4558,773.54,153.6
9,11,-4,110,-40,117.05,0.4632,776.58,155.54
9,11,-3,110,-30,114.02,0.4515,784.29,155.2
9,11,-2,110,-20,111.8,0.4494,772.3,153.82
9,11,-1,110,-10,110.45,0.453,811.93,153.96
9,11,0,110,0,110.0,0.4399,813.89,157.11
9,11,1,110,10,110.45,0.4623,810.07,150.71
9,11,2,110,20,111.8,0.4506,796.54,154.35
9,11,3,110,30,114.02,0.4623,785.74,150.19
9,11,4,110,40,117.05,0.4442,800.52,150.97
9,11,5,110,50,120.83,0.455,814.74,154.37
9,11,6,110,60,125.3,0.4617,798.75,157.4
9,11,7,110,70,130.38,0.4482,774.75,153.15
9,11,8,110,80,136.01,0.4558,775.63,150.04
9,12,-6,120,-60,134.16,0.4702,773.07,155.01
9,12,-5,120,-50,130.0,0.4614,791.84,146.4
9,12,-4,120,-40,126.49,0.4632,781.47,154.52
9,12,-3,120,-30,123.69,0.4491,793.43,156.83
9,12,-2,120,-20,121.66,0.4593,777.61,150.65
9,12,-1,120,-10,120.42,0.4619,797.59,153.59
9,12,0,120,0,120.0,0.4569,792.31,152.28
9,12,1,120,10,120.42,0.4543,800.41,153.45
9,12,2,120,20,121.66,0.4681,805.12,153.51
9,12,3,120,30,123.69,0.4633,772.87,152.7
9,12,4,120,40,126.49,0.4623,761.86,154.59
9,12,5,120,50,130.0,0.4533,770.73,152.2
9,12,6,120,60,134.16,0.4625,760.91,156.97
9,13,-4,130,-40,136.01,0.465,808.49,155.59
9,13,-3,130,-30,133.42,0.467,768.51,150.75
9,13,-2,130,-20,131.53,0.4666,766.12,155.93
9,13,-1,130,-10,130.38,0.4748,797.42,155.55
9,13,0,130,0,130.0,0.4632,777.72,153.44
9,13,1,130,10,130.38,0.4567,763.51,153.95
9,13,2,130,20,131.53,0.4705,763.19,158.2
9,13,3,130,30,133.42,0.4722,787.27,155.51
9,13,4,130,40,136.01,0.4621,780.24,153.3
10,-13,-4,-130,-40,136.01,0.4723,798.14,158.6
10,-13,-3,-130,-30,133.42,0.4719,784.7,158.36
10,-13,-2,-130,-20,131.53,0.4596,773.16,155.79
10,-13,-1,-130,-10,130.38,0.4711,780.67,152.66
10,-13,0,-130,0,130.0,0.4495,771.14,151.7
10,-13,1,-130,10,130.38,0.471,777.17,155.29
10,-13,2,-130,20,131.53,0.4496,802.03,154.72
10,-13,3,-130,30,133.42,0.4516,773.54,151.96
10,-13,4,-130,40,136.01,0.4654,774.25,153.8
10,-12,-6,-120,-60,134.16,0.4561,762.41,156.87
10,-12,-5,-120,-50,130.0,0.469,773.49,155.28
10,-12,-4,-120,-40,126.49,0.4525,797.38,152.89
10,-12,-3,-120,-30,123.69,0.4526,771.89,156.2
10,-12,-2,-120,-20,121.66,0.4466,787.19,146.92
10,-12,-1,-120,-10,120.42,0.4496,769.97,145.17
10,-12,0,-120,0,120.0,0.4529,784.27,148.96
10,-12,1,-120,10,120.42,0.4524,785.55,146.84
10,-12,2,-120,20,121.66,0.458,797.41,153.56
10,-12,3,-120,30,123.69,0.461,784.92,153.98
10,-12,4,-120,40,126.49,0.4681,823.31,150.19
10,-12,5,-120,50,130.0,0.4544,768.91,157.61
10,-12,6,-120,60,134.16,0.4752,792.25,150.42
10,-11,-8,-110,-80,136.01,0.4612,784.85,155.72
10,-11,-7,-110,-70,130.38,0.4767,799.17,156.88
10,-11,-6,-110,-60,125.3,0.4558,792.54,148.21
10,-11,-5,-110,-50,120.83,0.4581,791.48,148.82
10,-11,-4,-110,-40,117.05,0.4537,812.84,152.02
10,-11,-3,-110,-30,114.02,0.4601,828.16,150.45
10,-11,-2,-110,-20,111.8,0.4612,790.56,154.91
10,-11,-1,-110,-10,110.45,0.4537,809.8,155.58
10,-11,0,-110,0,110.0,0.4523,809.97,146.26
10,-11,1,-110,10,110.45,0.4551,813.59,158.6
10,-11,2,-110,20,111.8,0.4443,776.43,150.01
10,-11,3,-110,30,114.02,0.4564,782.59,154.49
10,-11,4,-110,40,117.05,0.4539,780.12,149.01
10,-11,5,-110,50,120.83,0.4579,795.72,155.3
10,-11,6,-110,60,125.3,0.456,793.4,157.87
10,-11,7,-110,70,130.38,0.471,776.97,155.88
10,-11,8,-110,80,136.01,0.4621,773.05,151.9
10,-10,-9,-100,-90,134.54,0.4771,770.02,153.99
10,-10,-8,-100,-80,128.06,0.445,801.16,153.41
10,-10,-7,-100,-70,122.07,0.4674,793.44,153.13
10,-10,-6,-100,-60,116.62,0.4627,790.86,146.57
10,-10,-5,-100,-50,111.8,0.4566,810.03,149.0
10,-10,-4,-100,-40,107.7,0.4364,784.35,152.2
10,-10,-3,-100,-30,104.4,0.443,794.69,152.17
10,-10,-2,-100,-20,101.98,0.4448,816.66,152.8
10,-10,-1,-100,-10,100.5,0.4434,808.22,148.18
10,-10,0,-100,0,100.0,0.4473,798.58,153.1
10,-10,1,-100,10,100.5,0.4511,803.98,154.96
10,-10,2,-100,20,101.98,0.4539,787.83,152.85
10,-10,3,-100,30,104.4,0.448,792.11,152.63
10,-10,4,-100,40,107.7,0.4579,792.42,150.27
10,-10,5,-100,50,111.8,0.4691,760.46,152.68
10,-10,6,-100,60,116.62,0.4561,784.7,152.95
10,-10,7,-100,70,122.07,0.4501,768.6,155.85
10,-10,8,-100,80,128.06,0.4548,782.82,146.75
10,-10,9,-100,90,134.54,0.4491,784.38,157.71
10,-9,-10,-90,-100,134.54,0.4575,805.07,158.32
10,-9,-9,-90,-90,127.28,0.467,801.39,157.35
10,-9,-8,-90,-80,120.42,0.4531,781.95,154.61
10,-9,-7,-90,-70,114.02,0.4452,797.29,153.19
10,-9,-6,-90,-60,108.17,0.459,803.54,147.39
10,-9,-5,-90,-50,102.96,0.4384,797.94,158.17
10,-9,-4,-90,-40,98.49,0.4434,793.55,151.43
10,-9,-3,-90,-30,94.87,0.4462,809.13,152.47
10,-9,-2,-90,-20,92.2,0.4625,808.04,149.23
10,-9,-1,-90,-10,90.55,0.457,799.37,149.02
10,-9,0,-90,0,90.0,0.4467,792.59,153.4
10,-9,1,-90,10,90.55,0.4586,804.21,148.82
10,-9,2,-90,20,92.2,0.4516,788.76,149.94
10,-9,3,-90,30,94.87,0.4384,797.59,152.95
10,-9,4,-90,40,98.49,0.4468,813.82,152.37
10,-9,5,-90,50,102.96,0.4555,788.51,148.1
10,-9,6,-90,60,108.17,0.4614,777.3,150.08
10,-9,7,-90,70,114.02,0.4571,828.53,153.96
10,-9,8,-90,80,120.42,0.452,788.78,151.82
10,-9,9,-90,90,127.28,0.4625,800.1,151.55
10,-9,10,-90,100,134.54,0.4645,795.23,150.87
10,-8,-11,-80,-110,136.01,0.4625,774.09,154.63
10,-8,-10,-80,-100,128.06,0.4425,774.11,147.18
10,-8,-9,-80,-90,120.42,0.4488,791.07,153.75
10,-8,-8,-80,-80,113.14,0.4517,761.04,149.96
10,-8,-7,-80,-70,106.3,0.4428,791.87,151.38
10,-8,-6,-80,-60,100.0,0.4385,792.18,144.02
10,-8,-5,-80,-50,94.34,0.4489,796.46,145.78
10,-8,-4,-80,-40,89.44,0.4384,826.48,151.14
10,-8,-3,-80,-30,85.44,0.4444,795.03,146.45
10,-8,-2,-80,-20,82.46,0.4518,798.26,152.19
10,-8,-1,-80,-10,80.62,0.4582,820.24,152.58
10,-8,0,-80,0,80.0,0.4483,779.63,149.12
10,-8,1,-80,10,80.62,0.4496,805.93,148.32
10,-8,2,-80,20,82.46,0.4404,803.84,157.25
10,-8,3,-80,30,85.44,0.4614,817.87,148.92
10,-8,4,-80,40,89.44,0.444,811.43,153.9
10,-8,5,-80,50,94.34,0.4483,790.64,148.7
10,-8,6,-80,60,100.0,0.4531,796.94,150.67
10,-8,7,-80,70,106.3,0.4628,808.69,150.57
10,-8,8,-80,80,113.14,0.4548,807.94,153.3
10,-8,9,-80,90,120.42,0.4705,799.19,153.3
10,-8,10,-80,100,128.06,0.4563,761.12,156.69
10,-8,11,-80,110,136.01,0.4722,800.07,151.03
10,-7,-11,-70,-110,130.38,0.4642,773.17,153.54
10,-7,-10,-70,-100,122.07,0.4454,777.96,152.41
10,-7,-9,-70,-90,114.02,0.4583,803.56,156.58
10,-7,-8,-70,-80,106.3,0.4519,788.65,152.14
10,-7,-7,-70,-70,98.99,0.4536,781.5,146.91
10,-7,-6,-70,-60,92.2,0.4685,803.88,152.61
10,-7,-5,-70,-50,86.02,0.4545,807.12,153.84
10,-7,-4,-70,-40,80.62,0.4679,808.38,150.36
10,-7,-3,-70,-30,76.16,0.4581,796.62,146.39
10,-7,-2,-70,-20,72.8,0.4552,786.42,147.64
10,-7,-1,-70,-10,70.71,0.4399,762.33,146.04
10,-7,0,-70,0,70.0,0.4509,818.01,148.4
10,-7,1,-70,10,70.71,0.4445,799.05,149.78
10,-7,2,-70,20,72.8,0.4496,815.93,149.07
10,-7,3,-70,30,76.16,0.4461,800.2,151.96
10,-7,4,-70,40,80.62,0.4729,826.19,150.74
10,-7,5,-70,50,86.02,0.4459,798.71,148.02
10,-7,6,-70,60,92.2,0.4519,804.63,152.05
10,-7,7,-70,70,98.99,0.4354,785.11,154.92
10,-7,8,-70,80,106.3,0.4441,784.19,150.12
10,-7,9,-70,90,114.02,0.4665,802.26,150.98
10,-7,10,-70,100,122.07,0.4542,777.9,148.96
10,-7,11,-70,110,130.38,0.4547,809.66,158.31
10,-6,-12,-60,-120,134.16,0.46,773.41,157.83
10,-6,-11,-60,-110,125.3,0.4543,796.31,149.82
10,-6,-10,-60,-100,116.62,0.4573,783.95,153.46
10,-6,-9,-60,-90,108.17,0.4637,785.86,148.05
10,-6,-8,-60,-80,100.0,0.449,818.0,151.02
10,-6,-7,-60,-70,92.2,0.4495,817.1,151.77
10,-6,-6,-60,-60,84.85,0.4686,783.63,149.99
10,-6,-5,-60,-50,78.1,0.4389,783.64,153.94
10,-6,-4,-60,-40,72.11,0.4428,823.49,146.67
10,-6,-3,-60,-30,67.08,0.4493,782.09,151.97
10,-6,-2,-60,-20,63.25,0.4516,818.87,152.53
10,-6,-1,-60,-10,60.83,0.451,801.73,146.2
10,-6,0,-60,0,60.0,0.4531,798.55,151.98
10,-6,1,-60,10,60.83,0.456,790.36,147.83
10,-6,2,-60,20,63.25,0.4506,796.07,145.62
10,-6,3,-60,30,67.08,0.442,816.13,151.35
10,-6,4,-60,40,72.11,0.4498,818.75,149.81
10,-6,5,-60,50,78.1,0.4557,799.45,150.18
10,-6,6,-60,60,84.85,0.4751,789.59,151.67
10,-6,7,-60,70,92.2,0.4544,817.04,150.0
10,-6,8,-60,80,100.0,0.4674,792.52,149.28
10,-6,9,-60,90,108.17,0.4601,813.4,147.51
10,-6,10,-60,100,116.62,0.4498,793.59,153.87
10,-6,11,-60,110,125.3,0.4699,788.03,156.6
10,-6,12,-60,120,134.16,0.4484,762.81,154.38
10,-5,-12,-50,-120,130.0,0.4694,778.64,152.91
10,-5,-11,-50,-110,120.83,0.4605,785.41,156.78
10,-5,-10,-50,-100,111.8,0.4552,830.23,152.04
10,-5,-9,-50,-90,102.96,0.449,798.29,154.11
10,-5,-8,-50,-80,94.34,0.4491,757.25,148.89
10,-5,-7,-50,-70,86.02,0.4315,807.74,146.67
10,-5,-6,-50,-60,78.1,0.4504,777.93,149.74
10,-5,-5,-50,-50,70.71,0.4514,792.58,149.86
10,-5,-4,-50,-40,64.03,0.4365,800.67,148.08
10,-5,-3,-50,-30,58.31,0.4507,798.19,149.28
10,-5,-2,-50,-20,53.85,0.4464,804.1,155.0
10,-5,-1,-50,-10,50.99,0.4489,808.11,154.69
10,-5,0,-50,0,50.0,0.4532,811.32,147.43
10,-5,1,-50,10,50.99,0.4529,805.28,155.33
10,-5,2,-50,20,53.85,0.44,832.6,153.45
10,-5,3,-50,30,58.31,0.4577,782.77,147.29
10,-5,4,-50,40,64.03,0.455,768.79,145.48
10,-5,5,-50,50,70.71,0.4564,817.85,156.43
10,-5,6,-50,60,78.1,0.4473,787.0,147.7
10,-5,7,-50,70,86.02,0.4536,796.99,145.97
10,-5,8,-50,80,94.34,0.4546,784.02,152.54
10,-5,9,-50,90,102.96,0.4577,792.5,151.69
10,-5,10,-50,100,111.8,0.4521,792.29,147.74
10,-5,11,-50,110,120.83,0.4303,786.93,149.59
10,-5,12,-50,120,130.0,0.4542,769.75,156.64
10,-4,-13,-40,-130,136.01,0.4722,784.73,153.71
10,-4,-12,-40,-120,126.49,0.4622,802.07,158.28
10,-4,-11,-40,-110,117.05,0.4501,768.04,153.06
10,-4,-10,-40,-100,107.7,0.4389,799.29,151.88
10,-4,-9,-40,-90,98.49,0.45,825.24,150.76
10,-4,-8,-40,-80,89.44,0.4544,817.35,149.91
10,-4,-7,-40,-70,80.62,0.4468,794.55,151.27
10,-4,-6,-40,-60,72.11,0.4526,825.68,148.1
10,-4,-5,-40,-50,64.03,0.4481,814.32,151.97
10,-4,-4,-40,-40,56.57,0.4495,797.07,148.5
10,-4,-3,-40,-30,50.0,0.4428,799.63,151.75
10,-4,-2,-40,-20,44.72,0.453,798.76,150.96
10,-4,-1,-40,-10,41.23,0.4424,808.5,145.7
10,-4,0,-40,0,40.0,0.452,808.87,150.31
10,-4,1,-40,10,41.23,0.4501,784.12,149.87
10,-4,2,-40,20,44.72,0.4659,798.98,149.17
10,-4,3,-40,30,50.0,0.4371,805.48,151.31
10,-4,4,-40,40,56.57,0.4462,796.33,146.01
10,-4,5,-40,50,64.03,0.451,807.46,143.23
10,-4,6,-40,60,72.11,0.4497,825.96,150.45
10,-4,7,-40,70,80.62,0.4539,815.88,151.71
10,-4,8,-40,80,89.44,0.4471,775.71,158.23
10,-4,9,-40,90,98.49,0.457,811.05,153.65
10,-4,10,-40,100,107.7,0.4622,807.07,151.3
10,-4,11,-40,110,117.05,0.4536,801.79,152.57
10,-4,12,-40,120,126.49,0.4605,800.38,159.59
10,-4,13,-40,130,136.01,0.4561,786.81,151.67
10,-3,-13,-30,-130,133.42,0.464,756.1,152.2
10,-3,-12,-30,-120,123.69,0.4587,803.27,148.49
10,-3,-11,-30,-110,114.02,0.4586,791.78,156.2
10,-3,-10,-30,-100,104.4,0.4491,802.94,150.47
10,-3,-9,-30,-90,94.87,0.4427,790.72,148.07
10,-3,-8,-30,-80,85.44,0.436,823.19,148.95
10,-3,-7,-30,-70,76.16,0.4538,783.4,150.14
10,-3,-6,-30,-60,67.08,0.4541,801.31,147.51
10,-3,-5,-30,-50,58.31,0.4565,769.27,145.27
10,-3,-4,-30,-40,50.0,0.4491,764.07,147.65
10,-3,-3,-30,-30,42.43,0.4462,822.81,148.02
10,-3,-2,-30,-20,36.06,0.4458,772.26,150.23
10,-3,-1,-30,-10,31.62,0.4501,783.61,152.74
10,-3,0,-30,0,30.0,0.4568,791.61,144.23
10,-3,1,-30,10,31.62,0.4414,823.02,150.42
10,-3,2,-30,20,36.06,0.4439,820.49,149.44
10,-3,3,-30,30,42.43,0.4501,835.86,152.76
10,-3,4,-30,40,50.0,0.4477,805.55,151.65
10,-3,5,-30,50,58.31,0.4566,784.45,154.89
10,-3,6,-30,60,67.08,0.4614,786.07,149.96
10,-3,7,-30,70,76.16,0.4506,802.4,152.33
10,-3,8,-30,80,85.44,0.4473,806.48,151.92
10,-3,9,-30,90,94.87,0.4544,806.43,152.0
10,-3,10,-30,100,104.4,0.4541,767.66,147.9
10,-3,11,-30,110,114.02,0.4448,776.2,148.84
10,-3,12,-30,120,123.69,0.4668,807.24,154.86
10,-3,13,-30,130,133.42,0.4545,767.48,152.35
10,-2,-13,-20,-130,131.53,0.4558,802.33,149.94
10,-2,-12,-20,-120,121.66,0.4603,769.26,154.16
10,-2,-11,-20,-110,111.8,0.4514,776.52,149.91
10,-2,-10,-20,-100,101.98,0.4558,772.87,148.88
10,-2,-9,-20,-90,92.2,0.4486,779.14,147.36
10,-2,-8,-20,-80,82.46,0.4616,780.16,148.39
10,-2,-7,-20,-70,72.8,0.4539,798.88,148.29
10,-2,-6,-20,-60,63.25,0.4563,768.85,152.1
10,-2,-5,-20,-50,53.85,0.4424,761.66,156.47
10,-2,-4,-20,-40,44.72,0.4503,811.53,153.23
10,-2,-3,-20,-30,36.06,0.4426,796.1,149.89
10,-2,-2,-20,-20,28.28,0.4444,817.82,153.99
10,-2,-1,-20,-10,22.36,0.449,807.48,152.56
10,-2,0,-20,0,20.0,0.4523,791.36,142.55
10,-2,1,-20,10,22.36,0.4508,811.93,147.17
10,-2,2,-20,20,28.28,0.4514,806.68,151.35
10,-2,3,-20,30,36.06,0.451,785.01,153.62
10,-2,4,-20,40,44.72,0.4496,791.94,145.07
10,-2,5,-20,50,53.85,0.4532,836.85,149.29
10,-2,6,-20,60,63.25,0.4461,799.81,149.77
10,-2,7,-20,70,72.8,0.4471,831.13,150.13
10,-2,8,-20,80,82.46,0.4396,782.34,153.42
10,-2,9,-20,90,92.2,0.4524,794.51,148.91
10,-2,10,-20,100,101.98,0.4574,785.45,150.31
10,-2,11,-20,110,111.8,0.4603,782.2,155.4
10,-2,12,-20,120,121.66,0.4447,788.94,152.9
10,-2,13,-20,130,131.53,0.4447,771.38,155.8
10,-1,-13,-10,-130,130.38,0.4554,779.27,152.62
10,-1,-12,-10,-120,120.42,0.4651,794.18,151.17
10,-1,-11,-10,-110,110.45,0.4483,806.95,151.89
10,-1,-10,-10,-100,100.5,0.4595,807.04,140.86
10,-1,-9,-10,-90,90.55,0.4586,801.85,150.89
10,-1,-8,-10,-80,80.62,0.434,792.69,150.17
10,-1,-7,-10,-70,70.71,0.4397,819.91,152.24
10,-1,-6,-10,-60,60.83,0.4468,827.21,151.11
10,-1,-5,-10,-50,50.99,0.461,787.76,151.43
10,-1,-4,-10,-40,41.23,0.4607,817.76,153.03
10,-1,-3,-10,-30,31.62,0.46,822.91,143.08
10,-1,-2,-10,-20,22.36,0.4466,773.86,144.81
10,-1,-1,-10,-10,14.14,0.4458,793.57,154.08
10,-1,0,-10,0,10.0,0.4405,802.69,154.79
10,-1,1,-10,10,14.14,0.4488,829.28,144.37
10,-1,2,-10,20,22.36,0.4432,823.14,147.97
10,-1,3,-10,30,31.62,0.4481,825.07,151.99
10,-1,4,-10,40,41.23,0.4368,809.26,147.88
10,-1,5,-10,50,50.99,0.4461,798.6,148.26
10,-1,6,-10,60,60.83,0.4539,786.93,150.91
10,-1,7,-10,70,70.71,0.4561,799.01,150.21
10,-1,8,-10,80,80.62,0.4507,801.93,149.69
10,-1,9,-10,90,90.55,0.4488,798.15,150.71
10,-1,10,-10,100,100.5,0.448,795.58,153.64
10,-1,11,-10,110,110.45,0.4701,830.87,151.86
10,-1,12,-10,120,120.42,0.4491,785.39,152.96
10,-1,13,-10,130,130.38,0.4698,772.47,153.47
10,0,-13,0,-130,130.0,0.4529,808.47,155.41
10,0,-12,0,-120,120.0,0.4543,790.23,148.42
10,0,-11,0,-110,110.0,0.4575,799.94,146.1
10,0,-10,0,-100,100.0,0.4455,793.45,149.76
10,0,-9,0,-90,90.0,0.4459,801.91,154.32
10,0,-8,0,-80,80.0,0.4538,817.67,151.09
10,0,-7,0,-70,70.0,0.4474,797.34,152.41
10,0,-6,0,-60,60.0,0.4543,820.0,150.02
10,0,-5,0,-50,50.0,0.4388,797.08,145.52
10,0,-4,0,-40,40.0,0.4489,782.39,149.72
10,0,-3,0,-30,30.0,0.4512,798.18,149.17
10,0,-2,0,-20,20.0,0.4469,817.0,150.85
10,0,-1,0,-10,10.0,0.4378,801.99,154.55
10,0,0,0,0,0.0,0.4463,794.23,151.9
10,0,1,0,10,10.0,0.4432,782.29,145.31
10,0,2,0,20,20.0,0.4554,813.04,148.24
10,0,3,0,30,30.0,0.4408,813.05,149.62
10,0,4,0,40,40.0,0.4339,805.58,150.87
10,0,5,0,50,50.0,0.4611,812.59,152.69
10,0,6,0,60,60.0,0.443,779.71,151.54
10,0,7,0,70,70.0,0.4501,809.7,150.38
10,0,8,0,80,80.0,0.4616,793.53,150.13
10,0,9,0,90,90.0,0.4449,786.88,154.11
10,0,10,0,100,100.0,0.4505,834.91,146.6
10,0,11,0,110,110.0,0.4547,796.57,155.16
10,0,12,0,120,120.0,0.4501,780.33,148.23
10,0,13,0,130,130.0,0.4727,757.65,154.15
10,1,-13,10,-130,130.38,0.4812,800.3,157.54
10,1,-12,10,-120,120.42,0.471,791.64,153.02
10,1,-11,10,-110,110.45,0.454,792.8,149.62
10,1,-10,10,-100,100.5,0.4625,789.88,149.81
10,1,-9,10,-90,90.55,0.4394,812.43,154.93
10,1,-8,10,-80,80.62,0.4322,823.21,152.21
10,1,-7,10,-70,70.71,0.4602,805.6,151.8
10,1,-6,10,-60,60.83,0.4527,785.01,149.64
10,1,-5,10,-50,50.99,0.4461,816.29,149.19
10,1,-4,10,-40,41.23,0.4539,783.68,155.53
10,1,-3,10,-30,31.62,0.4521,779.69,153.03
10,1,-2,10,-20,22.36,0.452,811.87,159.45
10,1,-1,10,-10,14.14,0.4592,816.41,148.93
10,1,0,10,0,10.0,0.4509,794.65,146.07
10,1,1,10,10,14.14,0.4466,817.03,151.15
10,1,2,10,20,22.36,0.4407,798.38,147.64
10,1,3,10,30,31.62,0.4537,789.74,148.34
10,1,4,10,40,41.23,0.4397,824.97,149.84
10,1,5,10,50,50.99,0.4491,805.01,151.22
10,1,6,10,60,60.83,0.4445,803.55,150.28
10,1,7,10,70,70.71,0.4582,811.28,149.97
10,1,8,10,80,80.62,0.4502,796.82,150.33
10,1,9,10,90,90.55,0.4498,802.36,145.75
10,1,10,10,100,100.5,0.4464,819.33,148.68
10,1,11,10,110,110.45,0.4529,797.12,150.94
10,1,12,10,120,120.42,0.4528,802.85,149.41
10,1,13,10,130,130.38,0.4447,802.57,149.97
10,2,-13,20,-130,131.53,0.4674,776.7,158.52
10,2,-12,20,-120,121.66,0.4558,780.25,155.34
10,2,-11,20,-110,111.8,0.4644,817.64,144.05
10,2,-10,20,-100,101.98,0.436,780.95,147.41
10,2,-9,20,-90,92.2,0.4462,800.55,150.79
10,2,-8,20,-80,82.46,0.4544,789.54,149.73
10,2,-7,20,-70,72.8,0.4495,800.25,148.48
10,2,-6,20,-60,63.25,0.4517,784.44,155.16
10,2,-5,20,-50,53.85,0.443,805.93,149.03
10,2,-4,20,-40,44.72,0.4461,777.32,148.37
10,2,-3,20,-30,36.06,0.4481,791.32,152.02
10,2,-2,20,-20,28.28,0.4634,798.94,151.54
10,2,-1,20,-10,22.36,0.4599,783.95,155.32
10,2,0,20,0,20.0,0.4394,799.98,152.02
10,2,1,20,10,22.36,0.4624,799.85,150.31
10,2,2,20,20,28.28,0.463,777.45,146.98
10,2,3,20,30,36.06,0.4402,783.73,147.23
10,2,4,20,40,44.72,0.4599,822.8,151.14
10,2,5,20,50,53.85,0.4578,812.26,150.01
10,2,6,20,60,63.25,0.4574,811.36,151.94
10,2,7,20,70,72.8,0.4507,802.81,149.49
10,2,8,20,80,82.46,0.4359,799.04,150.16
10,2,9,20,90,92.2,0.443,792.6,152.32
10,2,10,20,100,101.98,0.4588,772.39,148.67
10,2,11,20,110,111.8,0.4608,774.38,151.2
10,2,12,20,120,121.66,0.4478,775.03,153.73
10,2,13,20,130,131.53,0.4667,798.23,162.4
10,3,-13,30,-130,133.42,0.4609,779.23,158.13
10,3,-12,30,-120,123.69,0.4675,795.39,151.77
10,3,-11,30,-110,114.02,0.4611,783.48,149.83
10,3,-10,30,-100,104.4,0.4546,827.46,150.09
10,3,-9,30,-90,94.87,0.4509,775.66,147.62
10,3,-8,30,-80,85.44,0.4529,807.18,155.85
10,3,-7,30,-70,76.16,0.4416,802.06,148.64
10,3,-6,30,-60,67.08,0.4523,791.97,144.8
10,3,-5,30,-50,58.31,0.4551,788.87,149.3
10,3,-4,30,-40,50.0,0.4505,799.61,141.09
10,3,-3,30,-30,42.43,0.4373,795.84,156.91
10,3,-2,30,-20,36.06,0.4425,794.39,154.04
10,3,-1,30,-10,31.62,0.4556,806.35,150.36
10,3,0,30,0,30.0,0.4348,776.3,147.25
10,3,1,30,10,31.62,0.4468,818.1,150.1
10,3,2,30,20,36.06,0.4449,795.79,154.12
10,3,3,30,30,42.43,0.451,810.01,148.55
10,3,4,30,40,50.0,0.4346,809.81,150.97
10,3,5,30,50,58.31,0.4577,801.26,157.26
10,3,6,30,60,67.08,0.4425,783.69,149.45
10,3,7,30,70,76.16,0.4476,797.07,149.71
10,3,8,30,80,85.44,0.4474,791.82,147.05
10,3,9,30,90,94.87,0.4549,817.17,160.22
10,3,10,30,100,104.4,0.4553,813.36,151.59
10,3,11,30,110,114.02,0.4608,791.23,150.94
10,3,12,30,120,123.69,0.4566,815.67,158.28
10,3,13,30,130,133.42,0.4558,788.81,153.5
10,4,-13,40,-130,136.01,0.4779,761.81,158.11
10,4,-12,40,-120,126.49,0.4604,757.77,159.06
10,4,-11,40,-110,117.05,0.4423,775.51,148.4
10,4,-10,40,-100,107.7,0.4637,785.99,147.72
10,4,-9,40,-90,98.49,0.456,781.76,151.93
10,4,-8,40,-80,89.44,0.4529,803.8,144.28
10,4,-7,40,-70,80.62,0.4593,821.99,152.85
10,4,-6,40,-60,72.11,0.4561,797.42,155.18
10,4,-5,40,-50,64.03,0.4389,765.97,153.74
10,4,-4,40,-40,56.57,0.436,816.48,145.74
10,4,-3,40,-30,50.0,0.4551,788.9,151.18
10,4,-2,40,-20,44.72,0.4613,787.44,154.97
10,4,-1,40,-10,41.23,0.4501,801.75,153.56
10,4,0,40,0,40.0,0.4605,799.02,145.4
10,4,1,40,10,41.23,0.4504,777.43,149.73
10,4,2,40,20,44.72,0.4472,778.37,147.35
10,4,3,40,30,50.0,0.4602,795.15,148.62
10,4,4,40,40,56.57,0.4543,824.59,148.25
10,4,5,40,50,64.03,0.4594,799.98,155.79
10,4,6,40,60,72.11,0.4585,794.53,150.83
10,4,7,40,70,80.62,0.4436,802.44,147.52
10,4,8,40,80,89.44,0.4445,817.56,150.8
10,4,9,40,90,98.49,0.454,790.93,149.61
10,4,10,40,100,107.7,0.4504,786.3,149.33
10,4,11,40,110,117.05,0.4492,770.09,151.91
10,4,12,40,120,126.49,0.452,810.51,149.28
10,4,13,40,130,136.01,0.4604,790.62,148.27
10,5,-12,50,-120,130.0,0.4672,771.11,150.54
10,5,-11,50,-110,120.83,0.4621,799.3,149.26
10,5,-10,50,-100,111.8,0.4518,811.47,150.26
10,5,-9,50,-90,102.96,0.444,795.09,150.55
10,5,-8,50,-80,94.34,0.4483,806.14,148.38
10,5,-7,50,-70,86.02,0.455,794.46,145.72
10,5,-6,50,-60,78.1,0.4627,776.88,152.48
10,5,-5,50,-50,70.71,0.4487,800.31,147.38
10,5,-4,50,-40,64.03,0.4461,811.94,146.67
10,5,-3,50,-30,58.31,0.446,815.85,148.24
10,5,-2,50,-20,53.85,0.4502,801.66,147.39
10,5,-1,50,-10,50.99,0.4534,798.9,147.6
10,5,0,50,0,50.0,0.4551,802.18,149.79
10,5,1,50,10,50.99,0.4475,778.01,149.54
10,5,2,50,20,53.85,0.4322,811.07,146.54
10,5,3,50,30,58.31,0.4543,778.97,146.11
10,5,4,50,40,64.03,0.4441,827.96,148.69
10,5,5,50,50,70.71,0.4634,806.95,149.22
10,5,6,50,60,78.1,0.4514,805.01,151.33
10,5,7,50,70,86.02,0.4606,801.3,151.88
10,5,8,50,80,94.34,0.4661,775.88,149.96
10,5,9,50,90,102.96,0.4584,776.16,147.92
10,5,10,50,100,111.8,0.4469,799.1,153.16
10,5,11,50,110,120.83,0.4504,795.24,150.63
10,5,12,50,120,130.0,0.4711,791.15,155.99
10,6,-12,60,-120,134.16,0.4755,791.21,152.7
10,6,-11,60,-110,125.3,0.4601,766.63,149.83
10,6,-10,60,-100,116.62,0.4607,816.14,155.31
10,6,-9,60,-90,108.17,0.4561,772.39,151.66
10,6,-8,60,-80,100.0,0.4433,803.78,146.65
10,6,-7,60,-70,92.2,0.4514,792.03,150.47
10,6,-6,60,-60,84.85,0.4458,776.52,153.09
10,6,-5,60,-50,78.1,0.4476,793.51,149.58
10,6,-4,60,-40,72.11,0.4448,790.13,154.31
10,6,-3,60,-30,67.08,0.4507,793.44,145.02
10,6,-2,60,-20,63.25,0.4459,785.44,148.74
10,6,-1,60,-10,60.83,0.4622,821.49,149.22
10,6,0,60,0,60.0,0.4445,808.67,153.36
10,6,1,60,10,60.83,0.4478,830.31,148.38
10,6,2,60,20,63.25,0.4471,797.64,148.99
10,6,3,60,30,67.08,0.4408,811.59,149.14
10,6,4,60,40,72.11,0.4672,811.59,150.97
10,6,5,60,50,78.1,0.4655,810.77,152.05
10,6,6,60,60,84.85,0.4447,796.42,153.01
10,6,7,60,70,92.2,0.4566,790.76,157.23
10,6,8,60,80,100.0,0.4497,815.51,151.41
10,6,9,60,90,108.17,0.457,789.85,151.86
10,6,10,60,100,116.62,0.4436,807.59,154.34
10,6,11,60,110,125.3,0.474,787.45,150.16
10,6,12,60,120,134.16,0.4748,776.87,143.66
10,7,-11,70,-110,130.38,0.4652,797.29,157.5
10,7,-10,70,-100,122.07,0.4507,795.79,154.46
10,7,-9,70,-90,114.02,0.4601,783.32,152.88
10,7,-8,70,-80,106.3,0.4618,767.51,151.05
10,7,-7,70,-70,98.99,0.4592,822.43,155.21
10,7,-6,70,-60,92.2,0.4577,827.8,153.14
10,7,-5,70,-50,86.02,0.4314,793.26,154.32
10,7,-4,70,-40,80.62,0.4459,819.49,152.32
10,7,-3,70,-30,76.16,0.4651,793.51,144.49
10,7,-2,70,-20,72.8,0.4483,778.65,148.62
10,7,-1,70,-10,70.71,0.4277,800.26,151.3
10,7,0,70,0,70.0,0.4539,814.84,150.97
10,7,1,70,10,70.71,0.4448,818.8,152.14
10,7,2,70,20,72.8,0.4495,798.38,148.14
10,7,3,70,30,76.16,0.4603,800.57,152.65
10,7,4,70,40,80.62,0.434,802.21,150.86
10,7,5,70,50,86.02,0.4407,788.88,152.29
10,7,6,70,60,92.2,0.455,804.28,154.12
10,7,7,70,70,98.99,0.4558,819.32,147.85
10,7,8,70,80,106.3,0.4548,797.17,147.45
10,7,9,70,90,114.02,0.4693,785.46,152.98
10,7,10,70,100,122.07,0.454,805.23,151.96
10,7,11,70,110,130.38,0.4591,783.56,154.1
10,8,-11,80,-110,136.01,0.4592,768.03,153.08
10,8,-10,80,-100,128.06,0.459,788.74,152.29
10,8,-9,80,-90,120.42,0.4482,770.92,149.78
10,8,-8,80,-80,113.14,0.4575,805.88,148.41
10,8,-7,80,-70,106.3,0.4563,801.26,156.6
10,8,-6,80,-60,100.0,0.47,813.86,152.74
10,8,-5,80,-50,94.34,0.4547,788.44,146.88
10,8,-4,80,-40,89.44,0.4375,802.36,147.86
10,8,-3,80,-30,85.44,0.4564,783.13,150.79
10,8,-2,80,-20,82.46,0.4439,779.32,147.56
10,8,-1,80,-10,80.62,0.4448,799.68,148.19
10,8,0,80,0,80.0,0.4426,787.98,138.8
10,8,1,80,10,80.62,0.447,800.51,148.73
10,8,2,80,20,82.46,0.4516,814.48,153.18
10,8,3,80,30,85.44,0.4578,790.77,147.24
10,8,4,80,40,89.44,0.4455,809.05,151.05
10,8,5,80,50,94.34,0.4443,815.56,146.98
10,8,6,80,60,100.0,0.4472,801.07,153.13
10,8,7,80,70,106.3,0.4621,800.27,147.38
10,8,8,80,80,113.14,0.4633,777.11,150.28
10,8,9,80,90,120.42,0.4494,787.68,149.46
10,8,10,80,100,128.06,0.464,790.89,155.77
10,8,11,80,110,136.01,0.4659,782.96,151.75
10,9,-10,90,-100,134.54,0.4575,779.07,154.41
10,9,-9,90,-90,127.28,0.4572,793.48,160.36
10,9,-8,90,-80,120.42,0.4605,778.98,154.87
10,9,-7,90,-70,114.02,0.4501,797.62,153.23
10,9,-6,90,-60,108.17,0.4552,786.04,151.47
10,9,-5,90,-50,102.96,0.448,789.34,145.88
10,9,-4,90,-40,98.49,0.4501,830.86,143.03
10,9,-3,90,-30,94.87,0.4327,800.16,152.59
10,9,-2,90,-20,92.2,0.4394,803.03,149.73
10,9,-1,90,-10,90.55,0.4452,805.69,147.13
10,9,0,90,0,90.0,0.4581,771.31,149.89
10,9,1,90,10,90.55,0.4509,797.48,148.62
10,9,2,90,20,92.2,0.4552,793.66,145.66
10,9,3,90,30,94.87,0.445,800.73,148.69
10,9,4,90,40,98.49,0.4485,809.98,148.74
10,9,5,90,50,102.96,0.4513,794.02,154.05
10,9,6,90,60,108.17,0.4538,806.96,149.09
10,9,7,90,70,114.02,0.4691,804.77,156.78
10,9,8,90,80,120.42,0.4589,779.96,151.84
10,9,9,90,90,127.28,0.4616,788.08,152.18
10,9,10,90,100,134.54,0.4628,784.41,152.02
10,10,-9,100,-90,134.54,0.46,800.65,158.06
10,10,-8,100,-80,128.06,0.4539,813.07,151.12
10,10,-7,100,-70,122.07,0.4612,808.07,150.33
10,10,-6,100,-60,116.62,0.447,798.39,151.87
10,10,-5,100,-50,111.8,0.4517,773.02,155.54
10,10,-4,100,-40,107.7,0.4553,805.45,154.71
10,10,-3,100,-30,104.4,0.4385,799.11,146.39
10,10,-2,100,-20,101.98,0.4578,817.49,150.49
10,10,-1,100,-10,100.5,0.4509,806.39,152.09
10,10,0,100,0,100.0,0.4496,808.54,149.92
10,10,1,100,10,100.5,0.4539,778.97,154.11
10,10,2,100,20,101.98,0.4448,802.04,147.38
10,10,3,100,30,104.4,0.4488,788.69,152.51
10,10,4,100,40,107.7,0.4651,783.68,148.47
10,10,5,100,50,111.8,0.4628,782.65,158.55
10,10,6,100,60,116.62,0.4475,801.92,147.48
10,10,7,100,70,122.07,0.4498,773.44,150.93
10,10,8,100,80,128.06,0.4669,784.08,156.94
10,10,9,100,90,134.54,0.4694,765.71,154.14
10,11,-8,110,-80,136.01,0.4734,766.8,156.42
10,11,-7,110,-70,130.38,0.4554,768.95,152.95
10,11,-6,110,-60,125.3,0.4503,804.94,144.66
10,11,-5,110,-50,120.83,0.4616,796.55,151.2
10,11,-4,110,-40,117.05,0.4401,797.64,150.79
10,11,-3,110,-30,114.02,0.4501,810.18,156.21
10,11,-2,110,-20,111.8,0.4504,781.73,143.32
10,11,-1,110,-10,110.45,0.4412,782.19,154.68
10,11,0,110,0,110.0,0.4575,810.03,153.5
10,11,1,110,10,110.45,0.454,795.38,153.07
10,11,2,110,20,111.8,0.4526,798.11,152.67
10,11,3,110,30,114.02,0.4571,783.8,155.82
10,11,4,110,40,117.05,0.4667,771.86,146.08
10,11,5,110,50,120.83,0.4539,776.81,147.63
10,11,6,110,60,125.3,0.4561,807.71,154.51
10,11,7,110,70,130.38,0.4677,803.08,156.16
10,11,8,110,80,136.01,0.4623,797.14,152.3
10,12,-6,120,-60,134.16,0.4506,801.82,159.02
10,12,-5,120,-50,130.0,0.4577,775.46,155.46
10,12,-4,120,-40,126.49,0.4508,782.0,154.0
10,12,-3,120,-30,123.69,0.453,803.72,153.7
10,12,-2,120,-20,121.66,0.4567,803.11,153.13
10,12,-1,120,-10,120.42,0.4516,808.01,152.45
10,12,0,120,0,120.0,0.4306,793.48,146.72
10,12,1,120,10,120.42,0.474,794.48,153.61
10,12,2,120,20,121.66,0.4638,761.62,153.87
10,12,3,120,30,123.69,0.4504,781.11,154.24
10,12,4,120,40,126.49,0.4552,756.8,154.74
10,12,5,120,50,130.0,0.4667,766.9,151.42
10,12,6,120,60,134.16,0.4612,809.65,159.6
10,13,-4,130,-40,136.01,0.4723,810.75,157.92
10,13,-3,130,-30,133.42,0.4646,764.72,149.1
10,13,-2,130,-20,131.53,0.4577,785.39,160.92
10,13,-1,130,-10,130.38,0.4594,785.53,154.88
10,13,0,130,0,130.0,0.4627,810.14,157.77
10,13,1,130,10,130.38,0.4612,773.87,152.15
10,13,2,130,20,131.53,0.4619,771.86,156.72
10,13,3,130,30,133.42,0.4571,804.64,156.36
10,13,4,130,40,136.01,0.4531,801.7,150.72
11,-13,-4,-130,-40,136.01,0.4601,779.46,156.02
11,-13,-3,-130,-30,133.42,0.4616,791.61,150.98
11,-13,-2,-130,-20,131.53,0.4503,777.47,156.3
11,-13,-1,-130,-10,130.38,0.4583,813.75,150.78
11,-13,0,-130,0,130.0,0.4595,755.93,158.22
11,-13,1,-130,10,130.38,0.4602,747.92,152.89
11,-13,2,-130,20,131.53,0.4411,800.81,151.28
11,-13,3,-130,30,133.42,0.4628,770.21,153.69
11,-13,4,-130,40,136.01,0.47,773.53,156.36
11,-12,-6,-120,-60,134.16,0.4403,761.73,154.56
11,-12,-5,-120,-50,130.0,0.4553,801.08,156.3
11,-12,-4,-120,-40,126.49,0.4705,787.08,151.07
11,-12,-3,-120,-30,123.69,0.4634,771.4,152.06
11,-12,-2,-120,-20,121.66,0.461,777.79,159.84
11,-12,-1,-120,-10,120.42,0.4631,775.25,155.4
11,-12,0,-120,0,120.0,0.4702,766.65,156.31
11,-12,1,-120,10,120.42,0.4472,788.91,153.05
11,-12,2,-120,20,121.66,0.4525,778.43,150.11
11,-12,3,-120,30,123.69,0.4542,772.31,156.27
11,-12,4,-120,40,126.49,0.4478,812.57,152.9
11,-12,5,-120,50,130.0,0.4443,795.07,152.62
11,-12,6,-120,60,134.16,0.4532,775.71,152.08
11,-11,-8,-110,-80,136.01,0.4739,767.9,150.72
11,-11,-7,-110,-70,130.38,0.4555,768.35,157.07
11,-11,-6,-110,-60,125.3,0.4607,764.3,149.97
11,-11,-5,-110,-50,120.83,0.4539,761.18,149.25
11,-11,-4,-110,-40,117.05,0.4587,818.03,146.62
11,-11,-3,-110,-30,114.02,0.4769,797.94,148.41
11,-11,-2,-110,-20,111.8,0.4667,799.63,154.12
11,-11,-1,-110,-10,110.45,0.4606,810.09,147.71
11,-11,0,-110,0,110.0,0.4604,794.96,153.16
11,-11,1,-110,10,110.45,0.4486,784.25,149.72
11,-11,2,-110,20,111.8,0.4603,792.09,149.97
11,-11,3,-110,30,114.02,0.4524,811.07,153.29
11,-11,4,-110,40,117.05,0.4598,794.81,155.35
11,-11,5,-110,50,120.83,0.449,802.11,152.8
11,-11,6,-110,60,125.3,0.4517,786.01,152.31
11,-11,7,-110,70,130.38,0.4639,796.75,150.45
11,-11,8,-110,80,136.01,0.4773,754.4,152.47
11,-10,-9,-100,-90,134.54,0.4787,758.31,152.69
11,-10,-8,-100,-80,128.06,0.454,748.37,153.18
11,-10,-7,-100,-70,122.07,0.4615,794.75,150.94
11,-10,-6,-100,-60,116.62,0.4401,780.49,149.36
11,-10,-5,-100,-50,111.8,0.4564,784.67,152.75
11,-10,-4,-100,-40,107.7,0.4377,804.25,152.66
11,-10,-3,-100,-30,104.4,0.4433,785.16,149.87
11,-10,-2,-100,-20,101.98,0.4602,792.37,151.67
11,-10,-1,-100,-10,100.5,0.4512,810.95,151.07
11,-10,0,-100,0,100.0,0.4412,793.57,153.55
11,-10,1,-100,10,100.5,0.4539,779.03,155.91
11,-10,2,-100,20,101.98,0.4468,810.86,154.94
11,-10,3,-100,30,104.4,0.4607,782.95,154.17
11,-10,4,-100,40,107.7,0.4551,775.18,150.94
11,-10,5,-100,50,111.8,0.4464,799.16,153.94
11,-10,6,-100,60,116.62,0.465,789.84,149.33
11,-10,7,-100,70,122.07,0.4483,798.26,155.64
11,-10,8,-100,80,128.06,0.4646,771.81,151.59
11,-10,9,-100,90,134.54,0.4583,758.02,155.97
11,-9,-10,-90,-100,134.54,0.4618,802.03,151.54
11,-9,-9,-90,-90,127.28,0.4587,766.42,152.26
11,-9,-8,-90,-80,120.42,0.4636,789.88,149.62
11,-9,-7,-90,-70,114.02,0.4431,787.28,152.43
11,-9,-6,-90,-60,108.17,0.4599,783.74,148.93
11,-9,-5,-90,-50,102.96,0.469,796.59,153.69
11,-9,-4,-90,-40,98.49,0.441,803.21,152.75
11,-9,-3,-90,-30,94.87,0.4509,773.19,147.61
11,-9,-2,-90,-20,92.2,0.4531,775.82,157.82
11,-9,-1,-90,-10,90.55,0.4591,777.37,150.94
11,-9,0,-90,0,90.0,0.4506,816.33,142.65
11,-9,1,-90,10,90.55,0.4514,781.94,151.47
11,-9,2,-90,20,92.2,0.4414,820.32,151.14
11,-9,3,-90,30,94.87,0.436,761.02,151.83
11,-9,4,-90,40,98.49,0.4455,806.99,148.55
11,-9,5,-90,50,102.96,0.4617,812.09,152.13
11,-9,6,-90,60,108.17,0.4462,786.15,150.47
11,-9,7,-90,70,114.02,0.4467,802.23,150.83
11,-9,8,-90,80,120.42,0.4559,781.24,152.47
11,-9,9,-90,90,127.28,0.4613,776.91,152.69
11,-9,10,-90,100,134.54,0.4592,773.64,154.52
11,-8,-11,-80,-110,136.01,0.4431,800.65,156.98
11,-8,-10,-80,-100,128.06,0.4615,797.22,149.44
11,-8,-9,-80,-90,120.42,0.4433,760.71,153.82
11,-8,-8,-80,-80,113.14,0.456,798.12,154.53
11,-8,-7,-80,-70,106.3,0.4339,777.68,149.13
11,-8,-6,-80,-60,100.0,0.4567,800.17,158.53
11,-8,-5,-80,-50,94.34,0.4416,807.24,153.16
11,-8,-4,-80,-40,89.44,0.4617,796.92,146.21
11,-8,-3,-80,-30,85.44,0.4552,804.38,151.75
11,-8,-2,-80,-20,82.46,0.4608,796.44,146.88
11,-8,-1,-80,-10,80.62,0.4545,804.62,149.05
11,-8,0,-80,0,80.0,0.4419,805.13,152.57
11,-8,1,-80,10,80.62,0.4373,800.66,151.77
11,-8,2,-80,20,82.46,0.4644,801.0,154.66
11,-8,3,-80,30,85.44,0.4567,812.88,147.61
11,-8,4,-80,40,89.44,0.4698,800.94,150.73
11,-8,5,-80,50,94.34,0.4506,818.01,156.19
11,-8,6,-80,60,100.0,0.4567,792.18,155.72
11,-8,7,-80,70,106.3,0.4428,785.27,146.93
11,-8,8,-80,80,113.14,0.4519,807.79,151.05
11,-8,9,-80,90,120.42,0.4578,794.51,151.84
11,-8,10,-80,100,128.06,0.4513,759.85,157.43
11,-8,11,-80,110,136.01,0.4585,769.33,150.21
11,-7,-11,-70,-110,130.38,0.4601,791.38,152.75
11,-7,-10,-70,-100,122.07,0.4607,758.5,153.24
11,-7,-9,-70,-90,114.02,0.4519,770.71,146.95
11,-7,-8,-70,-80,106.3,0.446,777.48,152.13
11,-7,-7,-70,-70,98.99,0.4547,800.82,151.69
11,-7,-6,-70,-60,92.2,0.4376,807.41,152.22
11,-7,-5,-70,-50,86.02,0.4522,798.53,147.81
11,-7,-4,-70,-40,80.62,0.4527,794.27,152.77
11,-7,-3,-70,-30,76.16,0.4522,797.48,148.97
11,-7,-2,-70,-20,72.8,0.4487,797.69,149.77
11,-7,-1,-70,-10,70.71,0.4397,803.58,150.51
11,-7,0,-70,0,70.0,0.4406,803.45,149.97
11,-7,1,-70,10,70.71,0.4434,809.09,154.02
11,-7,2,-70,20,72.8,0.4454,801.57,153.75
11,-7,3,-70,30,76.16,0.4325,828.39,150.24
11,-7,4,-70,40,80.62,0.4561,774.47,145.91
11,-7,5,-70,50,86.02,0.4423,784.15,143.04
11,-7,6,-70,60,92.2,0.4406,787.32,145.92
11,-7,7,-70,70,98.99,0.4631,807.8,148.36
11,-7,8,-70,80,106.3,0.4575,800.74,145.92
11,-7,9,-70,90,114.02,0.4586,786.05,153.88
11,-7,10,-70,100,122.07,0.4492,796.3,155.88
11,-7,11,-70,110,130.38,0.4644,756.36,161.22
11,-6,-12,-60,-120,134.16,0.4675,777.24,156.27
11,-6,-11,-60,-110,125.3,0.476,765.1,156.42
11,-6,-10,-60,-100,116.62,0.4546,786.27,151.31
11,-6,-9,-60,-90,108.17,0.4366,802.15,143.97
11,-6,-8,-60,-80,100.0,0.4472,790.39,149.48
11,-6,-7,-60,-70,92.2,0.4329,813.14,144.69
11,-6,-6,-60,-60,84.85,0.4426,791.82,149.07
11,-6,-5,-60,-50,78.1,0.453,800.29,155.79
11,-6,-4,-60,-40,72.11,0.4528,804.13,148.27
11,-6,-3,-60,-30,67.08,0.4524,792.67,148.56
11,-6,-2,-60,-20,63.25,0.4754,823.14,147.39
11,-6,-1,-60,-10,60.83,0.4552,804.05,148.01
11,-6,0,-60,0,60.0,0.4667,796.99,154.16
11,-6,1,-60,10,60.83,0.4447,816.5,154.01
11,-6,2,-60,20,63.25,0.4422,795.07,149.74
11,-6,3,-60,30,67.08,0.4631,823.3,148.81
11,-6,4,-60,40,72.11,0.4469,803.68,145.29
11,-6,5,-60,50,78.1,0.4602,787.05,150.29
11,-6,6,-60,60,84.85,0.4612,806.68,148.82
11,-6,7,-60,70,92.2,0.442,798.96,149.35
11,-6,8,-60,80,100.0,0.4724,785.85,149.03
11,-6,9,-60,90,108.17,0.4454,791.05,152.82
11,-6,10,-60,100,116.62,0.4484,796.32,148.45
11,-6,11,-60,110,125.3,0.4666,779.44,152.16
11,-6,12,-60,120,134.16,0.474,774.28,155.6
11,-5,-12,-50,-120,130.0,0.4667,802.99,154.77
11,-5,-11,-50,-110,120.83,0.4549,780.99,153.52
11,-5,-10,-50,-100,111.8,0.4484,801.45,152.19
11,-5,-9,-50,-90,102.96,0.4427,778.53,151.08
11,-5,-8,-50,-80,94.34,0.4481,811.65,147.56
11,-5,-7,-50,-70,86.02,0.4559,811.4,146.49
11,-5,-6,-50,-60,78.1,0.4482,820.49,151.2
11,-5,-5,-50,-50,70.71,0.4492,812.87,148.53
11,-5,-4,-50,-40,64.03,0.4474,802.53,154.26
11,-5,-3,-50,-30,58.31,0.4426,807.06,148.8
11,-5,-2,-50,-20,53.85,0.4599,811.49,149.77
11,-5,-1,-50,-10,50.99,0.4548,791.35,148.1
11,-5,0,-50,0,50.0,0.4702,794.41,150.53
11,-5,1,-50,10,50.99,0.4469,780.72,146.94
11,-5,2,-50,20,53.85,0.4527,778.83,147.87
11,-5,3,-50,30,58.31,0.4552,803.4,148.76
11,-5,4,-50,40,64.03,0.4465,784.55,156.69
11,-5,5,-50,50,70.71,0.4421,815.16,143.37
11,-5,6,-50,60,78.1,0.457,814.66,147.2
11,-5,7,-50,70,86.02,0.4451,816.02,146.61
11,-5,8,-50,80,94.34,0.4539,789.25,153.01
11,-5,9,-50,90,102.96,0.4669,781.86,152.6
11,-5,10,-50,100,111.8,0.4623,763.44,154.6
11,-5,11,-50,110,120.83,0.4603,798.44,147.1
11,-5,12,-50,120,130.0,0.467,780.73,150.37
11,-4,-13,-40,-130,136.01,0.4692,791.78,154.46
11,-4,-12,-40,-120,126.49,0.4625,783.18,149.17
11,-4,-11,-40,-110,117.05,0.455,808.81,155.78
11,-4,-10,-40,-100,107.7,0.4466,798.73,151.44
11,-4,-9,-40,-90,98.49,0.455,799.17,152.7
11,-4,-8,-40,-80,89.44,0.4467,816.55,148.53
11,-4,-7,-40,-70,80.62,0.4515,809.98,150.65
11,-4,-6,-40,-60,72.11,0.4313,804.49,152.07
11,-4,-5,-40,-50,64.03,0.4524,814.12,153.52
11,-4,-4,-40,-40,56.57,0.4444,774.29,146.4
11,-4,-3,-40,-30,50.0,0.4506,809.19,149.63
11,-4,-2,-40,-20,44.72,0.4389,804.45,150.03
11,-4,-1,-40,-10,41.23,0.4513,827.14,152.46
11,-4,0,-40,0,40.0,0.4489,780.11,154.03
11,-4,1,-40,10,41.23,0.4359,795.78,146.4
11,-4,2,-40,20,44.72,0.4467,798.64,146.05
11,-4,3,-40,30,50.0,0.4304,785.51,145.94
11,-4,4,-40,40,56.57,0.4423,795.76,154.56
11,-4,5,-40,50,64.03,0.4452,792.05,149.69
11,-4,6,-40,60,72.11,0.4553,808.42,144.24
11,-4,7,-40,70,80.62,0.4416,816.62,148.44
11,-4,8,-40,80,89.44,0.4577,810.76,143.39
11,-4,9,-40,90,98.49,0.4378,793.39,151.73
11,-4,10,-40,100,107.7,0.4511,792.21,151.31
11,-4,11,-40,110,117.05,0.4553,790.32,145.02
11,-4,12,-40,120,126.49,0.4571,780.79,150.1
11,-4,13,-40,130,136.01,0.4575,754.59,155.85
11,-3,-13,-30,-130,133.42,0.4532,779.5,152.82
11,-3,-12,-30,-120,123.69,0.457,800.88,150.73
11,-3,-11,-30,-110,114.02,0.4543,801.88,152.27
11,-3,-10,-30,-100,104.4,0.446,773.17,148.43
11,-3,-9,-30,-90,94.87,0.4519,798.61,152.25
11,-3,-8,-30,-80,85.44,0.4473,788.38,145.57
11,-3,-7,-30,-70,76.16,0.4403,784.29,153.93
11,-3,-6,-30,-60,67.08,0.4405,782.45,147.86
11,-3,-5,-30,-50,58.31,0.4583,807.08,149.23
11,-3,-4,-30,-40,50.0,0.4373,798.03,152.1
11,-3,-3,-30,-30,42.43,0.4599,764.84,147.18
11,-3,-2,-30,-20,36.06,0.4494,816.19,145.54
11,-3,-1,-30,-10,31.62,0.4398,790.38,145.26
11,-3,0,-30,0,30.0,0.4329,829.14,148.71
11,-3,1,-30,10,31.62,0.4434,779.54,149.35
11,-3,2,-30,20,36.06,0.4442,809.11,146.24
11,-3,3,-30,30,42.43,0.4484,796.37,151.06
11,-3,4,-30,40,50.0,0.4471,805.91,150.34
11,-3,5,-30,50,58.31,0.4554,806.12,148.9
11,-3,6,-30,60,67.08,0.4618,789.6,154.06
11,-3,7,-30,70,76.16,0.4572,807.52,149.46
11,-3,8,-30,80,85.44,0.4437,801.68,150.33
11,-3,9,-30,90,94.87,0.449,806.17,152.8
11,-3,10,-30,100,104.4,0.4451,785.28,146.89
11,-3,11,-30,110,114.02,0.4575,814.62,147.62
11,-3,12,-30,120,123.69,0.4518,765.52,151.11
11,-3,13,-30,130,133.42,0.4453,797.66,156.31
11,-2,-13,-20,-130,131.53,0.4631,796.01,156.55
11,-2,-12,-20,-120,121.66,0.4572,768.13,150.4
11,-2,-11,-20,-110,111.8,0.4537,781.69,156.77
11,-2,-10,-20,-100,101.98,0.4531,798.84,153.6
11,-2,-9,-20,-90,92.2,0.4524,795.81,154.76
11,-2,-8,-20,-80,82.46,0.4535,792.59,150.53
11,-2,-7,-20,-70,72.8,0.4458,787.69,152.37
11,-2,-6,-20,-60,63.25,0.446,788.49,150.54
11,-2,-5,-20,-50,53.85,0.4584,768.5,147.83
11,-2,-4,-20,-40,44.72,0.4321,749.23,150.14
11,-2,-3,-20,-30,36.06,0.4395,811.48,146.4
11,-2,-2,-20,-20,28.28,0.4547,804.34,147.19
11,-2,-1,-20,-10,22.36,0.446,802.6,151.59
11,-2,0,-20,0,20.0,0.4609,803.22,149.86
11,-2,1,-20,10,22.36,0.4502,796.17,148.6
11,-2,2,-20,20,28.28,0.4425,805.79,147.47
11,-2,3,-20,30,36.06,0.4514,799.48,151.93
11,-2,4,-20,40,44.72,0.4519,788.36,146.67
11,-2,5,-20,50,53.85,0.4583,793.68,154.19
11,-2,6,-20,60,63.25,0.429,802.72,152.57
11,-2,7,-20,70,72.8,0.4507,803.18,151.72
11,-2,8,-20,80,82.46,0.4566,809.05,153.69
11,-2,9,-20,90,92.2,0.4464,824.85,147.12
11,-2,10,-20,100,101.98,0.4595,803.21,157.48
11,-2,11,-20,110,111.8,0.4568,803.65,146.63
11,-2,12,-20,120,121.66,0.4646,792.59,154.88
11,-2,13,-20,130,131.53,0.454,775.04,154.55
11,-1,-13,-10,-130,130.38,0.4606,787.33,154.34
11,-1,-12,-10,-120,120.42,0.4533,785.46,150.28
11,-1,-11,-10,-110,110.45,0.4761,799.05,156.73
11,-1,-10,-10,-100,100.5,0.4432,796.45,149.32
11,-1,-9,-10,-90,90.55,0.4532,803.04,146.74
11,-1,-8,-10,-80,80.62,0.4538,804.01,150.88
11,-1,-7,-10,-70,70.71,0.4592,814.22,154.88
11,-1,-6,-10,-60,60.83,0.4527,813.71,149.43
11,-1,-5,-10,-50,50.99,0.4515,808.72,148.52
11,-1,-4,-10,-40,41.23,0.4505,780.78,153.7
11,-1,-3,-10,-30,31.62,0.4601,781.8,153.47
11,-1,-2,-10,-20,22.36,0.4577,804.8,150.97
11,-1,-1,-10,-10,14.14,0.4546,780.29,156.91
11,-1,0,-10,0,10.0,0.4326,778.07,153.18
11,-1,1,-10,10,14.14,0.4573,825.56,150.31
11,-1,2,-10,20,22.36,0.4426,800.98,152.56
11,-1,3,-10,30,31.62,0.4444,784.0,150.1
11,-1,4,-10,40,41.23,0.4442,797.39,148.15
11,-1,5,-10,50,50.99,0.4547,793.25,148.45
11,-1,6,-10,60,60.83,0.4556,783.35,147.28
11,-1,7,-10,70,70.71,0.4527,786.88,153.9
11,-1,8,-10,80,80.62,0.4416,798.21,147.4
11,-1,9,-10,90,90.55,0.4617,784.13,155.91
11,-1,10,-10,100,100.5,0.4521,795.01,144.4
11,-1,11,-10,110,110.45,0.4674,801.58,147.8
11,-1,12,-10,120,120.42,0.4531,764.23,150.19
11,-1,13,-10,130,130.38,0.4603,807.79,161.32
11,0,-13,0,-130,130.0,0.4653,760.12,160.77
11,0,-12,0,-120,120.0,0.443,802.15,152.67
11,0,-11,0,-110,110.0,0.4638,782.83,154.52
11,0,-10,0,-100,100.0,0.463,804.09,150.67
11,0,-9,0,-90,90.0,0.4582,820.13,148.74
11,0,-8,0,-80,80.0,0.4449,790.33,143.26
11,0,-7,0,-70,70.0,0.4575,799.9,149.15
11,0,-6,0,-60,60.0,0.4465,806.56,148.01
11,0,-5,0,-50,50.0,0.4572,794.34,146.56
11,0,-4,0,-40,40.0,0.4548,786.96,149.79
11,0,-3,0,-30,30.0,0.4575,800.73,150.32
11,0,-2,0,-20,20.0,0.4465,802.52,148.13
11,0,-1,0,-10,10.0,0.4542,794.96,149.43
11,0,0,0,0,0.0,0.4419,807.76,148.37
11,0,1,0,10,10.0,0.4413,792.22,152.44
11,0,2,0,20,20.0,0.4546,766.44,147.92
11,0,3,0,30,30.0,0.4615,818.83,146.24
11,0,4,0,40,40.0,0.4572,778.43,147.49
11,0,5,0,50,50.0,0.4414,811.07,150.1
11,0,6,0,60,60.0,0.4541,770.6,152.65
11,0,7,0,70,70.0,0.4631,803.61,155.96
11,0,8,0,80,80.0,0.457,827.1,149.31
11,0,9,0,90,90.0,0.4526,789.82,145.78
11,0,10,0,100,100.0,0.4449,802.2,146.85
11,0,11,0,110,110.0,0.4548,761.53,150.42
11,0,12,0,120,120.0,0.4592,778.7,151.53
11,0,13,0,130,130.0,0.4609,777.64,154.64
11,1,-13,10,-130,130.38,0.4477,765.44,150.76
11,1,-12,10,-120,120.42,0.4556,816.16,154.26
11,1,-11,10,-110,110.45,0.4403,797.09,149.8
11,1,-10,10,-100,100.5,0.4478,786.86,149.82
11,1,-9,10,-90,90.55,0.4357,798.14,151.1
11,1,-8,10,-80,80.62,0.4436,792.06,146.42
11,1,-7,10,-70,70.71,0.4468,801.34,149.43
11,1,-6,10,-60,60.83,0.4552,814.31,148.23
11,1,-5,10,-50,50.99,0.4481,783.44,148.55
11,1,-4,10,-40,41.23,0.4504,811.31,149.7
11,1,-3,10,-30,31.62,0.4525,779.94,150.73
11,1,-2,10,-20,22.36,0.443,823.54,155.44
11,1,-1,10,-10,14.14,0.4623,786.19,151.97
11,1,0,10,0,10.0,0.4301,816.05,149.89
11,1,1,10,10,14.14,0.4354,809.02,148.96
11,1,2,10,20,22.36,0.4472,807.9,152.99
11,1,3,10,30,31.62,0.4521,765.52,150.79
11,1,4,10,40,41.23,0.4417,807.17,150.96
11,1,5,10,50,50.99,0.4474,797.76,144.43
11,1,6,10,60,60.83,0.4624,803.78,150.54
11,1,7,10,70,70.71,0.4518,771.74,152.69
11,1,8,10,80,80.62,0.4461,800.42,147.93
11,1,9,10,90,90.55,0.4395,790.45,149.31
11,1,10,10,100,100.5,0.4506,788.83,150.06
11,1,11,10,110,110.45,0.4509,771.98,151.08
11,1,12,10,120,120.42,0.4563,777.18,155.03
11,1,13,10,130,130.38,0.4603,787.66,150.98
11,2,-13,20,-130,131.53,0.4555,777.01,150.1
11,2,-12,20,-120,121.66,0.4423,807.52,150.71
11,2,-11,20,-110,111.8,0.4527,796.55,150.73
11,2,-10,20,-100,101.98,0.4422,811.85,149.12
11,2,-9,20,-90,92.2,0.4547,820.7,146.28
11,2,-8,20,-80,82.46,0.4564,801.47,147.26
11,2,-7,20,-70,72.8,0.4534,801.56,148.16
11,2,-6,20,-60,63.25,0.4652,805.74,146.72
11,2,-5,20,-50,53.85,0.4526,797.26,146.6
11,2,-4,20,-40,44.72,0.4481,805.81,147.22
11,2,-3,20,-30,36.06,0.4388,779.37,146.03
11,2,-2,20,-20,28.28,0.4543,806.13,147.24
11,2,-1,20,-10,22.36,0.4483,780.31,148.06
11,2,0,20,0,20.0,0.4447,804.49,153.53
11,2,1,20,10,22.36,0.4412,787.57,150.82
11,2,2,20,20,28.28,0.4385,786.28,152.57
11,2,3,20,30,36.06,0.4598,786.03,147.52
11,2,4,20,40,44.72,0.4554,814.38,149.08
11,2,5,20,50,53.85,0.4443,807.55,150.95
11,2,6,20,60,63.25,0.4494,826.94,150.62
11,2,7,20,70,72.8,0.4406,805.71,147.83
11,2,8,20,80,82.46,0.4483,810.92,152.47
11,2,9,20,90,92.2,0.4262,790.66,148.58
11,2,10,20,100,101.98,0.4515,783.5,149.78
11,2,11,20,110,111.8,0.4535,767.62,150.96
11,2,12,20,120,121.66,0.4652,769.27,153.0
11,2,13,20,130,131.53,0.4621,754.97,152.88
11,3,-13,30,-130,133.42,0.4616,799.74,153.13
11,3,-12,30,-120,123.69,0.4614,776.34,153.77
11,3,-11,30,-110,114.02,0.462,767.19,152.18
11,3,-10,30,-100,104.4,0.4565,794.2,151.62
11,3,-9,30,-90,94.87,0.4564,778.61,151.46
11,3,-8,30,-80,85.44,0.4594,793.42,148.1
11,3,-7,30,-70,76.16,0.4448,804.33,154.24
11,3,-6,30,-60,67.08,0.4666,823.54,148.96
11,3,-5,30,-50,58.31,0.4431,776.89,151.34
11,3,-4,30,-40,50.0,0.4735,803.09,151.03
11,3,-3,30,-30,42.43,0.4497,808.34,148.13
11,3,-2,30,-20,36.06,0.4526,795.51,151.43
11,3,-1,30,-10,31.62,0.4499,807.79,147.26
11,3,0,30,0,30.0,0.4587,814.59,149.1
11,3,1,30,10,31.62,0.4455,781.05,146.51
11,3,2,30,20,36.06,0.4469,802.31,150.6
11,3,3,30,30,42.43,0.4639,792.32,148.17
11,3,4,30,40,50.0,0.4493,786.26,154.59
11,3,5,30,50,58.31,0.4643,811.88,152.79
11,3,6,30,60,67.08,0.4487,810.09,153.74
11,3,7,30,70,76.16,0.4474,821.49,149.93
11,3,8,30,80,85.44,0.4492,786.84,150.69
11,3,9,30,90,94.87,0.4594,765.4,151.37
11,3,10,30,100,104.4,0.4582,798.22,145.04
11,3,11,30,110,114.02,0.4443,791.11,146.79
11,3,12,30,120,123.69,0.48,806.69,149.82
11,3,13,30,130,133.42,0.4694,791.36,153.2
11,4,-13,40,-130,136.01,0.4715,748.31,153.67
11,4,-12,40,-120,126.49,0.4554,812.56,150.42
11,4,-11,40,-110,117.05,0.4616,780.5,155.32
11,4,-10,40,-100,107.7,0.4498,776.92,151.12
11,4,-9,40,-90,98.49,0.4578,806.23,146.05
11,4,-8,40,-80,89.44,0.4372,790.35,147.16
11,4,-7,40,-70,80.62,0.4428,793.08,151.78
11,4,-6,40,-60,72.11,0.4478,782.23,147.25
11,4,-5,40,-50,64.03,0.4536,798.33,147.86
11,4,-4,40,-40,56.57,0.4551,812.11,152.3
11,4,-3,40,-30,50.0,0.4492,786.5,149.32
11,4,-2,40,-20,44.72,0.4443,760.5,149.29
11,4,-1,40,-10,41.23,0.4328,789.11,148.25
11,4,0,40,0,40.0,0.4624,782.21,150.7
11,4,1,40,10,41.23,0.4475,806.91,148.01
11,4,2,40,20,44.72,0.4374,801.61,150.05
11,4,3,40,30,50.0,0.4515,795.5,148.93
11,4,4,40,40,56.57,0.4564,810.69,147.59
11,4,5,40,50,64.03,0.4488,781.97,151.7
11,4,6,40,60,72.11,0.4537,821.24,152.21
11,4,7,40,70,80.62,0.4514,838.69,151.04
11,4,8,40,80,89.44,0.4544,772.84,152.56
11,4,9,40,90,98.49,0.4704,802.68,152.89
11,4,10,40,100,107.7,0.4621,822.17,153.04
11,4,11,40,110,117.05,0.4435,794.25,154.47
11,4,12,40,120,126.49,0.4652,783.32,152.19
11,4,13,40,130,136.01,0.4607,777.37,155.09
11,5,-12,50,-120,130.0,0.4654,789.11,152.49
11,5,-11,50,-110,120.83,0.4479,794.49,151.71
11,5,-10,50,-100,111.8,0.4673,807.03,152.61
11,5,-9,50,-90,102.96,0.446,776.68,150.84
11,5,-8,50,-80,94.34,0.4516,773.36,151.73
11,5,-7,50,-70,86.02,0.4504,759.94,147.47
11,5,-6,50,-60,78.1,0.4437,781.7,151.16
11,5,-5,50,-50,70.71,0.4643,806.95,151.9
11,5,-4,50,-40,64.03,0.4438,807.65,149.45
11,5,-3,50,-30,58.31,0.45,790.95,145.27
11,5,-2,50,-20,53.85,0.4574,802.42,149.31
11,5,-1,50,-10,50.99,0.4646,785.05,151.92
11,5,0,50,0,50.0,0.4664,806.28,146.52
11,5,1,50,10,50.99,0.4578,791.82,148.16
11,5,2,50,20,53.85,0.4428,824.43,148.79
11,5,3,50,30,58.31,0.4426,818.7,145.24
11,5,4,50,40,64.03,0.4505,789.8,151.82
11,5,5,50,50,70.71,0.4466,778.83,150.43
11,5,6,50,60,78.1,0.4463,812.63,150.2
11,5,7,50,70,86.02,0.4671,791.65,153.55
11,5,8,50,80,94.34,0.4476,797.59,152.58
11,5,9,50,90,102.96,0.4445,814.78,152.91
11,5,10,50,100,111.8,0.4608,807.39,153.32
11,5,11,50,110,120.83,0.4629,808.56,152.59
11,5,12,50,120,130.0,0.4596,790.73,154.09
11,6,-12,60,-120,134.16,0.4703,808.81,151.57
11,6,-11,60,-110,125.3,0.4599,770.35,152.51
11,6,-10,60,-100,116.62,0.4548,785.18,154.8
11,6,-9,60,-90,108.17,0.4562,785.95,153.97
11,6,-8,60,-80,100.0,0.4505,789.95,147.57
11,6,-7,60,-70,92.2,0.4384,792.81,150.39
11,6,-6,60,-60,84.85,0.4574,769.34,155.61
11,6,-5,60,-50,78.1,0.4438,794.22,148.95
11,6,-4,60,-40,72.11,0.4449,795.43,149.29
11,6,-3,60,-30,67.08,0.4488,823.78,147.8
11,6,-2,60,-20,63.25,0.4647,808.18,145.34
11,6,-1,60,-10,60.83,0.4434,785.74,149.93
11,6,0,60,0,60.0,0.4606,812.21,146.95
11,6,1,60,10,60.83,0.4597,784.35,147.32
11,6,2,60,20,63.25,0.4584,815.42,152.45
11,6,3,60,30,67.08,0.4502,798.88,146.49
11,6,4,60,40,72.11,0.4499,789.9,149.47
11,6,5,60,50,78.1,0.4684,804.85,146.67
11,6,6,60,60,84.85,0.4599,820.14,154.32
11,6,7,60,70,92.2,0.4463,798.12,146.43
11,6,8,60,80,100.0,0.4639,799.8,146.52
11,6,9,60,90,108.17,0.4666,784.76,150.07
11,6,10,60,100,116.62,0.4476,772.92,153.26
11,6,11,60,110,125.3,0.4536,763.43,156.11
11,6,12,60,120,134.16,0.4668,807.65,153.29
11,7,-11,70,-110,130.38,0.4615,786.41,154.26
11,7,-10,70,-100,122.07,0.4599,783.33,147.32
11,7,-9,70,-90,114.02,0.4574,800.94,150.8
11,7,-8,70,-80,106.3,0.4728,788.54,149.22
11,7,-7,70,-70,98.99,0.4547,801.76,145.84
11,7,-6,70,-60,92.2,0.4565,792.94,153.93
11,7,-5,70,-50,86.02,0.4532,796.47,153.86
11,7,-4,70,-40,80.62,0.4456,779.97,145.91
11,7,-3,70,-30,76.16,0.4519,827.31,149.57
11,7,-2,70,-20,72.8,0.4561,804.67,148.76
11,7,-1,70,-10,70.71,0.4367,802.5,152.41
11,7,0,70,0,70.0,0.4536,794.91,148.41
11,7,1,70,10,70.71,0.4449,790.12,150.14
11,7,2,70,20,72.8,0.4487,807.59,147.09
11,7,3,70,30,76.16,0.4498,799.47,148.47
11,7,4,70,40,80.62,0.4525,786.61,153.58
11,7,5,70,50,86.02,0.4534,808.17,149.82
11,7,6,70,60,92.2,0.4475,788.96,147.72
11,7,7,70,70,98.99,0.4389,799.63,152.66
11,7,8,70,80,106.3,0.4431,815.54,146.37
11,7,9,70,90,114.02,0.462,779.63,155.05
11,7,10,70,100,122.07,0.464,827.89,150.85
11,7,11,70,110,130.38,0.4433,754.87,153.22
11,8,-11,80,-110,136.01,0.4649,768.85,155.78
11,8,-10,80,-100,128.06,0.4674,793.42,153.39
11,8,-9,80,-90,120.42,0.4505,801.52,156.67
11,8,-8,80,-80,113.14,0.45,775.16,155.18
11,8,-7,80,-70,106.3,0.4554,800.22,156.25
11,8,-6,80,-60,100.0,0.437,794.76,151.76
11,8,-5,80,-50,94.34,0.4665,798.67,148.86
11,8,-4,80,-40,89.44,0.4517,810.96,153.7
11,8,-3,80,-30,85.44,0.4618,771.31,147.72
11,8,-2,80,-20,82.46,0.4569,803.91,151.31
11,8,-1,80,-10,80.62,0.445,803.61,149.3
11,8,0,80,0,80.0,0.4538,807.63,150.97
11,8,1,80,10,80.62,0.4522,797.46,154.77
11,8,2,80,20,82.46,0.4589,800.83,152.58
11,8,3,80,30,85.44,0.4662,786.45,147.93
11,8,4,80,40,89.44,0.4507,804.7,148.52
11,8,5,80,50,94.34,0.456,798.18,153.59
11,8,6,80,60,100.0,0.446,785.04,150.04
11,8,7,80,70,106.3,0.4517,782.26,151.41
11,8,8,80,80,113.14,0.4496,821.23,151.54
11,8,9,80,90,120.42,0.4603,770.35,154.17
11,8,10,80,100,128.06,0.4538,798.37,148.89
11,8,11,80,110,136.01,0.4633,795.1,155.22
11,9,-10,90,-100,134.54,0.4618,800.64,152.0
11,9,-9,90,-90,127.28,0.4505,769.48,150.39
11,9,-8,90,-80,120.42,0.4606,784.53,155.47
11,9,-7,90,-70,114.02,0.4588,797.79,146.6
11,9,-6,90,-60,108.17,0.458,813.68,151.56
11,9,-5,90,-50,102.96,0.4443,773.67,153.82
11,9,-4,90,-40,98.49,0.4519,777.99,151.68
11,9,-3,90,-30,94.87,0.4503,823.14,147.92
11,9,-2,90,-20,92.2,0.4531,817.58,151.6
11,9,-1,90,-10,90.55,0.4488,794.91,149.22
11,9,0,90,0,90.0,0.4459,789.49,153.55
11,9,1,90,10,90.55,0.4584,810.89,150.82
11,9,2,90,20,92.2,0.4516,776.31,152.31
11,9,3,90,30,94.87,0.4506,781.34,153.48
11,9,4,90,40,98.49,0.4498,809.63,151.85
11,9,5,90,50,102.96,0.4448,808.15,148.83
11,9,6,90,60,108.17,0.4401,806.09,151.85
11,9,7,90,70,114.02,0.456,803.66,148.37
11,9,8,90,80,120.42,0.4497,772.36,151.11
11,9,9,90,90,127.28,0.4626,815.71,152.68
11,9,10,90,100,134.54,0.4643,759.18,152.81
11,10,-9,100,-90,134.54,0.4465,814.77,148.79
11,10,-8,100,-80,128.06,0.4561,782.51,158.82
11,10,-7,100,-70,122.07,0.4597,767.07,151.82
11,10,-6,100,-60,116.62,0.4565,781.35,149.86
11,10,-5,100,-50,111.8,0.4479,781.56,148.79
11,10,-4,100,-40,107.7,0.4461,789.97,153.41
11,10,-3,100,-30,104.4,0.4421,784.0,151.05
11,10,-2,100,-20,101.98,0.4558,819.24,152.82
11,10,-1,100,-10,100.5,0.4526,797.05,150.23
11,10,0,100,0,100.0,0.4419,803.54,149.26
11,10,1,100,10,100.5,0.4525,783.45,150.32
11,10,2,100,20,101.98,0.4442,804.97,149.92
11,10,3,100,30,104.4,0.4536,789.53,152.94
11,10,4,100,40,107.7,0.4559,782.25,148.39
11,10,5,100,50,111.8,0.4612,758.62,155.65
11,10,6,100,60,116.62,0.45,800.39,153.14
11,10,7,100,70,122.07,0.4548,792.33,152.84
11,10,8,100,80,128.06,0.4662,772.73,155.45
11,10,9,100,90,134.54,0.4473,789.03,154.39
11,11,-8,110,-80,136.01,0.4672,788.28,158.99
11,11,-7,110,-70,130.38,0.4619,769.78,159.19
11,11,-6,110,-60,125.3,0.4618,798.85,151.9
11,11,-5,110,-50,120.83,0.4541,790.5,154.19
11,11,-4,110,-40,117.05,0.4583,775.87,156.69
11,11,-3,110,-30,114.02,0.4456,797.25,151.88
11,11,-2,110,-20,111.8,0.4747,786.84,147.91
11,11,-1,110,-10,110.45,0.4592,786.42,154.65
11,11,0,110,0,110.0,0.4609,804.75,149.08
11,11,1,110,10,110.45,0.4609,828.54,150.32
11,11,2,110,20,111.8,0.4529,791.23,150.68
11,11,3,110,30,114.02,0.4562,792.62,151.63
11,11,4,110,40,117.05,0.449,808.67,153.26
11,11,5,110,50,120.83,0.4652,797.78,144.6
11,11,6,110,60,125.3,0.4664,798.47,153.86
11,11,7,110,70,130.38,0.4785,798.91,156.87
11,11,8,110,80,136.01,0.45,799.77,156.73
11,12,-6,120,-60,134.16,0.4521,785.63,149.34
11,12,-5,120,-50,130.0,0.4665,786.2,151.99
11,12,-4,120,-40,126.49,0.4652,774.24,153.66
11,12,-3,120,-30,123.69,0.4674,782.12,150.08
11,12,-2,120,-20,121.66,0.4665,790.03,158.7
11,12,-1,120,-10,120.42,0.4615,800.49,153.61
11,12,0,120,0,120.0,0.4616,798.41,154.51
11,12,1,120,10,120.42,0.4484,776.16,154.51
11,12,2,120,20,121.66,0.4585,776.92,153.58
11,12,3,120,30,123.69,0.4714,790.09,154.2
11,12,4,120,40,126.49,0.4632,776.45,153.15
11,12,5,120,50,130.0,0.4443,769.31,153.55
11,12,6,120,60,134.16,0.4532,780.52,153.52
11,13,-4,130,-40,136.01,0.4742,809.96,154.52
11,13,-3,130,-30,133.42,0.4655,799.46,154.27
11,13,-2,130,-20,131.53,0.465,761.61,155.56
11,13,-1,130,-10,130.38,0.4714,766.47,148.86
11,13,0,130,0,130.0,0.4714,778.73,151.44
11,13,1,130,10,130.38,0.462,775.04,150.74
11,13,2,130,20,131.53,0.4495,809.58,159.01
11,13,3,130,30,133.42,0.4605,820.58,158.28
11,13,4,130,40,136.01,0.4632,813.66,148.56
12,-13,-4,-130,-40,136.01,0.4587,741.8,153.35
12,-13,-3,-130,-30,133.42,0.4579,768.93,157.45
12,-13,-2,-130,-20,131.53,0.4573,761.66,154.75
12,-13,-1,-130,-10,130.38,0.4611,769.4,156.9
12,-13,0,-130,0,130.0,0.4653,791.39,155.24
12,-13,1,-130,10,130.38,0.4699,780.91,150.12
12,-13,2,-130,20,131.53,0.46,757.68,150.82
12,-13,3,-130,30,133.42,0.4754,764.8,150.77
12,-13,4,-130,40,136.01,0.4689,792.56,149.69
12,-12,-6,-120,-60,134.16,0.4648,772.6,155.4
12,-12,-5,-120,-50,130.0,0.4586,762.99,152.34
12,-12,-4,-120,-40,126.49,0.4646,814.76,154.47
12,-12,-3,-120,-30,123.69,0.4554,769.53,152.45
12,-12,-2,-120,-20,121.66,0.4547,792.95,152.5
12,-12,-1,-120,-10,120.42,0.4611,783.65,157.65
12,-12,0,-120,0,120.0,0.4618,778.67,155.48
12,-12,1,-120,10,120.42,0.4481,776.22,150.12
12,-12,2,-120,20,121.66,0.4684,785.69,150.79
12,-12,3,-120,30,123.69,0.4598,795.36,157.7
12,-12,4,-120,40,126.49,0.4476,804.55,147.1
12,-12,5,-120,50,130.0,0.4683,800.92,157.43
12,-12,6,-120,60,134.16,0.4673,764.85,156.65
12,-11,-8,-110,-80,136.01,0.4551,765.53,153.32
12,-11,-7,-110,-70,130.38,0.4582,786.85,151.76
12,-11,-6,-110,-60,125.3,0.4618,765.72,153.26
12,-11,-5,-110,-50,120.83,0.4553,804.03,155.92
12,-11,-4,-110,-40,117.05,0.4548,761.42,147.71
12,-11,-3,-110,-30,114.02,0.4641,790.16,157.06
12,-11,-2,-110,-20,111.8,0.4616,797.18,151.97
12,-11,-1,-110,-10,110.45,0.4448,784.49,152.71
12,-11,0,-110,0,110.0,0.4511,801.18,154.5
12,-11,1,-110,10,110.45,0.4526,787.48,148.77
12,-11,2,-110,20,111.8,0.4611,804.65,158.15
12,-11,3,-110,30,114.02,0.4565,790.86,153.21
12,-11,4,-110,40,117.05,0.4538,777.53,152.4
12,-11,5,-110,50,120.83,0.4611,796.68,153.91
12,-11,6,-110,60,125.3,0.4676,794.11,153.95
12,-11,7,-110,70,130.38,0.4511,786.92,153.33
12,-11,8,-110,80,136.01,0.4546,787.12,156.25
12,-10,-9,-100,-90,134.54,0.4663,788.92,154.83
12,-10,-8,-100,-80,128.06,0.4583,811.21,153.96
12,-10,-7,-100,-70,122.07,0.4376,751.72,156.34
12,-10,-6,-100,-60,116.62,0.4413,782.86,148.44
12,-10,-5,-100,-50,111.8,0.452,799.14,149.59
12,-10,-4,-100,-40,107.7,0.4467,806.07,159.11
12,-10,-3,-100,-30,104.4,0.4567,782.72,153.55
12,-10,-2,-100,-20,101.98,0.4658,813.24,146.13
12,-10,-1,-100,-10,100.5,0.4557,790.89,150.82
12,-10,0,-100,0,100.0,0.4484,809.08,149.57
12,-10,1,-100,10,100.5,0.4628,797.73,149.99
12,-10,2,-100,20,101.98,0.4564,802.65,152.56
12,-10,3,-100,30,104.4,0.4513,816.45,153.91
12,-10,4,-100,40,107.7,0.4531,807.47,150.42
12,-10,5,-100,50,111.8,0.459,805.73,152.34
12,-10,6,-100,60,116.62,0.4494,773.13,152.97
12,-10,7,-100,70,122.07,0.4521,803.95,148.2
12,-10,8,-100,80,128.06,0.4708,785.43,150.95
12,-10,9,-100,90,134.54,0.4593,777.53,155.91
12,-9,-10,-90,-100,134.54,0.4531,766.2,153.49
12,-9,-9,-90,-90,127.28,0.4597,795.88,154.21
12,-9,-8,-90,-80,120.42,0.4542,792.59,153.02
12,-9,-7,-90,-70,114.02,0.4531,794.06,145.35
12,-9,-6,-90,-60,108.17,0.4608,803.16,155.74
12,-9,-5,-90,-50,102.96,0.4455,805.53,145.12
12,-9,-4,-90,-40,98.49,0.437,794.83,148.8
12,-9,-3,-90,-30,94.87,0.4588,816.97,154.19
12,-9,-2,-90,-20,92.2,0.4549,809.4,146.37
12,-9,-1,-90,-10,90.55,0.4612,818.75,146.02
12,-9,0,-90,0,90.0,0.4537,791.8,155.69
12,-9,1,-90,10,90.55,0.4422,801.36,150.71
12,-9,2,-90,20,92.2,0.4497,832.01,155.29
12,-9,3,-90,30,94.87,0.4374,806.61,150.3
12,-9,4,-90,40,98.49,0.4578,801.58,148.1
12,-9,5,-90,50,102.96,0.4437,790.93,150.47
12,-9,6,-90,60,108.17,0.4549,786.38,156.37
12,-9,7,-90,70,114.02,0.4594,805.42,151.39
12,-9,8,-90,80,120.42,0.449,802.29,149.54
12,-9,9,-90,90,127.28,0.4437,793.62,151.14
12,-9,10,-90,100,134.54,0.4603,791.0,151.67
12,-8,-11,-80,-110,136.01,0.4508,797.9,154.52
12,-8,-10,-80,-100,128.06,0.4703,794.05,155.48
12,-8,-9,-80,-90,120.42,0.4586,791.48,155.93
12,-8,-8,-80,-80,113.14,0.4614,783.9,153.2
12,-8,-7,-80,-70,106.3,0.4479,791.01,152.8
12,-8,-6,-80,-60,100.0,0.4463,800.15,151.77
12,-8,-5,-80,-50,94.34,0.4477,810.2,148.99
12,-8,-4,-80,-40,89.44,0.4575,801.96,150.64
12,-8,-3,-80,-30,85.44,0.4428,796.48,150.61
12,-8,-2,-80,-20,82.46,0.4582,795.17,153.06
12,-8,-1,-80,-10,80.62,0.444,805.01,148.48
12,-8,0,-80,0,80.0,0.4624,820.46,150.86
12,-8,1,-80,10,80.62,0.4457,777.25,151.13
12,-8,2,-80,20,82.46,0.4517,812.87,145.6
12,-8,3,-80,30,85.44,0.4511,806.43,147.32
12,-8,4,-80,40,89.44,0.4509,789.1,147.64
12,-8,5,-80,50,94.34,0.4461,795.42,154.03
12,-8,6,-80,60,100.0,0.4488,785.25,153.07
12,-8,7,-80,70,106.3,0.4611,807.99,155.2
12,-8,8,-80,80,113.14,0.4564,795.06,149.61
12,-8,9,-80,90,120.42,0.4685,787.66,151.61
12,-8,10,-80,100,128.06,0.4571,794.21,153.76
12,-8,11,-80,110,136.01,0.4651,774.74,154.1
12,-7,-11,-70,-110,130.38,0.46,804.56,148.44
12,-7,-10,-70,-100,122.07,0.4615,804.46,147.21
12,-7,-9,-70,-90,114.02,0.4546,807.04,149.55
12,-7,-8,-70,-80,106.3,0.455,781.72,151.19
12,-7,-7,-70,-70,98.99,0.4614,823.67,151.33
12,-7,-6,-70,-60,92.2,0.4399,795.13,144.78
12,-7,-5,-70,-50,86.02,0.4476,814.47,145.95
12,-7,-4,-70,-40,80.62,0.4483,787.76,155.38
12,-7,-3,-70,-30,76.16,0.4532,812.76,150.88
12,-7,-2,-70,-20,72.8,0.4561,816.21,150.11
12,-7,-1,-70,-10,70.71,0.4458,785.97,155.28
12,-7,0,-70,0,70.0,0.4566,766.65,149.27
12,-7,1,-70,10,70.71,0.4533,825.08,146.69
12,-7,2,-70,20,72.8,0.4534,794.0,146.41
12,-7,3,-70,30,76.16,0.4608,785.54,152.91
12,-7,4,-70,40,80.62,0.4372,792.65,151.72
12,-7,5,-70,50,86.02,0.4557,806.55,152.99
12,-7,6,-70,60,92.2,0.4478,820.67,151.29
12,-7,7,-70,70,98.99,0.4571,803.69,152.04
12,-7,8,-70,80,106.3,0.4449,781.58,149.47
12,-7,9,-70,90,114.02,0.4592,783.48,150.92
12,-7,10,-70,100,122.07,0.4573,809.41,154.53
12,-7,11,-70,110,130.38,0.4495,785.63,152.93
12,-6,-12,-60,-120,134.16,0.461,780.84,157.78
12,-6,-11,-60,-110,125.3,0.4526,789.36,154.01
12,-6,-10,-60,-100,116.62,0.4542,781.45,149.82
12,-6,-9,-60,-90,108.17,0.45,806.01,150.18
12,-6,-8,-60,-80,100.0,0.4506,780.58,149.2
12,-6,-7,-60,-70,92.2,0.452,774.78,153.35
12,-6,-6,-60,-60,84.85,0.4453,826.44,151.28
12,-6,-5,-60,-50,78.1,0.4353,804.16,149.05
12,-6,-4,-60,-40,72.11,0.4523,824.25,152.11
12,-6,-3,-60,-30,67.08,0.4482,779.05,152.62
12,-6,-2,-60,-20,63.25,0.4541,817.37,149.57
12,-6,-1,-60,-10,60.83,0.4524,796.31,150.26
12,-6,0,-60,0,60.0,0.4379,804.77,151.15
12,-6,1,-60,10,60.83,0.446,809.1,152.62
12,-6,2,-60,20,63.25,0.4612,784.7,152.01
12,-6,3,-60,30,67.08,0.4607,794.74,154.18
12,-6,4,-60,40,72.11,0.4442,801.05,144.82
12,-6,5,-60,50,78.1,0.4351,776.7,154.26
12,-6,6,-60,60,84.85,0.4438,788.4,151.24
12,-6,7,-60,70,92.2,0.4442,817.86,155.81
12,-6,8,-60,80,100.0,0.4336,805.74,144.45
12,-6,9,-60,90,108.17,0.4425,802.11,148.42
12,-6,10,-60,100,116.62,0.4581,791.5,147.14
12,-6,11,-60,110,125.3,0.4644,790.79,153.26
12,-6,12,-60,120,134.16,0.4576,786.67,150.52
12,-5,-12,-50,-120,130.0,0.453,788.29,156.88
12,-5,-11,-50,-110,120.83,0.4536,795.67,153.19
12,-5,-10,-50,-100,111.8,0.4577,782.97,151.14
12,-5,-9,-50,-90,102.96,0.4517,819.43,147.52
12,-5,-8,-50,-80,94.34,0.4392,844.4,151.24
12,-5,-7,-50,-70,86.02,0.4544,809.63,152.35
12,-5,-6,-50,-60,78.1,0.4572,811.65,153.38
12,-5,-5,-50,-50,70.71,0.4513,816.08,155.68
12,-5,-4,-50,-40,64.03,0.4516,807.21,148.26
12,-5,-3,-50,-30,58.31,0.4487,805.29,148.83
12,-5,-2,-50,-20,53.85,0.4507,805.12,154.56
12,-5,-1,-50,-10,50.99,0.4431,806.3,148.19
12,-5,0,-50,0,50.0,0.4561,812.68,155.03
12,-5,1,-50,10,50.99,0.4466,802.18,152.41
12,-5,2,-50,20,53.85,0.4553,762.68,147.94
12,-5,3,-50,30,58.31,0.4546,796.85,152.43
12,-5,4,-50,40,64.03,0.4583,796.8,151.8
12,-5,5,-50,50,70.71,0.4616,815.28,147.69
12,-5,6,-50,60,78.1,0.4485,800.41,147.19
12,-5,7,-50,70,86.02,0.4586,790.33,149.73
12,-5,8,-50,80,94.34,0.459,792.64,149.3
12,-5,9,-50,90,102.96,0.4547,790.82,155.43
12,-5,10,-50,100,111.8,0.4471,758.93,154.12
12,-5,11,-50,110,120.83,0.4546,776.7,153.73
12,-5,12,-50,120,130.0,0.4644,772.05,157.35
12,-4,-13,-40,-130,136.01,0.4705,809.23,153.32
12,-4,-12,-40,-120,126.49,0.4608,789.1,152.32
12,-4,-11,-40,-110,117.05,0.4594,797.99,153.57
12,-4,-10,-40,-100,107.7,0.4506,791.99,149.51
12,-4,-9,-40,-90,98.49,0.4451,797.43,155.08
12,-4,-8,-40,-80,89.44,0.4663,819.71,148.73
12,-4,-7,-40,-70,80.62,0.4533,769.3,149.53
12,-4,-6,-40,-60,72.11,0.4469,828.12,150.78
12,-4,-5,-40,-50,64.03,0.4504,798.97,149.13
12,-4,-4,-40,-40,56.57,0.4543,790.06,151.65
12,-4,-3,-40,-30,50.0,0.4615,801.69,149.06
12,-4,-2,-40,-20,44.72,0.4494,818.01,150.42
12,-4,-1,-40,-10,41.23,0.4451,812.13,147.87
12,-4,0,-40,0,40.0,0.4481,803.44,147.58
12,-4,1,-40,10,41.23,0.4357,806.74,143.42
12,-4,2,-40,20,44.72,0.4426,811.67,151.26
12,-4,3,-40,30,50.0,0.4487,786.57,148.71
12,-4,4,-40,40,56.57,0.4546,798.01,146.29
12,-4,5,-40,50,64.03,0.443,793.48,151.1
12,-4,6,-40,60,72.11,0.4508,781.3,154.04
12,-4,7,-40,70,80.62,0.4441,806.62,147.16
12,-4,8,-40,80,89.44,0.4699,819.88,147.8
12,-4,9,-40,90,98.49,0.4518,782.95,149.47
12,-4,10,-40,100,107.7,0.4566,807.81,147.49
12,-4,11,-40,110,117.05,0.4501,804.94,156.11
12,-4,12,-40,120,126.49,0.4534,799.95,149.59
12,-4,13,-40,130,136.01,0.4612,762.45,153.48
12,-3,-13,-30,-130,133.42,0.4777,780.49,153.44
12,-3,-12,-30,-120,123.69,0.454,782.73,150.5
12,-3,-11,-30,-110,114.02,0.4562,791.82,150.44
12,-3,-10,-30,-100,104.4,0.448,799.17,148.75
12,-3,-9,-30,-90,94.87,0.4485,792.53,143.72
12,-3,-8,-30,-80,85.44,0.4569,772.51,144.72
12,-3,-7,-30,-70,76.16,0.4572,783.37,143.77
12,-3,-6,-30,-60,67.08,0.4607,790.43,153.64
12,-3,-5,-30,-50,58.31,0.4427,775.35,149.04
12,-3,-4,-30,-40,50.0,0.4403,806.06,152.03
12,-3,-3,-30,-30,42.43,0.4574,795.33,154.14
12,-3,-2,-30,-20,36.06,0.4426,802.01,149.58
12,-3,-1,-30,-10,31.62,0.4658,818.12,150.1
12,-3,0,-30,0,30.0,0.4516,823.03,147.75
12,-3,1,-30,10,31.62,0.4337,785.49,148.76
12,-3,2,-30,20,36.06,0.4609,815.54,149.87
12,-3,3,-30,30,42.43,0.4537,789.37,156.27
12,-3,4,-30,40,50.0,0.4597,800.8,149.78
12,-3,5,-30,50,58.31,0.4556,799.14,144.54
12,-3,6,-30,60,67.08,0.4623,817.53,151.12
12,-3,7,-30,70,76.16,0.4466,800.15,142.07
12,-3,8,-30,80,85.44,0.4411,826.51,151.58
12,-3,9,-30,90,94.87,0.4349,786.88,144.56
12,-3,10,-30,100,104.4,0.4461,793.95,155.74
12,-3,11,-30,110,114.02,0.4614,787.78,151.05
12,-3,12,-30,120,123.69,0.4521,803.58,156.56
12,-3,13,-30,130,133.42,0.4518,755.5,153.33
12,-2,-13,-20,-130,131.53,0.4601,786.4,148.98
12,-2,-12,-20,-120,121.66,0.452,787.13,150.34
12,-2,-11,-20,-110,111.8,0.4613,821.38,149.97
12,-2,-10,-20,-100,101.98,0.4589,791.93,147.97
12,-2,-9,-20,-90,92.2,0.4444,811.32,148.29
12,-2,-8,-20,-80,82.46,0.4464,782.84,151.9
12,-2,-7,-20,-70,72.8,0.4537,821.83,151.79
12,-2,-6,-20,-60,63.25,0.4533,808.75,149.23
12,-2,-5,-20,-50,53.85,0.4509,813.97,147.54
12,-2,-4,-20,-40,44.72,0.4636,809.57,156.06
12,-2,-3,-20,-30,36.06,0.4406,782.37,151.12
12,-2,-2,-20,-20,28.28,0.451,793.14,146.19
12,-2,-1,-20,-10,22.36,0.4479,803.26,146.07
12,-2,0,-20,0,20.0,0.4467,805.74,152.36
12,-2,1,-20,10,22.36,0.4477,787.98,150.35
12,-2,2,-20,20,28.28,0.4483,778.02,148.65
12,-2,3,-20,30,36.06,0.4453,800.34,147.8
12,-2,4,-20,40,44.72,0.4456,797.27,151.92
12,-2,5,-20,50,53.85,0.4507,839.97,146.21
12,-2,6,-20,60,63.25,0.4573,798.83,145.82
12,-2,7,-20,70,72.8,0.447,777.3,150.25
12,-2,8,-20,80,82.46,0.4476,789.72,146.82
12,-2,9,-20,90,92.2,0.4583,797.39,150.85
12,-2,10,-20,100,101.98,0.4532,798.91,149.78
12,-2,11,-20,110,111.8,0.4666,826.89,155.93
12,-2,12,-20,120,121.66,0.4579,787.65,155.95
12,-2,13,-20,130,131.53,0.4556,808.17,156.38
12,-1,-13,-10,-130,130.38,0.4589,787.47,155.72
12,-1,-12,-10,-120,120.42,0.4539,804.56,156.34
12,-1,-11,-10,-110,110.45,0.4519,786.82,151.14
12,-1,-10,-10,-100,100.5,0.4422,772.76,149.36
12,-1,-9,-10,-90,90.55,0.4423,826.53,148.79
12,-1,-8,-10,-80,80.62,0.4536,790.58,155.35
12,-1,-7,-10,-70,70.71,0.4484,781.35,152.01
12,-1,-6,-10,-60,60.83,0.4521,818.05,149.54
12,-1,-5,-10,-50,50.99,0.4509,777.39,152.51
12,-1,-4,-10,-40,41.23,0.4505,798.14,149.31
12,-1,-3,-10,-30,31.62,0.4477,812.74,147.22
12,-1,-2,-10,-20,22.36,0.4559,775.92,144.25
12,-1,-1,-10,-10,14.14,0.4613,784.66,150.32
12,-1,0,-10,0,10.0,0.4479,805.16,150.15
12,-1,1,-10,10,14.14,0.4583,778.56,152.01
12,-1,2,-10,20,22.36,0.4496,777.02,148.41
12,-1,3,-10,30,31.62,0.4372,774.9,148.69
12,-1,4,-10,40,41.23,0.4595,804.69,153.9
12,-1,5,-10,50,50.99,0.4506,823.25,154.34
12,-1,6,-10,60,60.83,0.4424,801.07,147.83
12,-1,7,-10,70,70.71,0.4488,824.87,148.08
12,-1,8,-10,80,80.62,0.4405,783.2,148.81
12,-1,9,-10,90,90.55,0.48,822.07,141.54
12,-1,10,-10,100,100.5,0.4512,788.34,153.62
12,-1,11,-10,110,110.45,0.4446,778.41,149.74
12,-1,12,-10,120,120.42,0.4518,798.82,151.52
12,-1,13,-10,130,130.38,0.4692,771.08,156.44
12,0,-13,0,-130,130.0,0.4518,792.7,152.29
12,0,-12,0,-120,120.0,0.4643,752.65,150.12
12,0,-11,0,-110,110.0,0.4632,791.13,146.31
12,0,-10,0,-100,100.0,0.4457,803.69,148.19
12,0,-9,0,-90,90.0,0.4593,816.28,152.14
12,0,-8,0,-80,80.0,0.4582,792.27,154.46
12,0,-7,0,-70,70.0,0.4586,798.07,145.12
12,0,-6,0,-60,60.0,0.4311,814.85,145.17
12,0,-5,0,-50,50.0,0.4426,807.16,146.1
12,0,-4,0,-40,40.0,0.4695,803.56,154.43
12,0,-3,0,-30,30.0,0.4583,761.93,152.23
12,0,-2,0,-20,20.0,0.4499,799.06,149.92
12,0,-1,0,-10,10.0,0.4584,824.68,146.42
12,0,0,0,0,0.0,0.4506,821.03,149.38
12,0,1,0,10,10.0,0.4516,803.26,156.34
12,0,2,0,20,20.0,0.456,831.06,155.23
12,0,3,0,30,30.0,0.4482,804.51,156.16
12,0,4,0,40,40.0,0.4409,811.42,152.31
12,0,5,0,50,50.0,0.4478,794.29,149.27
12,0,6,0,60,60.0,0.4556,822.09,152.22
12,0,7,0,70,70.0,0.4399,822.59,153.58
12,0,8,0,80,80.0,0.448,790.18,147.28
12,0,9,0,90,90.0,0.4586,771.81,153.43
12,0,10,0,100,100.0,0.4478,802.21,140.36
12,0,11,0,110,110.0,0.4397,783.97,148.68
12,0,12,0,120,120.0,0.4632,793.81,158.28
12,0,13,0,130,130.0,0.4651,773.72,157.46
12,1,-13,10,-130,130.38,0.4575,775.43,153.85
12,1,-12,10,-120,120.42,0.4703,804.81,155.58
12,1,-11,10,-110,110.45,0.4697,808.9,147.77
12,1,-10,10,-100,100.5,0.4558,822.13,146.11
12,1,-9,10,-90,90.55,0.4499,783.96,150.54
12,1,-8,10,-80,80.62,0.4591,820.14,149.45
12,1,-7,10,-70,70.71,0.4553,777.44,144.75
12,1,-6,10,-60,60.83,0.459,754.6,147.94
12,1,-5,10,-50,50.99,0.4554,803.31,141.49
12,1,-4,10,-40,41.23,0.4542,787.08,150.36
12,1,-3,10,-30,31.62,0.445,789.62,144.6
12,1,-2,10,-20,22.36,0.4471,818.54,148.73
12,1,-1,10,-10,14.14,0.447,789.43,146.14
12,1,0,10,0,10.0,0.442,803.32,157.38
12,1,1,10,10,14.14,0.4578,809.3,155.97
12,1,2,10,20,22.36,0.4537,816.12,150.64
12,1,3,10,30,31.62,0.4536,778.87,149.07
12,1,4,10,40,41.23,0.4455,790.78,147.98
12,1,5,10,50,50.99,0.4614,794.47,149.57
12,1,6,10,60,60.83,0.4681,811.63,150.02
12,1,7,10,70,70.71,0.4585,789.96,148.73
12,1,8,10,80,80.62,0.4471,803.74,151.4
12,1,9,10,90,90.55,0.4424,806.08,151.97
12,1,10,10,100,100.5,0.4477,795.3,147.25
12,1,11,10,110,110.45,0.442,776.75,153.62
12,1,12,10,120,120.42,0.4615,817.96,152.64
12,1,13,10,130,130.38,0.4616,788.29,150.64
12,2,-13,20,-130,131.53,0.4689,788.25,151.17
12,2,-12,20,-120,121.66,0.4607,799.74,148.68
12,2,-11,20,-110,111.8,0.4629,786.6,142.38
12,2,-10,20,-100,101.98,0.4596,817.43,147.39
12,2,-9,20,-90,92.2,0.4368,819.71,148.36
12,2,-8,20,-80,82.46,0.4608,773.12,154.22
12,2,-7,20,-70,72.8,0.4586,808.11,143.99
12,2,-6,20,-60,63.25,0.4471,815.11,144.94
12,2,-5,20,-50,53.85,0.4458,805.95,146.52
12,2,-4,20,-40,44.72,0.4604,816.54,150.73
12,2,-3,20,-30,36.06,0.4535,791.89,151.77
12,2,-2,20,-20,28.28,0.4452,797.05,148.52
12,2,-1,20,-10,22.36,0.4615,818.11,146.99
12,2,0,20,0,20.0,0.4607,788.03,155.56
12,2,1,20,10,22.36,0.4626,832.89,150.88
12,2,2,20,20,28.28,0.4478,795.46,151.13
12,2,3,20,30,36.06,0.4419,763.86,148.8
12,2,4,20,40,44.72,0.4503,808.33,151.19
12,2,5,20,50,53.85,0.4511,817.54,147.38
12,2,6,20,60,63.25,0.4446,831.64,140.45
12,2,7,20,70,72.8,0.459,808.45,150.0
12,2,8,20,80,82.46,0.4572,810.78,145.62
12,2,9,20,90,92.2,0.4424,792.58,143.85
12,2,10,20,100,101.98,0.4517,806.85,154.26
12,2,11,20,110,111.8,0.4551,782.11,152.26
12,2,12,20,120,121.66,0.4571,800.14,152.54
12,2,13,20,130,131.53,0.4688,778.6,157.88
12,3,-13,30,-130,133.42,0.4639,772.35,153.29
12,3,-12,30,-120,123.69,0.4643,768.16,152.54
12,3,-11,30,-110,114.02,0.4637,800.06,148.36
12,3,-10,30,-100,104.4,0.4549,776.3,151.5
12,3,-9,30,-90,94.87,0.4615,800.4,146.94
12,3,-8,30,-80,85.44,0.4485,802.92,153.3
12,3,-7,30,-70,76.16,0.4587,783.66,149.03
12,3,-6,30,-60,67.08,0.4531,790.93,151.5
12,3,-5,30,-50,58.31,0.4392,803.92,153.08
12,3,-4,30,-40,50.0,0.4504,802.64,152.53
12,3,-3,30,-30,42.43,0.4464,809.33,149.91
12,3,-2,30,-20,36.06,0.4427,813.53,154.2
12,3,-1,30,-10,31.62,0.4593,813.53,151.53
12,3,0,30,0,30.0,0.4529,798.59,148.01
12,3,1,30,10,31.62,0.4335,776.49,150.04
12,3,2,30,20,36.06,0.4398,806.21,155.24
12,3,3,30,30,42.43,0.4242,785.41,156.56
12,3,4,30,40,50.0,0.4567,798.33,148.4
12,3,5,30,50,58.31,0.4547,814.69,146.19
12,3,6,30,60,67.08,0.4619,805.98,152.81
12,3,7,30,70,76.16,0.4582,804.68,151.34
12,3,8,30,80,85.44,0.4541,794.64,151.97
12,3,9,30,90,94.87,0.4484,799.31,155.03
12,3,10,30,100,104.4,0.4521,802.63,150.42
12,3,11,30,110,114.02,0.4522,821.24,147.42
12,3,12,30,120,123.69,0.4589,769.2,156.69
12,3,13,30,130,133.42,0.462,774.28,148.79
12,4,-13,40,-130,136.01,0.4762,759.69,156.15
12,4,-12,40,-120,126.49,0.4671,818.21,151.64
12,4,-11,40,-110,117.05,0.4493,784.4,150.37
12,4,-10,40,-100,107.7,0.4382,819.67,149.96
12,4,-9,40,-90,98.49,0.4498,807.8,154.69
12,4,-8,40,-80,89.44,0.4407,805.36,146.47
12,4,-7,40,-70,80.62,0.4527,804.38,148.58
12,4,-6,40,-60,72.11,0.4519,803.78,149.75
12,4,-5,40,-50,64.03,0.4484,779.53,146.73
12,4,-4,40,-40,56.57,0.4451,784.87,148.28
12,4,-3,40,-30,50.0,0.4494,801.32,151.69
12,4,-2,40,-20,44.72,0.4513,801.79,151.61
12,4,-1,40,-10,41.23,0.4427,787.5,148.88
12,4,0,40,0,40.0,0.4444,773.7,151.73
12,4,1,40,10,41.23,0.442,827.17,150.5
12,4,2,40,20,44.72,0.438,810.0,150.1
12,4,3,40,30,50.0,0.4523,792.54,147.21
12,4,4,40,40,56.57,0.4383,780.77,145.9
12,4,5,40,50,64.03,0.4471,799.23,145.36
12,4,6,40,60,72.11,0.4572,802.12,157.28
12,4,7,40,70,80.62,0.4468,833.49,152.24
12,4,8,40,80,89.44,0.4343,782.14,151.07
12,4,9,40,90,98.49,0.4371,784.94,145.76
12,4,10,40,100,107.7,0.4704,811.61,150.19
12,4,11,40,110,117.05,0.4682,809.68,156.07
12,4,12,40,120,126.49,0.4551,780.97,150.01
12,4,13,40,130,136.01,0.4627,767.42,151.47
12,5,-12,50,-120,130.0,0.4701,793.55,151.14
12,5,-11,50,-110,120.83,0.465,793.45,151.63
12,5,-10,50,-100,111.8,0.4672,797.93,156.92
12,5,-9,50,-90,102.96,0.4566,806.73,147.6
12,5,-8,50,-80,94.34,0.4459,821.27,153.8
12,5,-7,50,-70,86.02,0.4471,779.71,155.01
12,5,-6,50,-60,78.1,0.4585,782.83,146.57
12,5,-5,50,-50,70.71,0.4647,792.39,148.53
12,5,-4,50,-40,64.03,0.4446,805.33,145.8
12,5,-3,50,-30,58.31,0.4519,778.9,145.8
12,5,-2,50,-20,53.85,0.4391,780.09,152.17
12,5,-1,50,-10,50.99,0.4558,797.56,148.11
12,5,0,50,0,50.0,0.4611,810.42,146.46
12,5,1,50,10,50.99,0.4528,804.48,152.16
12,5,2,50,20,53.85,0.472,787.72,151.66
12,5,3,50,30,58.31,0.462,825.77,150.54
12,5,4,50,40,64.03,0.4395,773.08,152.48
12,5,5,50,50,70.71,0.4527,801.92,150.85
12,5,6,50,60,78.1,0.4578,808.2,151.16
12,5,7,50,70,86.02,0.4453,815.59,148.3
12,5,8,50,80,94.34,0.4581,793.52,152.08
12,5,9,50,90,102.96,0.4661,806.86,155.08
12,5,10,50,100,111.8,0.4515,794.79,150.52
12,5,11,50,110,120.83,0.4442,804.85,154.28
12,5,12,50,120,130.0,0.465,801.95,150.38
12,6,-12,60,-120,134.16,0.4518,799.45,154.19
12,6,-11,60,-110,125.3,0.4609,764.29,157.56
12,6,-10,60,-100,116.62,0.4614,782.4,158.34
12,6,-9,60,-90,108.17,0.4425,790.0,154.21
12,6,-8,60,-80,100.0,0.4606,775.54,149.78
12,6,-7,60,-70,92.2,0.4561,821.88,154.38
12,6,-6,60,-60,84.85,0.4556,801.35,149.48
12,6,-5,60,-50,78.1,0.454,821.51,149.36
12,6,-4,60,-40,72.11,0.4478,817.18,153.18
12,6,-3,60,-30,67.08,0.446,780.22,144.86
12,6,-2,60,-20,63.25,0.451,783.43,152.69
12,6,-1,60,-10,60.83,0.4363,824.2,148.99
12,6,0,60,0,60.0,0.4436,791.88,147.41
12,6,1,60,10,60.83,0.4621,810.07,150.29
12,6,2,60,20,63.25,0.4404,799.17,147.69
12,6,3,60,30,67.08,0.429,789.6,151.82
12,6,4,60,40,72.11,0.4466,797.83,153.12
12,6,5,60,50,78.1,0.4569,829.41,143.42
12,6,6,60,60,84.85,0.4433,813.62,151.31
12,6,7,60,70,92.2,0.4509,790.72,150.9
12,6,8,60,80,100.0,0.4527,770.15,151.27
12,6,9,60,90,108.17,0.4492,807.56,152.28
12,6,10,60,100,116.62,0.4716,791.03,148.81
12,6,11,60,110,125.3,0.4392,772.23,154.27
12,6,12,60,120,134.16,0.4678,771.75,153.11
12,7,-11,70,-110,130.38,0.4617,788.94,156.9
12,7,-10,70,-100,122.07,0.4532,777.0,158.8
12,7,-9,70,-90,114.02,0.4694,784.37,155.24
12,7,-8,70,-80,106.3,0.4705,815.46,148.8
12,7,-7,70,-70,98.99,0.452,771.96,147.67
12,7,-6,70,-60,92.2,0.45,803.08,148.14
12,7,-5,70,-50,86.02,0.428,802.9,152.22
12,7,-4,70,-40,80.62,0.4561,796.91,149.59
12,7,-3,70,-30,76.16,0.452,806.13,149.72
12,7,-2,70,-20,72.8,0.4314,820.96,148.61
12,7,-1,70,-10,70.71,0.4402,794.11,150.34
12,7,0,70,0,70.0,0.4451,791.9,149.03
12,7,1,70,10,70.71,0.4529,788.02,151.01
12,7,2,70,20,72.8,0.439,830.09,153.22
12,7,3,70,30,76.16,0.4478,805.02,146.5
12,7,4,70,40,80.62,0.4545,812.68,150.8
12,7,5,70,50,86.02,0.4572,799.89,149.73
12,7,6,70,60,92.2,0.4449,808.13,147.71
12,7,7,70,70,98.99,0.4545,802.79,154.6
12,7,8,70,80,106.3,0.4575,769.35,149.1
12,7,9,70,90,114.02,0.4496,781.33,154.71
12,7,10,70,100,122.07,0.4403,809.51,155.72
12,7,11,70,110,130.38,0.4627,788.47,154.07
12,8,-11,80,-110,136.01,0.4649,796.51,154.02
12,8,-10,80,-100,128.06,0.465,771.59,155.11
12,8,-9,80,-90,120.42,0.4551,795.46,149.93
12,8,-8,80,-80,113.14,0.4584,792.03,156.41
12,8,-7,80,-70,106.3,0.4549,803.1,149.77
12,8,-6,80,-60,100.0,0.4539,805.04,149.56
12,8,-5,80,-50,94.34,0.4469,787.31,150.08
12,8,-4,80,-40,89.44,0.4448,804.38,147.75
12,8,-3,80,-30,85.44,0.449,785.81,153.46
12,8,-2,80,-20,82.46,0.4502,800.24,151.79
12,8,-1,80,-10,80.62,0.4642,801.22,145.53
12,8,0,80,0,80.0,0.4595,779.64,148.51
12,8,1,80,10,80.62,0.4595,794.97,148.28
12,8,2,80,20,82.46,0.4523,800.15,147.92
12,8,3,80,30,85.44,0.457,818.42,154.19
12,8,4,80,40,89.44,0.4544,789.48,146.35
12,8,5,80,50,94.34,0.4319,814.91,150.89
12,8,6,80,60,100.0,0.448,768.93,147.08
12,8,7,80,70,106.3,0.4387,817.33,153.0
12,8,8,80,80,113.14,0.4444,817.26,149.55
12,8,9,80,90,120.42,0.4601,794.32,152.24
12,8,10,80,100,128.06,0.4578,785.17,152.67
12,8,11,80,110,136.01,0.4656,783.94,153.12
12,9,-10,90,-100,134.54,0.4718,768.03,155.63
12,9,-9,90,-90,127.28,0.4572,772.1,152.57
12,9,-8,90,-80,120.42,0.452,798.92,152.24
12,9,-7,90,-70,114.02,0.4661,778.04,145.22
12,9,-6,90,-60,108.17,0.4565,820.78,152.72
12,9,-5,90,-50,102.96,0.4445,781.61,156.91
12,9,-4,90,-40,98.49,0.448,783.16,154.1
12,9,-3,90,-30,94.87,0.4493,768.89,156.58
12,9,-2,90,-20,92.2,0.4548,777.11,154.4
12,9,-1,90,-10,90.55,0.4416,783.35,147.48
12,9,0,90,0,90.0,0.4655,830.68,148.49
12,9,1,90,10,90.55,0.4637,765.67,152.9
12,9,2,90,20,92.2,0.4611,822.38,150.45
12,9,3,90,30,94.87,0.455,788.54,150.41
12,9,4,90,40,98.49,0.4498,795.06,153.94
12,9,5,90,50,102.96,0.4538,822.35,151.58
12,9,6,90,60,108.17,0.4709,813.35,150.99
12,9,7,90,70,114.02,0.4565,779.71,152.29
12,9,8,90,80,120.42,0.4494,809.0,151.49
12,9,9,90,90,127.28,0.4628,750.91,152.6
12,9,10,90,100,134.54,0.46,794.4,156.03
12,10,-9,100,-90,134.54,0.4711,787.23,158.15
12,10,-8,100,-80,128.06,0.4636,764.02,153.24
12,10,-7,100,-70,122.07,0.4576,739.16,149.68
12,10,-6,100,-60,116.62,0.4723,786.91,151.77
12,10,-5,100,-50,111.8,0.437,773.14,153.04
12,10,-4,100,-40,107.7,0.4495,778.5,155.1
12,10,-3,100,-30,104.4,0.4468,776.92,151.06
12,10,-2,100,-20,101.98,0.4453,785.05,150.58
12,10,-1,100,-10,100.5,0.4463,772.77,152.34
12,10,0,100,0,100.0,0.4583,794.18,152.49
12,10,1,100,10,100.5,0.4485,769.13,153.35
12,10,2,100,20,101.98,0.451,799.56,150.44
12,10,3,100,30,104.4,0.4509,798.56,151.42
12,10,4,100,40,107.7,0.4634,801.71,154.74
12,10,5,100,50,111.8,0.4665,769.18,155.42
12,10,6,100,60,116.62,0.4612,798.36,155.06
12,10,7,100,70,122.07,0.4558,797.18,149.55
12,10,8,100,80,128.06,0.4489,792.64,153.3
12,10,9,100,90,134.54,0.4629,768.62,155.64
12,11,-8,110,-80,136.01,0.4602,778.91,153.23
12,11,-7,110,-70,130.38,0.4548,780.13,157.4
12,11,-6,110,-60,125.3,0.4553,784.4,152.34
12,11,-5,110,-50,120.83,0.4524,807.26,148.49
12,11,-4,110,-40,117.05,0.4554,778.16,153.84
12,11,-3,110,-30,114.02,0.4562,810.05,154.01
12,11,-2,110,-20,111.8,0.4551,804.52,154.09
12,11,-1,110,-10,110.45,0.4467,805.55,152.35
12,11,0,110,0,110.0,0.4578,788.04,148.85
12,11,1,110,10,110.45,0.4458,742.83,149.33
12,11,2,110,20,111.8,0.4739,805.69,152.54
12,11,3,110,30,114.02,0.4628,788.41,150.63
12,11,4,110,40,117.05,0.4538,779.77,150.17
12,11,5,110,50,120.83,0.4573,789.79,156.55
12,11,6,110,60,125.3,0.4673,764.02,152.26
12,11,7,110,70,130.38,0.4523,744.11,154.1
12,11,8,110,80,136.01,0.4682,780.68,156.0
12,12,-6,120,-60,134.16,0.4601,765.41,153.3
12,12,-5,120,-50,130.0,0.472,789.09,149.22
12,12,-4,120,-40,126.49,0.4606,804.71,155.58
12,12,-3,120,-30,123.69,0.4688,764.9,153.31
12,12,-2,120,-20,121.66,0.455,797.29,150.13
12,12,-1,120,-10,120.42,0.4504,789.0,149.76
12,12,0,120,0,120.0,0.4592,758.68,156.0
12,12,1,120,10,120.42,0.435,802.61,150.78
12,12,2,120,20,121.66,0.4462,790.92,155.33
12,12,3,120,30,123.69,0.4678,804.11,150.35
12,12,4,120,40,126.49,0.4612,758.93,153.54
12,12,5,120,50,130.0,0.4637,777.85,148.28
12,12,6,120,60,134.16,0.458,809.44,155.58
12,13,-4,130,-40,136.01,0.4597,777.22,155.85
12,13,-3,130,-30,133.42,0.4501,758.85,152.08
12,13,-2,130,-20,131.53,0.4576,809.43,154.22
12,13,-1,130,-10,130.38,0.457,784.08,147.77
12,13,0,130,0,130.0,0.4538,772.25,150.72
12,13,1,130,10,130.38,0.4711,793.14,150.21
12,13,2,130,20,131.53,0.4515,763.63,153.45
12,13,3,130,30,133.42,0.4641,787.56,151.25
12,13,4,130,40,136.01,0.4622,778.77,158.28
13,-13,-4,-130,-40,136.01,0.4541,793.24,153.57
13,-13,-3,-130,-30,133.42,0.4652,767.67,154.92
13,-13,-2,-130,-20,131.53,0.4476,786.05,153.84
13,-13,-1,-130,-10,130.38,0.4647,783.05,156.35
13,-13,0,-130,0,130.0,0.4549,794.82,155.2
13,-13,1,-130,10,130.38,0.4699,800.59,150.99
13,-13,2,-130,20,131.53,0.4658,765.03,157.49
13,-13,3,-130,30,133.42,0.4556,775.61,154.94
13,-13,4,-130,40,136.01,0.4695,785.18,156.99
13,-12,-6,-120,-60,134.16,0.4629,784.49,149.1
13,-12,-5,-120,-50,130.0,0.4692,779.11,152.49
13,-12,-4,-120,-40,126.49,0.4751,744.97,153.58
13,-12,-3,-120,-30,123.69,0.4406,792.32,150.83
13,-12,-2,-120,-20,121.66,0.4343,804.7,148.8
13,-12,-1,-120,-10,120.42,0.4649,774.42,151.13
13,-12,0,-120,0,120.0,0.4389,795.64,150.75
13,-12,1,-120,10,120.42,0.4544,787.62,147.58
13,-12,2,-120,20,121.66,0.4633,779.91,159.56
13,-12,3,-120,30,123.69,0.4547,781.38,148.86
13,-12,4,-120,40,126.49,0.4467,798.77,156.48
13,-12,5,-120,50,130.0,0.4565,785.3,157.51
13,-12,6,-120,60,134.16,0.4651,788.1,154.67
13,-11,-8,-110,-80,136.01,0.4584,785.39,160.29
13,-11,-7,-110,-70,130.38,0.457,796.25,154.39
13,-11,-6,-110,-60,125.3,0.4544,799.73,155.48
13,-11,-5,-110,-50,120.83,0.4621,815.05,158.08
13,-11,-4,-110,-40,117.05,0.4566,789.22,147.85
13,-11,-3,-110,-30,114.02,0.4674,791.22,149.98
13,-11,-2,-110,-20,111.8,0.447,779.24,156.86
13,-11,-1,-110,-10,110.45,0.4612,771.64,147.12
13,-11,0,-110,0,110.0,0.4549,778.91,150.66
13,-11,1,-110,10,110.45,0.4665,810.0,146.32
13,-11,2,-110,20,111.8,0.4463,797.04,154.98
13,-11,3,-110,30,114.02,0.4486,797.84,150.44
13,-11,4,-110,40,117.05,0.4701,800.15,151.55
13,-11,5,-110,50,120.83,0.4455,772.9,145.0
13,-11,6,-110,60,125.3,0.4613,796.29,155.29
13,-11,7,-110,70,130.38,0.4563,802.44,158.59
13,-11,8,-110,80,136.01,0.4583,797.33,155.11
13,-10,-9,-100,-90,134.54,0.4587,799.05,150.84
13,-10,-8,-100,-80,128.06,0.4483,778.72,152.83
13,-10,-7,-100,-70,122.07,0.4448,795.5,150.38
13,-10,-6,-100,-60,116.62,0.4455,800.77,150.8
13,-10,-5,-100,-50,111.8,0.4629,800.24,150.99
13,-10,-4,-100,-40,107.7,0.462,801.44,151.15
13,-10,-3,-100,-30,104.4,0.4565,804.59,147.66
13,-10,-2,-100,-20,101.98,0.4707,798.31,151.02
13,-10,-1,-100,-10,100.5,0.4374,799.71,151.18
13,-10,0,-100,0,100.0,0.4422,782.34,147.93
13,-10,1,-100,10,100.5,0.4491,800.98,149.99
13,-10,2,-100,20,101.98,0.4542,807.42,152.39
13,-10,3,-100,30,104.4,0.4553,800.71,151.81
13,-10,4,-100,40,107.7,0.4521,785.24,150.93
13,-10,5,-100,50,111.8,0.4597,803.06,153.11
13,-10,6,-100,60,116.62,0.4522,787.78,151.45
13,-10,7,-100,70,122.07,0.4531,801.55,147.2
13,-10,8,-100,80,128.06,0.4764,815.77,153.66
13,-10,9,-100,90,134.54,0.4662,793.32,152.19
13,-9,-10,-90,-100,134.54,0.4675,800.37,149.05
13,-9,-9,-90,-90,127.28,0.4484,796.39,152.59
13,-9,-8,-90,-80,120.42,0.4542,784.14,149.14
13,-9,-7,-90,-70,114.02,0.4518,772.51,155.74
13,-9,-6,-90,-60,108.17,0.4544,796.54,153.25
13,-9,-5,-90,-50,102.96,0.4744,781.17,145.3
13,-9,-4,-90,-40,98.49,0.4508,770.98,149.52
13,-9,-3,-90,-30,94.87,0.4575,822.22,145.64
13,-9,-2,-90,-20,92.2,0.4426,805.24,152.48
13,-9,-1,-90,-10,90.55,0.4565,822.1,152.34
13,-9,0,-90,0,90.0,0.449,815.93,150.35
13,-9,1,-90,10,90.55,0.4522,792.56,150.63
13,-9,2,-90,20,92.2,0.4371,815.31,147.19
13,-9,3,-90,30,94.87,0.4434,764.4,147.87
13,-9,4,-90,40,98.49,0.4434,801.64,146.65
13,-9,5,-90,50,102.96,0.4485,786.75,145.55
13,-9,6,-90,60,108.17,0.4553,791.65,151.37
13,-9,7,-90,70,114.02,0.4618,792.42,150.81
13,-9,8,-90,80,120.42,0.4647,784.16,151.01
13,-9,9,-90,90,127.28,0.4653,773.43,156.91
13,-9,10,-90,100,134.54,0.4642,804.12,154.28
13,-8,-11,-80,-110,136.01,0.4712,755.02,158.54
13,-8,-10,-80,-100,128.06,0.4657,774.98,156.11
13,-8,-9,-80,-90,120.42,0.4472,781.58,149.97
13,-8,-8,-80,-80,113.14,0.4622,811.46,150.37
13,-8,-7,-80,-70,106.3,0.4427,781.05,151.37
13,-8,-6,-80,-60,100.0,0.4516,792.83,148.14
13,-8,-5,-80,-50,94.34,0.4634,790.11,147.81
13,-8,-4,-80,-40,89.44,0.4592,795.76,151.65
13,-8,-3,-80,-30,85.44,0.443,807.59,152.23
13,-8,-2,-80,-20,82.46,0.4411,791.99,147.29
13,-8,-1,-80,-10,80.62,0.4458,824.02,150.77
13,-8,0,-80,0,80.0,0.4656,822.24,153.39
13,-8,1,-80,10,80.62,0.4616,817.4,155.11
13,-8,2,-80,20,82.46,0.4544,810.29,151.97
13,-8,3,-80,30,85.44,0.4465,812.69,153.8
13,-8,4,-80,40,89.44,0.4452,787.14,148.47
13,-8,5,-80,50,94.34,0.4612,795.85,147.0
13,-8,6,-80,60,100.0,0.4431,784.38,148.49
13,-8,7,-80,70,106.3,0.4417,804.79,150.52
13,-8,8,-80,80,113.14,0.4591,758.27,154.94
13,-8,9,-80,90,120.42,0.4566,796.54,157.09
13,-8,10,-80,100,128.06,0.4632,816.34,147.87
13,-8,11,-80,110,136.01,0.4611,752.56,155.64
13,-7,-11,-70,-110,130.38,0.4618,766.85,160.36
13,-7,-10,-70,-100,122.07,0.455,755.05,154.77
13,-7,-9,-70,-90,114.02,0.4607,785.12,154.17
13,-7,-8,-70,-80,106.3,0.4453,789.44,152.27
13,-7,-7,-70,-70,98.99,0.4586,794.87,149.12
13,-7,-6,-70,-60,92.2,0.4498,769.09,149.38
13,-7,-5,-70,-50,86.02,0.4342,787.38,145.77
13,-7,-4,-70,-40,80.62,0.4542,789.04,153.71
13,-7,-3,-70,-30,76.16,0.4352,796.35,150.25
13,-7,-2,-70,-20,72.8,0.4539,832.3,144.1
13,-7,-1,-70,-10,70.71,0.4439,829.95,147.24
13,-7,0,-70,0,70.0,0.4535,785.9,145.82
13,-7,1,-70,10,70.71,0.4435,829.66,146.5
13,-7,2,-70,20,72.8,0.4476,796.18,152.75
13,-7,3,-70,30,76.16,0.459,801.62,140.43
13,-7,4,-70,40,80.62,0.4429,782.03,153.48
13,-7,5,-70,50,86.02,0.4426,825.25,151.26
13,-7,6,-70,60,92.2,0.4592,833.62,147.39
13,-7,7,-70,70,98.99,0.4382,801.04,153.43
13,-7,8,-70,80,106.3,0.4475,796.25,154.74
13,-7,9,-70,90,114.02,0.4641,783.58,152.62
13,-7,10,-70,100,122.07,0.4504,766.39,156.8
13,-7,11,-70,110,130.38,0.4441,786.1,152.73
13,-6,-12,-60,-120,134.16,0.4672,770.55,157.83
13,-6,-11,-60,-110,125.3,0.4574,808.07,153.8
13,-6,-10,-60,-100,116.62,0.4476,799.17,153.34
13,-6,-9,-60,-90,108.17,0.4525,783.72,153.83
13,-6,-8,-60,-80,100.0,0.4437,785.03,152.21
13,-6,-7,-60,-70,92.2,0.4485,770.32,147.33
13,-6,-6,-60,-60,84.85,0.4532,795.95,149.71
13,-6,-5,-60,-50,78.1,0.4521,806.84,150.35
13,-6,-4,-60,-40,72.11,0.4234,799.17,148.45
13,-6,-3,-60,-30,67.08,0.4502,816.02,146.78
13,-6,-2,-60,-20,63.25,0.4506,807.16,149.07
13,-6,-1,-60,-10,60.83,0.4395,781.94,149.9
13,-6,0,-60,0,60.0,0.445,771.08,147.61
13,-6,1,-60,10,60.83,0.4396,811.23,145.55
13,-6,2,-60,20,63.25,0.4614,832.4,147.78
13,-6,3,-60,30,67.08,0.4451,814.16,153.25
13,-6,4,-60,40,72.11,0.4461,793.4,148.71
13,-6,5,-60,50,78.1,0.4432,813.67,150.47
13,-6,6,-60,60,84.85,0.4442,800.97,148.88
13,-6,7,-60,70,92.2,0.4702,796.06,152.44
13,-6,8,-60,80,100.0,0.4549,795.67,151.95
13,-6,9,-60,90,108.17,0.4551,832.24,150.96
13,-6,10,-60,100,116.62,0.4351,823.86,150.56
13,-6,11,-60,110,125.3,0.4598,778.14,151.34
13,-6,12,-60,120,134.16,0.4538,750.79,152.25
13,-5,-12,-50,-120,130.0,0.4651,758.78,155.3
13,-5,-11,-50,-110,120.83,0.476,793.12,148.41
13,-5,-10,-50,-100,111.8,0.4577,807.71,155.5
13,-5,-9,-50,-90,102.96,0.4535,806.02,153.38
13,-5,-8,-50,-80,94.34,0.4552,804.18,148.39
13,-5,-7,-50,-70,86.02,0.4576,791.96,157.84
13,-5,-6,-50,-60,78.1,0.4449,812.04,146.17
13,-5,-5,-50,-50,70.71,0.4462,791.16,145.9
13,-5,-4,-50,-40,64.03,0.4454,805.41,149.26
13,-5,-3,-50,-30,58.31,0.4595,786.03,152.09
13,-5,-2,-50,-20,53.85,0.4453,816.94,152.35
13,-5,-1,-50,-10,50.99,0.4581,797.58,153.99
13,-5,0,-50,0,50.0,0.4367,806.69,150.41
13,-5,1,-50,10,50.99,0.4567,798.86,147.05
13,-5,2,-50,20,53.85,0.4413,799.82,149.22
13,-5,3,-50,30,58.31,0.4569,814.31,150.14
13,-5,4,-50,40,64.03,0.4502,815.97,149.27
13,-5,5,-50,50,70.71,0.4484,780.16,152.64
13,-5,6,-50,60,78.1,0.4493,817.05,146.38
13,-5,7,-50,70,86.02,0.4461,814.19,151.01
13,-5,8,-50,80,94.34,0.4409,813.25,146.4
13,-5,9,-50,90,102.96,0.4587,782.26,154.47
13,-5,10,-50,100,111.8,0.4553,798.51,151.34
13,-5,11,-50,110,120.83,0.4582,790.06,154.69
13,-5,12,-50,120,130.0,0.4605,805.41,151.58
13,-4,-13,-40,-130,136.01,0.4705,788.07,158.39
13,-4,-12,-40,-120,126.49,0.4606,790.54,154.25
13,-4,-11,-40,-110,117.05,0.4464,796.72,161.94
13,-4,-10,-40,-100,107.7,0.4661,783.44,145.81
13,-4,-9,-40,-90,98.49,0.4515,814.63,150.42
13,-4,-8,-40,-80,89.44,0.4651,788.3,150.79
13,-4,-7,-40,-70,80.62,0.4491,810.97,152.4
13,-4,-6,-40,-60,72.11,0.4595,798.14,153.77
13,-4,-5,-40,-50,64.03,0.4528,820.4,154.5
13,-4,-4,-40,-40,56.57,0.4501,789.89,150.61
13,-4,-3,-40,-30,50.0,0.4579,777.42,148.52
13,-4,-2,-40,-20,44.72,0.4555,761.18,146.9
13,-4,-1,-40,-10,41.23,0.4451,798.75,149.03
13,-4,0,-40,0,40.0,0.4476,780.03,155.31
13,-4,1,-40,10,41.23,0.4451,771.45,153.41
13,-4,2,-40,20,44.72,0.4438,781.82,152.03
13,-4,3,-40,30,50.0,0.4458,802.53,148.1
13,-4,4,-40,40,56.57,0.4463,785.11,146.36
13,-4,5,-40,50,64.03,0.4778,787.58,145.61
13,-4,6,-40,60,72.11,0.459,804.0,150.05
13,-4,7,-40,70,80.62,0.4461,793.9,149.11
13,-4,8,-40,80,89.44,0.4591,796.27,153.55
13,-4,9,-40,90,98.49,0.4506,795.31,147.47
13,-4,10,-40,100,107.7,0.4704,795.36,151.21
13,-4,11,-40,110,117.05,0.471,797.06,153.72
13,-4,12,-40,120,126.49,0.4601,773.99,156.95
13,-4,13,-40,130,136.01,0.4523,764.96,152.36
13,-3,-13,-30,-130,133.42,0.4645,781.08,148.7
13,-3,-12,-30,-120,123.69,0.4771,798.62,151.46
13,-3,-11,-30,-110,114.02,0.4586,799.02,150.82
13,-3,-10,-30,-100,104.4,0.4555,802.51,154.21
13,-3,-9,-30,-90,94.87,0.451,804.12,149.71
13,-3,-8,-30,-80,85.44,0.4465,788.46,147.61
13,-3,-7,-30,-70,76.16,0.4463,796.46,153.02
13,-3,-6,-30,-60,67.08,0.447,795.01,149.12
13,-3,-5,-30,-50,58.31,0.4496,825.47,148.86
13,-3,-4,-30,-40,50.0,0.4545,805.25,150.19
13,-3,-3,-30,-30,42.43,0.4423,807.85,144.22
13,-3,-2,-30,-20,36.06,0.4418,791.88,149.33
13,-3,-1,-30,-10,31.62,0.4507,820.87,151.89
13,-3,0,-30,0,30.0,0.4514,794.96,149.02
13,-3,1,-30,10,31.62,0.4409,768.39,146.17
13,-3,2,-30,20,36.06,0.4594,789.32,148.43
13,-3,3,-30,30,42.43,0.4582,760.37,148.24
13,-3,4,-30,40,50.0,0.4412,804.4,151.67
13,-3,5,-30,50,58.31,0.4546,822.62,151.66
13,-3,6,-30,60,67.08,0.452,836.5,143.62
13,-3,7,-30,70,76.16,0.4676,826.13,149.55
13,-3,8,-30,80,85.44,0.4443,790.13,149.16
13,-3,9,-30,90,94.87,0.46,762.3,156.37
13,-3,10,-30,100,104.4,0.4524,814.08,147.25
13,-3,11,-30,110,114.02,0.4609,798.11,153.5
13,-3,12,-30,120,123.69,0.453,781.49,149.22
13,-3,13,-30,130,133.42,0.4686,801.45,155.14
13,-2,-13,-20,-130,131.53,0.4402,802.87,154.37
13,-2,-12,-20,-120,121.66,0.4365,762.82,149.51
13,-2,-11,-20,-110,111.8,0.4544,778.03,148.92
13,-2,-10,-20,-100,101.98,0.4591,815.1,153.61
13,-2,-9,-20,-90,92.2,0.4371,813.93,148.78
13,-2,-8,-20,-80,82.46,0.4657,803.9,153.65
13,-2,-7,-20,-70,72.8,0.4544,806.49,148.9
13,-2,-6,-20,-60,63.25,0.4597,813.96,149.01
13,-2,-5,-20,-50,53.85,0.4465,789.31,152.45
13,-2,-4,-20,-40,44.72,0.4519,804.31,148.92
13,-2,-3,-20,-30,36.06,0.4617,777.67,152.35
13,-2,-2,-20,-20,28.28,0.4579,795.24,145.65
13,-2,-1,-20,-10,22.36,0.4531,817.95,155.32
13,-2,0,-20,0,20.0,0.4553,790.79,152.08
13,-2,1,-20,10,22.36,0.454,804.83,147.35
13,-2,2,-20,20,28.28,0.4548,807.05,157.28
13,-2,3,-20,30,36.06,0.4507,825.43,154.17
13,-2,4,-20,40,44.72,0.4504,818.56,147.65
13,-2,5,-20,50,53.85,0.4485,791.96,149.53
13,-2,6,-20,60,63.25,0.434,826.99,149.09
13,-2,7,-20,70,72.8,0.4563,803.68,149.19
13,-2,8,-20,80,82.46,0.4398,786.29,149.29
13,-2,9,-20,90,92.2,0.4463,785.18,148.16
13,-2,10,-20,100,101.98,0.4555,810.44,147.26
13,-2,11,-20,110,111.8,0.4474,796.58,151.1
13,-2,12,-20,120,121.66,0.4548,802.2,153.23
13,-2,13,-20,130,131.53,0.4487,770.53,149.03
13,-1,-13,-10,-130,130.38,0.4597,763.31,148.56
13,-1,-12,-10,-120,120.42,0.4409,818.81,148.43
13,-1,-11,-10,-110,110.45,0.4515,794.85,151.82
13,-1,-10,-10,-100,100.5,0.4564,797.01,149.3
13,-1,-9,-10,-90,90.55,0.4518,803.11,150.31
13,-1,-8,-10,-80,80.62,0.4551,790.61,149.4
13,-1,-7,-10,-70,70.71,0.4394,796.33,148.09
13,-1,-6,-10,-60,60.83,0.4584,778.06,148.57
13,-1,-5,-10,-50,50.99,0.4458,810.06,146.17
13,-1,-4,-10,-40,41.23,0.45,801.18,152.77
13,-1,-3,-10,-30,31.62,0.4432,780.39,151.43
13,-1,-2,-10,-20,22.36,0.4388,792.16,149.28
13,-1,-1,-10,-10,14.14,0.4549,776.87,149.11
13,-1,0,-10,0,10.0,0.4502,787.08,148.93
13,-1,1,-10,10,14.14,0.4571,792.39,148.91
13,-1,2,-10,20,22.36,0.4571,796.73,154.02
13,-1,3,-10,30,31.62,0.4369,795.9,152.33
13,-1,4,-10,40,41.23,0.4442,796.48,153.79
13,-1,5,-10,50,50.99,0.4438,807.24,152.24
13,-1,6,-10,60,60.83,0.4506,800.6,146.93
13,-1,7,-10,70,70.71,0.4558,781.18,151.17
13,-1,8,-10,80,80.62,0.4459,794.08,149.4
13,-1,9,-10,90,90.55,0.454,823.4,150.49
13,-1,10,-10,100,100.5,0.4457,776.18,154.14
13,-1,11,-10,110,110.45,0.4554,790.48,151.63
13,-1,12,-10,120,120.42,0.4634,782.89,150.53
13,-1,13,-10,130,130.38,0.4507,767.05,152.81
13,0,-13,0,-130,130.0,0.4696,775.85,154.57
13,0,-12,0,-120,120.0,0.4662,794.99,158.4
13,0,-11,0,-110,110.0,0.4544,791.8,150.27
13,0,-10,0,-100,100.0,0.4673,816.23,146.25
13,0,-9,0,-90,90.0,0.4669,807.47,150.52
13,0,-8,0,-80,80.0,0.4541,785.62,150.59
13,0,-7,0,-70,70.0,0.4475,794.59,152.88
13,0,-6,0,-60,60.0,0.4479,801.49,150.98
13,0,-5,0,-50,50.0,0.4575,819.02,150.04
13,0,-4,0,-40,40.0,0.447,828.56,142.26
13,0,-3,0,-30,30.0,0.4569,797.84,151.71
13,0,-2,0,-20,20.0,0.4503,819.22,151.26
13,0,-1,0,-10,10.0,0.4386,778.01,149.35
13,0,0,0,0,0.0,0.4549,819.61,147.99
13,0,1,0,10,10.0,0.4323,806.47,150.13
13,0,2,0,20,20.0,0.4511,783.48,153.58
13,0,3,0,30,30.0,0.4435,804.62,150.83
13,0,4,0,40,40.0,0.4544,788.83,147.23
13,0,5,0,50,50.0,0.4568,808.29,151.01
13,0,6,0,60,60.0,0.459,805.13,148.89
13,0,7,0,70,70.0,0.4541,806.76,151.43
13,0,8,0,80,80.0,0.4429,785.31,152.64
13,0,9,0,90,90.0,0.4488,770.85,146.02
13,0,10,0,100,100.0,0.4408,813.94,150.48
13,0,11,0,110,110.0,0.4542,788.86,148.24
13,0,12,0,120,120.0,0.4632,799.05,150.36
13,0,13,0,130,130.0,0.4722,794.65,151.22
13,1,-13,10,-130,130.38,0.4589,777.72,154.78
13,1,-12,10,-120,120.42,0.4459,778.47,154.91
13,1,-11,10,-110,110.45,0.4413,790.99,147.78
13,1,-10,10,-100,100.5,0.4588,802.93,146.26
13,1,-9,10,-90,90.55,0.4417,800.18,143.23
13,1,-8,10,-80,80.62,0.4412,787.64,153.85
13,1,-7,10,-70,70.71,0.4454,809.89,148.58
13,1,-6,10,-60,60.83,0.456,776.72,147.83
13,1,-5,10,-50,50.99,0.4491,802.67,150.97
13,1,-4,10,-40,41.23,0.4515,807.59,149.97
13,1,-3,10,-30,31.62,0.4514,784.8,145.15
13,1,-2,10,-20,22.36,0.4411,774.69,150.67
13,1,-1,10,-10,14.14,0.4575,785.78,153.03
13,1,0,10,0,10.0,0.4536,791.69,148.95
13,1,1,10,10,14.14,0.4589,765.14,153.33
13,1,2,10,20,22.36,0.4572,791.16,149.72
13,1,3,10,30,31.62,0.463,780.35,149.45
13,1,4,10,40,41.23,0.4552,803.15,150.16
13,1,5,10,50,50.99,0.4645,783.38,146.81
13,1,6,10,60,60.83,0.4299,783.82,148.0
13,1,7,10,70,70.71,0.4526,814.4,147.11
13,1,8,10,80,80.62,0.4489,820.94,149.44
13,1,9,10,90,90.55,0.4542,816.79,147.37
13,1,10,10,100,100.5,0.4424,822.09,152.4
13,1,11,10,110,110.45,0.4434,778.11,150.86
13,1,12,10,120,120.42,0.4685,803.77,155.72
13,1,13,10,130,130.38,0.4577,783.12,151.45
13,2,-13,20,-130,131.53,0.4583,765.68,151.39
13,2,-12,20,-120,121.66,0.4519,786.19,153.94
13,2,-11,20,-110,111.8,0.4678,787.87,153.35
13,2,-10,20,-100,101.98,0.4504,811.73,147.0
13,2,-9,20,-90,92.2,0.4459,809.73,151.96
13,2,-8,20,-80,82.46,0.4548,821.14,144.8
13,2,-7,20,-70,72.8,0.44,808.42,152.44
13,2,-6,20,-60,63.25,0.4552,840.63,147.25
13,2,-5,20,-50,53.85,0.453,798.94,151.86
13,2,-4,20,-40,44.72,0.453,792.24,151.16
13,2,-3,20,-30,36.06,0.4507,801.92,153.4
13,2,-2,20,-20,28.28,0.4698,771.29,153.87
13,2,-1,20,-10,22.36,0.4551,788.87,148.91
13,2,0,20,0,20.0,0.4571,800.76,149.85
13,2,1,20,10,22.36,0.4445,788.61,147.1
13,2,2,20,20,28.28,0.4459,798.07,151.06
13,2,3,20,30,36.06,0.4434,811.33,147.28
13,2,4,20,40,44.72,0.4562,787.01,156.05
13,2,5,20,50,53.85,0.4552,812.62,149.48
13,2,6,20,60,63.25,0.4549,781.22,147.07
13,2,7,20,70,72.8,0.4475,822.77,153.02
13,2,8,20,80,82.46,0.4321,785.21,149.74
13,2,9,20,90,92.2,0.4602,803.45,142.6
13,2,10,20,100,101.98,0.4424,808.09,151.37
13,2,11,20,110,111.8,0.4555,810.03,150.55
13,2,12,20,120,121.66,0.4633,812.99,153.35
13,2,13,20,130,131.53,0.4545,776.12,151.3
13,3,-13,30,-130,133.42,0.4445,769.46,156.2
13,3,-12,30,-120,123.69,0.4586,807.61,153.36
13,3,-11,30,-110,114.02,0.4622,765.92,150.49
13,3,-10,30,-100,104.4,0.4502,784.05,155.52
13,3,-9,30,-90,94.87,0.435,797.59,153.73
13,3,-8,30,-80,85.44,0.4561,794.3,147.33
13,3,-7,30,-70,76.16,0.4587,792.18,147.51
13,3,-6,30,-60,67.08,0.458,804.61,148.94
13,3,-5,30,-50,58.31,0.4526,806.68,149.84
13,3,-4,30,-40,50.0,0.4512,767.56,149.68
13,3,-3,30,-30,42.43,0.4449,788.01,147.95
13,3,-2,30,-20,36.06,0.446,795.54,150.5
13,3,-1,30,-10,31.62,0.4441,807.77,152.21
13,3,0,30,0,30.0,0.4558,814.03,148.29
13,3,1,30,10,31.62,0.4478,803.7,148.73
13,3,2,30,20,36.06,0.4407,792.46,154.9
13,3,3,30,30,42.43,0.4441,788.09,148.36
13,3,4,30,40,50.0,0.4545,805.22,152.12
13,3,5,30,50,58.31,0.4703,812.32,152.7
13,3,6,30,60,67.08,0.4729,807.34,148.82
13,3,7,30,70,76.16,0.4476,815.85,146.24
13,3,8,30,80,85.44,0.4344,787.68,152.48
13,3,9,30,90,94.87,0.4552,796.9,153.54
13,3,10,30,100,104.4,0.4572,801.59,150.89
13,3,11,30,110,114.02,0.4623,803.64,150.99
13,3,12,30,120,123.69,0.465,777.42,153.63
13,3,13,30,130,133.42,0.4657,776.29,154.69
13,4,-13,40,-130,136.01,0.4685,763.37,155.24
13,4,-12,40,-120,126.49,0.4773,773.21,156.39
13,4,-11,40,-110,117.05,0.4554,808.56,149.96
13,4,-10,40,-100,107.7,0.4533,828.3,150.69
13,4,-9,40,-90,98.49,0.4561,807.3,144.45
13,4,-8,40,-80,89.44,0.4536,781.44,152.02
13,4,-7,40,-70,80.62,0.4509,783.27,146.43
13,4,-6,40,-60,72.11,0.4494,837.22,154.87
13,4,-5,40,-50,64.03,0.4529,807.73,151.8
13,4,-4,40,-40,56.57,0.4457,789.61,152.55
13,4,-3,40,-30,50.0,0.4452,821.61,145.94
13,4,-2,40,-20,44.72,0.4428,821.23,149.14
13,4,-1,40,-10,41.23,0.449,809.68,153.48
13,4,0,40,0,40.0,0.4549,804.31,152.4
13,4,1,40,10,41.23,0.4533,816.28,158.57
13,4,2,40,20,44.72,0.454,787.1,153.12
13,4,3,40,30,50.0,0.4488,805.06,151.1
13,4,4,40,40,56.57,0.4453,794.44,143.07
13,4,5,40,50,64.03,0.4492,808.41,150.04
13,4,6,40,60,72.11,0.4463,805.66,147.17
13,4,7,40,70,80.62,0.4415,807.89,151.74
13,4,8,40,80,89.44,0.4541,795.49,153.4
13,4,9,40,90,98.49,0.4421,793.93,152.78
13,4,10,40,100,107.7,0.4601,783.55,157.64
13,4,11,40,110,117.05,0.4551,792.13,155.07
13,4,12,40,120,126.49,0.472,786.52,156.82
13,4,13,40,130,136.01,0.4599,804.64,154.81
13,5,-12,50,-120,130.0,0.4635,778.27,154.43
13,5,-11,50,-110,120.83,0.4516,787.88,152.62
13,5,-10,50,-100,111.8,0.446,784.78,145.29
13,5,-9,50,-90,102.96,0.4421,796.74,153.71
13,5,-8,50,-80,94.34,0.4475,798.95,153.8
13,5,-7,50,-70,86.02,0.4567,812.28,150.39
13,5,-6,50,-60,78.1,0.4461,805.94,153.85
13,5,-5,50,-50,70.71,0.4645,836.09,154.59
13,5,-4,50,-40,64.03,0.4503,781.96,151.81
13,5,-3,50,-30,58.31,0.4588,761.7,145.56
13,5,-2,50,-20,53.85,0.4463,788.47,145.17
13,5,-1,50,-10,50.99,0.453,818.62,149.43
13,5,0,50,0,50.0,0.4367,803.09,146.67
13,5,1,50,10,50.99,0.4419,814.4,153.6
13,5,2,50,20,53.85,0.4477,810.97,146.78
13,5,3,50,30,58.31,0.4542,794.24,146.02
13,5,4,50,40,64.03,0.4427,806.15,145.56
13,5,5,50,50,70.71,0.4477,816.03,148.52
13,5,6,50,60,78.1,0.4377,795.85,152.03
13,5,7,50,70,86.02,0.4396,817.81,152.33
13,5,8,50,80,94.34,0.4532,808.07,150.69
13,5,9,50,90,102.96,0.4547,798.03,153.48
13,5,10,50,100,111.8,0.4648,781.04,149.48
13,5,11,50,110,120.83,0.4543,779.69,155.98
13,5,12,50,120,130.0,0.449,791.62,157.95
13,6,-12,60,-120,134.16,0.4582,802.91,157.88
13,6,-11,60,-110,125.3,0.4563,798.58,150.66
13,6,-10,60,-100,116.62,0.4472,784.07,156.14
13,6,-9,60,-90,108.17,0.4497,795.57,148.24
13,6,-8,60,-80,100.0,0.4583,810.41,148.51
13,6,-7,60,-70,92.2,0.4316,794.36,151.54
13,6,-6,60,-60,84.85,0.4499,801.21,151.07
13,6,-5,60,-50,78.1,0.4459,781.17,152.22
13,6,-4,60,-40,72.11,0.4429,781.98,151.5
13,6,-3,60,-30,67.08,0.4412,787.73,154.74
13,6,-2,60,-20,63.25,0.4627,817.87,152.28
13,6,-1,60,-10,60.83,0.4593,829.44,153.28
13,6,0,60,0,60.0,0.452,813.09,148.61
13,6,1,60,10,60.83,0.4512,802.86,149.59
13,6,2,60,20,63.25,0.4475,819.32,147.14
13,6,3,60,30,67.08,0.4512,780.66,143.98
13,6,4,60,40,72.11,0.4596,819.29,148.54
13,6,5,60,50,78.1,0.4504,795.66,149.14
13,6,6,60,60,84.85,0.4461,806.9,148.87
13,6,7,60,70,92.2,0.4535,824.8,151.39
13,6,8,60,80,100.0,0.4524,789.36,150.58
13,6,9,60,90,108.17,0.44,818.04,148.38
13,6,10,60,100,116.62,0.4406,789.46,153.15
13,6,11,60,110,125.3,0.4697,789.97,155.92
13,6,12,60,120,134.16,0.4702,793.31,151.0
13,7,-11,70,-110,130.38,0.4653,762.46,159.82
13,7,-10,70,-100,122.07,0.4635,778.77,153.85
13,7,-9,70,-90,114.02,0.447,768.99,154.44
13,7,-8,70,-80,106.3,0.445,792.99,151.71
13,7,-7,70,-70,98.99,0.4497,782.82,150.75
13,7,-6,70,-60,92.2,0.4513,812.86,157.55
13,7,-5,70,-50,86.02,0.4342,788.02,150.7
13,7,-4,70,-40,80.62,0.4581,805.2,153.37
13,7,-3,70,-30,76.16,0.4382,795.24,154.38
13,7,-2,70,-20,72.8,0.4431,756.51,147.55
13,7,-1,70,-10,70.71,0.4535,798.94,146.15
13,7,0,70,0,70.0,0.4442,780.04,146.36
13,7,1,70,10,70.71,0.443,801.58,142.84
13,7,2,70,20,72.8,0.4609,798.45,146.68
13,7,3,70,30,76.16,0.4422,790.48,150.02
13,7,4,70,40,80.62,0.4512,797.09,147.73
13,7,5,70,50,86.02,0.4499,768.89,146.39
13,7,6,70,60,92.2,0.4447,779.65,149.56
13,7,7,70,70,98.99,0.4405,823.93,146.19
13,7,8,70,80,106.3,0.465,765.62,157.11
13,7,9,70,90,114.02,0.4598,804.19,147.71
13,7,10,70,100,122.07,0.4553,784.28,152.42
13,7,11,70,110,130.38,0.4714,793.61,153.34
13,8,-11,80,-110,136.01,0.4716,797.36,152.99
13,8,-10,80,-100,128.06,0.4554,817.09,152.79
13,8,-9,80,-90,120.42,0.4522,786.73,155.75
13,8,-8,80,-80,113.14,0.4606,790.85,153.55
13,8,-7,80,-70,106.3,0.4549,793.57,150.19
13,8,-6,80,-60,100.0,0.4526,791.69,150.84
13,8,-5,80,-50,94.34,0.45,777.65,148.72
13,8,-4,80,-40,89.44,0.4479,827.9,149.64
13,8,-3,80,-30,85.44,0.4522,832.27,145.29
13,8,-2,80,-20,82.46,0.4377,788.33,149.0
13,8,-1,80,-10,80.62,0.4481,792.34,146.3
13,8,0,80,0,80.0,0.4578,793.19,153.55
13,8,1,80,10,80.62,0.4419,829.4,145.0
13,8,2,80,20,82.46,0.4499,785.02,150.11
13,8,3,80,30,85.44,0.4422,767.82,147.68
13,8,4,80,40,89.44,0.4628,785.0,151.64
13,8,5,80,50,94.34,0.4504,792.59,156.44
13,8,6,80,60,100.0,0.4489,800.48,150.88
13,8,7,80,70,106.3,0.4655,773.22,157.82
13,8,8,80,80,113.14,0.467,798.7,153.57
13,8,9,80,90,120.42,0.4555,791.29,153.78
13,8,10,80,100,128.06,0.453,807.45,154.19
13,8,11,80,110,136.01,0.4647,766.61,158.2
13,9,-10,90,-100,134.54,0.4626,772.71,151.2
13,9,-9,90,-90,127.28,0.4586,767.59,154.44
13,9,-8,90,-80,120.42,0.4635,783.15,153.23
13,9,-7,90,-70,114.02,0.4649,789.72,151.49
13,9,-6,90,-60,108.17,0.4534,788.33,150.2
13,9,-5,90,-50,102.96,0.4459,803.4,150.62
13,9,-4,90,-40,98.49,0.4559,813.71,147.38
13,9,-3,90,-30,94.87,0.4438,809.68,149.57
13,9,-2,90,-20,92.2,0.4508,801.04,147.37
13,9,-1,90,-10,90.55,0.4541,803.71,147.13
13,9,0,90,0,90.0,0.4487,798.36,152.38
13,9,1,90,10,90.55,0.4594,799.85,145.11
13,9,2,90,20,92.2,0.456,832.76,152.37
13,9,3,90,30,94.87,0.4483,805.31,152.74
13,9,4,90,40,98.49,0.452,818.11,147.14
13,9,5,90,50,102.96,0.4488,803.84,152.93
13,9,6,90,60,108.17,0.449,788.15,149.25
13,9,7,90,70,114.02,0.4492,800.1,151.7
13,9,8,90,80,120.42,0.4677,772.64,152.05
13,9,9,90,90,127.28,0.4658,790.3,150.11
13,9,10,90,100,134.54,0.4722,782.02,160.21
13,10,-9,100,-90,134.54,0.4619,797.96,153.39
13,10,-8,100,-80,128.06,0.4583,792.07,148.41
13,10,-7,100,-70,122.07,0.4418,777.98,148.83
13,10,-6,100,-60,116.62,0.4379,802.17,149.71
13,10,-5,100,-50,111.8,0.4517,795.44,153.1
13,10,-4,100,-40,107.7,0.4555,798.17,152.62
13,10,-3,100,-30,104.4,0.4484,785.74,143.99
13,10,-2,100,-20,101.98,0.4569,787.01,156.71
13,10,-1,100,-10,100.5,0.4574,812.03,152.78
13,10,0,100,0,100.0,0.4556,805.07,152.33
13,10,1,100,10,100.5,0.4529,788.53,147.12
13,10,2,100,20,101.98,0.4552,816.66,150.38
13,10,3,100,30,104.4,0.4536,776.67,149.58
13,10,4,100,40,107.7,0.4434,777.74,151.51
13,10,5,100,50,111.8,0.454,805.16,153.89
13,10,6,100,60,116.62,0.449,762.0,149.24
13,10,7,100,70,122.07,0.4522,796.42,154.56
13,10,8,100,80,128.06,0.4599,795.76,161.2
13,10,9,100,90,134.54,0.462,777.09,151.94
13,11,-8,110,-80,136.01,0.4661,796.67,153.2
13,11,-7,110,-70,130.38,0.458,775.41,150.39
13,11,-6,110,-60,125.3,0.4602,788.85,153.01
13,11,-5,110,-50,120.83,0.4722,794.82,149.22
13,11,-4,110,-40,117.05,0.4612,785.72,151.15
13,11,-3,110,-30,114.02,0.4537,788.03,152.62
13,11,-2,110,-20,111.8,0.4714,787.82,151.85
13,11,-1,110,-10,110.45,0.4559,786.27,150.25
13,11,0,110,0,110.0,0.4618,786.5,148.75
13,11,1,110,10,110.45,0.4683,775.88,154.11
13,11,2,110,20,111.8,0.4528,775.12,150.46
13,11,3,110,30,114.02,0.4533,767.86,153.09
13,11,4,110,40,117.05,0.4587,785.59,153.55
13,11,5,110,50,120.83,0.4591,808.22,149.34
13,11,6,110,60,125.3,0.4568,801.32,154.76
13,11,7,110,70,130.38,0.4428,758.2,153.84
13,11,8,110,80,136.01,0.4767,773.14,156.64
13,12,-6,120,-60,134.16,0.4634,789.51,157.62
13,12,-5,120,-50,130.0,0.4686,797.11,151.94
13,12,-4,120,-40,126.49,0.4584,793.38,154.75
13,12,-3,120,-30,123.69,0.4633,760.69,156.52
13,12,-2,120,-20,121.66,0.4441,777.1,153.26
13,12,-1,120,-10,120.42,0.4571,810.32,149.01
13,12,0,120,0,120.0,0.4542,759.73,152.87
13,12,1,120,10,120.42,0.4556,770.44,156.45
13,12,2,120,20,121.66,0.4664,789.45,156.09
13,12,3,120,30,123.69,0.4578,797.93,155.52
13,12,4,120,40,126.49,0.4511,792.09,153.8
13,12,5,120,50,130.0,0.4528,764.31,155.28
13,12,6,120,60,134.16,0.4605,758.86,156.14
13,13,-4,130,-40,136.01,0.4711,762.05,154.69
13,13,-3,130,-30,133.42,0.4746,767.64,159.41
13,13,-2,130,-20,131.53,0.4591,781.47,149.82
13,13,-1,130,-10,130.38,0.4503,773.4,156.5
13,13,0,130,0,130.0,0.4797,822.56,153.42
13,13,1,130,10,130.38,0.4583,768.47,157.19
13,13,2,130,20,131.53,0.4558,778.96,155.5
13,13,3,130,30,133.42,0.4661,772.16,154.01
13,13,4,130,40,136.01,0.4589,767.12,151.62
14,-13,-4,-130,-40,136.01,0.4605,781.17,154.99
14,-13,-3,-130,-30,133.42,0.445,798.55,155.35
14,-13,-2,-130,-20,131.53,0.4639,788.79,154.74
14,-13,-1,-130,-10,130.38,0.4731,799.79,152.49
14,-13,0,-130,0,130.0,0.4829,795.03,159.64
14,-13,1,-130,10,130.38,0.463,785.03,150.12
14,-13,2,-130,20,131.53,0.4475,782.8,152.99
14,-13,3,-130,30,133.42,0.4657,771.05,156.46
14,-13,4,-130,40,136.01,0.4708,805.67,161.8
14,-12,-6,-120,-60,134.16,0.4688,811.13,155.72
14,-12,-5,-120,-50,130.0,0.4632,768.69,154.06
14,-12,-4,-120,-40,126.49,0.457,771.37,148.66
14,-12,-3,-120,-30,123.69,0.4583,770.7,152.5
14,-12,-2,-120,-20,121.66,0.4642,775.02,148.97
14,-12,-1,-120,-10,120.42,0.4467,778.99,150.64
14,-12,0,-120,0,120.0,0.4465,803.46,154.17
14,-12,1,-120,10,120.42,0.4451,773.17,155.06
14,-12,2,-120,20,121.66,0.4473,774.03,152.04
14,-12,3,-120,30,123.69,0.4524,818.61,154.29
14,-12,4,-120,40,126.49,0.4618,784.9,155.89
14,-12,5,-120,50,130.0,0.4633,776.12,148.86
14,-12,6,-120,60,134.16,0.4577,775.77,155.83
14,-11,-8,-110,-80,136.01,0.471,779.61,154.95
14,-11,-7,-110,-70,130.38,0.4516,770.36,148.42
14,-11,-6,-110,-60,125.3,0.4542,791.19,155.11
14,-11,-5,-110,-50,120.83,0.4521,804.81,156.98
14,-11,-4,-110,-40,117.05,0.4631,808.67,149.37
14,-11,-3,-110,-30,114.02,0.4436,806.05,155.95
14,-11,-2,-110,-20,111.8,0.4678,768.29,151.74
14,-11,-1,-110,-10,110.45,0.445,791.31,154.0
14,-11,0,-110,0,110.0,0.4569,772.14,150.86
14,-11,1,-110,10,110.45,0.4498,807.78,149.27
14,-11,2,-110,20,111.8,0.4557,788.54,156.92
14,-11,3,-110,30,114.02,0.4607,790.48,150.7
14,-11,4,-110,40,117.05,0.4561,823.66,153.9
14,-11,5,-110,50,120.83,0.46,799.15,154.3
14,-11,6,-110,60,125.3,0.4645,796.59,150.2
14,-11,7,-110,70,130.38,0.4508,793.7,154.95
14,-11,8,-110,80,136.01,0.4592,769.33,156.23
14,-10,-9,-100,-90,134.54,0.467,758.09,154.6
14,-10,-8,-100,-80,128.06,0.4592,780.68,150.25
14,-10,-7,-100,-70,122.07,0.4524,783.4,147.15
14,-10,-6,-100,-60,116.62,0.4644,789.97,150.35
14,-10,-5,-100,-50,111.8,0.4463,797.07,146.53
14,-10,-4,-100,-40,107.7,0.459,807.27,149.24
14,-10,-3,-100,-30,104.4,0.4342,787.44,150.01
14,-10,-2,-100,-20,101.98,0.4508,824.08,151.77
14,-10,-1,-100,-10,100.5,0.4651,809.68,151.84
14,-10,0,-100,0,100.0,0.4524,768.41,144.44
14,-10,1,-100,10,100.5,0.4575,796.63,153.77
14,-10,2,-100,20,101.98,0.4393,802.12,152.14
14,-10,3,-100,30,104.4,0.4473,780.45,147.82
14,-10,4,-100,40,107.7,0.4476,787.71,149.36
14,-10,5,-100,50,111.8,0.4569,791.1,147.83
14,-10,6,-100,60,116.62,0.4604,773.24,151.04
14,-10,7,-100,70,122.07,0.4497,777.78,151.2
14,-10,8,-100,80,128.06,0.4565,781.14,153.39
14,-10,9,-100,90,134.54,0.4712,765.06,145.79
14,-9,-10,-90,-100,134.54,0.4543,796.78,156.37
14,-9,-9,-90,-90,127.28,0.4535,779.49,147.38
14,-9,-8,-90,-80,120.42,0.4503,777.05,154.77
14,-9,-7,-90,-70,114.02,0.4537,775.83,147.54
14,-9,-6,-90,-60,108.17,0.46,792.61,148.3
14,-9,-5,-90,-50,102.96,0.4598,807.86,149.28
14,-9,-4,-90,-40,98.49,0.4413,820.02,152.34
14,-9,-3,-90,-30,94.87,0.4492,780.54,151.59
14,-9,-2,-90,-20,92.2,0.4417,808.79,151.69
14,-9,-1,-90,-10,90.55,0.4442,807.38,148.66
14,-9,0,-90,0,90.0,0.4579,792.44,152.17
14,-9,1,-90,10,90.55,0.4706,787.7,145.98
14,-9,2,-90,20,92.2,0.4506,807.1,147.56
14,-9,3,-90,30,94.87,0.4495,787.12,145.68
14,-9,4,-90,40,98.49,0.453,797.97,147.26
14,-9,5,-90,50,102.96,0.4449,791.0,150.39
14,-9,6,-90,60,108.17,0.4417,784.45,154.56
14,-9,7,-90,70,114.02,0.4597,786.78,155.04
14,-9,8,-90,80,120.42,0.4556,783.14,153.23
14,-9,9,-90,90,127.28,0.4613,805.28,150.16
14,-9,10,-90,100,134.54,0.4684,776.42,150.48
14,-8,-11,-80,-110,136.01,0.4661,772.86,158.53
14,-8,-10,-80,-100,128.06,0.4534,775.05,153.81
14,-8,-9,-80,-90,120.42,0.4432,803.86,155.85
14,-8,-8,-80,-80,113.14,0.4602,794.47,153.52
14,-8,-7,-80,-70,106.3,0.4548,808.37,156.36
14,-8,-6,-80,-60,100.0,0.4504,793.8,150.04
14,-8,-5,-80,-50,94.34,0.4408,800.77,145.45
14,-8,-4,-80,-40,89.44,0.4596,819.25,147.52
14,-8,-3,-80,-30,85.44,0.4414,813.17,145.4
14,-8,-2,-80,-20,82.46,0.4427,783.96,151.07
14,-8,-1,-80,-10,80.62,0.453,802.88,149.49
14,-8,0,-80,0,80.0,0.4547,799.62,154.35
14,-8,1,-80,10,80.62,0.4573,787.18,148.68
14,-8,2,-80,20,82.46,0.4477,784.3,153.02
14,-8,3,-80,30,85.44,0.4556,794.62,151.16
14,-8,4,-80,40,89.44,0.4458,812.9,149.37
14,-8,5,-80,50,94.34,0.4339,779.09,153.89
14,-8,6,-80,60,100.0,0.4494,802.4,149.94
14,-8,7,-80,70,106.3,0.4408,778.33,154.11
14,-8,8,-80,80,113.14,0.4625,771.14,155.11
14,-8,9,-80,90,120.42,0.4528,791.15,152.34
14,-8,10,-80,100,128.06,0.465,796.39,152.24
14,-8,11,-80,110,136.01,0.472,799.7,155.71
14,-7,-11,-70,-110,130.38,0.4526,789.65,152.28
14,-7,-10,-70,-100,122.07,0.455,774.08,156.92
14,-7,-9,-70,-90,114.02,0.4543,812.37,153.96
14,-7,-8,-70,-80,106.3,0.4465,784.05,150.56
14,-7,-7,-70,-70,98.99,0.4508,791.82,153.83
14,-7,-6,-70,-60,92.2,0.4508,803.8,146.98
14,-7,-5,-70,-50,86.02,0.4357,813.0,147.03
14,-7,-4,-70,-40,80.62,0.4477,798.69,150.38
14,-7,-3,-70,-30,76.16,0.446,787.5,148.42
14,-7,-2,-70,-20,72.8,0.4362,806.12,151.55
14,-7,-1,-70,-10,70.71,0.4533,801.51,153.22
14,-7,0,-70,0,70.0,0.4594,815.43,149.79
14,-7,1,-70,10,70.71,0.4489,800.91,148.0
14,-7,2,-70,20,72.8,0.4514,800.82,152.64
14,-7,3,-70,30,76.16,0.461,803.96,152.01
14,-7,4,-70,40,80.62,0.4499,811.45,152.54
14,-7,5,-70,50,86.02,0.4612,771.23,151.75
14,-7,6,-70,60,92.2,0.448,806.84,151.7
14,-7,7,-70,70,98.99,0.4448,773.14,151.55
14,-7,8,-70,80,106.3,0.4497,805.98,150.58
14,-7,9,-70,90,114.02,0.461,797.29,147.56
14,-7,10,-70,100,122.07,0.458,788.14,151.75
14,-7,11,-70,110,130.38,0.4656,770.05,158.46
14,-6,-12,-60,-120,134.16,0.4518,759.75,156.16
14,-6,-11,-60,-110,125.3,0.4763,776.96,154.51
14,-6,-10,-60,-100,116.62,0.4647,787.66,150.52
14,-6,-9,-60,-90,108.17,0.4637,800.03,152.91
14,-6,-8,-60,-80,100.0,0.4413,804.59,153.5
14,-6,-7,-60,-70,92.2,0.454,807.7,155.08
14,-6,-6,-60,-60,84.85,0.4545,817.84,152.41
14,-6,-5,-60,-50,78.1,0.4455,803.86,151.74
14,-6,-4,-60,-40,72.11,0.4317,802.83,153.63
14,-6,-3,-60,-30,67.08,0.4426,783.55,151.03
14,-6,-2,-60,-20,63.25,0.4408,817.0,148.45
14,-6,-1,-60,-10,60.83,0.4554,786.32,156.06
14,-6,0,-60,0,60.0,0.4677,816.91,147.95
14,-6,1,-60,10,60.83,0.4494,770.34,153.92
14,-6,2,-60,20,63.25,0.4509,798.66,147.29
14,-6,3,-60,30,67.08,0.4579,808.08,150.14
14,-6,4,-60,40,72.11,0.4534,828.97,147.27
14,-6,5,-60,50,78.1,0.4399,788.29,153.61
14,-6,6,-60,60,84.85,0.4522,788.44,151.6
14,-6,7,-60,70,92.2,0.4462,802.4,151.64
14,-6,8,-60,80,100.0,0.4465,770.7,151.35
14,-6,9,-60,90,108.17,0.4518,785.65,151.99
14,-6,10,-60,100,116.62,0.461,758.34,152.41
14,-6,11,-60,110,125.3,0.4582,780.69,155.09
14,-6,12,-60,120,134.16,0.4478,736.71,149.56
14,-5,-12,-50,-120,130.0,0.4667,776.29,153.05
14,-5,-11,-50,-110,120.83,0.4711,795.32,155.63
14,-5,-10,-50,-100,111.8,0.4539,761.01,150.91
14,-5,-9,-50,-90,102.96,0.4454,784.86,152.0
14,-5,-8,-50,-80,94.34,0.4327,788.94,148.99
14,-5,-7,-50,-70,86.02,0.4552,831.21,143.72
14,-5,-6,-50,-60,78.1,0.4508,794.84,150.74
14,-5,-5,-50,-50,70.71,0.4709,778.93,148.2
14,-5,-4,-50,-40,64.03,0.4602,806.65,152.39
14,-5,-3,-50,-30,58.31,0.4466,814.55,152.69
14,-5,-2,-50,-20,53.85,0.4528,829.67,150.82
14,-5,-1,-50,-10,50.99,0.4534,793.38,151.32
14,-5,0,-50,0,50.0,0.4523,810.06,151.12
14,-5,1,-50,10,50.99,0.4531,793.73,152.04
14,-5,2,-50,20,53.85,0.4515,795.13,147.65
14,-5,3,-50,30,58.31,0.4567,812.48,149.65
14,-5,4,-50,40,64.03,0.4398,822.4,153.97
14,-5,5,-50,50,70.71,0.4691,771.85,149.17
14,-5,6,-50,60,78.1,0.4441,773.22,150.17
14,-5,7,-50,70,86.02,0.452,798.89,145.18
14,-5,8,-50,80,94.34,0.4553,781.58,153.45
14,-5,9,-50,90,102.96,0.46,802.83,149.61
14,-5,10,-50,100,111.8,0.4556,784.14,153.48
14,-5,11,-50,110,120.83,0.4688,808.29,152.65
14,-5,12,-50,120,130.0,0.4723,788.55,146.8
14,-4,-13,-40,-130,136.01,0.474,782.39,156.09
14,-4,-12,-40,-120,126.49,0.4564,805.71,151.08
14,-4,-11,-40,-110,117.05,0.4661,776.07,152.94
14,-4,-10,-40,-100,107.7,0.4643,817.43,153.78
14,-4,-9,-40,-90,98.49,0.46,812.27,149.29
14,-4,-8,-40,-80,89.44,0.4542,804.29,153.4
14,-4,-7,-40,-70,80.62,0.4593,800.85,149.72
14,-4,-6,-40,-60,72.11,0.4584,797.28,153.43
14,-4,-5,-40,-50,64.03,0.4511,791.82,148.86
14,-4,-4,-40,-40,56.57,0.4273,799.08,151.92
14,-4,-3,-40,-30,50.0,0.4704,790.74,148.98
14,-4,-2,-40,-20,44.72,0.4447,788.49,151.74
14,-4,-1,-40,-10,41.23,0.4469,789.15,151.21
14,-4,0,-40,0,40.0,0.4544,789.52,153.27
14,-4,1,-40,10,41.23,0.4633,810.66,151.62
14,-4,2,-40,20,44.72,0.4317,787.28,145.86
14,-4,3,-40,30,50.0,0.4574,814.69,151.33
14,-4,4,-40,40,56.57,0.448,796.02,161.57
14,-4,5,-40,50,64.03,0.4564,798.6,151.47
14,-4,6,-40,60,72.11,0.4398,808.59,149.25
14,-4,7,-40,70,80.62,0.454,785.78,155.47
14,-4,8,-40,80,89.44,0.4429,794.87,146.81
14,-4,9,-40,90,98.49,0.4453,796.31,150.68
14,-4,10,-40,100,107.7,0.4513,802.76,158.27
14,-4,11,-40,110,117.05,0.4546,783.3,156.27
14,-4,12,-40,120,126.49,0.452,810.35,147.79
14,-4,13,-40,130,136.01,0.4716,765.41,151.76
14,-3,-13,-30,-130,133.42,0.4656,795.02,156.37
14,-3,-12,-30,-120,123.69,0.453,800.2,150.43
14,-3,-11,-30,-110,114.02,0.4531,783.66,151.36
14,-3,-10,-30,-100,104.4,0.448,799.12,146.88
14,-3,-9,-30,-90,94.87,0.4552,791.76,147.17
14,-3,-8,-30,-80,85.44,0.4583,827.91,151.69
14,-3,-7,-30,-70,76.16,0.4519,794.17,146.01
14,-3,-6,-30,-60,67.08,0.4546,776.54,151.39
14,-3,-5,-30,-50,58.31,0.4362,803.04,153.86
14,-3,-4,-30,-40,50.0,0.4529,816.61,154.42
14,-3,-3,-30,-30,42.43,0.4503,827.81,149.15
14,-3,-2,-30,-20,36.06,0.4422,785.17,152.86
14,-3,-1,-30,-10,31.62,0.448,793.48,152.22
14,-3,0,-30,0,30.0,0.4375,839.37,146.5
14,-3,1,-30,10,31.62,0.4549,808.14,149.57
14,-3,2,-30,20,36.06,0.4589,812.35,149.67
14,-3,3,-30,30,42.43,0.455,766.96,148.79
14,-3,4,-30,40,50.0,0.4544,790.09,149.75
14,-3,5,-30,50,58.31,0.4485,774.37,152.73
14,-3,6,-30,60,67.08,0.451,782.33,155.54
14,-3,7,-30,70,76.16,0.4515,803.59,149.71
14,-3,8,-30,80,85.44,0.4652,813.99,147.92
14,-3,9,-30,90,94.87,0.4339,809.49,149.96
14,-3,10,-30,100,104.4,0.4495,794.19,145.54
14,-3,11,-30,110,114.02,0.4562,788.57,150.47
14,-3,12,-30,120,123.69,0.459,810.62,151.92
14,-3,13,-30,130,133.42,0.4725,783.75,158.31
14,-2,-13,-20,-130,131.53,0.4612,769.44,160.4
14,-2,-12,-20,-120,121.66,0.4659,809.85,154.48
14,-2,-11,-20,-110,111.8,0.4549,808.21,153.35
14,-2,-10,-20,-100,101.98,0.4476,804.35,149.73
14,-2,-9,-20,-90,92.2,0.4399,798.88,148.41
14,-2,-8,-20,-80,82.46,0.4668,784.19,148.69
14,-2,-7,-20,-70,72.8,0.4454,811.74,150.76
14,-2,-6,-20,-60,63.25,0.4653,822.63,150.32
14,-2,-5,-20,-50,53.85,0.4413,805.63,150.7
14,-2,-4,-20,-40,44.72,0.4381,796.98,150.6
14,-2,-3,-20,-30,36.06,0.4503,785.33,149.96
14,-2,-2,-20,-20,28.28,0.4491,807.32,147.27
14,-2,-1,-20,-10,22.36,0.4594,807.45,146.03
14,-2,0,-20,0,20.0,0.4522,800.63,149.75
14,-2,1,-20,10,22.36,0.4382,795.23,148.1
14,-2,2,-20,20,28.28,0.4464,813.61,147.98
14,-2,3,-20,30,36.06,0.4675,837.16,151.08
14,-2,4,-20,40,44.72,0.4397,780.73,151.42
14,-2,5,-20,50,53.85,0.4481,789.11,150.04
14,-2,6,-20,60,63.25,0.4396,835.75,151.73
14,-2,7,-20,70,72.8,0.4631,814.44,152.29
14,-2,8,-20,80,82.46,0.4429,760.52,153.13
14,-2,9,-20,90,92.2,0.4503,832.9,148.93
14,-2,10,-20,100,101.98,0.452,792.26,154.77
14,-2,11,-20,110,111.8,0.4351,799.3,149.63
14,-2,12,-20,120,121.66,0.4584,811.72,149.46
14,-2,13,-20,130,131.53,0.4529,810.76,152.95
14,-1,-13,-10,-130,130.38,0.4569,775.51,148.94
14,-1,-12,-10,-120,120.42,0.4698,810.7,147.33
14,-1,-11,-10,-110,110.45,0.4513,770.46,153.88
14,-1,-10,-10,-100,100.5,0.4563,782.86,149.33
14,-1,-9,-10,-90,90.55,0.4609,797.89,148.29
14,-1,-8,-10,-80,80.62,0.4578,801.19,153.86
14,-1,-7,-10,-70,70.71,0.4577,809.8,147.36
14,-1,-6,-10,-60,60.83,0.4607,800.11,150.24
14,-1,-5,-10,-50,50.99,0.438,789.84,147.24
14,-1,-4,-10,-40,41.23,0.4541,813.58,149.18
14,-1,-3,-10,-30,31.62,0.4512,799.0,155.3
14,-1,-2,-10,-20,22.36,0.4314,783.7,149.13
14,-1,-1,-10,-10,14.14,0.4525,792.56,145.11
14,-1,0,-10,0,10.0,0.4553,825.38,145.3
14,-1,1,-10,10,14.14,0.4532,816.99,151.37
14,-1,2,-10,20,22.36,0.4585,794.38,147.35
14,-1,3,-10,30,31.62,0.4605,805.66,150.58
14,-1,4,-10,40,41.23,0.4519,778.17,148.06
14,-1,5,-10,50,50.99,0.4514,825.93,146.78
14,-1,6,-10,60,60.83,0.4442,808.79,142.78
14,-1,7,-10,70,70.71,0.4484,781.62,156.45
14,-1,8,-10,80,80.62,0.4563,786.12,150.24
14,-1,9,-10,90,90.55,0.4423,784.38,146.3
14,-1,10,-10,100,100.5,0.4459,803.65,154.24
14,-1,11,-10,110,110.45,0.4455,779.92,158.22
14,-1,12,-10,120,120.42,0.4584,784.52,150.03
14,-1,13,-10,130,130.38,0.4559,783.95,157.29
14,0,-13,0,-130,130.0,0.4521,779.83,159.15
14,0,-12,0,-120,120.0,0.4449,808.24,158.77
14,0,-11,0,-110,110.0,0.4542,813.9,145.67
14,0,-10,0,-100,100.0,0.4492,814.12,146.3
14,0,-9,0,-90,90.0,0.4605,837.86,147.95
14,0,-8,0,-80,80.0,0.4559,814.45,154.81
14,0,-7,0,-70,70.0,0.4409,790.2,151.94
14,0,-6,0,-60,60.0,0.4507,827.33,149.08
14,0,-5,0,-50,50.0,0.4466,805.54,151.04
14,0,-4,0,-40,40.0,0.449,786.18,150.43
14,0,-3,0,-30,30.0,0.4537,787.25,146.59
14,0,-2,0,-20,20.0,0.453,846.42,153.8
14,0,-1,0,-10,10.0,0.4485,796.93,150.52
14,0,0,0,0,0.0,0.4454,806.21,145.62
14,0,1,0,10,10.0,0.4464,820.6,152.19
14,0,2,0,20,20.0,0.4556,817.11,149.04
14,0,3,0,30,30.0,0.4389,803.26,151.44
14,0,4,0,40,40.0,0.464,789.74,149.26
14,0,5,0,50,50.0,0.4595,813.55,145.63
14,0,6,0,60,60.0,0.4594,826.3,148.51
14,0,7,0,70,70.0,0.4593,810.26,147.5
14,0,8,0,80,80.0,0.4398,806.33,153.37
14,0,9,0,90,90.0,0.4473,782.53,143.68
14,0,10,0,100,100.0,0.4525,786.85,148.17
14,0,11,0,110,110.0,0.4676,805.8,153.5
14,0,12,0,120,120.0,0.4568,797.36,153.42
14,0,13,0,130,130.0,0.4583,783.22,157.48
14,1,-13,10,-130,130.38,0.464,819.36,157.73
14,1,-12,10,-120,120.42,0.4568,792.35,152.6
14,1,-11,10,-110,110.45,0.4654,776.58,151.1
14,1,-10,10,-100,100.5,0.4572,806.03,155.18
14,1,-9,10,-90,90.55,0.4469,776.67,151.71
14,1,-8,10,-80,80.62,0.4518,807.09,148.9
14,1,-7,10,-70,70.71,0.4551,796.62,152.08
14,1,-6,10,-60,60.83,0.449,823.92,144.72
14,1,-5,10,-50,50.99,0.4359,809.99,145.6
14,1,-4,10,-40,41.23,0.4514,792.82,154.05
14,1,-3,10,-30,31.62,0.4505,792.27,155.06
14,1,-2,10,-20,22.36,0.4552,783.23,144.25
14,1,-1,10,-10,14.14,0.4606,805.03,152.59
14,1,0,10,0,10.0,0.4594,809.02,150.93
14,1,1,10,10,14.14,0.4491,806.51,149.02
14,1,2,10,20,22.36,0.4607,810.6,154.46
14,1,3,10,30,31.62,0.4527,801.26,149.75
14,1,4,10,40,41.23,0.4637,782.3,144.47
14,1,5,10,50,50.99,0.4485,798.46,153.33
14,1,6,10,60,60.83,0.4612,798.19,148.78
14,1,7,10,70,70.71,0.4308,835.57,151.9
14,1,8,10,80,80.62,0.4607,816.65,144.64
14,1,9,10,90,90.55,0.4461,800.04,149.67
14,1,10,10,100,100.5,0.4583,777.69,149.41
14,1,11,10,110,110.45,0.454,779.88,154.31
14,1,12,10,120,120.42,0.4596,807.32,158.62
14,1,13,10,130,130.38,0.4598,796.02,148.15
14,2,-13,20,-130,131.53,0.45,787.34,153.08
14,2,-12,20,-120,121.66,0.4707,797.68,148.38
14,2,-11,20,-110,111.8,0.4569,786.58,155.6
14,2,-10,20,-100,101.98,0.4502,792.45,147.78
14,2,-9,20,-90,92.2,0.441,787.96,153.13
14,2,-8,20,-80,82.46,0.4636,824.39,151.42
14,2,-7,20,-70,72.8,0.4438,781.56,150.71
14,2,-6,20,-60,63.25,0.442,830.37,152.31
14,2,-5,20,-50,53.85,0.4501,803.66,150.01
14,2,-4,20,-40,44.72,0.4588,805.06,148.08
14,2,-3,20,-30,36.06,0.4528,796.61,148.82
14,2,-2,20,-20,28.28,0.4474,797.65,141.32
14,2,-1,20,-10,22.36,0.4544,810.13,146.86
14,2,0,20,0,20.0,0.4375,821.76,156.47
14,2,1,20,10,22.36,0.4493,816.92,149.54
14,2,2,20,20,28.28,0.4517,793.97,152.26
14,2,3,20,30,36.06,0.4525,821.15,149.02
14,2,4,20,40,44.72,0.4537,812.07,151.39
14,2,5,20,50,53.85,0.4528,821.92,146.9
14,2,6,20,60,63.25,0.4548,789.41,147.42
14,2,7,20,70,72.8,0.447,805.5,151.44
14,2,8,20,80,82.46,0.4482,812.29,152.69
14,2,9,20,90,92.2,0.4648,793.69,147.98
14,2,10,20,100,101.98,0.4527,776.51,157.42
14,2,11,20,110,111.8,0.4519,781.44,151.81
14,2,12,20,120,121.66,0.4585,791.99,154.05
14,2,13,20,130,131.53,0.454,787.83,153.16
14,3,-13,30,-130,133.42,0.459,795.09,149.51
14,3,-12,30,-120,123.69,0.4643,814.07,154.11
14,3,-11,30,-110,114.02,0.4712,803.37,150.98
14,3,-10,30,-100,104.4,0.4461,794.6,151.36
14,3,-9,30,-90,94.87,0.4482,810.66,146.37
14,3,-8,30,-80,85.44,0.4412,803.24,148.12
14,3,-7,30,-70,76.16,0.4487,781.03,149.06
14,3,-6,30,-60,67.08,0.4477,790.52,151.17
14,3,-5,30,-50,58.31,0.4415,821.44,150.86
14,3,-4,30,-40,50.0,0.4448,754.77,155.9
14,3,-3,30,-30,42.43,0.4543,816.49,151.96
14,3,-2,30,-20,36.06,0.4572,804.14,151.16
14,3,-1,30,-10,31.62,0.4515,812.56,152.64
14,3,0,30,0,30.0,0.4531,813.54,152.91
14,3,1,30,10,31.62,0.4455,790.92,152.56
14,3,2,30,20,36.06,0.4446,806.51,147.15
14,3,3,30,30,42.43,0.4482,761.13,148.23
14,3,4,30,40,50.0,0.4513,788.64,144.88
14,3,5,30,50,58.31,0.4437,795.4,151.52
14,3,6,30,60,67.08,0.4496,785.87,153.25
14,3,7,30,70,76.16,0.4639,788.89,155.4
14,3,8,30,80,85.44,0.4479,806.99,153.96
14,3,9,30,90,94.87,0.4605,794.6,154.13
14,3,10,30,100,104.4,0.4567,794.4,148.8
14,3,11,30,110,114.02,0.4536,803.44,150.66
14,3,12,30,120,123.69,0.4607,779.52,155.64
14,3,13,30,130,133.42,0.4556,815.22,155.01
14,4,-13,40,-130,136.01,0.4583,771.93,151.64
14,4,-12,40,-120,126.49,0.4679,790.46,154.28
14,4,-11,40,-110,117.05,0.4595,780.06,151.26
14,4,-10,40,-100,107.7,0.4385,824.35,147.14
14,4,-9,40,-90,98.49,0.4464,795.22,151.25
14,4,-8,40,-80,89.44,0.4507,807.11,156.14
14,4,-7,40,-70,80.62,0.4532,783.81,154.64
14,4,-6,40,-60,72.11,0.4616,804.8,151.74
14,4,-5,40,-50,64.03,0.4445,815.6,147.44
14,4,-4,40,-40,56.57,0.4446,810.74,153.01
14,4,-3,40,-30,50.0,0.4428,794.04,148.94
14,4,-2,40,-20,44.72,0.4585,794.56,149.05
14,4,-1,40,-10,41.23,0.4607,778.68,148.16
14,4,0,40,0,40.0,0.43,765.96,148.16
14,4,1,40,10,41.23,0.4361,781.46,143.83
14,4,2,40,20,44.72,0.4474,810.0,149.83
14,4,3,40,30,50.0,0.4574,780.35,155.24
14,4,4,40,40,56.57,0.4492,781.47,149.7
14,4,5,40,50,64.03,0.453,811.95,153.83
14,4,6,40,60,72.11,0.4508,799.01,151.04
14,4,7,40,70,80.62,0.4601,789.01,147.45
14,4,8,40,80,89.44,0.4493,816.77,148.54
14,4,9,40,90,98.49,0.457,804.69,149.23
14,4,10,40,100,107.7,0.4485,800.31,147.71
14,4,11,40,110,117.05,0.467,813.52,151.64
14,4,12,40,120,126.49,0.4752,789.25,151.79
14,4,13,40,130,136.01,0.4605,776.64,153.1
14,5,-12,50,-120,130.0,0.4544,799.83,153.17
14,5,-11,50,-110,120.83,0.4424,825.57,154.53
14,5,-10,50,-100,111.8,0.4395,771.55,146.6
14,5,-9,50,-90,102.96,0.4529,803.68,151.59
14,5,-8,50,-80,94.34,0.4464,790.37,150.81
14,5,-7,50,-70,86.02,0.445,800.64,152.38
14,5,-6,50,-60,78.1,0.4449,820.68,145.92
14,5,-5,50,-50,70.71,0.4464,800.06,145.99
14,5,-4,50,-40,64.03,0.4513,806.27,146.2
14,5,-3,50,-30,58.31,0.4444,789.98,145.31
14,5,-2,50,-20,53.85,0.4519,796.75,147.24
14,5,-1,50,-10,50.99,0.4477,799.56,143.25
14,5,0,50,0,50.0,0.4495,788.32,144.8
14,5,1,50,10,50.99,0.4555,788.17,154.97
14,5,2,50,20,53.85,0.4504,800.2,151.58
14,5,3,50,30,58.31,0.4643,791.04,153.59
14,5,4,50,40,64.03,0.4469,795.18,149.64
14,5,5,50,50,70.71,0.4483,795.37,145.57
14,5,6,50,60,78.1,0.4494,795.07,153.24
14,5,7,50,70,86.02,0.4494,773.41,148.8
14,5,8,50,80,94.34,0.4548,776.53,144.06
14,5,9,50,90,102.96,0.456,811.08,152.94
14,5,10,50,100,111.8,0.4626,778.04,152.36
14,5,11,50,110,120.83,0.4604,805.88,155.55
14,5,12,50,120,130.0,0.4667,774.37,148.31
14,6,-12,60,-120,134.16,0.4464,788.91,156.92
14,6,-11,60,-110,125.3,0.4533,796.41,154.68
14,6,-10,60,-100,116.62,0.4474,807.92,153.06
14,6,-9,60,-90,108.17,0.4372,788.06,154.26
14,6,-8,60,-80,100.0,0.4453,813.59,154.24
14,6,-7,60,-70,92.2,0.444,784.02,152.15
14,6,-6,60,-60,84.85,0.454,808.55,149.59
14,6,-5,60,-50,78.1,0.4614,813.46,148.68
14,6,-4,60,-40,72.11,0.4556,802.15,145.66
14,6,-3,60,-30,67.08,0.4379,799.51,148.29
14,6,-2,60,-20,63.25,0.4417,793.86,151.68
14,6,-1,60,-10,60.83,0.4524,799.78,145.1
14,6,0,60,0,60.0,0.4351,819.98,149.78
14,6,1,60,10,60.83,0.4565,801.96,147.76
14,6,2,60,20,63.25,0.4468,817.47,151.76
14,6,3,60,30,67.08,0.4438,813.44,147.72
14,6,4,60,40,72.11,0.4532,775.33,149.42
14,6,5,60,50,78.1,0.452,791.51,152.32
14,6,6,60,60,84.85,0.4404,811.3,151.01
14,6,7,60,70,92.2,0.4439,775.19,154.96
14,6,8,60,80,100.0,0.4511,789.74,149.45
14,6,9,60,90,108.17,0.4455,804.72,151.63
14,6,10,60,100,116.62,0.4448,791.81,148.14
14,6,11,60,110,125.3,0.4655,774.85,156.63
14,6,12,60,120,134.16,0.4746,775.0,152.08
14,7,-11,70,-110,130.38,0.4493,754.65,149.34
14,7,-10,70,-100,122.07,0.4536,752.11,154.94
14,7,-9,70,-90,114.02,0.4589,799.49,155.32
14,7,-8,70,-80,106.3,0.4435,779.09,154.48
14,7,-7,70,-70,98.99,0.4466,804.13,144.1
14,7,-6,70,-60,92.2,0.4587,805.09,145.71
14,7,-5,70,-50,86.02,0.4617,802.31,155.83
14,7,-4,70,-40,80.62,0.4335,805.33,148.18
14,7,-3,70,-30,76.16,0.4476,802.23,144.6
14,7,-2,70,-20,72.8,0.4669,825.99,150.67
14,7,-1,70,-10,70.71,0.4395,795.68,150.7
14,7,0,70,0,70.0,0.4445,812.9,150.45
14,7,1,70,10,70.71,0.4494,811.7,144.83
14,7,2,70,20,72.8,0.4437,798.31,147.75
14,7,3,70,30,76.16,0.4387,782.5,149.99
14,7,4,70,40,80.62,0.4521,834.52,153.24
14,7,5,70,50,86.02,0.4412,818.55,150.19
14,7,6,70,60,92.2,0.4489,789.59,145.45
14,7,7,70,70,98.99,0.4512,778.89,149.69
14,7,8,70,80,106.3,0.4621,811.14,150.36
14,7,9,70,90,114.02,0.4631,796.37,156.31
14,7,10,70,100,122.07,0.4485,786.29,151.27
14,7,11,70,110,130.38,0.4644,788.39,153.81
14,8,-11,80,-110,136.01,0.4815,762.23,152.09
14,8,-10,80,-100,128.06,0.468,790.33,150.93
14,8,-9,80,-90,120.42,0.4677,789.68,152.7
14,8,-8,80,-80,113.14,0.4501,799.36,148.17
14,8,-7,80,-70,106.3,0.4465,808.84,143.22
14,8,-6,80,-60,100.0,0.4466,806.43,154.96
14,8,-5,80,-50,94.34,0.4516,811.73,152.19
14,8,-4,80,-40,89.44,0.4444,794.11,150.41
14,8,-3,80,-30,85.44,0.4659,805.76,149.63
14,8,-2,80,-20,82.46,0.4393,793.98,148.85
14,8,-1,80,-10,80.62,0.4553,791.11,150.26
14,8,0,80,0,80.0,0.4515,802.9,148.07
14,8,1,80,10,80.62,0.4457,804.81,148.2
14,8,2,80,20,82.46,0.4362,802.84,144.13
14,8,3,80,30,85.44,0.4487,783.95,149.17
14,8,4,80,40,89.44,0.4637,809.14,148.37
14,8,5,80,50,94.34,0.4396,770.97,146.22
14,8,6,80,60,100.0,0.444,779.45,151.84
14,8,7,80,70,106.3,0.452,819.21,147.85
14,8,8,80,80,113.14,0.4519,766.27,151.84
14,8,9,80,90,120.42,0.4419,771.78,152.26
14,8,10,80,100,128.06,0.4359,773.91,151.92
14,8,11,80,110,136.01,0.4702,787.47,154.49
14,9,-10,90,-100,134.54,0.4565,776.1,156.44
14,9,-9,90,-90,127.28,0.4621,805.55,153.26
14,9,-8,90,-80,120.42,0.4588,771.39,151.65
14,9,-7,90,-70,114.02,0.4561,790.5,157.0
14,9,-6,90,-60,108.17,0.4427,789.17,155.97
14,9,-5,90,-50,102.96,0.4576,799.5,146.96
14,9,-4,90,-40,98.49,0.4525,794.81,153.77
14,9,-3,90,-30,94.87,0.4512,822.74,156.26
14,9,-2,90,-20,92.2,0.4526,805.75,149.78
14,9,-1,90,-10,90.55,0.4372,776.49,152.91
14,9,0,90,0,90.0,0.4612,791.7,149.24
14,9,1,90,10,90.55,0.4478,787.92,156.85
14,9,2,90,20,92.2,0.4472,816.68,143.45
14,9,3,90,30,94.87,0.4602,830.6,151.32
14,9,4,90,40,98.49,0.4569,813.21,152.22
14,9,5,90,50,102.96,0.4507,785.05,153.13
14,9,6,90,60,108.17,0.4437,805.2,148.2
14,9,7,90,70,114.02,0.4462,761.45,150.28
14,9,8,90,80,120.42,0.4658,798.86,151.16
14,9,9,90,90,127.28,0.453,810.02,146.86
14,9,10,90,100,134.54,0.4628,763.92,154.93
14,10,-9,100,-90,134.54,0.464,795.23,158.09
14,10,-8,100,-80,128.06,0.4447,773.28,153.77
14,10,-7,100,-70,122.07,0.4666,796.92,149.06
14,10,-6,100,-60,116.62,0.4577,803.34,149.41
14,10,-5,100,-50,111.8,0.4486,784.91,149.46
14,10,-4,100,-40,107.7,0.4515,794.95,151.17
14,10,-3,100,-30,104.4,0.4561,791.34,147.81
14,10,-2,100,-20,101.98,0.4443,804.79,148.48
14,10,-1,100,-10,100.5,0.4546,804.93,153.79
14,10,0,100,0,100.0,0.444,785.4,153.23
14,10,1,100,10,100.5,0.4367,807.05,153.83
14,10,2,100,20,101.98,0.4372,799.35,149.27
14,10,3,100,30,104.4,0.4643,822.03,158.23
14,10,4,100,40,107.7,0.4652,817.07,159.16
14,10,5,100,50,111.8,0.4556,802.82,156.33
14,10,6,100,60,116.62,0.4553,779.74,150.27
14,10,7,100,70,122.07,0.4554,787.56,150.77
14,10,8,100,80,128.06,0.4468,803.58,160.41
14,10,9,100,90,134.54,0.4514,762.31,152.48
14,11,-8,110,-80,136.01,0.4536,773.07,154.68
14,11,-7,110,-70,130.38,0.4654,778.1,158.3
14,11,-6,110,-60,125.3,0.4513,777.65,160.15
14,11,-5,110,-50,120.83,0.4594,795.8,150.1
14,11,-4,110,-40,117.05,0.4576,791.75,152.46
14,11,-3,110,-30,114.02,0.4579,811.73,148.03
14,11,-2,110,-20,111.8,0.4592,797.13,153.67
14,11,-1,110,-10,110.45,0.4618,790.81,150.84
14,11,0,110,0,110.0,0.459,782.01,150.96
14,11,1,110,10,110.45,0.4549,809.62,151.85
14,11,2,110,20,111.8,0.4559,789.98,152.48
14,11,3,110,30,114.02,0.4566,782.58,153.69
14,11,4,110,40,117.05,0.4455,792.27,157.48
14,11,5,110,50,120.83,0.4459,774.19,156.17
14,11,6,110,60,125.3,0.4656,771.49,149.54
14,11,7,110,70,130.38,0.4433,756.3,153.19
14,11,8,110,80,136.01,0.473,795.53,157.06
14,12,-6,120,-60,134.16,0.4514,801.71,156.3
14,12,-5,120,-50,130.0,0.4493,764.93,156.21
14,12,-4,120,-40,126.49,0.4666,779.68,151.81
14,12,-3,120,-30,123.69,0.4624,789.93,154.76
14,12,-2,120,-20,121.66,0.4463,788.13,153.75
14,12,-1,120,-10,120.42,0.4589,789.57,150.3
14,12,0,120,0,120.0,0.4598,762.75,153.18
14,12,1,120,10,120.42,0.4691,792.24,149.77
14,12,2,120,20,121.66,0.4551,776.07,153.28
14,12,3,120,30,123.69,0.4587,773.2,156.17
14,12,4,120,40,126.49,0.4571,792.08,157.97
14,12,5,120,50,130.0,0.4512,806.99,151.95
14,12,6,120,60,134.16,0.4734,798.76,152.53
14,13,-4,130,-40,136.01,0.4627,751.46,153.67
14,13,-3,130,-30,133.42,0.4545,770.22,154.48
14,13,-2,130,-20,131.53,0.4651,773.03,154.11
14,13,-1,130,-10,130.38,0.4573,789.97,153.14
14,13,0,130,0,130.0,0.4523,772.68,152.97
14,13,1,130,10,130.38,0.4663,805.96,151.92
14,13,2,130,20,131.53,0.4476,801.32,155.7
14,13,3,130,30,133.42,0.4648,761.44,154.06
14,13,4,130,40,136.01,0.4692,758.42,157.44
15,-13,-4,-130,-40,136.01,0.4542,769.85,153.06
15,-13,-3,-130,-30,133.42,0.4612,763.13,158.5
15,-13,-2,-130,-20,131.53,0.469,798.68,149.5
15,-13,-1,-130,-10,130.38,0.4622,799.41,151.0
15,-13,0,-130,0,130.0,0.4604,766.98,156.29
15,-13,1,-130,10,130.38,0.4595,781.85,150.46
15,-13,2,-130,20,131.53,0.474,783.28,156.38
15,-13,3,-130,30,133.42,0.4655,767.68,149.37
15,-13,4,-130,40,136.01,0.4621,796.21,148.78
15,-12,-6,-120,-60,134.16,0.4784,793.33,154.98
15,-12,-5,-120,-50,130.0,0.4601,796.36,150.12
15,-12,-4,-120,-40,126.49,0.4631,790.22,158.68
15,-12,-3,-120,-30,123.69,0.4556,787.89,152.73
15,-12,-2,-120,-20,121.66,0.4536,810.54,149.75
15,-12,-1,-120,-10,120.42,0.4452,792.7,150.35
15,-12,0,-120,0,120.0,0.4592,798.77,152.91
15,-12,1,-120,10,120.42,0.4575,758.12,154.2
15,-12,2,-120,20,121.66,0.4593,816.48,156.09
15,-12,3,-120,30,123.69,0.4467,803.14,149.03
15,-12,4,-120,40,126.49,0.4663,807.41,158.9
15,-12,5,-120,50,130.0,0.4578,794.07,156.81
15,-12,6,-120,60,134.16,0.4665,755.76,154.87
15,-11,-8,-110,-80,136.01,0.4681,779.59,152.12
15,-11,-7,-110,-70,130.38,0.4596,796.75,155.02
15,-11,-6,-110,-60,125.3,0.4629,782.57,154.42
15,-11,-5,-110,-50,120.83,0.4406,788.16,151.43
15,-11,-4,-110,-40,117.05,0.4563,773.22,153.25
15,-11,-3,-110,-30,114.02,0.4705,793.52,151.95
15,-11,-2,-110,-20,111.8,0.4745,779.14,153.07
15,-11,-1,-110,-10,110.45,0.4667,788.1,154.02
15,-11,0,-110,0,110.0,0.4552,778.04,150.92
15,-11,1,-110,10,110.45,0.4538,784.42,146.64
15,-11,2,-110,20,111.8,0.4511,770.92,153.21
15,-11,3,-110,30,114.02,0.4595,773.19,152.06
15,-11,4,-110,40,117.05,0.4454,785.38,150.13
15,-11,5,-110,50,120.83,0.4613,764.53,155.52
15,-11,6,-110,60,125.3,0.469,784.14,149.1
15,-11,7,-110,70,130.38,0.4444,799.67,159.79
15,-11,8,-110,80,136.01,0.4639,762.17,151.41
15,-10,-9,-100,-90,134.54,0.4724,783.12,151.55
15,-10,-8,-100,-80,128.06,0.4786,800.34,155.16
15,-10,-7,-100,-70,122.07,0.4534,806.72,155.37
15,-10,-6,-100,-60,116.62,0.4551,807.35,155.22
15,-10,-5,-100,-50,111.8,0.4566,776.15,148.52
15,-10,-4,-100,-40,107.7,0.4406,815.0,146.83
15,-10,-3,-100,-30,104.4,0.4527,772.57,155.99
15,-10,-2,-100,-20,101.98,0.4425,802.13,146.06
15,-10,-1,-100,-10,100.5,0.4584,814.05,150.71
15,-10,0,-100,0,100.0,0.4509,810.1,148.8
15,-10,1,-100,10,100.5,0.4602,802.23,145.94
15,-10,2,-100,20,101.98,0.4666,800.05,149.75
15,-10,3,-100,30,104.4,0.4537,785.65,150.48
15,-10,4,-100,40,107.7,0.4596,805.45,153.07
15,-10,5,-100,50,111.8,0.4496,780.44,152.75
15,-10,6,-100,60,116.62,0.4621,780.04,151.4
15,-10,7,-100,70,122.07,0.461,786.7,156.2
15,-10,8,-100,80,128.06,0.4498,762.87,156.8
15,-10,9,-100,90,134.54,0.4679,781.94,153.46
15,-9,-10,-90,-100,134.54,0.4667,783.42,155.36
15,-9,-9,-90,-90,127.28,0.4594,793.16,156.16
15,-9,-8,-90,-80,120.42,0.4645,795.9,152.51
15,-9,-7,-90,-70,114.02,0.4587,810.24,151.35
15,-9,-6,-90,-60,108.17,0.4512,802.35,153.47
15,-9,-5,-90,-50,102.96,0.4512,803.71,148.31
15,-9,-4,-90,-40,98.49,0.451,821.68,152.36
15,-9,-3,-90,-30,94.87,0.4453,791.6,146.61
15,-9,-2,-90,-20,92.2,0.4631,784.87,142.63
15,-9,-1,-90,-10,90.55,0.4388,800.77,148.0
15,-9,0,-90,0,90.0,0.451,805.12,148.26
15,-9,1,-90,10,90.55,0.4427,813.64,151.05
15,-9,2,-90,20,92.2,0.4287,776.73,144.84
15,-9,3,-90,30,94.87,0.4492,802.34,149.82
15,-9,4,-90,40,98.49,0.446,813.71,151.49
15,-9,5,-90,50,102.96,0.4447,784.25,148.54
15,-9,6,-90,60,108.17,0.4506,795.47,152.49
15,-9,7,-90,70,114.02,0.4485,771.97,152.99
15,-9,8,-90,80,120.42,0.4639,814.7,153.74
15,-9,9,-90,90,127.28,0.4541,794.29,152.95
15,-9,10,-90,100,134.54,0.4522,779.86,155.31
15,-8,-11,-80,-110,136.01,0.4751,780.68,152.25
15,-8,-10,-80,-100,128.06,0.4451,766.22,150.6
15,-8,-9,-80,-90,120.42,0.4706,786.18,152.25
15,-8,-8,-80,-80,113.14,0.4637,801.77,150.93
15,-8,-7,-80,-70,106.3,0.462,785.44,151.94
15,-8,-6,-80,-60,100.0,0.4413,801.84,153.68
15,-8,-5,-80,-50,94.34,0.4574,812.94,158.97
15,-8,-4,-80,-40,89.44,0.4479,786.44,151.49
15,-8,-3,-80,-30,85.44,0.443,783.01,149.27
15,-8,-2,-80,-20,82.46,0.4658,810.34,151.14
15,-8,-1,-80,-10,80.62,0.4366,790.66,154.3
15,-8,0,-80,0,80.0,0.4478,832.92,151.34
15,-8,1,-80,10,80.62,0.4488,795.29,149.8
15,-8,2,-80,20,82.46,0.4384,814.6,151.33
15,-8,3,-80,30,85.44,0.448,798.33,152.45
15,-8,4,-80,40,89.44,0.4662,822.97,150.68
15,-8,5,-80,50,94.34,0.4438,776.41,150.68
15,-8,6,-80,60,100.0,0.4451,800.26,151.5
15,-8,7,-80,70,106.3,0.4586,778.13,148.43
15,-8,8,-80,80,113.14,0.4523,796.64,152.32
15,-8,9,-80,90,120.42,0.4779,755.15,155.85
15,-8,10,-80,100,128.06,0.4687,770.93,152.1
15,-8,11,-80,110,136.01,0.4777,770.28,152.88
15,-7,-11,-70,-110,130.38,0.4621,790.92,156.83
15,-7,-10,-70,-100,122.07,0.4662,799.87,147.0
15,-7,-9,-70,-90,114.02,0.4548,802.28,153.86
15,-7,-8,-70,-80,106.3,0.4472,780.36,147.82
15,-7,-7,-70,-70,98.99,0.4549,813.35,150.99
15,-7,-6,-70,-60,92.2,0.4416,802.48,147.36
15,-7,-5,-70,-50,86.02,0.4441,794.47,147.64
15,-7,-4,-70,-40,80.62,0.441,823.24,144.34
15,-7,-3,-70,-30,76.16,0.4453,796.76,153.68
15,-7,-2,-70,-20,72.8,0.4524,795.78,147.78
15,-7,-1,-70,-10,70.71,0.4592,787.9,150.63
15,-7,0,-70,0,70.0,0.4486,807.2,154.71
15,-7,1,-70,10,70.71,0.4556,798.07,155.03
15,-7,2,-70,20,72.8,0.4626,817.09,150.85
15,-7,3,-70,30,76.16,0.4438,764.51,150.63
15,-7,4,-70,40,80.62,0.4562,779.94,151.25
15,-7,5,-70,50,86.02,0.4464,807.65,148.19
15,-7,6,-70,60,92.2,0.4443,798.87,146.69
15,-7,7,-70,70,98.99,0.4589,798.54,147.13
15,-7,8,-70,80,106.3,0.4479,804.55,150.19
15,-7,9,-70,90,114.02,0.4608,777.38,150.97
15,-7,10,-70,100,122.07,0.4573,821.54,150.54
15,-7,11,-70,110,130.38,0.4662,790.31,159.08
15,-6,-12,-60,-120,134.16,0.4737,773.89,151.26
15,-6,-11,-60,-110,125.3,0.4478,789.84,156.18
15,-6,-10,-60,-100,116.62,0.4651,787.11,152.22
15,-6,-9,-60,-90,108.17,0.4648,783.49,143.82
15,-6,-8,-60,-80,100.0,0.4606,780.53,149.76
15,-6,-7,-60,-70,92.2,0.4538,792.85,153.46
15,-6,-6,-60,-60,84.85,0.4714,787.89,150.42
15,-6,-5,-60,-50,78.1,0.45,804.69,148.19
15,-6,-4,-60,-40,72.11,0.4448,790.6,148.62
15,-6,-3,-60,-30,67.08,0.4464,762.42,150.27
15,-6,-2,-60,-20,63.25,0.4476,789.22,150.28
15,-6,-1,-60,-10,60.83,0.45,794.03,150.03
15,-6,0,-60,0,60.0,0.4453,782.47,155.88
15,-6,1,-60,10,60.83,0.446,803.98,157.79
15,-6,2,-60,20,63.25,0.4467,806.9,156.98
15,-6,3,-60,30,67.08,0.4368,820.01,150.67
15,-6,4,-60,40,72.11,0.446,800.73,148.91
15,-6,5,-60,50,78.1,0.4626,799.76,152.09
15,-6,6,-60,60,84.85,0.4458,804.39,148.87
15,-6,7,-60,70,92.2,0.4388,819.41,151.26
15,-6,8,-60,80,100.0,0.4575,787.01,154.18
15,-6,9,-60,90,108.17,0.4571,797.2,154.34
15,-6,10,-60,100,116.62,0.4533,810.45,150.1
15,-6,11,-60,110,125.3,0.4594,772.25,149.69
15,-6,12,-60,120,134.16,0.4591,778.42,156.06
15,-5,-12,-50,-120,130.0,0.4559,792.28,152.83
15,-5,-11,-50,-110,120.83,0.4535,798.26,150.94
15,-5,-10,-50,-100,111.8,0.469,799.83,147.48
15,-5,-9,-50,-90,102.96,0.4511,787.25,145.91
15,-5,-8,-50,-80,94.34,0.4589,815.62,148.14
15,-5,-7,-50,-70,86.02,0.4557,813.15,150.0
15,-5,-6,-50,-60,78.1,0.4576,804.42,153.44
15,-5,-5,-50,-50,70.71,0.4406,802.22,150.6
15,-5,-4,-50,-40,64.03,0.4407,784.09,145.25
15,-5,-3,-50,-30,58.31,0.4504,793.39,146.13
15,-5,-2,-50,-20,53.85,0.4597,806.0,147.83
15,-5,-1,-50,-10,50.99,0.4516,796.43,145.31
15,-5,0,-50,0,50.0,0.4522,824.6,154.24
15,-5,1,-50,10,50.99,0.4508,793.46,151.69
15,-5,2,-50,20,53.85,0.4521,797.92,155.58
15,-5,3,-50,30,58.31,0.4468,814.36,150.43
15,-5,4,-50,40,64.03,0.4512,775.24,153.3
15,-5,5,-50,50,70.71,0.4567,802.82,153.1
15,-5,6,-50,60,78.1,0.4533,780.54,147.09
15,-5,7,-50,70,86.02,0.4495,774.63,153.4
15,-5,8,-50,80,94.34,0.4487,801.46,147.37
15,-5,9,-50,90,102.96,0.4572,794.81,149.85
15,-5,10,-50,100,111.8,0.4657,812.99,153.84
15,-5,11,-50,110,120.83,0.4591,781.08,151.71
15,-5,12,-50,120,130.0,0.4583,789.36,153.69
15,-4,-13,-40,-130,136.01,0.4635,802.72,158.12
15,-4,-12,-40,-120,126.49,0.4533,790.06,150.97
15,-4,-11,-40,-110,117.05,0.4609,819.75,151.07
15,-4,-10,-40,-100,107.7,0.4596,819.34,150.8
15,-4,-9,-40,-90,98.49,0.455,824.11,147.73
15,-4,-8,-40,-80,89.44,0.4417,781.34,152.38
15,-4,-7,-40,-70,80.62,0.4419,808.4,154.08
15,-4,-6,-40,-60,72.11,0.4447,788.57,152.01
15,-4,-5,-40,-50,64.03,0.4504,764.56,154.6
15,-4,-4,-40,-40,56.57,0.4544,794.29,148.74
15,-4,-3,-40,-30,50.0,0.4556,799.33,150.17
15,-4,-2,-40,-20,44.72,0.4512,787.71,148.92
15,-4,-1,-40,-10,41.23,0.4485,788.59,150.82
15,-4,0,-40,0,40.0,0.4539,825.3,147.72
15,-4,1,-40,10,41.23,0.4571,821.37,152.85
15,-4,2,-40,20,44.72,0.446,795.36,154.55
15,-4,3,-40,30,50.0,0.4485,799.55,148.54
15,-4,4,-40,40,56.57,0.4562,763.09,147.57
15,-4,5,-40,50,64.03,0.4422,823.83,150.7
15,-4,6,-40,60,72.11,0.4484,796.94,145.86
15,-4,7,-40,70,80.62,0.4608,794.73,151.78
15,-4,8,-40,80,89.44,0.4447,799.1,147.36
15,-4,9,-40,90,98.49,0.4491,814.0,150.85
15,-4,10,-40,100,107.7,0.4562,796.07,156.1
15,-4,11,-40,110,117.05,0.4496,788.74,152.7
15,-4,12,-40,120,126.49,0.4516,787.5,153.39
15,-4,13,-40,130,136.01,0.4645,781.39,152.68
15,-3,-13,-30,-130,133.42,0.4495,784.06,151.61
15,-3,-12,-30,-120,123.69,0.4578,776.0,148.49
15,-3,-11,-30,-110,114.02,0.458,802.82,155.12
15,-3,-10,-30,-100,104.4,0.4488,797.02,151.96
15,-3,-9,-30,-90,94.87,0.4586,773.05,145.93
15,-3,-8,-30,-80,85.44,0.4611,774.72,152.78
15,-3,-7,-30,-70,76.16,0.4606,812.05,146.99
15,-3,-6,-30,-60,67.08,0.4429,799.14,155.25
15,-3,-5,-30,-50,58.31,0.4639,804.48,145.22
15,-3,-4,-30,-40,50.0,0.4513,796.88,150.07
15,-3,-3,-30,-30,42.43,0.4367,803.66,145.49
15,-3,-2,-30,-20,36.06,0.4298,803.37,155.76
15,-3,-1,-30,-10,31.62,0.4433,792.91,152.69
15,-3,0,-30,0,30.0,0.4593,801.58,147.87
15,-3,1,-30,10,31.62,0.4606,781.55,148.44
15,-3,2,-30,20,36.06,0.4547,776.47,151.17
15,-3,3,-30,30,42.43,0.4591,825.15,148.83
15,-3,4,-30,40,50.0,0.4465,810.72,148.15
15,-3,5,-30,50,58.31,0.4475,804.83,151.12
15,-3,6,-30,60,67.08,0.4347,782.5,144.5
15,-3,7,-30,70,76.16,0.4367,783.22,149.33
15,-3,8,-30,80,85.44,0.449,767.72,147.23
15,-3,9,-30,90,94.87,0.4383,796.29,148.37
15,-3,10,-30,100,104.4,0.4624,794.34,149.12
15,-3,11,-30,110,114.02,0.453,782.66,155.83
15,-3,12,-30,120,123.69,0.4558,794.07,155.3
15,-3,13,-30,130,133.42,0.4572,754.26,152.85
15,-2,-13,-20,-130,131.53,0.4668,757.09,154.77
15,-2,-12,-20,-120,121.66,0.4645,809.24,154.71
15,-2,-11,-20,-110,111.8,0.4568,796.14,147.96
15,-2,-10,-20,-100,101.98,0.4442,771.31,150.98
15,-2,-9,-20,-90,92.2,0.4537,801.55,151.07
15,-2,-8,-20,-80,82.46,0.4561,780.09,150.19
15,-2,-7,-20,-70,72.8,0.452,792.97,143.62
15,-2,-6,-20,-60,63.25,0.4418,792.38,150.45
15,-2,-5,-20,-50,53.85,0.4503,828.85,152.83
15,-2,-4,-20,-40,44.72,0.4498,801.82,153.81
15,-2,-3,-20,-30,36.06,0.4605,805.01,155.2
15,-2,-2,-20,-20,28.28,0.4428,799.57,159.5
15,-2,-1,-20,-10,22.36,0.4557,797.89,150.31
15,-2,0,-20,0,20.0,0.4514,825.05,152.41
15,-2,1,-20,10,22.36,0.4494,774.86,147.82
15,-2,2,-20,20,28.28,0.4505,798.06,153.29
15,-2,3,-20,30,36.06,0.4481,812.58,145.58
15,-2,4,-20,40,44.72,0.4458,810.42,156.2
15,-2,5,-20,50,53.85,0.4489,812.43,154.01
15,-2,6,-20,60,63.25,0.4576,811.22,148.94
15,-2,7,-20,70,72.8,0.4622,780.23,146.2
15,-2,8,-20,80,82.46,0.4649,805.42,146.29
15,-2,9,-20,90,92.2,0.4387,777.65,156.32
15,-2,10,-20,100,101.98,0.4512,789.53,155.65
15,-2,11,-20,110,111.8,0.4564,788.44,154.77
15,-2,12,-20,120,121.66,0.4625,797.37,151.86
15,-2,13,-20,130,131.53,0.4545,767.36,154.32
15,-1,-13,-10,-130,130.38,0.4612,790.48,152.57
15,-1,-12,-10,-120,120.42,0.4675,769.16,153.78
15,-1,-11,-10,-110,110.45,0.4468,790.31,148.7
15,-1,-10,-10,-100,100.5,0.4485,781.72,147.66
15,-1,-9,-10,-90,90.55,0.4577,779.13,152.11
15,-1,-8,-10,-80,80.62,0.4568,810.96,149.92
15,-1,-7,-10,-70,70.71,0.4413,776.82,146.46
15,-1,-6,-10,-60,60.83,0.4406,804.13,145.75
15,-1,-5,-10,-50,50.99,0.4483,800.6,149.09
15,-1,-4,-10,-40,41.23,0.4478,819.15,151.5
15,-1,-3,-10,-30,31.62,0.4556,794.43,152.35
15,-1,-2,-10,-20,22.36,0.4524,803.15,148.83
15,-1,-1,-10,-10,14.14,0.4519,831.62,151.81
15,-1,0,-10,0,10.0,0.4637,771.7,150.22
15,-1,1,-10,10,14.14,0.4566,805.8,151.55
15,-1,2,-10,20,22.36,0.4469,818.17,145.2
15,-1,3,-10,30,31.62,0.4488,801.86,148.28
15,-1,4,-10,40,41.23,0.4502,770.53,146.11
15,-1,5,-10,50,50.99,0.4602,803.65,148.86
15,-1,6,-10,60,60.83,0.4578,820.81,155.43
15,-1,7,-10,70,70.71,0.4349,820.74,146.52
15,-1,8,-10,80,80.62,0.4524,809.17,154.83
15,-1,9,-10,90,90.55,0.4538,804.16,147.64
15,-1,10,-10,100,100.5,0.438,784.82,154.88
15,-1,11,-10,110,110.45,0.4543,818.88,149.31
15,-1,12,-10,120,120.42,0.4636,791.56,156.41
15,-1,13,-10,130,130.38,0.4594,781.32,157.49
15,0,-13,0,-130,130.0,0.4443,781.33,148.8
15,0,-12,0,-120,120.0,0.4569,782.96,154.28
15,0,-11,0,-110,110.0,0.4576,789.87,148.53
15,0,-10,0,-100,100.0,0.452,817.51,147.69
15,0,-9,0,-90,90.0,0.438,772.35,145.53
15,0,-8,0,-80,80.0,0.4499,778.92,148.88
15,0,-7,0,-70,70.0,0.4537,768.07,152.96
15,0,-6,0,-60,60.0,0.4614,827.97,154.42
15,0,-5,0,-50,50.0,0.4693,803.45,152.42
15,0,-4,0,-40,40.0,0.448,809.94,150.41
15,0,-3,0,-30,30.0,0.4367,777.44,155.43
15,0,-2,0,-20,20.0,0.4512,821.3,148.3
15,0,-1,0,-10,10.0,0.4429,798.71,152.36
15,0,0,0,0,0.0,0.4611,802.79,151.96
15,0,1,0,10,10.0,0.4489,821.84,154.41
15,0,2,0,20,20.0,0.4437,805.75,147.01
15,0,3,0,30,30.0,0.4565,794.08,147.61
15,0,4,0,40,40.0,0.4337,816.25,150.58
15,0,5,0,50,50.0,0.452,812.48,147.71
15,0,6,0,60,60.0,0.4427,808.24,153.47
15,0,7,0,70,70.0,0.4543,824.04,151.69
15,0,8,0,80,80.0,0.4541,812.33,149.3
15,0,9,0,90,90.0,0.4401,800.29,152.28
15,0,10,0,100,100.0,0.4445,776.84,148.45
15,0,11,0,110,110.0,0.4646,801.59,151.04
15,0,12,0,120,120.0,0.4494,793.4,153.03
15,0,13,0,130,130.0,0.4647,821.04,155.27
15,1,-13,10,-130,130.38,0.4556,762.46,152.16
15,1,-12,10,-120,120.42,0.4536,801.47,150.67
15,1,-11,10,-110,110.45,0.4461,802.03,149.6
15,1,-10,10,-100,100.5,0.4561,785.09,149.24
15,1,-9,10,-90,90.55,0.4454,806.14,149.72
15,1,-8,10,-80,80.62,0.4402,780.42,149.05
15,1,-7,10,-70,70.71,0.4387,793.79,150.77
15,1,-6,10,-60,60.83,0.4405,812.73,154.15
15,1,-5,10,-50,50.99,0.4587,810.03,151.27
15,1,-4,10,-40,41.23,0.4519,805.55,148.19
15,1,-3,10,-30,31.62,0.4498,802.23,151.92
15,1,-2,10,-20,22.36,0.4373,803.17,153.19
15,1,-1,10,-10,14.14,0.4452,798.36,144.41
15,1,0,10,0,10.0,0.4505,777.67,148.34
15,1,1,10,10,14.14,0.4496,790.9,149.51
15,1,2,10,20,22.36,0.453,799.42,150.42
15,1,3,10,30,31.62,0.435,797.64,143.34
15,1,4,10,40,41.23,0.4468,827.62,152.81
15,1,5,10,50,50.99,0.4386,791.85,149.47
15,1,6,10,60,60.83,0.4541,812.76,154.89
15,1,7,10,70,70.71,0.4424,803.27,144.71
15,1,8,10,80,80.62,0.4533,807.39,150.06
15,1,9,10,90,90.55,0.4552,787.06,146.2
15,1,10,10,100,100.5,0.4439,803.33,154.59
15,1,11,10,110,110.45,0.4472,783.71,151.8
15,1,12,10,120,120.42,0.4849,782.33,155.42
15,1,13,10,130,130.38,0.4597,775.13,149.85
15,2,-13,20,-130,131.53,0.4592,795.26,151.4
15,2,-12,20,-120,121.66,0.4585,775.56,151.42
15,2,-11,20,-110,111.8,0.4423,828.12,152.51
15,2,-10,20,-100,101.98,0.4492,816.65,150.49
15,2,-9,20,-90,92.2,0.4538,823.22,154.64
15,2,-8,20,-80,82.46,0.4409,800.19,153.83
15,2,-7,20,-70,72.8,0.4413,796.13,149.12
15,2,-6,20,-60,63.25,0.454,812.04,153.45
15,2,-5,20,-50,53.85,0.4507,784.39,148.94
15,2,-4,20,-40,44.72,0.4415,789.77,152.13
15,2,-3,20,-30,36.06,0.4385,791.71,152.67
15,2,-2,20,-20,28.28,0.4555,787.97,147.3
15,2,-1,20,-10,22.36,0.4626,805.62,147.56
15,2,0,20,0,20.0,0.4497,816.3,147.32
15,2,1,20,10,22.36,0.4427,803.31,145.94
15,2,2,20,20,28.28,0.4446,793.47,142.03
15,2,3,20,30,36.06,0.4507,809.19,155.85
15,2,4,20,40,44.72,0.4548,784.61,148.64
15,2,5,20,50,53.85,0.4649,806.81,153.14
15,2,6,20,60,63.25,0.4454,796.76,149.79
15,2,7,20,70,72.8,0.4574,793.57,151.81
15,2,8,20,80,82.46,0.45,781.8,149.99
15,2,9,20,90,92.2,0.459,799.88,149.23
15,2,10,20,100,101.98,0.4632,803.14,146.62
15,2,11,20,110,111.8,0.4521,797.37,152.29
15,2,12,20,120,121.66,0.4618,785.95,152.04
15,2,13,20,130,131.53,0.4618,794.44,151.96
15,3,-13,30,-130,133.42,0.4619,785.03,152.68
15,3,-12,30,-120,123.69,0.4622,792.46,146.72
15,3,-11,30,-110,114.02,0.4554,813.57,156.3
15,3,-10,30,-100,104.4,0.4578,815.48,150.48
15,3,-9,30,-90,94.87,0.455,801.76,152.34
15,3,-8,30,-80,85.44,0.4648,815.03,149.0
15,3,-7,30,-70,76.16,0.4626,803.72,151.96
15,3,-6,30,-60,67.08,0.4481,811.06,151.2
15,3,-5,30,-50,58.31,0.4591,792.46,152.85
15,3,-4,30,-40,50.0,0.4305,790.76,145.96
15,3,-3,30,-30,42.43,0.4527,814.42,149.97
15,3,-2,30,-20,36.06,0.4608,788.38,145.8
15,3,-1,30,-10,31.62,0.4558,817.56,150.32
15,3,0,30,0,30.0,0.4646,807.63,151.19
15,3,1,30,10,31.62,0.4466,780.45,149.2
15,3,2,30,20,36.06,0.4626,802.86,148.83
15,3,3,30,30,42.43,0.4428,808.08,146.63
15,3,4,30,40,50.0,0.4529,793.08,149.22
15,3,5,30,50,58.31,0.4551,785.75,150.02
15,3,6,30,60,67.08,0.4378,798.3,151.49
15,3,7,30,70,76.16,0.4563,817.01,151.98
15,3,8,30,80,85.44,0.4467,772.84,153.0
15,3,9,30,90,94.87,0.4463,777.6,155.95
15,3,10,30,100,104.4,0.4519,803.76,151.62
15,3,11,30,110,114.02,0.455,786.51,150.06
15,3,12,30,120,123.69,0.4763,765.36,151.63
15,3,13,30,130,133.42,0.4553,789.08,153.05
15,4,-13,40,-130,136.01,0.4596,789.24,160.5
15,4,-12,40,-120,126.49,0.453,762.33,153.49
15,4,-11,40,-110,117.05,0.4628,787.58,154.03
15,4,-10,40,-100,107.7,0.4489,831.01,153.05
15,4,-9,40,-90,98.49,0.4472,787.1,151.34
15,4,-8,40,-80,89.44,0.4554,780.39,150.15
15,4,-7,40,-70,80.62,0.4559,805.01,151.87
15,4,-6,40,-60,72.11,0.4619,753.36,150.66
15,4,-5,40,-50,64.03,0.4312,799.32,153.9
15,4,-4,40,-40,56.57,0.449,785.98,152.48
15,4,-3,40,-30,50.0,0.4511,802.84,156.47
15,4,-2,40,-20,44.72,0.4379,790.45,151.13
15,4,-1,40,-10,41.23,0.4598,785.59,148.77
15,4,0,40,0,40.0,0.4495,797.72,152.09
15,4,1,40,10,41.23,0.4496,809.74,146.39
15,4,2,40,20,44.72,0.4512,800.52,152.53
15,4,3,40,30,50.0,0.4702,814.34,147.89
15,4,4,40,40,56.57,0.4551,799.25,148.98
15,4,5,40,50,64.03,0.4458,791.27,146.57
15,4,6,40,60,72.11,0.4396,809.83,148.93
15,4,7,40,70,80.62,0.4515,786.95,151.74
15,4,8,40,80,89.44,0.4444,779.92,154.82
15,4,9,40,90,98.49,0.4527,793.7,149.96
15,4,10,40,100,107.7,0.4504,802.53,146.57
15,4,11,40,110,117.05,0.4417,792.5,146.91
15,4,12,40,120,126.49,0.4443,799.15,153.8
15,4,13,40,130,136.01,0.465,762.83,158.86
15,5,-12,50,-120,130.0,0.4691,763.09,153.46
15,5,-11,50,-110,120.83,0.4542,788.15,155.84
15,5,-10,50,-100,111.8,0.4514,808.11,146.4
15,5,-9,50,-90,102.96,0.4471,790.93,149.21
15,5,-8,50,-80,94.34,0.4506,801.78,151.0
15,5,-7,50,-70,86.02,0.4571,811.0,145.53
15,5,-6,50,-60,78.1,0.4512,790.82,152.46
15,5,-5,50,-50,70.71,0.4604,812.62,155.72
15,5,-4,50,-40,64.03,0.456,814.98,147.62
15,5,-3,50,-30,58.31,0.4498,810.35,150.87
15,5,-2,50,-20,53.85,0.4427,786.15,144.57
15,5,-1,50,-10,50.99,0.453,784.54,152.01
15,5,0,50,0,50.0,0.4558,803.33,151.18
15,5,1,50,10,50.99,0.4581,817.25,143.31
15,5,2,50,20,53.85,0.4556,807.31,150.89
15,5,3,50,30,58.31,0.4538,795.27,142.81
15,5,4,50,40,64.03,0.4452,772.58,145.04
15,5,5,50,50,70.71,0.4586,791.83,150.81
15,5,6,50,60,78.1,0.45,820.08,150.22
15,5,7,50,70,86.02,0.4452,822.21,148.54
15,5,8,50,80,94.34,0.4537,806.88,146.58
15,5,9,50,90,102.96,0.4594,817.26,147.43
15,5,10,50,100,111.8,0.4547,813.45,146.71
15,5,11,50,110,120.83,0.4625,770.08,151.62
15,5,12,50,120,130.0,0.4593,765.8,151.05
15,6,-12,60,-120,134.16,0.4622,801.48,155.85
15,6,-11,60,-110,125.3,0.446,793.29,153.26
15,6,-10,60,-100,116.62,0.4509,784.47,153.58
15,6,-9,60,-90,108.17,0.4408,785.24,147.81
15,6,-8,60,-80,100.0,0.445,802.87,150.77
15,6,-7,60,-70,92.2,0.4555,765.98,149.41
15,6,-6,60,-60,84.85,0.4491,775.43,147.95
15,6,-5,60,-50,78.1,0.4498,804.81,151.04
15,6,-4,60,-40,72.11,0.4342,790.55,145.41
15,6,-3,60,-30,67.08,0.45,793.53,148.12
15,6,-2,60,-20,63.25,0.4753,784.22,149.95
15,6,-1,60,-10,60.83,0.4538,805.37,151.74
15,6,0,60,0,60.0,0.4528,795.04,150.03
15,6,1,60,10,60.83,0.4448,788.87,146.05
15,6,2,60,20,63.25,0.4563,816.56,148.24
15,6,3,60,30,67.08,0.4494,824.0,153.37
15,6,4,60,40,72.11,0.4571,804.04,148.12
15,6,5,60,50,78.1,0.4459,803.53,151.32
15,6,6,60,60,84.85,0.4422,818.69,154.24
15,6,7,60,70,92.2,0.4565,822.34,152.13
15,6,8,60,80,100.0,0.4536,798.7,149.68
15,6,9,60,90,108.17,0.4533,779.33,151.0
15,6,10,60,100,116.62,0.4466,779.02,155.77
15,6,11,60,110,125.3,0.4686,773.74,155.75
15,6,12,60,120,134.16,0.4581,770.87,158.58
15,7,-11,70,-110,130.38,0.4524,756.43,151.84
15,7,-10,70,-100,122.07,0.4531,782.54,147.56
15,7,-9,70,-90,114.02,0.4579,820.76,152.71
15,7,-8,70,-80,106.3,0.4511,805.72,151.32
15,7,-7,70,-70,98.99,0.4516,797.0,151.22
15,7,-6,70,-60,92.2,0.4469,775.36,155.76
15,7,-5,70,-50,86.02,0.4542,789.48,151.09
15,7,-4,70,-40,80.62,0.441,805.71,152.23
15,7,-3,70,-30,76.16,0.4583,808.53,149.43
15,7,-2,70,-20,72.8,0.4582,791.72,150.89
15,7,-1,70,-10,70.71,0.4442,803.45,154.48
15,7,0,70,0,70.0,0.4562,813.83,153.34
15,7,1,70,10,70.71,0.4494,786.9,144.44
15,7,2,70,20,72.8,0.4413,801.76,143.9
15,7,3,70,30,76.16,0.4514,807.41,145.31
15,7,4,70,40,80.62,0.457,793.68,145.09
15,7,5,70,50,86.02,0.4365,799.17,150.29
15,7,6,70,60,92.2,0.45,815.34,150.4
15,7,7,70,70,98.99,0.4465,793.43,153.81
15,7,8,70,80,106.3,0.4439,798.09,151.71
15,7,9,70,90,114.02,0.4633,793.99,148.94
15,7,10,70,100,122.07,0.4594,798.93,153.14
15,7,11,70,110,130.38,0.4699,763.64,153.37
15,8,-11,80,-110,136.01,0.4636,791.2,157.39
15,8,-10,80,-100,128.06,0.4604,779.25,154.08
15,8,-9,80,-90,120.42,0.4482,781.7,154.23
15,8,-8,80,-80,113.14,0.4577,782.8,149.37
15,8,-7,80,-70,106.3,0.4465,784.74,151.53
15,8,-6,80,-60,100.0,0.461,817.77,147.86
15,8,-5,80,-50,94.34,0.453,803.64,150.95
15,8,-4,80,-40,89.44,0.4422,788.87,151.15
15,8,-3,80,-30,85.44,0.4469,801.36,146.98
15,8,-2,80,-20,82.46,0.4461,779.99,150.79
15,8,-1,80,-10,80.62,0.4472,803.99,148.9
15,8,0,80,0,80.0,0.4519,827.08,148.43
15,8,1,80,10,80.62,0.4539,790.11,149.6
15,8,2,80,20,82.46,0.4538,804.25,152.07
15,8,3,80,30,85.44,0.4577,809.97,152.79
15,8,4,80,40,89.44,0.4517,789.07,152.52
15,8,5,80,50,94.34,0.4473,809.82,146.55
15,8,6,80,60,100.0,0.4485,787.57,151.8
15,8,7,80,70,106.3,0.4482,795.47,150.66
15,8,8,80,80,113.14,0.4631,799.79,152.59
15,8,9,80,90,120.42,0.4575,777.54,149.89
15,8,10,80,100,128.06,0.4624,763.45,153.4
15,8,11,80,110,136.01,0.4645,758.45,154.52
15,9,-10,90,-100,134.54,0.463,811.77,154.49
15,9,-9,90,-90,127.28,0.4669,791.83,154.18
15,9,-8,90,-80,120.42,0.4639,767.39,152.26
15,9,-7,90,-70,114.02,0.4574,777.87,151.67
15,9,-6,90,-60,108.17,0.4541,792.41,148.59
15,9,-5,90,-50,102.96,0.446,792.14,151.98
15,9,-4,90,-40,98.49,0.4518,801.37,149.84
15,9,-3,90,-30,94.87,0.4437,794.7,147.84
15,9,-2,90,-20,92.2,0.4259,799.58,149.44
15,9,-1,90,-10,90.55,0.4599,810.31,151.58
15,9,0,90,0,90.0,0.442,815.29,150.56
15,9,1,90,10,90.55,0.4472,788.23,148.19
15,9,2,90,20,92.2,0.4481,784.39,150.33
15,9,3,90,30,94.87,0.4491,809.6,149.89
15,9,4,90,40,98.49,0.4365,793.74,147.15
15,9,5,90,50,102.96,0.4473,782.8,157.1
15,9,6,90,60,108.17,0.4507,805.71,150.33
15,9,7,90,70,114.02,0.4533,785.18,149.72
15,9,8,90,80,120.42,0.4519,794.66,152.34
15,9,9,90,90,127.28,0.4705,781.83,152.58
15,9,10,90,100,134.54,0.4633,789.67,154.81
15,10,-9,100,-90,134.54,0.4737,819.26,156.92
15,10,-8,100,-80,128.06,0.4632,754.65,157.67
15,10,-7,100,-70,122.07,0.4677,811.16,155.11
15,10,-6,100,-60,116.62,0.4484,776.55,148.82
15,10,-5,100,-50,111.8,0.4551,782.83,154.16
15,10,-4,100,-40,107.7,0.4487,790.25,152.0
15,10,-3,100,-30,104.4,0.4486,782.81,145.5
15,10,-2,100,-20,101.98,0.4593,783.47,149.61
15,10,-1,100,-10,100.5,0.4485,766.86,151.52
15,10,0,100,0,100.0,0.4626,812.33,149.5
15,10,1,100,10,100.5,0.4599,771.77,153.16
15,10,2,100,20,101.98,0.446,811.81,150.87
15,10,3,100,30,104.4,0.4427,800.14,150.94
15,10,4,100,40,107.7,0.4552,783.1,147.7
15,10,5,100,50,111.8,0.4593,792.34,153.31
15,10,6,100,60,116.62,0.4604,801.65,156.94
15,10,7,100,70,122.07,0.4595,773.18,150.4
15,10,8,100,80,128.06,0.4579,787.83,157.65
15,10,9,100,90,134.54,0.4618,805.78,159.77
15,11,-8,110,-80,136.01,0.467,789.06,153.31
15,11,-7,110,-70,130.38,0.4746,773.68,157.45
15,11,-6,110,-60,125.3,0.4509,795.9,156.48
15,11,-5,110,-50,120.83,0.4647,781.81,151.76
15,11,-4,110,-40,117.05,0.4684,783.22,150.72
15,11,-3,110,-30,114.02,0.4672,791.37,151.64
15,11,-2,110,-20,111.8,0.4691,783.67,149.39
15,11,-1,110,-10,110.45,0.4555,794.44,149.12
15,11,0,110,0,110.0,0.4603,794.39,151.61
15,11,1,110,10,110.45,0.454,778.27,149.01
15,11,2,110,20,111.8,0.4418,810.43,151.59
15,11,3,110,30,114.02,0.4631,785.56,155.25
15,11,4,110,40,117.05,0.4432,805.39,151.9
15,11,5,110,50,120.83,0.4464,746.48,154.08
15,11,6,110,60,125.3,0.4671,787.23,154.95
15,11,7,110,70,130.38,0.4647,784.07,156.72
15,11,8,110,80,136.01,0.4518,781.09,156.74
15,12,-6,120,-60,134.16,0.4592,784.67,150.87
15,12,-5,120,-50,130.0,0.4616,772.66,152.23
15,12,-4,120,-40,126.49,0.4642,759.18,150.03
15,12,-3,120,-30,123.69,0.4643,784.87,150.73
15,12,-2,120,-20,121.66,0.4614,771.76,149.26
15,12,-1,120,-10,120.42,0.4556,786.97,150.3
15,12,0,120,0,120.0,0.455,809.27,152.37
15,12,1,120,10,120.42,0.4481,789.41,146.17
15,12,2,120,20,121.66,0.4707,770.57,153.29
15,12,3,120,30,123.69,0.4598,775.51,156.83
15,12,4,120,40,126.49,0.4761,774.38,155.43
15,12,5,120,50,130.0,0.4531,803.3,157.58
15,12,6,120,60,134.16,0.4709,755.98,152.78
15,13,-4,130,-40,136.01,0.4594,770.67,158.68
15,13,-3,130,-30,133.42,0.448,787.16,156.52
15,13,-2,130,-20,131.53,0.456,790.09,155.33
15,13,-1,130,-10,130.38,0.459,799.54,152.21
15,13,0,130,0,130.0,0.4697,785.45,152.85
15,13,1,130,10,130.38,0.4594,762.41,152.76
15,13,2,130,20,131.53,0.4527,786.49,156.71
15,13,3,130,30,133.42,0.4661,770.62,153.49
15,13,4,130,40,136.01,0.4658,784.55,159.6
16,-13,-4,-130,-40,136.01,0.4623,785.22,156.02
16,-13,-3,-130,-30,133.42,0.4743,765.0,155.6
16,-13,-2,-130,-20,131.53,0.4735,791.06,159.71
16,-13,-1,-130,-10,130.38,0.4609,782.37,150.78
16,-13,0,-130,0,130.0,0.4674,810.67,146.79
16,-13,1,-130,10,130.38,0.4517,795.84,158.72
16,-13,2,-130,20,131.53,0.4745,785.2,157.57
16,-13,3,-130,30,133.42,0.4641,753.25,155.01
16,-13,4,-130,40,136.01,0.4566,780.52,157.24
16,-12,-6,-120,-60,134.16,0.4569,756.65,155.26
16,-12,-5,-120,-50,130.0,0.4718,768.49,152.94
16,-12,-4,-120,-40,126.49,0.4662,773.95,156.34
16,-12,-3,-120,-30,123.69,0.4441,792.2,157.57
16,-12,-2,-120,-20,121.66,0.4525,788.16,143.76
16,-12,-1,-120,-10,120.42,0.4508,786.93,155.58
16,-12,0,-120,0,120.0,0.4674,798.37,147.4
16,-12,1,-120,10,120.42,0.4555,784.76,154.03
16,-12,2,-120,20,121.66,0.4621,784.77,153.73
16,-12,3,-120,30,123.69,0.4518,802.68,150.03
16,-12,4,-120,40,126.49,0.457,803.15,154.69
16,-12,5,-120,50,130.0,0.4554,785.83,154.35
16,-12,6,-120,60,134.16,0.4771,794.13,156.53
16,-11,-8,-110,-80,136.01,0.4566,767.14,152.68
16,-11,-7,-110,-70,130.38,0.4748,776.64,152.82
16,-11,-6,-110,-60,125.3,0.4479,766.88,153.36
16,-11,-5,-110,-50,120.83,0.4663,787.76,152.64
16,-11,-4,-110,-40,117.05,0.4696,791.04,152.06
16,-11,-3,-110,-30,114.02,0.4634,805.12,150.11
16,-11,-2,-110,-20,111.8,0.4523,799.57,152.22
16,-11,-1,-110,-10,110.45,0.4664,789.75,153.55
16,-11,0,-110,0,110.0,0.4575,800.23,149.55
16,-11,1,-110,10,110.45,0.4534,793.78,155.6
16,-11,2,-110,20,111.8,0.452,792.97,151.61
16,-11,3,-110,30,114.02,0.4699,803.62,153.61
16,-11,4,-110,40,117.05,0.4571,784.27,155.35
16,-11,5,-110,50,120.83,0.4544,817.09,153.12
16,-11,6,-110,60,125.3,0.4644,786.64,161.2
16,-11,7,-110,70,130.38,0.453,777.9,151.13
16,-11,8,-110,80,136.01,0.4538,784.92,153.52
16,-10,-9,-100,-90,134.54,0.4604,776.55,154.62
16,-10,-8,-100,-80,128.06,0.4489,767.43,149.75
16,-10,-7,-100,-70,122.07,0.4587,789.3,152.77
16,-10,-6,-100,-60,116.62,0.46,796.16,147.34
16,-10,-5,-100,-50,111.8,0.4534,796.13,148.53
16,-10,-4,-100,-40,107.7,0.4419,806.12,148.58
16,-10,-3,-100,-30,104.4,0.4593,797.12,150.06
16,-10,-2,-100,-20,101.98,0.4569,799.35,150.46
16,-10,-1,-100,-10,100.5,0.4447,819.81,147.66
16,-10,0,-100,0,100.0,0.4602,776.0,151.97
16,-10,1,-100,10,100.5,0.4577,799.49,152.71
16,-10,2,-100,20,101.98,0.4613,806.43,155.82
16,-10,3,-100,30,104.4,0.4694,819.56,153.01
16,-10,4,-100,40,107.7,0.4503,799.99,152.98
16,-10,5,-100,50,111.8,0.4453,791.88,148.64
16,-10,6,-100,60,116.62,0.452,796.32,151.63
16,-10,7,-100,70,122.07,0.4533,794.21,152.47
16,-10,8,-100,80,128.06,0.4605,785.01,154.57
16,-10,9,-100,90,134.54,0.45,781.09,159.28
16,-9,-10,-90,-100,134.54,0.4423,774.99,154.85
16,-9,-9,-90,-90,127.28,0.4509,761.41,152.09
16,-9,-8,-90,-80,120.42,0.4526,799.42,150.76
16,-9,-7,-90,-70,114.02,0.4592,795.71,153.95
16,-9,-6,-90,-60,108.17,0.4505,792.59,154.55
16,-9,-5,-90,-50,102.96,0.4623,822.33,147.56
16,-9,-4,-90,-40,98.49,0.444,803.44,149.54
16,-9,-3,-90,-30,94.87,0.434,805.71,147.82
16,-9,-2,-90,-20,92.2,0.4503,803.77,149.01
16,-9,-1,-90,-10,90.55,0.4477,809.79,144.89
16,-9,0,-90,0,90.0,0.4399,761.65,148.27
16,-9,1,-90,10,90.55,0.4626,783.16,150.51
16,-9,2,-90,20,92.2,0.4497,784.54,148.17
16,-9,3,-90,30,94.87,0.4344,805.74,154.77
16,-9,4,-90,40,98.49,0.4408,800.81,153.85
16,-9,5,-90,50,102.96,0.4595,807.45,155.36
16,-9,6,-90,60,108.17,0.4423,784.21,150.9
16,-9,7,-90,70,114.02,0.4607,806.13,151.88
16,-9,8,-90,80,120.42,0.4613,794.8,147.14
16,-9,9,-90,90,127.28,0.4544,753.01,152.29
16,-9,10,-90,100,134.54,0.4623,781.58,152.98
16,-8,-11,-80,-110,136.01,0.4662,779.64,152.41
16,-8,-10,-80,-100,128.06,0.4493,773.12,154.34
16,-8,-9,-80,-90,120.42,0.4566,791.98,153.1
16,-8,-8,-80,-80,113.14,0.4642,782.45,154.02
16,-8,-7,-80,-70,106.3,0.4672,773.29,152.04
16,-8,-6,-80,-60,100.0,0.4471,785.49,157.09
16,-8,-5,-80,-50,94.34,0.4548,793.85,153.37
16,-8,-4,-80,-40,89.44,0.4571,800.92,150.51
16,-8,-3,-80,-30,85.44,0.4489,797.45,147.52
16,-8,-2,-80,-20,82.46,0.4456,799.53,148.9
16,-8,-1,-80,-10,80.62,0.4441,826.21,151.31
16,-8,0,-80,0,80.0,0.4476,816.55,148.91
16,-8,1,-80,10,80.62,0.4458,784.87,149.46
16,-8,2,-80,20,82.46,0.4559,809.54,151.13
16,-8,3,-80,30,85.44,0.4517,794.3,154.93
16,-8,4,-80,40,89.44,0.47,798.69,150.18
16,-8,5,-80,50,94.34,0.4356,799.84,148.11
16,-8,6,-80,60,100.0,0.4613,818.36,146.83
16,-8,7,-80,70,106.3,0.4491,798.25,155.56
16,-8,8,-80,80,113.14,0.4643,811.87,151.22
16,-8,9,-80,90,120.42,0.4678,763.46,154.19
16,-8,10,-80,100,128.06,0.4606,809.27,151.79
16,-8,11,-80,110,136.01,0.4698,810.69,154.42
16,-7,-11,-70,-110,130.38,0.4647,782.69,151.95
16,-7,-10,-70,-100,122.07,0.4541,795.9,151.17
16,-7,-9,-70,-90,114.02,0.4566,780.85,154.94
16,-7,-8,-70,-80,106.3,0.4587,779.13,149.79
16,-7,-7,-70,-70,98.99,0.4461,794.78,152.88
16,-7,-6,-70,-60,92.2,0.4447,790.95,149.32
16,-7,-5,-70,-50,86.02,0.4534,769.44,151.16
16,-7,-4,-70,-40,80.62,0.4326,799.78,148.2
16,-7,-3,-70,-30,76.16,0.4363,814.2,148.6
16,-7,-2,-70,-20,72.8,0.4401,804.61,153.11
16,-7,-1,-70,-10,70.71,0.4402,814.81,145.29
16,-7,0,-70,0,70.0,0.4336,795.01,149.75
16,-7,1,-70,10,70.71,0.4582,792.64,149.86
16,-7,2,-70,20,72.8,0.445,832.03,148.72
16,-7,3,-70,30,76.16,0.4453,795.37,149.27
16,-7,4,-70,40,80.62,0.4342,786.01,146.08
16,-7,5,-70,50,86.02,0.4441,824.37,143.52
16,-7,6,-70,60,92.2,0.4396,807.68,147.7
16,-7,7,-70,70,98.99,0.4589,815.46,145.02
16,-7,8,-70,80,106.3,0.4423,823.58,152.46
16,-7,9,-70,90,114.02,0.4439,778.71,153.93
16,-7,10,-70,100,122.07,0.4572,791.62,150.91
16,-7,11,-70,110,130.38,0.4575,799.6,156.24
16,-6,-12,-60,-120,134.16,0.4508,773.85,157.13
16,-6,-11,-60,-110,125.3,0.4364,753.08,158.23
16,-6,-10,-60,-100,116.62,0.4559,788.73,154.29
16,-6,-9,-60,-90,108.17,0.4375,797.58,154.34
16,-6,-8,-60,-80,100.0,0.448,822.44,155.87
16,-6,-7,-60,-70,92.2,0.4609,805.03,149.88
16,-6,-6,-60,-60,84.85,0.4462,798.98,153.06
16,-6,-5,-60,-50,78.1,0.4394,803.24,152.31
16,-6,-4,-60,-40,72.11,0.4433,799.16,152.49
16,-6,-3,-60,-30,67.08,0.4542,792.68,147.19
16,-6,-2,-60,-20,63.25,0.4408,798.99,151.36
16,-6,-1,-60,-10,60.83,0.4494,788.08,151.57
16,-6,0,-60,0,60.0,0.449,786.35,146.55
16,-6,1,-60,10,60.83,0.4476,794.13,148.89
16,-6,2,-60,20,63.25,0.4625,806.01,150.69
16,-6,3,-60,30,67.08,0.4457,806.74,148.56
16,-6,4,-60,40,72.11,0.4652,822.78,146.11
16,-6,5,-60,50,78.1,0.4426,824.0,149.32
16,-6,6,-60,60,84.85,0.4533,793.6,141.7
16,-6,7,-60,70,92.2,0.4408,804.78,150.08
16,-6,8,-60,80,100.0,0.4489,797.33,147.0
16,-6,9,-60,90,108.17,0.4425,765.75,151.52
16,-6,10,-60,100,116.62,0.4638,804.54,155.34
16,-6,11,-60,110,125.3,0.4432,779.35,154.58
16,-6,12,-60,120,134.16,0.463,774.97,156.92
16,-5,-12,-50,-120,130.0,0.4757,758.59,158.27
16,-5,-11,-50,-110,120.83,0.4545,790.64,152.02
16,-5,-10,-50,-100,111.8,0.4451,795.82,153.1
16,-5,-9,-50,-90,102.96,0.4471,765.4,151.27
16,-5,-8,-50,-80,94.34,0.4599,797.84,148.6
16,-5,-7,-50,-70,86.02,0.4566,796.51,148.84
16,-5,-6,-50,-60,78.1,0.4486,794.03,149.62
16,-5,-5,-50,-50,70.71,0.4526,817.68,143.45
16,-5,-4,-50,-40,64.03,0.4462,820.66,148.82
16,-5,-3,-50,-30,58.31,0.4589,802.86,154.16
16,-5,-2,-50,-20,53.85,0.4523,817.69,150.95
16,-5,-1,-50,-10,50.99,0.4589,826.25,152.05
16,-5,0,-50,0,50.0,0.4576,790.89,150.01
16,-5,1,-50,10,50.99,0.4397,807.66,152.49
16,-5,2,-50,20,53.85,0.4409,826.44,148.86
16,-5,3,-50,30,58.31,0.4578,795.73,149.3
16,-5,4,-50,40,64.03,0.4279,800.15,146.76
16,-5,5,-50,50,70.71,0.4562,788.42,148.15
16,-5,6,-50,60,78.1,0.4499,813.37,150.46
16,-5,7,-50,70,86.02,0.447,808.18,151.08
16,-5,8,-50,80,94.34,0.4469,765.72,154.4
16,-5,9,-50,90,102.96,0.4472,808.22,152.46
16,-5,10,-50,100,111.8,0.4437,785.45,146.68
16,-5,11,-50,110,120.83,0.4461,785.55,153.98
16,-5,12,-50,120,130.0,0.4718,782.28,150.24
16,-4,-13,-40,-130,136.01,0.4641,778.8,154.45
16,-4,-12,-40,-120,126.49,0.4611,817.12,155.01
16,-4,-11,-40,-110,117.05,0.4442,792.4,147.46
16,-4,-10,-40,-100,107.7,0.4574,795.45,147.41
16,-4,-9,-40,-90,98.49,0.4488,797.25,156.07
16,-4,-8,-40,-80,89.44,0.4374,801.98,150.68
16,-4,-7,-40,-70,80.62,0.4475,795.21,146.99
16,-4,-6,-40,-60,72.11,0.4531,793.3,148.25
16,-4,-5,-40,-50,64.03,0.4566,811.09,153.58
16,-4,-4,-40,-40,56.57,0.4457,824.74,147.0
16,-4,-3,-40,-30,50.0,0.4457,771.11,145.96
16,-4,-2,-40,-20,44.72,0.4603,786.12,151.23
16,-4,-1,-40,-10,41.23,0.4358,798.1,141.13
16,-4,0,-40,0,40.0,0.4436,807.62,152.67
16,-4,1,-40,10,41.23,0.454,828.57,149.16
16,-4,2,-40,20,44.72,0.4526,800.97,153.4
16,-4,3,-40,30,50.0,0.4533,801.61,155.47
16,-4,4,-40,40,56.57,0.4434,811.44,150.12
16,-4,5,-40,50,64.03,0.4365,798.72,152.55
16,-4,6,-40,60,72.11,0.4497,782.36,150.01
16,-4,7,-40,70,80.62,0.4321,812.45,146.28
16,-4,8,-40,80,89.44,0.4558,802.83,144.06
16,-4,9,-40,90,98.49,0.4491,793.44,147.92
16,-4,10,-40,100,107.7,0.4594,763.78,147.63
16,-4,11,-40,110,117.05,0.4546,816.98,155.49
16,-4,12,-40,120,126.49,0.4556,775.06,157.32
16,-4,13,-40,130,136.01,0.4709,776.78,157.4
16,-3,-13,-30,-130,133.42,0.4713,772.77,155.2
16,-3,-12,-30,-120,123.69,0.4446,795.16,153.59
16,-3,-11,-30,-110,114.02,0.452,776.04,148.46
16,-3,-10,-30,-100,104.4,0.4636,814.06,158.81
16,-3,-9,-30,-90,94.87,0.4408,802.16,148.75
16,-3,-8,-30,-80,85.44,0.4402,806.05,155.05
16,-3,-7,-30,-70,76.16,0.4512,809.52,154.61
16,-3,-6,-30,-60,67.08,0.4468,788.81,154.03
16,-3,-5,-30,-50,58.31,0.4465,825.46,150.96
16,-3,-4,-30,-40,50.0,0.4516,810.18,148.36
16,-3,-3,-30,-30,42.43,0.4468,786.14,147.22
16,-3,-2,-30,-20,36.06,0.4427,806.52,149.77
16,-3,-1,-30,-10,31.62,0.4499,785.96,154.04
16,-3,0,-30,0,30.0,0.4628,798.17,150.16
16,-3,1,-30,10,31.62,0.459,819.32,152.45
16,-3,2,-30,20,36.06,0.458,784.49,147.8
16,-3,3,-30,30,42.43,0.4658,800.68,149.95
16,-3,4,-30,40,50.0,0.4612,790.35,151.46
16,-3,5,-30,50,58.31,0.4655,791.73,145.86
16,-3,6,-30,60,67.08,0.4424,793.5,147.69
16,-3,7,-30,70,76.16,0.4531,800.62,155.37
16,-3,8,-30,80,85.44,0.4496,805.59,150.33
16,-3,9,-30,90,94.87,0.4561,787.84,149.2
16,-3,10,-30,100,104.4,0.4628,807.64,154.07
16,-3,11,-30,110,114.02,0.4524,815.2,150.11
16,-3,12,-30,120,123.69,0.4542,786.36,157.18
16,-3,13,-30,130,133.42,0.4575,762.21,158.28
16,-2,-13,-20,-130,131.53,0.4563,799.94,152.0
16,-2,-12,-20,-120,121.66,0.4562,813.04,156.79
16,-2,-11,-20,-110,111.8,0.4666,787.3,152.64
16,-2,-10,-20,-100,101.98,0.456,808.16,150.98
16,-2,-9,-20,-90,92.2,0.4625,782.13,153.72
16,-2,-8,-20,-80,82.46,0.4521,844.85,149.93
16,-2,-7,-20,-70,72.8,0.441,797.83,147.03
16,-2,-6,-20,-60,63.25,0.4605,795.19,149.7
16,-2,-5,-20,-50,53.85,0.4502,787.7,147.93
16,-2,-4,-20,-40,44.72,0.4391,769.39,149.63
16,-2,-3,-20,-30,36.06,0.4459,785.24,151.49
16,-2,-2,-20,-20,28.28,0.4571,805.82,150.42
16,-2,-1,-20,-10,22.36,0.4645,794.06,153.14
16,-2,0,-20,0,20.0,0.4719,816.23,147.27
16,-2,1,-20,10,22.36,0.443,784.85,151.71
16,-2,2,-20,20,28.28,0.4432,802.42,144.48
16,-2,3,-20,30,36.06,0.465,796.52,151.82
16,-2,4,-20,40,44.72,0.4462,787.6,153.75
16,-2,5,-20,50,53.85,0.4501,784.27,151.43
16,-2,6,-20,60,63.25,0.4566,798.5,145.97
16,-2,7,-20,70,72.8,0.4617,814.21,147.67
16,-2,8,-20,80,82.46,0.4472,800.13,153.93
16,-2,9,-20,90,92.2,0.4539,818.64,149.24
16,-2,10,-20,100,101.98,0.4606,812.96,152.55
16,-2,11,-20,110,111.8,0.4413,803.45,152.25
16,-2,12,-20,120,121.66,0.4809,797.2,150.59
16,-2,13,-20,130,131.53,0.4676,774.64,154.04
16,-1,-13,-10,-130,130.38,0.4492,795.37,149.74
16,-1,-12,-10,-120,120.42,0.4599,783.7,152.05
16,-1,-11,-10,-110,110.45,0.4579,775.33,154.82
16,-1,-10,-10,-100,100.5,0.4486,817.4,147.42
16,-1,-9,-10,-90,90.55,0.4513,799.11,153.72
16,-1,-8,-10,-80,80.62,0.4612,817.36,152.6
16,-1,-7,-10,-70,70.71,0.4447,800.9,153.82
16,-1,-6,-10,-60,60.83,0.4457,798.48,142.82
16,-1,-5,-10,-50,50.99,0.4413,795.85,150.35
16,-1,-4,-10,-40,41.23,0.4539,767.89,156.66
16,-1,-3,-10,-30,31.62,0.448,795.79,146.88
16,-1,-2,-10,-20,22.36,0.4386,814.39,151.4
16,-1,-1,-10,-10,14.14,0.4509,802.36,150.9
16,-1,0,-10,0,10.0,0.4541,791.25,151.83
16,-1,1,-10,10,14.14,0.4494,780.29,151.56
16,-1,2,-10,20,22.36,0.441,782.57,152.74
16,-1,3,-10,30,31.62,0.444,783.92,148.28
16,-1,4,-10,40,41.23,0.4431,835.48,150.0
16,-1,5,-10,50,50.99,0.4551,817.67,150.6
16,-1,6,-10,60,60.83,0.4601,812.04,151.73
16,-1,7,-10,70,70.71,0.4513,816.28,143.64
16,-1,8,-10,80,80.62,0.4494,796.35,150.02
16,-1,9,-10,90,90.55,0.4591,798.22,147.63
16,-1,10,-10,100,100.5,0.4331,795.87,153.57
16,-1,11,-10,110,110.45,0.4531,797.2,151.21
16,-1,12,-10,120,120.42,0.4626,793.71,152.4
16,-1,13,-10,130,130.38,0.4494,770.85,154.23
16,0,-13,0,-130,130.0,0.4701,783.17,154.24
16,0,-12,0,-120,120.0,0.4534,789.51,153.35
16,0,-11,0,-110,110.0,0.4597,768.8,148.55
16,0,-10,0,-100,100.0,0.4522,807.72,147.33
16,0,-9,0,-90,90.0,0.4361,815.45,150.15
16,0,-8,0,-80,80.0,0.4502,797.5,145.33
16,0,-7,0,-70,70.0,0.4579,818.13,152.2
16,0,-6,0,-60,60.0,0.4399,792.37,144.0
16,0,-5,0,-50,50.0,0.4568,826.79,147.53
16,0,-4,0,-40,40.0,0.4619,803.78,148.07
16,0,-3,0,-30,30.0,0.439,782.6,149.3
16,0,-2,0,-20,20.0,0.4476,780.28,153.57
16,0,-1,0,-10,10.0,0.4599,779.74,151.74
16,0,0,0,0,0.0,0.4549,820.84,144.85
16,0,1,0,10,10.0,0.4447,780.46,149.86
16,0,2,0,20,20.0,0.4477,787.63,160.45
16,0,3,0,30,30.0,0.4411,790.88,153.23
16,0,4,0,40,40.0,0.4489,799.15,151.23
16,0,5,0,50,50.0,0.4599,806.9,146.44
16,0,6,0,60,60.0,0.4454,811.26,148.49
16,0,7,0,70,70.0,0.4549,807.81,146.81
16,0,8,0,80,80.0,0.4525,794.61,145.6
16,0,9,0,90,90.0,0.4426,799.93,148.51
16,0,10,0,100,100.0,0.4545,788.5,156.71
16,0,11,0,110,110.0,0.4491,807.78,149.91
16,0,12,0,120,120.0,0.4626,781.7,160.58
16,0,13,0,130,130.0,0.4535,779.71,155.95
16,1,-13,10,-130,130.38,0.4528,797.85,161.53
16,1,-12,10,-120,120.42,0.4493,791.59,153.0
16,1,-11,10,-110,110.45,0.4441,779.98,144.38
16,1,-10,10,-100,100.5,0.4503,800.55,151.46
16,1,-9,10,-90,90.55,0.4561,816.9,149.89
16,1,-8,10,-80,80.62,0.4477,809.15,156.14
16,1,-7,10,-70,70.71,0.4373,780.02,146.61
16,1,-6,10,-60,60.83,0.4403,771.58,149.46
16,1,-5,10,-50,50.99,0.4367,808.59,153.85
16,1,-4,10,-40,41.23,0.4415,794.43,150.14
16,1,-3,10,-30,31.62,0.4605,796.98,147.8
16,1,-2,10,-20,22.36,0.4559,786.64,147.95
16,1,-1,10,-10,14.14,0.4537,805.33,147.09
16,1,0,10,0,10.0,0.4532,784.6,147.18
16,1,1,10,10,14.14,0.4433,797.42,150.72
16,1,2,10,20,22.36,0.4467,811.46,150.54
16,1,3,10,30,31.62,0.4513,806.71,153.35
16,1,4,10,40,41.23,0.4539,817.56,152.34
16,1,5,10,50,50.99,0.4492,794.55,153.57
16,1,6,10,60,60.83,0.4554,791.36,147.71
16,1,7,10,70,70.71,0.4495,814.48,146.81
16,1,8,10,80,80.62,0.4441,796.64,151.03
16,1,9,10,90,90.55,0.4298,789.54,148.57
16,1,10,10,100,100.5,0.4444,803.29,146.64
16,1,11,10,110,110.45,0.4556,769.43,149.8
16,1,12,10,120,120.42,0.4489,781.62,152.59
16,1,13,10,130,130.38,0.463,776.81,155.04
16,2,-13,20,-130,131.53,0.469,759.92,154.01
16,2,-12,20,-120,121.66,0.4471,792.05,146.06
16,2,-11,20,-110,111.8,0.4428,794.82,150.79
16,2,-10,20,-100,101.98,0.461,812.63,151.98
16,2,-9,20,-90,92.2,0.4558,773.64,151.33
16,2,-8,20,-80,82.46,0.4426,812.64,147.61
16,2,-7,20,-70,72.8,0.456,810.33,150.23
16,2,-6,20,-60,63.25,0.4412,782.53,153.53
16,2,-5,20,-50,53.85,0.4571,785.38,146.21
16,2,-4,20,-40,44.72,0.444,830.35,153.17
16,2,-3,20,-30,36.06,0.4541,790.97,154.16
16,2,-2,20,-20,28.28,0.4512,773.51,143.29
16,2,-1,20,-10,22.36,0.462,785.63,144.82
16,2,0,20,0,20.0,0.4616,822.86,151.22
16,2,1,20,10,22.36,0.4316,782.68,148.33
16,2,2,20,20,28.28,0.4626,807.54,147.13
16,2,3,20,30,36.06,0.4571,794.03,145.73
16,2,4,20,40,44.72,0.4536,821.09,147.27
16,2,5,20,50,53.85,0.4444,787.44,148.32
16,2,6,20,60,63.25,0.4494,799.19,150.1
16,2,7,20,70,72.8,0.4428,813.73,143.01
16,2,8,20,80,82.46,0.4417,787.25,147.43
16,2,9,20,90,92.2,0.4492,803.82,148.5
16,2,10,20,100,101.98,0.446,780.97,154.09
16,2,11,20,110,111.8,0.4519,775.28,150.84
16,2,12,20,120,121.66,0.4503,783.26,155.58
16,2,13,20,130,131.53,0.4735,783.6,152.12
16,3,-13,30,-130,133.42,0.4626,785.33,153.71
16,3,-12,30,-120,123.69,0.4635,798.01,146.74
16,3,-11,30,-110,114.02,0.4605,808.2,155.59
16,3,-10,30,-100,104.4,0.4528,830.0,149.64
16,3,-9,30,-90,94.87,0.4376,776.77,150.53
16,3,-8,30,-80,85.44,0.4556,790.25,156.11
16,3,-7,30,-70,76.16,0.4405,747.01,156.07
16,3,-6,30,-60,67.08,0.4396,785.97,151.84
16,3,-5,30,-50,58.31,0.4479,797.39,148.96
16,3,-4,30,-40,50.0,0.443,811.9,148.53
16,3,-3,30,-30,42.43,0.4577,800.75,146.97
16,3,-2,30,-20,36.06,0.4454,800.21,147.85
16,3,-1,30,-10,31.62,0.4535,804.67,145.72
16,3,0,30,0,30.0,0.4544,810.45,148.8
16,3,1,30,10,31.62,0.4415,804.81,148.41
16,3,2,30,20,36.06,0.4355,796.35,151.62
16,3,3,30,30,42.43,0.4436,776.89,148.93
16,3,4,30,40,50.0,0.4507,809.89,153.98
16,3,5,30,50,58.31,0.4429,795.87,149.99
16,3,6,30,60,67.08,0.4478,774.18,149.37
16,3,7,30,70,76.16,0.4629,788.07,148.96
16,3,8,30,80,85.44,0.4732,810.98,147.87
16,3,9,30,90,94.87,0.4412,789.92,145.14
16,3,10,30,100,104.4,0.4476,812.55,153.17
16,3,11,30,110,114.02,0.4511,800.45,153.54
16,3,12,30,120,123.69,0.4625,791.91,150.46
16,3,13,30,130,133.42,0.4667,773.82,153.84
16,4,-13,40,-130,136.01,0.4692,798.81,153.15
16,4,-12,40,-120,126.49,0.4618,778.53,147.33
16,4,-11,40,-110,117.05,0.4663,797.25,149.37
16,4,-10,40,-100,107.7,0.4561,810.27,148.98
16,4,-9,40,-90,98.49,0.4512,801.45,146.99
16,4,-8,40,-80,89.44,0.4451,802.97,150.53
16,4,-7,40,-70,80.62,0.4503,818.0,153.49
16,4,-6,40,-60,72.11,0.4525,785.48,151.79
16,4,-5,40,-50,64.03,0.4411,786.58,148.39
16,4,-4,40,-40,56.57,0.4444,805.23,151.43
16,4,-3,40,-30,50.0,0.4404,808.22,149.97
16,4,-2,40,-20,44.72,0.4373,833.1,149.44
16,4,-1,40,-10,41.23,0.4458,788.99,147.63
16,4,0,40,0,40.0,0.452,785.7,149.55
16,4,1,40,10,41.23,0.441,818.06,150.47
16,4,2,40,20,44.72,0.4442,766.85,146.71
16,4,3,40,30,50.0,0.4426,790.55,154.55
16,4,4,40,40,56.57,0.4522,797.5,151.1
16,4,5,40,50,64.03,0.4577,810.22,152.47
16,4,6,40,60,72.11,0.4497,810.95,141.63
16,4,7,40,70,80.62,0.457,796.74,148.01
16,4,8,40,80,89.44,0.453,808.83,157.56
16,4,9,40,90,98.49,0.4527,791.64,150.39
16,4,10,40,100,107.7,0.4576,759.23,152.07
16,4,11,40,110,117.05,0.4633,787.29,151.53
16,4,12,40,120,126.49,0.4482,773.42,151.11
16,4,13,40,130,136.01,0.4671,790.62,158.9
16,5,-12,50,-120,130.0,0.4639,757.58,157.73
16,5,-11,50,-110,120.83,0.4482,788.58,150.12
16,5,-10,50,-100,111.8,0.4529,803.1,152.35
16,5,-9,50,-90,102.96,0.4455,806.99,156.38
16,5,-8,50,-80,94.34,0.4509,790.09,152.94
16,5,-7,50,-70,86.02,0.4423,799.16,148.59
16,5,-6,50,-60,78.1,0.4633,800.56,148.25
16,5,-5,50,-50,70.71,0.4462,762.4,149.03
16,5,-4,50,-40,64.03,0.4523,794.88,146.93
16,5,-3,50,-30,58.31,0.4557,799.91,155.9
16,5,-2,50,-20,53.85,0.4446,799.8,149.34
16,5,-1,50,-10,50.99,0.4459,812.12,149.99
16,5,0,50,0,50.0,0.4513,800.88,152.58
16,5,1,50,10,50.99,0.4625,788.54,149.64
16,5,2,50,20,53.85,0.4535,805.73,152.62
16,5,3,50,30,58.31,0.4456,797.74,152.72
16,5,4,50,40,64.03,0.4459,802.33,147.39
16,5,5,50,50,70.71,0.4669,802.33,153.86
16,5,6,50,60,78.1,0.4503,809.21,150.94
16,5,7,50,70,86.02,0.4575,812.45,149.13
16,5,8,50,80,94.34,0.448,811.84,155.91
16,5,9,50,90,102.96,0.4489,787.9,147.29
16,5,10,50,100,111.8,0.459,795.09,151.71
16,5,11,50,110,120.83,0.46,794.68,152.98
16,5,12,50,120,130.0,0.4653,794.48,155.95
16,6,-12,60,-120,134.16,0.4632,783.11,151.88
16,6,-11,60,-110,125.3,0.4541,802.12,150.8
16,6,-10,60,-100,116.62,0.4467,800.74,153.84
16,6,-9,60,-90,108.17,0.4547,806.69,146.11
16,6,-8,60,-80,100.0,0.4547,793.47,149.62
16,6,-7,60,-70,92.2,0.4575,815.69,148.15
16,6,-6,60,-60,84.85,0.4567,819.59,149.95
16,6,-5,60,-50,78.1,0.4508,805.74,147.44
16,6,-4,60,-40,72.11,0.4415,838.4,149.52
16,6,-3,60,-30,67.08,0.4363,806.0,151.96
16,6,-2,60,-20,63.25,0.4349,793.2,152.47
16,6,-1,60,-10,60.83,0.4551,796.28,147.11
16,6,0,60,0,60.0,0.4591,782.43,156.09
16,6,1,60,10,60.83,0.4549,787.36,149.17
16,6,2,60,20,63.25,0.4461,801.96,149.78
16,6,3,60,30,67.08,0.4564,799.85,149.62
16,6,4,60,40,72.11,0.4477,812.82,153.55
16,6,5,60,50,78.1,0.441,814.29,154.09
16,6,6,60,60,84.85,0.4454,797.32,149.34
16,6,7,60,70,92.2,0.4543,791.14,153.66
16,6,8,60,80,100.0,0.4326,796.47,149.91
16,6,9,60,90,108.17,0.4487,802.13,151.42
16,6,10,60,100,116.62,0.4579,797.26,157.62
16,6,11,60,110,125.3,0.4774,772.65,149.72
16,6,12,60,120,134.16,0.4602,768.04,155.66
16,7,-11,70,-110,130.38,0.4602,794.0,153.55
16,7,-10,70,-100,122.07,0.4627,800.01,150.35
16,7,-9,70,-90,114.02,0.4405,790.43,150.41
16,7,-8,70,-80,106.3,0.4555,802.12,149.36
16,7,-7,70,-70,98.99,0.4563,807.63,147.23
16,7,-6,70,-60,92.2,0.4412,808.07,147.78
16,7,-5,70,-50,86.02,0.4615,795.58,152.56
16,7,-4,70,-40,80.62,0.4446,790.95,145.47
16,7,-3,70,-30,76.16,0.4465,788.04,145.52
16,7,-2,70,-20,72.8,0.4493,820.37,147.78
16,7,-1,70,-10,70.71,0.448,824.28,151.16
16,7,0,70,0,70.0,0.4464,781.41,148.47
16,7,1,70,10,70.71,0.443,788.91,148.83
16,7,2,70,20,72.8,0.4453,774.45,149.64
16,7,3,70,30,76.16,0.4455,791.23,149.99
16,7,4,70,40,80.62,0.4455,803.53,149.72
16,7,5,70,50,86.02,0.4486,795.1,147.26
16,7,6,70,60,92.2,0.4541,812.84,148.31
16,7,7,70,70,98.99,0.4541,787.55,146.62
16,7,8,70,80,106.3,0.4455,777.95,155.13
16,7,9,70,90,114.02,0.4514,790.71,154.1
16,7,10,70,100,122.07,0.4496,776.1,150.41
16,7,11,70,110,130.38,0.4532,787.2,158.34
16,8,-11,80,-110,136.01,0.4713,754.36,156.18
16,8,-10,80,-100,128.06,0.4706,771.36,149.36
16,8,-9,80,-90,120.42,0.4649,787.97,153.44
16,8,-8,80,-80,113.14,0.4549,802.6,152.74
16,8,-7,80,-70,106.3,0.4526,802.6,153.22
16,8,-6,80,-60,100.0,0.4532,788.69,150.94
16,8,-5,80,-50,94.34,0.4535,802.02,152.29
16,8,-4,80,-40,89.44,0.4551,802.73,149.15
16,8,-3,80,-30,85.44,0.4531,771.93,154.51
16,8,-2,80,-20,82.46,0.4666,803.03,149.89
16,8,-1,80,-10,80.62,0.452,813.46,153.99
16,8,0,80,0,80.0,0.4573,823.52,152.35
16,8,1,80,10,80.62,0.467,811.24,149.46
16,8,2,80,20,82.46,0.4362,798.58,150.51
16,8,3,80,30,85.44,0.4549,795.91,149.98
16,8,4,80,40,89.44,0.4345,820.3,154.08
16,8,5,80,50,94.34,0.4569,806.56,151.38
16,8,6,80,60,100.0,0.4519,820.77,149.12
16,8,7,80,70,106.3,0.4397,801.17,154.15
16,8,8,80,80,113.14,0.4555,811.44,156.91
16,8,9,80,90,120.42,0.46,819.4,146.2
16,8,10,80,100,128.06,0.4532,799.7,155.7
16,8,11,80,110,136.01,0.4592,778.23,161.58
16,9,-10,90,-100,134.54,0.4737,747.27,153.46
16,9,-9,90,-90,127.28,0.4595,799.57,155.03
16,9,-8,90,-80,120.42,0.4667,794.52,153.36
16,9,-7,90,-70,114.02,0.4605,784.45,153.22
16,9,-6,90,-60,108.17,0.467,766.54,152.6
16,9,-5,90,-50,102.96,0.4341,808.75,151.43
16,9,-4,90,-40,98.49,0.4586,786.64,149.21
16,9,-3,90,-30,94.87,0.459,818.09,147.24
16,9,-2,90,-20,92.2,0.4467,784.96,153.01
16,9,-1,90,-10,90.55,0.4534,810.09,150.32
16,9,0,90,0,90.0,0.4329,788.93,149.63
16,9,1,90,10,90.55,0.44,768.24,153.15
16,9,2,90,20,92.2,0.4437,808.0,154.39
16,9,3,90,30,94.87,0.4462,798.49,152.39
16,9,4,90,40,98.49,0.4487,801.43,153.01
16,9,5,90,50,102.96,0.4379,823.47,152.0
16,9,6,90,60,108.17,0.4556,797.87,156.52
16,9,7,90,70,114.02,0.4452,801.26,155.71
16,9,8,90,80,120.42,0.4675,802.74,151.44
16,9,9,90,90,127.28,0.4656,798.84,154.17
16,9,10,90,100,134.54,0.4586,779.71,154.56
16,10,-9,100,-90,134.54,0.457,792.17,155.14
16,10,-8,100,-80,128.06,0.4742,772.21,154.05
16,10,-7,100,-70,122.07,0.4687,779.21,148.79
16,10,-6,100,-60,116.62,0.4605,764.28,154.03
16,10,-5,100,-50,111.8,0.4386,797.79,155.28
16,10,-4,100,-40,107.7,0.4531,798.73,150.48
16,10,-3,100,-30,104.4,0.4648,788.19,155.97
16,10,-2,100,-20,101.98,0.456,806.16,154.33
16,10,-1,100,-10,100.5,0.4462,805.33,148.03
16,10,0,100,0,100.0,0.4662,801.04,152.86
16,10,1,100,10,100.5,0.4701,816.32,150.91
16,10,2,100,20,101.98,0.4733,783.41,149.79
16,10,3,100,30,104.4,0.4553,788.0,151.96
16,10,4,100,40,107.7,0.4476,796.31,148.84
16,10,5,100,50,111.8,0.447,809.97,153.98
16,10,6,100,60,116.62,0.4504,789.76,156.92
16,10,7,100,70,122.07,0.46,778.92,152.23
16,10,8,100,80,128.06,0.4605,771.02,154.57
16,10,9,100,90,134.54,0.4671,795.17,154.6
16,11,-8,110,-80,136.01,0.4584,786.79,156.02
16,11,-7,110,-70,130.38,0.4554,794.31,158.91
16,11,-6,110,-60,125.3,0.4708,764.35,156.65
16,11,-5,110,-50,120.83,0.4578,780.37,144.32
16,11,-4,110,-40,117.05,0.4611,802.21,150.67
16,11,-3,110,-30,114.02,0.4478,787.53,153.86
16,11,-2,110,-20,111.8,0.4648,780.75,150.21
16,11,-1,110,-10,110.45,0.4483,792.46,150.06
16,11,0,110,0,110.0,0.4481,816.29,146.15
16,11,1,110,10,110.45,0.4451,792.24,153.42
16,11,2,110,20,111.8,0.4626,790.8,153.12
16,11,3,110,30,114.02,0.4399,779.05,149.43
16,11,4,110,40,117.05,0.4638,797.0,152.1
16,11,5,110,50,120.83,0.4576,783.19,152.86
16,11,6,110,60,125.3,0.4592,777.56,151.3
16,11,7,110,70,130.38,0.4616,769.99,155.69
16,11,8,110,80,136.01,0.4584,753.62,153.99
16,12,-6,120,-60,134.16,0.4692,791.17,151.43
16,12,-5,120,-50,130.0,0.4552,794.54,154.77
16,12,-4,120,-40,126.49,0.4553,769.05,154.73
16,12,-3,120,-30,123.69,0.4452,753.38,156.63
16,12,-2,120,-20,121.66,0.455,786.93,153.32
16,12,-1,120,-10,120.42,0.4632,780.51,152.86
16,12,0,120,0,120.0,0.4581,786.84,148.31
16,12,1,120,10,120.42,0.4591,796.37,152.68
16,12,2,120,20,121.66,0.4536,794.34,154.43
16,12,3,120,30,123.69,0.4645,809.0,154.1
16,12,4,120,40,126.49,0.4631,775.07,149.21
16,12,5,120,50,130.0,0.4682,800.03,157.31
16,12,6,120,60,134.16,0.4581,774.36,150.73
16,13,-4,130,-40,136.01,0.4502,775.88,158.48
16,13,-3,130,-30,133.42,0.4603,806.74,154.87
16,13,-2,130,-20,131.53,0.4572,783.19,156.91
16,13,-1,130,-10,130.38,0.4691,793.99,148.92
16,13,0,130,0,130.0,0.4593,786.69,154.49
16,13,1,130,10,130.38,0.463,787.1,153.12
16,13,2,130,20,131.53,0.4534,776.29,152.89
16,13,3,130,30,133.42,0.4617,803.96,153.73
16,13,4,130,40,136.01,0.4571,802.54,149.7
17,-13,-4,-130,-40,136.01,0.4562,776.02,157.16
17,-13,-3,-130,-30,133.42,0.4603,786.13,158.06
17,-13,-2,-130,-20,131.53,0.4752,772.27,156.15
17,-13,-1,-130,-10,130.38,0.472,806.92,153.1
17,-13,0,-130,0,130.0,0.4562,791.02,155.26
17,-13,1,-130,10,130.38,0.4525,792.51,156.39
17,-13,2,-130,20,131.53,0.4645,785.84,151.98
17,-13,3,-130,30,133.42,0.4521,783.57,154.66
17,-13,4,-130,40,136.01,0.4508,785.78,157.23
17,-12,-6,-120,-60,134.16,0.4654,793.09,154.56
17,-12,-5,-120,-50,130.0,0.459,801.02,155.52
17,-12,-4,-120,-40,126.49,0.4521,769.55,157.05
17,-12,-3,-120,-30,123.69,0.4531,781.42,152.26
17,-12,-2,-120,-20,121.66,0.472,759.29,153.7
17,-12,-1,-120,-10,120.42,0.4696,801.29,153.53
17,-12,0,-120,0,120.0,0.4503,785.08,152.84
17,-12,1,-120,10,120.42,0.4559,801.38,158.27
17,-12,2,-120,20,121.66,0.4593,797.87,152.54
17,-12,3,-120,30,123.69,0.4535,795.35,149.11
17,-12,4,-120,40,126.49,0.4637,768.98,155.83
17,-12,5,-120,50,130.0,0.4516,793.57,158.7
17,-12,6,-120,60,134.16,0.4596,772.35,154.06
17,-11,-8,-110,-80,136.01,0.4682,755.29,153.47
17,-11,-7,-110,-70,130.38,0.4714,784.67,152.07
17,-11,-6,-110,-60,125.3,0.4558,798.7,156.35
17,-11,-5,-110,-50,120.83,0.4617,799.15,149.12
17,-11,-4,-110,-40,117.05,0.454,800.55,153.24
17,-11,-3,-110,-30,114.02,0.4556,774.26,152.51
17,-11,-2,-110,-20,111.8,0.438,792.15,150.82
17,-11,-1,-110,-10,110.45,0.4445,793.15,147.83
17,-11,0,-110,0,110.0,0.4511,769.96,155.87
17,-11,1,-110,10,110.45,0.4352,800.39,145.86
17,-11,2,-110,20,111.8,0.4539,801.77,151.71
17,-11,3,-110,30,114.02,0.4538,776.69,149.91
17,-11,4,-110,40,117.05,0.46,779.7,156.86
17,-11,5,-110,50,120.83,0.4614,823.52,149.07
17,-11,6,-110,60,125.3,0.4371,783.13,149.74
17,-11,7,-110,70,130.38,0.4645,787.22,157.17
17,-11,8,-110,80,136.01,0.467,757.05,154.81
17,-10,-9,-100,-90,134.54,0.4706,796.44,154.43
17,-10,-8,-100,-80,128.06,0.4583,810.91,152.49
17,-10,-7,-100,-70,122.07,0.4651,807.56,156.55
17,-10,-6,-100,-60,116.62,0.4643,801.28,151.76
17,-10,-5,-100,-50,111.8,0.4606,789.5,154.71
17,-10,-4,-100,-40,107.7,0.443,794.78,149.13
17,-10,-3,-100,-30,104.4,0.4385,784.33,145.33
17,-10,-2,-100,-20,101.98,0.4475,799.95,153.91
17,-10,-1,-100,-10,100.5,0.4479,769.47,149.9
17,-10,0,-100,0,100.0,0.4596,770.11,148.13
17,-10,1,-100,10,100.5,0.4499,772.34,148.37
17,-10,2,-100,20,101.98,0.4627,807.54,147.26
17,-10,3,-100,30,104.4,0.4586,800.3,156.22
17,-10,4,-100,40,107.7,0.454,781.64,147.41
17,-10,5,-100,50,111.8,0.457,791.93,152.9
17,-10,6,-100,60,116.62,0.45,800.99,155.62
17,-10,7,-100,70,122.07,0.4595,803.08,153.62
17,-10,8,-100,80,128.06,0.462,777.06,157.14
17,-10,9,-100,90,134.54,0.4582,783.99,151.57
17,-9,-10,-90,-100,134.54,0.4697,777.7,156.01
17,-9,-9,-90,-90,127.28,0.4498,770.86,151.1
17,-9,-8,-90,-80,120.42,0.4593,790.95,151.66
17,-9,-7,-90,-70,114.02,0.4493,772.65,153.71
17,-9,-6,-90,-60,108.17,0.4452,801.07,146.73
17,-9,-5,-90,-50,102.96,0.4525,815.57,152.1
17,-9,-4,-90,-40,98.49,0.4518,813.81,148.66
17,-9,-3,-90,-30,94.87,0.4449,804.38,149.11
17,-9,-2,-90,-20,92.2,0.4443,779.88,147.04
17,-9,-1,-90,-10,90.55,0.4568,812.32,157.82
17,-9,0,-90,0,90.0,0.4587,805.36,152.91
17,-9,1,-90,10,90.55,0.4415,808.07,149.75
17,-9,2,-90,20,92.2,0.4682,818.28,152.92
17,-9,3,-90,30,94.87,0.4431,849.84,149.76
17,-9,4,-90,40,98.49,0.4462,812.36,146.12
17,-9,5,-90,50,102.96,0.4447,785.41,151.68
17,-9,6,-90,60,108.17,0.4558,785.79,150.49
17,-9,7,-90,70,114.02,0.4307,790.05,152.22
17,-9,8,-90,80,120.42,0.4659,788.65,154.61
17,-9,9,-90,90,127.28,0.4579,816.19,153.67
17,-9,10,-90,100,134.54,0.4634,766.9,157.27
17,-8,-11,-80,-110,136.01,0.467,797.4,153.33
17,-8,-10,-80,-100,128.06,0.4618,807.29,159.57
17,-8,-9,-80,-90,120.42,0.4666,799.43,149.18
17,-8,-8,-80,-80,113.14,0.4524,761.1,153.48
17,-8,-7,-80,-70,106.3,0.4517,805.7,150.38
17,-8,-6,-80,-60,100.0,0.445,790.95,155.26
17,-8,-5,-80,-50,94.34,0.4609,798.98,154.99
17,-8,-4,-80,-40,89.44,0.4586,792.98,148.16
17,-8,-3,-80,-30,85.44,0.4426,796.86,152.39
17,-8,-2,-80,-20,82.46,0.4458,785.83,154.66
17,-8,-1,-80,-10,80.62,0.4542,799.25,143.48
17,-8,0,-80,0,80.0,0.4564,781.5,150.58
17,-8,1,-80,10,80.62,0.4565,816.88,147.15
17,-8,2,-80,20,82.46,0.4586,801.93,151.27
17,-8,3,-80,30,85.44,0.4406,776.22,155.77
17,-8,4,-80,40,89.44,0.4633,771.12,152.66
17,-8,5,-80,50,94.34,0.4468,814.78,145.69
17,-8,6,-80,60,100.0,0.4499,805.24,145.26
17,-8,7,-80,70,106.3,0.442,790.66,147.32
17,-8,8,-80,80,113.14,0.4541,789.55,153.16
17,-8,9,-80,90,120.42,0.4619,780.96,155.14
17,-8,10,-80,100,128.06,0.4506,770.24,146.02
17,-8,11,-80,110,136.01,0.462,800.01,154.72
17,-7,-11,-70,-110,130.38,0.4534,750.97,148.26
17,-7,-10,-70,-100,122.07,0.4543,781.94,154.4
17,-7,-9,-70,-90,114.02,0.4656,797.65,150.11
17,-7,-8,-70,-80,106.3,0.4578,803.7,154.36
17,-7,-7,-70,-70,98.99,0.444,806.16,152.37
17,-7,-6,-70,-60,92.2,0.4484,779.5,150.35
17,-7,-5,-70,-50,86.02,0.4439,813.49,149.65
17,-7,-4,-70,-40,80.62,0.4502,794.41,149.2
17,-7,-3,-70,-30,76.16,0.4637,808.73,145.84
17,-7,-2,-70,-20,72.8,0.4497,778.86,155.06
17,-7,-1,-70,-10,70.71,0.4606,825.36,144.69
17,-7,0,-70,0,70.0,0.4411,787.31,146.94
17,-7,1,-70,10,70.71,0.4421,786.66,149.16
17,-7,2,-70,20,72.8,0.4534,808.76,153.13
17,-7,3,-70,30,76.16,0.4527,805.03,153.86
17,-7,4,-70,40,80.62,0.4565,804.77,144.39
17,-7,5,-70,50,86.02,0.4622,774.03,147.77
17,-7,6,-70,60,92.2,0.4313,827.6,148.33
17,-7,7,-70,70,98.99,0.4517,772.43,151.18
17,-7,8,-70,80,106.3,0.4618,782.6,151.04
17,-7,9,-70,90,114.02,0.4578,774.72,154.18
17,-7,10,-70,100,122.07,0.4506,790.0,152.28
17,-7,11,-70,110,130.38,0.4705,786.5,147.09
17,-6,-12,-60,-120,134.16,0.4635,782.78,155.73
17,-6,-11,-60,-110,125.3,0.4546,763.26,148.44
17,-6,-10,-60,-100,116.62,0.454,814.93,151.85
17,-6,-9,-60,-90,108.17,0.4523,798.06,153.93
17,-6,-8,-60,-80,100.0,0.448,809.61,153.71
17,-6,-7,-60,-70,92.2,0.4556,815.91,155.86
17,-6,-6,-60,-60,84.85,0.4492,792.52,145.76
17,-6,-5,-60,-50,78.1,0.4525,798.55,152.34
17,-6,-4,-60,-40,72.11,0.4482,784.22,149.77
17,-6,-3,-60,-30,67.08,0.4356,798.43,148.02
17,-6,-2,-60,-20,63.25,0.4599,819.77,149.99
17,-6,-1,-60,-10,60.83,0.4348,783.45,149.97
17,-6,0,-60,0,60.0,0.4429,795.54,154.97
17,-6,1,-60,10,60.83,0.4463,800.63,150.85
17,-6,2,-60,20,63.25,0.4423,790.08,149.17
17,-6,3,-60,30,67.08,0.451,813.18,146.68
17,-6,4,-60,40,72.11,0.4501,755.43,149.79
17,-6,5,-60,50,78.1,0.4527,802.3,155.93
17,-6,6,-60,60,84.85,0.4448,794.75,149.36
17,-6,7,-60,70,92.2,0.4542,826.34,153.45
17,-6,8,-60,80,100.0,0.4473,774.22,153.41
17,-6,9,-60,90,108.17,0.455,806.07,147.22
17,-6,10,-60,100,116.62,0.4503,776.81,154.31
17,-6,11,-60,110,125.3,0.4425,765.55,153.91
17,-6,12,-60,120,134.16,0.4471,784.92,152.71
17,-5,-12,-50,-120,130.0,0.4397,799.65,147.83
17,-5,-11,-50,-110,120.83,0.4619,803.76,153.5
17,-5,-10,-50,-100,111.8,0.4622,770.57,149.28
17,-5,-9,-50,-90,102.96,0.4619,819.24,157.23
17,-5,-8,-50,-80,94.34,0.446,799.14,152.96
17,-5,-7,-50,-70,86.02,0.4473,767.88,152.27
17,-5,-6,-50,-60,78.1,0.4487,806.1,152.48
17,-5,-5,-50,-50,70.71,0.4556,806.42,150.73
17,-5,-4,-50,-40,64.03,0.4551,784.37,148.99
17,-5,-3,-50,-30,58.31,0.4441,797.3,149.25
17,-5,-2,-50,-20,53.85,0.4358,789.76,153.14
17,-5,-1,-50,-10,50.99,0.4472,801.82,156.3
17,-5,0,-50,0,50.0,0.453,823.95,150.84
17,-5,1,-50,10,50.99,0.4467,794.47,151.23
17,-5,2,-50,20,53.85,0.4516,818.72,157.34
17,-5,3,-50,30,58.31,0.458,802.81,151.71
17,-5,4,-50,40,64.03,0.4545,804.0,148.79
17,-5,5,-50,50,70.71,0.446,805.41,147.22
17,-5,6,-50,60,78.1,0.4495,824.85,146.37
17,-5,7,-50,70,86.02,0.4465,794.96,153.27
17,-5,8,-50,80,94.34,0.454,812.44,153.78
17,-5,9,-50,90,102.96,0.472,769.06,159.97
17,-5,10,-50,100,111.8,0.4643,829.35,150.56
17,-5,11,-50,110,120.83,0.4591,774.25,147.97
17,-5,12,-50,120,130.0,0.4614,778.2,153.17
17,-4,-13,-40,-130,136.01,0.4573,786.47,155.53
17,-4,-12,-40,-120,126.49,0.4613,773.57,150.7
17,-4,-11,-40,-110,117.05,0.457,775.12,153.17
17,-4,-10,-40,-100,107.7,0.4444,812.42,149.35
17,-4,-9,-40,-90,98.49,0.4634,807.58,148.15
17,-4,-8,-40,-80,89.44,0.453,818.9,148.07
17,-4,-7,-40,-70,80.62,0.4461,804.99,153.26
17,-4,-6,-40,-60,72.11,0.4491,805.69,154.1
17,-4,-5,-40,-50,64.03,0.4449,784.13,153.51
17,-4,-4,-40,-40,56.57,0.4551,777.98,154.78
17,-4,-3,-40,-30,50.0,0.4556,807.23,149.65
17,-4,-2,-40,-20,44.72,0.4458,804.57,153.28
17,-4,-1,-40,-10,41.23,0.443,799.47,152.64
17,-4,0,-40,0,40.0,0.4588,790.32,150.4
17,-4,1,-40,10,41.23,0.4462,802.24,150.64
17,-4,2,-40,20,44.72,0.4515,817.86,150.32
17,-4,3,-40,30,50.0,0.4373,788.78,158.4
17,-4,4,-40,40,56.57,0.4439,808.04,154.2
17,-4,5,-40,50,64.03,0.4645,802.74,152.73
17,-4,6,-40,60,72.11,0.4497,789.17,149.98
17,-4,7,-40,70,80.62,0.4449,821.71,155.47
17,-4,8,-40,80,89.44,0.4519,787.26,147.13
17,-4,9,-40,90,98.49,0.4614,787.16,145.78
17,-4,10,-40,100,107.7,0.4612,803.21,147.96
17,-4,11,-40,110,117.05,0.4557,804.42,154.16
17,-4,12,-40,120,126.49,0.4574,773.49,151.3
17,-4,13,-40,130,136.01,0.466,792.73,156.2
17,-3,-13,-30,-130,133.42,0.4536,790.73,149.89
17,-3,-12,-30,-120,123.69,0.4712,813.22,152.59
17,-3,-11,-30,-110,114.02,0.4501,800.34,150.22
17,-3,-10,-30,-100,104.4,0.4444,771.06,155.03
17,-3,-9,-30,-90,94.87,0.4575,790.99,151.82
17,-3,-8,-30,-80,85.44,0.4467,796.36,148.73
17,-3,-7,-30,-70,76.16,0.4567,794.31,147.74
17,-3,-6,-30,-60,67.08,0.4426,780.19,150.85
17,-3,-5,-30,-50,58.31,0.4389,818.82,151.12
17,-3,-4,-30,-40,50.0,0.4277,792.07,146.93
17,-3,-3,-30,-30,42.43,0.4321,813.07,151.68
17,-3,-2,-30,-20,36.06,0.4583,803.22,153.48
17,-3,-1,-30,-10,31.62,0.4542,815.72,152.18
17,-3,0,-30,0,30.0,0.4569,810.37,148.56
17,-3,1,-30,10,31.62,0.4359,809.46,148.83
17,-3,2,-30,20,36.06,0.4407,798.84,149.44
17,-3,3,-30,30,42.43,0.4546,813.22,151.15
17,-3,4,-30,40,50.0,0.4473,768.43,148.56
17,-3,5,-30,50,58.31,0.4503,827.24,145.94
17,-3,6,-30,60,67.08,0.4334,808.51,150.12
17,-3,7,-30,70,76.16,0.4432,811.05,146.29
17,-3,8,-30,80,85.44,0.4689,814.57,152.78
17,-3,9,-30,90,94.87,0.4524,804.46,149.14
17,-3,10,-30,100,104.4,0.4557,801.45,154.94
17,-3,11,-30,110,114.02,0.4547,796.12,148.37
17,-3,12,-30,120,123.69,0.466,789.06,154.19
17,-3,13,-30,130,133.42,0.4681,788.2,152.83
17,-2,-13,-20,-130,131.53,0.4711,788.92,153.77
17,-2,-12,-20,-120,121.66,0.4634,795.89,151.43
17,-2,-11,-20,-110,111.8,0.463,809.37,144.57
17,-2,-10,-20,-100,101.98,0.4427,776.26,146.24
17,-2,-9,-20,-90,92.2,0.4591,786.84,153.08
17,-2,-8,-20,-80,82.46,0.4535,804.08,148.34
17,-2,-7,-20,-70,72.8,0.4436,788.08,151.81
17,-2,-6,-20,-60,63.25,0.4525,756.34,154.06
17,-2,-5,-20,-50,53.85,0.4479,801.82,152.31
17,-2,-4,-20,-40,44.72,0.4406,777.64,147.38
17,-2,-3,-20,-30,36.06,0.4596,800.22,153.29
17,-2,-2,-20,-20,28.28,0.4303,797.1,146.41
17,-2,-1,-20,-10,22.36,0.4583,793.43,146.78
17,-2,0,-20,0,20.0,0.4473,774.26,150.08
17,-2,1,-20,10,22.36,0.4405,782.94,149.92
17,-2,2,-20,20,28.28,0.4326,794.37,148.27
17,-2,3,-20,30,36.06,0.4606,810.24,147.56
17,-2,4,-20,40,44.72,0.443,805.8,149.95
17,-2,5,-20,50,53.85,0.4606,803.2,150.66
17,-2,6,-20,60,63.25,0.4554,823.82,150.35
17,-2,7,-20,70,72.8,0.4563,799.33,147.76
17,-2,8,-20,80,82.46,0.4554,790.41,146.43
17,-2,9,-20,90,92.2,0.4468,808.42,150.01
17,-2,10,-20,100,101.98,0.4623,811.35,157.86
17,-2,11,-20,110,111.8,0.4535,802.7,156.19
17,-2,12,-20,120,121.66,0.4459,809.93,147.93
17,-2,13,-20,130,131.53,0.4733,788.25,153.61
17,-1,-13,-10,-130,130.38,0.4528,763.72,152.86
17,-1,-12,-10,-120,120.42,0.4535,778.24,151.2
17,-1,-11,-10,-110,110.45,0.4605,818.4,150.26
17,-1,-10,-10,-100,100.5,0.4521,781.73,149.67
17,-1,-9,-10,-90,90.55,0.4447,811.79,147.45
17,-1,-8,-10,-80,80.62,0.4534,786.09,155.4
17,-1,-7,-10,-70,70.71,0.4562,801.43,153.16
17,-1,-6,-10,-60,60.83,0.4569,809.39,146.77
17,-1,-5,-10,-50,50.99,0.4593,816.93,148.65
17,-1,-4,-10,-40,41.23,0.455,769.12,144.68
17,-1,-3,-10,-30,31.62,0.4497,814.96,151.24
17,-1,-2,-10,-20,22.36,0.4499,802.6,150.43
17,-1,-1,-10,-10,14.14,0.4444,811.24,151.89
17,-1,0,-10,0,10.0,0.4646,810.56,156.99
17,-1,1,-10,10,14.14,0.4463,817.96,155.46
17,-1,2,-10,20,22.36,0.4395,782.74,150.66
17,-1,3,-10,30,31.62,0.4546,830.15,148.5
17,-1,4,-10,40,41.23,0.4334,804.18,150.17
17,-1,5,-10,50,50.99,0.4537,786.92,144.64
17,-1,6,-10,60,60.83,0.4644,809.8,155.41
17,-1,7,-10,70,70.71,0.4401,802.36,152.48
17,-1,8,-10,80,80.62,0.4584,821.59,147.21
17,-1,9,-10,90,90.55,0.4495,811.21,150.74
17,-1,10,-10,100,100.5,0.4345,807.35,152.01
17,-1,11,-10,110,110.45,0.4503,796.97,145.25
17,-1,12,-10,120,120.42,0.471,789.99,150.32
17,-1,13,-10,130,130.38,0.4753,758.86,152.27
17,0,-13,0,-130,130.0,0.4712,769.09,151.92
17,0,-12,0,-120,120.0,0.4578,798.47,152.51
17,0,-11,0,-110,110.0,0.4563,795.8,151.3
17,0,-10,0,-100,100.0,0.4505,796.15,149.97
17,0,-9,0,-90,90.0,0.4342,827.89,146.51
17,0,-8,0,-80,80.0,0.4454,818.05,155.69
17,0,-7,0,-70,70.0,0.4588,809.21,150.99
17,0,-6,0,-60,60.0,0.4475,809.55,153.32
17,0,-5,0,-50,50.0,0.4583,816.66,148.47
17,0,-4,0,-40,40.0,0.4503,772.23,153.99
17,0,-3,0,-30,30.0,0.4494,773.43,150.77
17,0,-2,0,-20,20.0,0.4591,798.78,151.43
17,0,-1,0,-10,10.0,0.4459,786.28,151.3
17,0,0,0,0,0.0,0.4433,800.99,146.29
17,0,1,0,10,10.0,0.449,811.64,146.09
17,0,2,0,20,20.0,0.4466,787.78,153.17
17,0,3,0,30,30.0,0.45,798.89,149.44
17,0,4,0,40,40.0,0.4451,775.91,149.07
17,0,5,0,50,50.0,0.4574,791.72,151.69
17,0,6,0,60,60.0,0.4384,821.27,154.96
17,0,7,0,70,70.0,0.4543,801.69,147.31
17,0,8,0,80,80.0,0.4339,807.67,153.46
17,0,9,0,90,90.0,0.4486,803.16,147.2
17,0,10,0,100,100.0,0.4545,813.18,152.35
17,0,11,0,110,110.0,0.447,786.39,153.5
17,0,12,0,120,120.0,0.4525,816.07,159.39
17,0,13,0,130,130.0,0.4588,824.28,153.86
17,1,-13,10,-130,130.38,0.4702,787.56,154.01
17,1,-12,10,-120,120.42,0.4466,786.17,157.81
17,1,-11,10,-110,110.45,0.4584,794.65,151.36
17,1,-10,10,-100,100.5,0.4564,798.09,152.09
17,1,-9,10,-90,90.55,0.449,796.87,147.12
17,1,-8,10,-80,80.62,0.4643,784.6,150.9
17,1,-7,10,-70,70.71,0.4464,791.93,148.73
17,1,-6,10,-60,60.83,0.4451,805.0,152.46
17,1,-5,10,-50,50.99,0.4554,772.99,153.09
17,1,-4,10,-40,41.23,0.4555,791.12,152.12
17,1,-3,10,-30,31.62,0.4583,795.38,147.94
17,1,-2,10,-20,22.36,0.4629,827.35,152.52
17,1,-1,10,-10,14.14,0.4599,802.31,153.21
17,1,0,10,0,10.0,0.4327,810.66,152.07
17,1,1,10,10,14.14,0.4555,806.84,151.39
17,1,2,10,20,22.36,0.4457,830.5,154.94
17,1,3,10,30,31.62,0.469,791.7,152.3
17,1,4,10,40,41.23,0.4568,769.48,149.98
17,1,5,10,50,50.99,0.4528,805.57,147.61
17,1,6,10,60,60.83,0.4585,805.34,148.68
17,1,7,10,70,70.71,0.4552,786.21,151.17
17,1,8,10,80,80.62,0.4493,800.61,148.03
17,1,9,10,90,90.55,0.4414,782.84,146.46
17,1,10,10,100,100.5,0.4524,804.18,151.8
17,1,11,10,110,110.45,0.4485,776.01,152.8
17,1,12,10,120,120.42,0.4606,805.6,149.02
17,1,13,10,130,130.38,0.4599,790.01,149.36
17,2,-13,20,-130,131.53,0.4604,756.95,152.43
17,2,-12,20,-120,121.66,0.4688,818.85,153.11
17,2,-11,20,-110,111.8,0.4573,794.03,154.37
17,2,-10,20,-100,101.98,0.4587,774.79,152.47
17,2,-9,20,-90,92.2,0.4405,817.34,153.62
17,2,-8,20,-80,82.46,0.4373,815.16,146.71
17,2,-7,20,-70,72.8,0.4486,781.16,151.52
17,2,-6,20,-60,63.25,0.4626,797.19,148.39
17,2,-5,20,-50,53.85,0.4497,821.87,153.01
17,2,-4,20,-40,44.72,0.4611,799.52,143.53
17,2,-3,20,-30,36.06,0.4357,797.13,145.78
17,2,-2,20,-20,28.28,0.4557,796.57,144.53
17,2,-1,20,-10,22.36,0.4527,788.81,149.38
17,2,0,20,0,20.0,0.4583,819.02,153.87
17,2,1,20,10,22.36,0.4556,826.82,149.09
17,2,2,20,20,28.28,0.4486,789.86,150.22
17,2,3,20,30,36.06,0.45,802.62,149.91
17,2,4,20,40,44.72,0.4575,801.08,149.77
17,2,5,20,50,53.85,0.4532,781.23,146.41
17,2,6,20,60,63.25,0.4481,809.27,150.13
17,2,7,20,70,72.8,0.4477,802.29,153.5
17,2,8,20,80,82.46,0.4412,801.82,146.61
17,2,9,20,90,92.2,0.4432,801.24,152.74
17,2,10,20,100,101.98,0.4536,807.16,151.48
17,2,11,20,110,111.8,0.4657,802.85,151.32
17,2,12,20,120,121.66,0.4655,789.3,154.49
17,2,13,20,130,131.53,0.4693,806.07,159.35
17,3,-13,30,-130,133.42,0.478,796.59,154.08
17,3,-12,30,-120,123.69,0.4614,777.6,151.63
17,3,-11,30,-110,114.02,0.4566,802.21,149.86
17,3,-10,30,-100,104.4,0.4558,774.32,150.07
17,3,-9,30,-90,94.87,0.457,797.83,154.52
17,3,-8,30,-80,85.44,0.4555,772.35,151.04
17,3,-7,30,-70,76.16,0.4502,819.17,146.12
17,3,-6,30,-60,67.08,0.4579,822.13,154.5
17,3,-5,30,-50,58.31,0.4491,813.83,151.2
17,3,-4,30,-40,50.0,0.465,813.23,150.63
17,3,-3,30,-30,42.43,0.4521,784.59,148.45
17,3,-2,30,-20,36.06,0.4498,811.41,145.72
17,3,-1,30,-10,31.62,0.4535,789.33,145.92
17,3,0,30,0,30.0,0.4426,801.91,151.25
17,3,1,30,10,31.62,0.4534,796.57,149.12
17,3,2,30,20,36.06,0.4514,775.22,150.48
17,3,3,30,30,42.43,0.4534,782.55,153.03
17,3,4,30,40,50.0,0.44,808.08,147.07
17,3,5,30,50,58.31,0.4562,800.24,149.01
17,3,6,30,60,67.08,0.4574,778.32,152.25
17,3,7,30,70,76.16,0.4547,800.61,151.05
17,3,8,30,80,85.44,0.4369,798.31,149.67
17,3,9,30,90,94.87,0.4639,788.39,144.78
17,3,10,30,100,104.4,0.4538,795.7,149.61
17,3,11,30,110,114.02,0.4437,778.8,150.22
17,3,12,30,120,123.69,0.4577,758.61,157.0
17,3,13,30,130,133.42,0.4747,765.2,150.23
17,4,-13,40,-130,136.01,0.4556,789.45,154.22
17,4,-12,40,-120,126.49,0.4587,811.82,154.07
17,4,-11,40,-110,117.05,0.4646,803.77,153.07
17,4,-10,40,-100,107.7,0.4437,795.7,149.54
17,4,-9,40,-90,98.49,0.4541,813.24,147.28
17,4,-8,40,-80,89.44,0.4499,815.98,155.09
17,4,-7,40,-70,80.62,0.4375,796.35,150.91
17,4,-6,40,-60,72.11,0.4501,790.65,144.82
17,4,-5,40,-50,64.03,0.4489,780.61,149.57
17,4,-4,40,-40,56.57,0.4574,816.31,151.49
17,4,-3,40,-30,50.0,0.4665,825.87,146.8
17,4,-2,40,-20,44.72,0.4505,820.66,152.51
17,4,-1,40,-10,41.23,0.4598,802.26,142.58
17,4,0,40,0,40.0,0.46,806.22,147.57
17,4,1,40,10,41.23,0.4476,805.73,145.87
17,4,2,40,20,44.72,0.4631,795.31,147.01
17,4,3,40,30,50.0,0.4646,782.21,148.06
17,4,4,40,40,56.57,0.4513,800.54,149.64
17,4,5,40,50,64.03,0.452,795.87,147.46
17,4,6,40,60,72.11,0.4701,829.91,148.61
17,4,7,40,70,80.62,0.4436,809.28,150.63
17,4,8,40,80,89.44,0.4294,790.71,143.45
17,4,9,40,90,98.49,0.4461,808.69,151.46
17,4,10,40,100,107.7,0.4371,790.39,152.39
17,4,11,40,110,117.05,0.4646,791.86,153.14
17,4,12,40,120,126.49,0.4549,776.55,151.76
17,4,13,40,130,136.01,0.4637,755.61,150.93
17,5,-12,50,-120,130.0,0.4644,781.67,150.83
17,5,-11,50,-110,120.83,0.4579,778.55,153.64
17,5,-10,50,-100,111.8,0.4556,790.24,148.25
17,5,-9,50,-90,102.96,0.4455,786.32,147.36
17,5,-8,50,-80,94.34,0.4509,803.21,153.56
17,5,-7,50,-70,86.02,0.449,800.63,147.67
17,5,-6,50,-60,78.1,0.4481,805.84,149.73
17,5,-5,50,-50,70.71,0.4677,786.9,144.94
17,5,-4,50,-40,64.03,0.4433,823.37,154.28
17,5,-3,50,-30,58.31,0.4475,801.15,153.2
17,5,-2,50,-20,53.85,0.4595,766.57,150.98
17,5,-1,50,-10,50.99,0.462,806.57,144.4
17,5,0,50,0,50.0,0.4675,810.56,145.68
17,5,1,50,10,50.99,0.4457,811.18,148.82
17,5,2,50,20,53.85,0.461,813.44,151.43
17,5,3,50,30,58.31,0.4433,805.18,156.46
17,5,4,50,40,64.03,0.4554,811.24,145.9
17,5,5,50,50,70.71,0.4471,800.77,150.27
17,5,6,50,60,78.1,0.4582,783.2,150.81
17,5,7,50,70,86.02,0.4512,820.94,150.82
17,5,8,50,80,94.34,0.4461,767.95,149.89
17,5,9,50,90,102.96,0.4524,795.44,154.71
17,5,10,50,100,111.8,0.46,785.76,149.91
17,5,11,50,110,120.83,0.4589,772.68,151.91
17,5,12,50,120,130.0,0.461,772.55,153.09
17,6,-12,60,-120,134.16,0.456,818.96,159.49
17,6,-11,60,-110,125.3,0.4568,771.16,144.24
17,6,-10,60,-100,116.62,0.4445,805.35,151.69
17,6,-9,60,-90,108.17,0.4555,803.46,149.93
17,6,-8,60,-80,100.0,0.4605,805.56,150.06
17,6,-7,60,-70,92.2,0.4494,816.56,152.63
17,6,-6,60,-60,84.85,0.4382,818.76,150.91
17,6,-5,60,-50,78.1,0.4466,786.68,149.29
17,6,-4,60,-40,72.11,0.4498,786.28,150.95
17,6,-3,60,-30,67.08,0.4405,763.45,150.2
17,6,-2,60,-20,63.25,0.4543,813.22,153.55
17,6,-1,60,-10,60.83,0.437,803.38,152.71
17,6,0,60,0,60.0,0.4505,799.08,151.46
17,6,1,60,10,60.83,0.4589,800.25,150.85
17,6,2,60,20,63.25,0.4445,787.95,145.45
17,6,3,60,30,67.08,0.4353,808.32,149.56
17,6,4,60,40,72.11,0.4488,810.75,155.54
17,6,5,60,50,78.1,0.4508,781.98,150.19
17,6,6,60,60,84.85,0.4569,773.83,153.58
17,6,7,60,70,92.2,0.4428,821.09,149.8
17,6,8,60,80,100.0,0.4438,806.36,148.56
17,6,9,60,90,108.17,0.4346,790.81,156.2
17,6,10,60,100,116.62,0.4497,765.23,148.88
17,6,11,60,110,125.3,0.4544,808.95,147.88
17,6,12,60,120,134.16,0.4602,760.96,155.79
17,7,-11,70,-110,130.38,0.4697,789.47,154.35
17,7,-10,70,-100,122.07,0.4485,781.61,152.86
17,7,-9,70,-90,114.02,0.4663,773.86,149.55
17,7,-8,70,-80,106.3,0.4549,814.82,149.07
17,7,-7,70,-70,98.99,0.4689,788.62,147.18
17,7,-6,70,-60,92.2,0.4472,787.04,150.67
17,7,-5,70,-50,86.02,0.4566,811.31,152.37
17,7,-4,70,-40,80.62,0.4471,801.36,145.37
17,7,-3,70,-30,76.16,0.4417,814.71,149.38
17,7,-2,70,-20,72.8,0.4496,805.51,143.58
17,7,-1,70,-10,70.71,0.4524,793.18,152.37
17,7,0,70,0,70.0,0.4491,785.43,149.23
17,7,1,70,10,70.71,0.4402,819.66,151.11
17,7,2,70,20,72.8,0.4587,813.17,147.69
17,7,3,70,30,76.16,0.4513,805.45,152.09
17,7,4,70,40,80.62,0.4556,793.15,151.86
17,7,5,70,50,86.02,0.4528,786.71,148.2
17,7,6,70,60,92.2,0.455,798.5,149.95
17,7,7,70,70,98.99,0.4457,814.05,154.55
17,7,8,70,80,106.3,0.448,807.94,153.01
17,7,9,70,90,114.02,0.451,784.22,153.91
17,7,10,70,100,122.07,0.4441,756.22,156.5
17,7,11,70,110,130.38,0.4616,789.74,161.22
17,8,-11,80,-110,136.01,0.4654,786.16,154.07
17,8,-10,80,-100,128.06,0.4567,767.15,155.28
17,8,-9,80,-90,120.42,0.4583,774.84,155.45
17,8,-8,80,-80,113.14,0.4508,794.4,153.44
17,8,-7,80,-70,106.3,0.4549,793.18,147.13
17,8,-6,80,-60,100.0,0.4534,813.02,147.24
17,8,-5,80,-50,94.34,0.4399,821.77,147.39
17,8,-4,80,-40,89.44,0.4457,795.62,152.62
17,8,-3,80,-30,85.44,0.4387,795.89,146.58
17,8,-2,80,-20,82.46,0.4666,791.0,147.08
17,8,-1,80,-10,80.62,0.4443,797.25,150.47
17,8,0,80,0,80.0,0.4557,788.08,147.73
17,8,1,80,10,80.62,0.4335,783.81,148.15
17,8,2,80,20,82.46,0.4623,801.14,148.96
17,8,3,80,30,85.44,0.4623,796.03,147.51
17,8,4,80,40,89.44,0.4435,783.36,147.72
17,8,5,80,50,94.34,0.4508,796.49,153.45
17,8,6,80,60,100.0,0.4541,812.73,154.78
17,8,7,80,70,106.3,0.459,782.88,150.55
17,8,8,80,80,113.14,0.4639,814.84,152.35
17,8,9,80,90,120.42,0.4736,782.74,153.75
17,8,10,80,100,128.06,0.4492,787.2,155.76
17,8,11,80,110,136.01,0.4744,738.73,150.37
17,9,-10,90,-100,134.54,0.4592,746.37,155.07
17,9,-9,90,-90,127.28,0.4738,780.52,155.99
17,9,-8,90,-80,120.42,0.4575,776.53,149.02
17,9,-7,90,-70,114.02,0.4606,802.41,151.99
17,9,-6,90,-60,108.17,0.4551,822.87,155.89
17,9,-5,90,-50,102.96,0.4417,773.63,152.9
17,9,-4,90,-40,98.49,0.4385,804.52,153.66
17,9,-3,90,-30,94.87,0.4446,798.61,152.25
17,9,-2,90,-20,92.2,0.4464,813.53,149.48
17,9,-1,90,-10,90.55,0.4536,777.26,150.35
17,9,0,90,0,90.0,0.4541,790.21,148.03
17,9,1,90,10,90.55,0.4582,810.35,150.62
17,9,2,90,20,92.2,0.4547,775.25,150.4
17,9,3,90,30,94.87,0.4435,798.74,145.82
17,9,4,90,40,98.49,0.4557,781.87,158.38
17,9,5,90,50,102.96,0.4514,789.47,150.3
17,9,6,90,60,108.17,0.4396,793.15,153.95
17,9,7,90,70,114.02,0.4588,784.62,156.02
17,9,8,90,80,120.42,0.4524,782.98,149.85
17,9,9,90,90,127.28,0.4492,799.44,151.23
17,9,10,90,100,134.54,0.4643,772.28,157.94
17,10,-9,100,-90,134.54,0.4705,758.41,155.27
17,10,-8,100,-80,128.06,0.4605,798.73,154.24
17,10,-7,100,-70,122.07,0.4663,799.79,154.18
17,10,-6,100,-60,116.62,0.4633,784.49,151.14
17,10,-5,100,-50,111.8,0.4662,809.48,153.94
17,10,-4,100,-40,107.7,0.4571,769.09,152.58
17,10,-3,100,-30,104.4,0.4507,813.1,149.96
17,10,-2,100,-20,101.98,0.4292,805.3,149.92
17,10,-1,100,-10,100.5,0.4499,797.95,154.62
17,10,0,100,0,100.0,0.4691,798.64,147.92
17,10,1,100,10,100.5,0.4324,825.66,157.28
17,10,2,100,20,101.98,0.441,801.04,151.02
17,10,3,100,30,104.4,0.4389,801.31,152.82
17,10,4,100,40,107.7,0.4509,797.57,152.7
17,10,5,100,50,111.8,0.4542,788.86,150.63
17,10,6,100,60,116.62,0.4608,798.82,155.03
17,10,7,100,70,122.07,0.4602,800.19,157.13
17,10,8,100,80,128.06,0.4493,790.04,154.49
17,10,9,100,90,134.54,0.4564,791.74,153.93
17,11,-8,110,-80,136.01,0.462,753.6,154.71
17,11,-7,110,-70,130.38,0.4621,798.78,157.03
17,11,-6,110,-60,125.3,0.458,795.53,156.12
17,11,-5,110,-50,120.83,0.4533,777.49,150.42
17,11,-4,110,-40,117.05,0.4577,783.19,150.52
17,11,-3,110,-30,114.02,0.4457,811.96,152.14
17,11,-2,110,-20,111.8,0.4473,813.58,153.81
17,11,-1,110,-10,110.45,0.44,793.67,154.34
17,11,0,110,0,110.0,0.4433,776.61,150.66
17,11,1,110,10,110.45,0.4601,811.74,151.08
17,11,2,110,20,111.8,0.4472,792.02,148.11
17,11,3,110,30,114.02,0.4578,781.62,147.16
17,11,4,110,40,117.05,0.4604,778.53,148.14
17,11,5,110,50,120.83,0.4601,768.27,148.87
17,11,6,110,60,125.3,0.4507,804.07,152.18
17,11,7,110,70,130.38,0.4649,797.42,153.02
17,11,8,110,80,136.01,0.4639,788.33,154.94
17,12,-6,120,-60,134.16,0.4611,783.74,153.28
17,12,-5,120,-50,130.0,0.4557,777.69,152.28
17,12,-4,120,-40,126.49,0.466,760.47,155.38
17,12,-3,120,-30,123.69,0.4769,789.59,152.72
17,12,-2,120,-20,121.66,0.4515,764.33,151.6
17,12,-1,120,-10,120.42,0.4568,761.04,150.06
17,12,0,120,0,120.0,0.4491,804.12,153.75
17,12,1,120,10,120.42,0.4553,792.92,151.88
17,12,2,120,20,121.66,0.4698,791.79,152.17
17,12,3,120,30,123.69,0.4517,800.53,144.3
17,12,4,120,40,126.49,0.4487,809.23,147.02
17,12,5,120,50,130.0,0.4542,791.84,154.6
17,12,6,120,60,134.16,0.46,771.46,151.21
17,13,-4,130,-40,136.01,0.4658,770.27,147.44
17,13,-3,130,-30,133.42,0.4523,789.53,158.56
17,13,-2,130,-20,131.53,0.4617,771.46,154.9
17,13,-1,130,-10,130.38,0.4591,792.98,159.09
17,13,0,130,0,130.0,0.4555,818.73,150.68
17,13,1,130,10,130.38,0.4457,779.87,148.32
17,13,2,130,20,131.53,0.457,761.52,153.28
17,13,3,130,30,133.42,0.4637,776.11,154.73
17,13,4,130,40,136.01,0.4622,759.87,152.55
18,-13,-4,-130,-40,136.01,0.4525,806.37,149.97
18,-13,-3,-130,-30,133.42,0.4733,768.06,147.86
18,-13,-2,-130,-20,131.53,0.4642,780.64,154.28
18,-13,-1,-130,-10,130.38,0.4653,791.48,152.25
18,-13,0,-130,0,130.0,0.4675,753.23,153.5
18,-13,1,-130,10,130.38,0.4702,787.52,153.99
18,-13,2,-130,20,131.53,0.4589,787.73,153.17
18,-13,3,-130,30,133.42,0.4675,773.52,158.87
18,-13,4,-130,40,136.01,0.468,806.8,153.53
18,-12,-6,-120,-60,134.16,0.4726,761.85,156.57
18,-12,-5,-120,-50,130.0,0.4601,785.26,155.97
18,-12,-4,-120,-40,126.49,0.4655,798.18,154.35
18,-12,-3,-120,-30,123.69,0.4629,783.9,151.0
18,-12,-2,-120,-20,121.66,0.4591,756.19,153.93
18,-12,-1,-120,-10,120.42,0.4643,798.34,150.69
18,-12,0,-120,0,120.0,0.4408,799.11,150.11
18,-12,1,-120,10,120.42,0.447,803.27,148.46
18,-12,2,-120,20,121.66,0.4564,815.03,150.67
18,-12,3,-120,30,123.69,0.45,794.83,153.91
18,-12,4,-120,40,126.49,0.4463,786.39,156.83
18,-12,5,-120,50,130.0,0.4722,779.57,155.27
18,-12,6,-120,60,134.16,0.4671,795.95,154.13
18,-11,-8,-110,-80,136.01,0.474,768.67,157.03
18,-11,-7,-110,-70,130.38,0.4532,756.38,155.68
18,-11,-6,-110,-60,125.3,0.4828,791.11,152.51
18,-11,-5,-110,-50,120.83,0.4674,782.15,147.28
18,-11,-4,-110,-40,117.05,0.4637,814.13,152.52
18,-11,-3,-110,-30,114.02,0.4576,783.18,151.32
18,-11,-2,-110,-20,111.8,0.4562,794.02,151.69
18,-11,-1,-110,-10,110.45,0.4289,796.43,147.48
18,-11,0,-110,0,110.0,0.4577,810.02,153.1
18,-11,1,-110,10,110.45,0.4448,781.45,151.26
18,-11,2,-110,20,111.8,0.4613,808.27,152.67
18,-11,3,-110,30,114.02,0.4474,809.92,151.73
18,-11,4,-110,40,117.05,0.4529,783.51,147.57
18,-11,5,-110,50,120.83,0.4663,786.94,150.5
18,-11,6,-110,60,125.3,0.464,798.11,147.94
18,-11,7,-110,70,130.38,0.4736,816.56,154.15
18,-11,8,-110,80,136.01,0.4655,815.51,151.41
18,-10,-9,-100,-90,134.54,0.4588,789.31,157.9
18,-10,-8,-100,-80,128.06,0.4605,772.46,157.38
18,-10,-7,-100,-70,122.07,0.4578,788.16,155.51
18,-10,-6,-100,-60,116.62,0.468,794.62,153.52
18,-10,-5,-100,-50,111.8,0.4628,789.95,149.94
18,-10,-4,-100,-40,107.7,0.4503,781.33,147.95
18,-10,-3,-100,-30,104.4,0.4701,783.01,151.75
18,-10,-2,-100,-20,101.98,0.4511,813.02,151.11
18,-10,-1,-100,-10,100.5,0.4626,795.84,151.4
18,-10,0,-100,0,100.0,0.4574,800.92,152.21
18,-10,1,-100,10,100.5,0.4538,776.57,152.96
18,-10,2,-100,20,101.98,0.4612,795.35,150.15
18,-10,3,-100,30,104.4,0.4547,825.62,150.09
18,-10,4,-100,40,107.7,0.4582,792.51,153.0
18,-10,5,-100,50,111.8,0.4442,820.29,152.69
18,-10,6,-100,60,116.62,0.4538,787.25,152.92
18,-10,7,-100,70,122.07,0.4739,811.34,151.92
18,-10,8,-100,80,128.06,0.461,786.83,147.66
18,-10,9,-100,90,134.54,0.4611,783.74,151.74
18,-9,-10,-90,-100,134.54,0.4768,763.7,151.42
18,-9,-9,-90,-90,127.28,0.4654,789.31,152.05
18,-9,-8,-90,-80,120.42,0.4654,792.7,158.07
18,-9,-7,-90,-70,114.02,0.4409,784.49,156.77
18,-9,-6,-90,-60,108.17,0.4572,793.36,150.04
18,-9,-5,-90,-50,102.96,0.4548,779.78,146.53
18,-9,-4,-90,-40,98.49,0.4556,811.21,153.36
18,-9,-3,-90,-30,94.87,0.447,792.26,150.33
18,-9,-2,-90,-20,92.2,0.4422,809.75,149.33
18,-9,-1,-90,-10,90.55,0.4495,797.34,151.7
18,-9,0,-90,0,90.0,0.4523,828.59,148.98
18,-9,1,-90,10,90.55,0.4644,772.8,151.62
18,-9,2,-90,20,92.2,0.4375,784.43,147.29
18,-9,3,-90,30,94.87,0.442,790.18,156.94
18,-9,4,-90,40,98.49,0.4441,774.18,152.01
18,-9,5,-90,50,102.96,0.454,830.2,150.71
18,-9,6,-90,60,108.17,0.4351,788.53,149.91
18,-9,7,-90,70,114.02,0.4453,783.87,151.36
18,-9,8,-90,80,120.42,0.4568,768.34,154.35
18,-9,9,-90,90,127.28,0.473,789.34,156.72
18,-9,10,-90,100,134.54,0.4644,764.89,155.27
18,-8,-11,-80,-110,136.01,0.4596,762.97,154.46
18,-8,-10,-80,-100,128.06,0.4668,779.55,159.33
18,-8,-9,-80,-90,120.42,0.4649,780.83,150.79
18,-8,-8,-80,-80,113.14,0.472,787.69,152.81
18,-8,-7,-80,-70,106.3,0.4562,769.84,145.96
18,-8,-6,-80,-60,100.0,0.4582,782.22,150.66
18,-8,-5,-80,-50,94.34,0.4383,794.48,150.95
18,-8,-4,-80,-40,89.44,0.4335,800.81,150.45
18,-8,-3,-80,-30,85.44,0.4463,783.49,148.9
18,-8,-2,-80,-20,82.46,0.447,828.87,149.64
18,-8,-1,-80,-10,80.62,0.4463,798.16,151.27
18,-8,0,-80,0,80.0,0.4531,806.75,151.81
18,-8,1,-80,10,80.62,0.4383,807.75,150.55
18,-8,2,-80,20,82.46,0.445,801.6,149.67
18,-8,3,-80,30,85.44,0.4498,802.62,144.99
18,-8,4,-80,40,89.44,0.4521,809.76,150.85
18,-8,5,-80,50,94.34,0.4446,786.46,150.86
18,-8,6,-80,60,100.0,0.4578,817.56,152.92
18,-8,7,-80,70,106.3,0.457,757.56,149.25
18,-8,8,-80,80,113.14,0.4573,782.53,148.93
18,-8,9,-80,90,120.42,0.4488,815.52,148.62
18,-8,10,-80,100,128.06,0.4585,773.74,150.92
18,-8,11,-80,110,136.01,0.4669,791.96,151.16
18,-7,-11,-70,-110,130.38,0.4616,781.53,152.48
18,-7,-10,-70,-100,122.07,0.4504,804.77,149.62
18,-7,-9,-70,-90,114.02,0.4447,808.79,152.41
18,-7,-8,-70,-80,106.3,0.4434,794.54,149.22
18,-7,-7,-70,-70,98.99,0.4631,794.61,152.16
18,-7,-6,-70,-60,92.2,0.45,821.34,150.83
18,-7,-5,-70,-50,86.02,0.4593,808.12,148.38
18,-7,-4,-70,-40,80.62,0.45,796.81,148.28
18,-7,-3,-70,-30,76.16,0.4414,820.39,143.82
18,-7,-2,-70,-20,72.8,0.4607,779.94,151.63
18,-7,-1,-70,-10,70.71,0.4453,775.0,153.44
18,-7,0,-70,0,70.0,0.4308,811.94,150.39
18,-7,1,-70,10,70.71,0.4584,809.4,151.84
18,-7,2,-70,20,72.8,0.4572,812.56,151.35
18,-7,3,-70,30,76.16,0.4473,796.56,150.32
18,-7,4,-70,40,80.62,0.4479,832.79,149.74
18,-7,5,-70,50,86.02,0.4408,798.19,147.52
18,-7,6,-70,60,92.2,0.4658,801.25,152.12
18,-7,7,-70,70,98.99,0.4553,812.42,151.28
18,-7,8,-70,80,106.3,0.4497,796.41,147.41
18,-7,9,-70,90,114.02,0.4539,819.22,154.02
18,-7,10,-70,100,122.07,0.4571,818.31,150.9
18,-7,11,-70,110,130.38,0.4639,778.69,153.23
18,-6,-12,-60,-120,134.16,0.4659,789.47,153.8
18,-6,-11,-60,-110,125.3,0.4524,813.78,153.44
18,-6,-10,-60,-100,116.62,0.4477,775.7,158.06
18,-6,-9,-60,-90,108.17,0.4731,799.99,149.41
18,-6,-8,-60,-80,100.0,0.454,793.35,152.35
18,-6,-7,-60,-70,92.2,0.4529,799.3,149.96
18,-6,-6,-60,-60,84.85,0.4482,814.23,149.44
18,-6,-5,-60,-50,78.1,0.4664,832.23,148.87
18,-6,-4,-60,-40,72.11,0.4471,799.26,148.07
18,-6,-3,-60,-30,67.08,0.4568,817.77,153.85
18,-6,-2,-60,-20,63.25,0.4483,796.69,144.03
18,-6,-1,-60,-10,60.83,0.4447,786.02,146.68
18,-6,0,-60,0,60.0,0.4461,795.39,149.93
18,-6,1,-60,10,60.83,0.4609,817.48,146.63
18,-6,2,-60,20,63.25,0.4534,788.0,150.44
18,-6,3,-60,30,67.08,0.4605,792.71,147.04
18,-6,4,-60,40,72.11,0.4504,819.8,156.02
18,-6,5,-60,50,78.1,0.4451,801.97,150.83
18,-6,6,-60,60,84.85,0.4386,777.86,150.99
18,-6,7,-60,70,92.2,0.4471,778.77,152.28
18,-6,8,-60,80,100.0,0.4519,798.11,147.34
18,-6,9,-60,90,108.17,0.4397,785.97,151.4
18,-6,10,-60,100,116.62,0.4503,774.57,150.97
18,-6,11,-60,110,125.3,0.4594,807.52,153.59
18,-6,12,-60,120,134.16,0.451,750.5,147.04
18,-5,-12,-50,-120,130.0,0.4637,767.69,155.28
18,-5,-11,-50,-110,120.83,0.4669,797.67,151.89
18,-5,-10,-50,-100,111.8,0.4692,786.44,148.88
18,-5,-9,-50,-90,102.96,0.4547,808.56,143.08
18,-5,-8,-50,-80,94.34,0.4593,775.04,144.15
18,-5,-7,-50,-70,86.02,0.4472,784.06,151.28
18,-5,-6,-50,-60,78.1,0.4529,804.63,153.67
18,-5,-5,-50,-50,70.71,0.4475,805.51,144.99
18,-5,-4,-50,-40,64.03,0.4577,792.48,149.15
18,-5,-3,-50,-30,58.31,0.4473,798.51,148.89
18,-5,-2,-50,-20,53.85,0.4327,818.6,148.05
18,-5,-1,-50,-10,50.99,0.447,797.1,151.57
18,-5,0,-50,0,50.0,0.4461,815.99,155.62
18,-5,1,-50,10,50.99,0.4631,803.8,148.27
18,-5,2,-50,20,53.85,0.4452,794.45,147.45
18,-5,3,-50,30,58.31,0.4533,796.6,149.95
18,-5,4,-50,40,64.03,0.4475,806.77,150.77
18,-5,5,-50,50,70.71,0.4472,797.78,149.55
18,-5,6,-50,60,78.1,0.4554,788.33,148.6
18,-5,7,-50,70,86.02,0.4348,783.87,149.33
18,-5,8,-50,80,94.34,0.4469,769.97,151.89
18,-5,9,-50,90,102.96,0.445,772.65,151.92
18,-5,10,-50,100,111.8,0.4611,756.79,153.63
18,-5,11,-50,110,120.83,0.4557,784.98,149.21
18,-5,12,-50,120,130.0,0.4598,782.11,160.55
18,-4,-13,-40,-130,136.01,0.4678,779.57,158.24
18,-4,-12,-40,-120,126.49,0.4667,763.79,155.28
18,-4,-11,-40,-110,117.05,0.4569,780.31,149.03
18,-4,-10,-40,-100,107.7,0.4521,794.98,154.66
18,-4,-9,-40,-90,98.49,0.4331,779.5,151.12
18,-4,-8,-40,-80,89.44,0.4489,801.66,148.74
18,-4,-7,-40,-70,80.62,0.452,776.16,156.29
18,-4,-6,-40,-60,72.11,0.4533,806.86,146.8
18,-4,-5,-40,-50,64.03,0.4453,807.67,148.95
18,-4,-4,-40,-40,56.57,0.4521,788.31,145.99
18,-4,-3,-40,-30,50.0,0.4589,786.55,152.73
18,-4,-2,-40,-20,44.72,0.4433,797.62,148.84
18,-4,-1,-40,-10,41.23,0.4483,811.37,154.9
18,-4,0,-40,0,40.0,0.4485,801.82,149.19
18,-4,1,-40,10,41.23,0.4507,789.23,146.89
18,-4,2,-40,20,44.72,0.4526,803.35,153.41
18,-4,3,-40,30,50.0,0.4504,799.29,151.55
18,-4,4,-40,40,56.57,0.4579,797.62,142.27
18,-4,5,-40,50,64.03,0.4416,816.05,155.12
18,-4,6,-40,60,72.11,0.4607,793.42,149.01
18,-4,7,-40,70,80.62,0.4559,809.0,142.54
18,-4,8,-40,80,89.44,0.4503,799.19,146.66
18,-4,9,-40,90,98.49,0.4463,802.34,149.88
18,-4,10,-40,100,107.7,0.4607,821.54,154.05
18,-4,11,-40,110,117.05,0.4597,788.58,154.52
18,-4,12,-40,120,126.49,0.4546,777.4,149.6
18,-4,13,-40,130,136.01,0.4512,798.82,155.5
18,-3,-13,-30,-130,133.42,0.4667,779.42,159.96
18,-3,-12,-30,-120,123.69,0.4726,786.97,152.85
18,-3,-11,-30,-110,114.02,0.4534,775.59,150.58
18,-3,-10,-30,-100,104.4,0.4499,763.17,144.11
18,-3,-9,-30,-90,94.87,0.45,811.78,148.03
18,-3,-8,-30,-80,85.44,0.464,795.78,147.48
18,-3,-7,-30,-70,76.16,0.4386,801.46,143.97
18,-3,-6,-30,-60,67.08,0.444,800.67,145.81
18,-3,-5,-30,-50,58.31,0.4458,800.37,146.35
18,-3,-4,-30,-40,50.0,0.4552,814.13,146.97
18,-3,-3,-30,-30,42.43,0.4484,798.13,151.04
18,-3,-2,-30,-20,36.06,0.4476,789.16,146.83
18,-3,-1,-30,-10,31.62,0.4567,791.32,147.67
18,-3,0,-30,0,30.0,0.4584,802.17,146.93
18,-3,1,-30,10,31.62,0.4484,785.45,146.46
18,-3,2,-30,20,36.06,0.4456,796.93,148.15
18,-3,3,-30,30,42.43,0.4543,809.77,147.88
18,-3,4,-30,40,50.0,0.4486,792.94,147.03
18,-3,5,-30,50,58.31,0.4513,771.8,147.12
18,-3,6,-30,60,67.08,0.4407,786.45,146.74
18,-3,7,-30,70,76.16,0.4371,795.62,148.89
18,-3,8,-30,80,85.44,0.4499,803.54,151.24
18,-3,9,-30,90,94.87,0.444,800.22,149.55
18,-3,10,-30,100,104.4,0.4515,789.57,148.53
18,-3,11,-30,110,114.02,0.4532,785.17,152.71
18,-3,12,-30,120,123.69,0.4661,773.12,151.32
18,-3,13,-30,130,133.42,0.481,754.0,149.46
18,-2,-13,-20,-130,131.53,0.4701,811.22,158.37
18,-2,-12,-20,-120,121.66,0.4603,781.9,151.85
18,-2,-11,-20,-110,111.8,0.4576,807.38,153.2
18,-2,-10,-20,-100,101.98,0.4357,779.64,151.59
18,-2,-9,-20,-90,92.2,0.4391,771.22,152.84
18,-2,-8,-20,-80,82.46,0.4521,823.23,152.91
18,-2,-7,-20,-70,72.8,0.445,803.7,147.63
18,-2,-6,-20,-60,63.25,0.4371,817.93,149.42
18,-2,-5,-20,-50,53.85,0.4608,801.63,150.83
18,-2,-4,-20,-40,44.72,0.4546,797.25,149.29
18,-2,-3,-20,-30,36.06,0.4519,818.69,151.51
18,-2,-2,-20,-20,28.28,0.4501,793.84,149.65
18,-2,-1,-20,-10,22.36,0.4431,785.27,149.29
18,-2,0,-20,0,20.0,0.45,810.91,146.61
18,-2,1,-20,10,22.36,0.4501,806.4,147.06
18,-2,2,-20,20,28.28,0.4463,811.39,149.82
18,-2,3,-20,30,36.06,0.4339,811.61,150.27
18,-2,4,-20,40,44.72,0.4372,786.83,149.62
18,-2,5,-20,50,53.85,0.4525,815.43,147.3
18,-2,6,-20,60,63.25,0.4464,813.25,153.13
18,-2,7,-20,70,72.8,0.4474,792.01,151.5
18,-2,8,-20,80,82.46,0.4334,799.8,149.92
18,-2,9,-20,90,92.2,0.4464,806.86,153.49
18,-2,10,-20,100,101.98,0.444,786.37,152.76
18,-2,11,-20,110,111.8,0.4428,785.36,158.09
18,-2,12,-20,120,121.66,0.4593,784.11,147.5
18,-2,13,-20,130,131.53,0.4424,798.47,150.52
18,-1,-13,-10,-130,130.38,0.4615,802.35,152.35
18,-1,-12,-10,-120,120.42,0.4536,799.48,156.59
18,-1,-11,-10,-110,110.45,0.4608,816.01,144.54
18,-1,-10,-10,-100,100.5,0.4549,817.04,152.01
18,-1,-9,-10,-90,90.55,0.4489,781.6,147.95
18,-1,-8,-10,-80,80.62,0.462,799.46,148.11
18,-1,-7,-10,-70,70.71,0.4376,806.99,147.58
18,-1,-6,-10,-60,60.83,0.4497,825.88,152.39
18,-1,-5,-10,-50,50.99,0.4605,802.16,152.14
18,-1,-4,-10,-40,41.23,0.4606,787.57,149.89
18,-1,-3,-10,-30,31.62,0.4445,790.87,149.56
18,-1,-2,-10,-20,22.36,0.4424,794.45,152.06
18,-1,-1,-10,-10,14.14,0.4492,788.36,152.36
18,-1,0,-10,0,10.0,0.4427,783.43,153.6
18,-1,1,-10,10,14.14,0.4568,794.9,155.69
18,-1,2,-10,20,22.36,0.4455,810.23,145.26
18,-1,3,-10,30,31.62,0.4419,815.44,154.26
18,-1,4,-10,40,41.23,0.4488,834.19,153.93
18,-1,5,-10,50,50.99,0.4444,794.33,145.84
18,-1,6,-10,60,60.83,0.4465,803.59,150.12
18,-1,7,-10,70,70.71,0.4502,814.96,150.5
18,-1,8,-10,80,80.62,0.4555,806.7,150.86
18,-1,9,-10,90,90.55,0.4574,812.0,146.78
18,-1,10,-10,100,100.5,0.466,799.58,147.81
18,-1,11,-10,110,110.45,0.4535,797.87,153.22
18,-1,12,-10,120,120.42,0.465,800.56,158.04
18,-1,13,-10,130,130.38,0.462,780.85,149.44
18,0,-13,0,-130,130.0,0.4688,792.62,152.09
18,0,-12,0,-120,120.0,0.4591,789.11,153.0
18,0,-11,0,-110,110.0,0.4517,795.85,146.86
18,0,-10,0,-100,100.0,0.4481,802.55,148.51
18,0,-9,0,-90,90.0,0.4531,830.98,146.67
18,0,-8,0,-80,80.0,0.4353,818.09,156.28
18,0,-7,0,-70,70.0,0.453,800.09,148.06
18,0,-6,0,-60,60.0,0.4543,799.77,152.55
18,0,-5,0,-50,50.0,0.4363,804.91,147.5
18,0,-4,0,-40,40.0,0.4576,782.82,151.89
18,0,-3,0,-30,30.0,0.4453,793.48,152.55
18,0,-2,0,-20,20.0,0.4436,777.49,150.22
18,0,-1,0,-10,10.0,0.4447,779.44,151.05
18,0,0,0,0,0.0,0.4523,801.75,151.52
18,0,1,0,10,10.0,0.434,788.55,150.83
18,0,2,0,20,20.0,0.4583,803.6,153.5
18,0,3,0,30,30.0,0.4446,790.78,148.88
18,0,4,0,40,40.0,0.4493,773.37,149.94
18,0,5,0,50,50.0,0.4497,790.81,147.69
18,0,6,0,60,60.0,0.4522,808.84,150.43
18,0,7,0,70,70.0,0.4511,799.45,150.05
18,0,8,0,80,80.0,0.4554,824.32,154.48
18,0,9,0,90,90.0,0.4413,768.33,151.73
18,0,10,0,100,100.0,0.4515,797.03,151.77
18,0,11,0,110,110.0,0.4519,769.86,147.99
18,0,12,0,120,120.0,0.4485,799.27,158.13
18,0,13,0,130,130.0,0.4573,822.49,148.1
18,1,-13,10,-130,130.38,0.4571,785.99,146.19
18,1,-12,10,-120,120.42,0.4695,778.66,152.62
18,1,-11,10,-110,110.45,0.4576,770.09,158.75
18,1,-10,10,-100,100.5,0.4526,792.67,147.33
18,1,-9,10,-90,90.55,0.4517,776.33,150.57
18,1,-8,10,-80,80.62,0.4612,817.48,148.33
18,1,-7,10,-70,70.71,0.4478,808.12,153.55
18,1,-6,10,-60,60.83,0.4623,824.44,147.2
18,1,-5,10,-50,50.99,0.456,779.25,148.61
18,1,-4,10,-40,41.23,0.4406,782.7,150.73
18,1,-3,10,-30,31.62,0.4445,804.3,146.37
18,1,-2,10,-20,22.36,0.4539,793.55,149.12
18,1,-1,10,-10,14.14,0.4396,815.28,150.42
18,1,0,10,0,10.0,0.4543,780.85,152.03
18,1,1,10,10,14.14,0.4503,792.56,154.13
18,1,2,10,20,22.36,0.4533,806.79,144.11
18,1,3,10,30,31.62,0.4586,806.71,153.71
18,1,4,10,40,41.23,0.4453,789.3,154.84
18,1,5,10,50,50.99,0.4577,778.57,150.05
18,1,6,10,60,60.83,0.4582,802.67,148.35
18,1,7,10,70,70.71,0.4446,800.97,153.06
18,1,8,10,80,80.62,0.442,767.99,148.78
18,1,9,10,90,90.55,0.4536,810.05,147.11
18,1,10,10,100,100.5,0.4536,788.2,152.87
18,1,11,10,110,110.45,0.453,806.53,151.66
18,1,12,10,120,120.42,0.4613,782.4,150.39
18,1,13,10,130,130.38,0.4589,792.49,161.41
18,2,-13,20,-130,131.53,0.4717,805.32,153.69
18,2,-12,20,-120,121.66,0.4535,755.31,150.88
18,2,-11,20,-110,111.8,0.4434,804.88,151.0
18,2,-10,20,-100,101.98,0.4412,805.49,151.71
18,2,-9,20,-90,92.2,0.4411,822.49,147.96
18,2,-8,20,-80,82.46,0.4548,798.13,154.94
18,2,-7,20,-70,72.8,0.4574,783.53,155.46
18,2,-6,20,-60,63.25,0.4399,784.11,154.87
18,2,-5,20,-50,53.85,0.4498,804.68,151.27
18,2,-4,20,-40,44.72,0.4414,828.21,156.58
18,2,-3,20,-30,36.06,0.4351,793.25,152.04
18,2,-2,20,-20,28.28,0.4491,791.85,151.69
18,2,-1,20,-10,22.36,0.4553,825.38,144.8
18,2,0,20,0,20.0,0.4419,788.69,157.19
18,2,1,20,10,22.36,0.4621,804.13,149.75
18,2,2,20,20,28.28,0.4535,817.62,149.24
18,2,3,20,30,36.06,0.4522,794.95,145.81
18,2,4,20,40,44.72,0.4357,789.64,148.88
18,2,5,20,50,53.85,0.4535,804.03,145.83
18,2,6,20,60,63.25,0.4501,791.81,149.25
18,2,7,20,70,72.8,0.4506,819.22,148.62
18,2,8,20,80,82.46,0.4634,780.5,147.37
18,2,9,20,90,92.2,0.4494,782.25,146.26
18,2,10,20,100,101.98,0.4524,777.42,147.88
18,2,11,20,110,111.8,0.4538,818.89,151.01
18,2,12,20,120,121.66,0.4588,771.12,149.53
18,2,13,20,130,131.53,0.4433,767.76,156.3
18,3,-13,30,-130,133.42,0.4579,783.58,154.96
18,3,-12,30,-120,123.69,0.4644,812.12,154.75
18,3,-11,30,-110,114.02,0.4532,804.26,152.72
18,3,-10,30,-100,104.4,0.4345,778.44,150.27
18,3,-9,30,-90,94.87,0.4458,797.45,143.06
18,3,-8,30,-80,85.44,0.4567,799.25,153.67
18,3,-7,30,-70,76.16,0.4502,803.02,146.89
18,3,-6,30,-60,67.08,0.4404,801.99,150.01
18,3,-5,30,-50,58.31,0.4369,814.1,150.15
18,3,-4,30,-40,50.0,0.446,786.96,152.27
18,3,-3,30,-30,42.43,0.4444,803.54,149.5
18,3,-2,30,-20,36.06,0.4458,780.53,153.9
18,3,-1,30,-10,31.62,0.442,787.08,154.02
18,3,0,30,0,30.0,0.4492,804.8,154.54
18,3,1,30,10,31.62,0.4619,791.77,153.46
18,3,2,30,20,36.06,0.4372,773.63,150.13
18,3,3,30,30,42.43,0.4493,809.71,151.63
18,3,4,30,40,50.0,0.4555,824.03,155.89
18,3,5,30,50,58.31,0.457,799.67,149.38
18,3,6,30,60,67.08,0.4499,791.39,152.77
18,3,7,30,70,76.16,0.4583,790.48,149.5
18,3,8,30,80,85.44,0.4358,798.64,150.14
18,3,9,30,90,94.87,0.4416,791.38,146.88
18,3,10,30,100,104.4,0.4398,818.66,146.22
18,3,11,30,110,114.02,0.456,806.95,156.07
18,3,12,30,120,123.69,0.45,806.39,153.41
18,3,13,30,130,133.42,0.467,807.71,156.12
18,4,-13,40,-130,136.01,0.4562,748.78,156.61
18,4,-12,40,-120,126.49,0.4629,773.68,153.85
18,4,-11,40,-110,117.05,0.4453,796.21,148.11
18,4,-10,40,-100,107.7,0.4629,826.65,152.08
18,4,-9,40,-90,98.49,0.4542,807.2,151.36
18,4,-8,40,-80,89.44,0.4412,821.19,151.47
18,4,-7,40,-70,80.62,0.4545,815.13,152.9
18,4,-6,40,-60,72.11,0.4599,806.82,147.42
18,4,-5,40,-50,64.03,0.4533,799.62,147.38
18,4,-4,40,-40,56.57,0.4616,797.75,150.68
18,4,-3,40,-30,50.0,0.4442,799.18,152.79
18,4,-2,40,-20,44.72,0.4664,778.1,150.07
18,4,-1,40,-10,41.23,0.425,793.56,150.35
18,4,0,40,0,40.0,0.4513,824.57,149.32
18,4,1,40,10,41.23,0.4625,803.7,148.47
18,4,2,40,20,44.72,0.4515,801.93,150.6
18,4,3,40,30,50.0,0.4444,789.36,153.41
18,4,4,40,40,56.57,0.4584,787.57,149.6
18,4,5,40,50,64.03,0.4531,812.22,150.56
18,4,6,40,60,72.11,0.4592,798.83,154.64
18,4,7,40,70,80.62,0.4704,801.09,151.13
18,4,8,40,80,89.44,0.4425,797.43,150.66
18,4,9,40,90,98.49,0.4567,795.31,152.77
18,4,10,40,100,107.7,0.4502,810.27,152.45
18,4,11,40,110,117.05,0.4591,783.91,151.88
18,4,12,40,120,126.49,0.4566,798.63,149.23
18,4,13,40,130,136.01,0.4579,797.71,155.26
18,5,-12,50,-120,130.0,0.4708,795.92,156.58
18,5,-11,50,-110,120.83,0.4608,778.95,152.8
18,5,-10,50,-100,111.8,0.4444,790.87,149.95
18,5,-9,50,-90,102.96,0.4371,803.35,151.81
18,5,-8,50,-80,94.34,0.4605,781.06,153.55
18,5,-7,50,-70,86.02,0.4314,797.79,155.96
18,5,-6,50,-60,78.1,0.4498,788.98,149.75
18,5,-5,50,-50,70.71,0.4568,795.77,151.18
18,5,-4,50,-40,64.03,0.453,808.23,153.11
18,5,-3,50,-30,58.31,0.4658,801.31,150.97
18,5,-2,50,-20,53.85,0.4405,814.17,154.08
18,5,-1,50,-10,50.99,0.4555,779.21,148.79
18,5,0,50,0,50.0,0.4504,787.15,156.43
18,5,1,50,10,50.99,0.4533,813.97,152.84
18,5,2,50,20,53.85,0.4509,781.99,152.37
18,5,3,50,30,58.31,0.4661,794.33,148.3
18,5,4,50,40,64.03,0.4567,813.86,153.43
18,5,5,50,50,70.71,0.4489,797.85,142.12
18,5,6,50,60,78.1,0.4504,791.54,143.38
18,5,7,50,70,86.02,0.4652,803.62,144.68
18,5,8,50,80,94.34,0.4534,827.32,153.92
18,5,9,50,90,102.96,0.4598,778.48,149.2
18,5,10,50,100,111.8,0.4475,793.62,153.91
18,5,11,50,110,120.83,0.461,775.2,152.02
18,5,12,50,120,130.0,0.4694,791.14,154.98
18,6,-12,60,-120,134.16,0.4558,783.23,151.0
18,6,-11,60,-110,125.3,0.4525,764.11,158.32
18,6,-10,60,-100,116.62,0.4701,775.97,149.76
18,6,-9,60,-90,108.17,0.4508,813.22,153.07
18,6,-8,60,-80,100.0,0.4624,823.24,152.08
18,6,-7,60,-70,92.2,0.4525,820.22,153.46
18,6,-6,60,-60,84.85,0.4586,807.13,153.14
18,6,-5,60,-50,78.1,0.4476,791.49,148.98
18,6,-4,60,-40,72.11,0.4682,784.35,152.83
18,6,-3,60,-30,67.08,0.4658,805.96,149.05
18,6,-2,60,-20,63.25,0.4544,792.6,147.27
18,6,-1,60,-10,60.83,0.4608,819.23,149.04
18,6,0,60,0,60.0,0.4461,803.24,149.71
18,6,1,60,10,60.83,0.4435,777.14,145.62
18,6,2,60,20,63.25,0.4404,784.4,150.64
18,6,3,60,30,67.08,0.4436,788.34,146.24
18,6,4,60,40,72.11,0.4401,781.07,149.76
18,6,5,60,50,78.1,0.4583,822.53,150.16
18,6,6,60,60,84.85,0.4585,788.26,151.72
18,6,7,60,70,92.2,0.4432,806.31,147.76
18,6,8,60,80,100.0,0.4455,797.14,155.48
18,6,9,60,90,108.17,0.4602,784.0,148.09
18,6,10,60,100,116.62,0.4494,800.69,152.74
18,6,11,60,110,125.3,0.4644,778.59,154.15
18,6,12,60,120,134.16,0.4649,799.81,159.14
18,7,-11,70,-110,130.38,0.4684,802.2,153.78
18,7,-10,70,-100,122.07,0.4523,787.68,152.33
18,7,-9,70,-90,114.02,0.4535,792.16,151.3
18,7,-8,70,-80,106.3,0.4492,793.74,153.5
18,7,-7,70,-70,98.99,0.4443,818.42,153.81
18,7,-6,70,-60,92.2,0.4508,764.05,143.68
18,7,-5,70,-50,86.02,0.4509,810.18,155.35
18,7,-4,70,-40,80.62,0.4468,792.29,146.35
18,7,-3,70,-30,76.16,0.4548,800.1,148.57
18,7,-2,70,-20,72.8,0.4502,798.59,152.9
18,7,-1,70,-10,70.71,0.4466,799.95,152.55
18,7,0,70,0,70.0,0.4479,788.88,146.16
18,7,1,70,10,70.71,0.4417,790.35,152.88
18,7,2,70,20,72.8,0.4441,796.78,146.91
18,7,3,70,30,76.16,0.4504,804.3,151.06
18,7,4,70,40,80.62,0.464,799.79,150.88
18,7,5,70,50,86.02,0.4455,832.59,152.58
18,7,6,70,60,92.2,0.4572,816.13,152.46
18,7,7,70,70,98.99,0.4603,795.43,157.36
18,7,8,70,80,106.3,0.4405,791.58,156.29
18,7,9,70,90,114.02,0.4538,802.25,150.39
18,7,10,70,100,122.07,0.4615,782.74,156.23
18,7,11,70,110,130.38,0.4635,756.99,151.4
18,8,-11,80,-110,136.01,0.4558,800.7,150.97
18,8,-10,80,-100,128.06,0.4581,816.33,157.26
18,8,-9,80,-90,120.42,0.4505,775.78,149.58
18,8,-8,80,-80,113.14,0.4565,785.29,152.41
18,8,-7,80,-70,106.3,0.4553,796.41,151.53
18,8,-6,80,-60,100.0,0.4521,786.36,146.29
18,8,-5,80,-50,94.34,0.4508,787.69,153.24
18,8,-4,80,-40,89.44,0.44,794.65,150.58
18,8,-3,80,-30,85.44,0.4601,794.11,150.58
18,8,-2,80,-20,82.46,0.4549,811.44,151.1
18,8,-1,80,-10,80.62,0.4645,794.04,155.19
18,8,0,80,0,80.0,0.4555,803.68,150.97
18,8,1,80,10,80.62,0.4575,789.21,150.44
18,8,2,80,20,82.46,0.4481,824.04,148.05
18,8,3,80,30,85.44,0.466,793.29,145.86
18,8,4,80,40,89.44,0.443,787.25,155.09
18,8,5,80,50,94.34,0.4396,804.26,154.71
18,8,6,80,60,100.0,0.4735,796.28,150.96
18,8,7,80,70,106.3,0.4435,789.99,157.65
18,8,8,80,80,113.14,0.4618,810.95,153.66
18,8,9,80,90,120.42,0.4658,818.12,151.15
18,8,10,80,100,128.06,0.4661,774.29,147.41
18,8,11,80,110,136.01,0.4657,781.48,154.47
18,9,-10,90,-100,134.54,0.4578,782.64,155.73
18,9,-9,90,-90,127.28,0.4756,793.16,155.17
18,9,-8,90,-80,120.42,0.4513,774.72,149.58
18,9,-7,90,-70,114.02,0.4528,793.22,152.46
18,9,-6,90,-60,108.17,0.4468,761.32,149.99
18,9,-5,90,-50,102.96,0.4595,791.31,150.61
18,9,-4,90,-40,98.49,0.4383,800.25,151.76
18,9,-3,90,-30,94.87,0.4459,813.76,153.93
18,9,-2,90,-20,92.2,0.4671,785.88,151.08
18,9,-1,90,-10,90.55,0.4405,809.04,151.61
18,9,0,90,0,90.0,0.4346,804.08,149.54
18,9,1,90,10,90.55,0.4405,795.59,156.34
18,9,2,90,20,92.2,0.4547,787.38,149.22
18,9,3,90,30,94.87,0.435,783.09,155.39
18,9,4,90,40,98.49,0.4584,805.15,151.7
18,9,5,90,50,102.96,0.4634,801.76,149.98
18,9,6,90,60,108.17,0.4526,791.02,150.43
18,9,7,90,70,114.02,0.4687,776.46,150.29
18,9,8,90,80,120.42,0.4427,804.21,153.55
18,9,9,90,90,127.28,0.4738,775.54,151.02
18,9,10,90,100,134.54,0.4536,787.42,153.41
18,10,-9,100,-90,134.54,0.4653,774.22,158.78
18,10,-8,100,-80,128.06,0.4703,785.95,156.67
18,10,-7,100,-70,122.07,0.4568,787.45,146.23
18,10,-6,100,-60,116.62,0.46,791.37,154.73
18,10,-5,100,-50,111.8,0.4601,782.12,151.01
18,10,-4,100,-40,107.7,0.4494,810.81,155.93
18,10,-3,100,-30,104.4,0.4588,826.21,152.51
18,10,-2,100,-20,101.98,0.444,776.48,148.0
18,10,-1,100,-10,100.5,0.4479,787.62,150.82
18,10,0,100,0,100.0,0.4499,799.05,157.95
18,10,1,100,10,100.5,0.4585,801.82,153.85
18,10,2,100,20,101.98,0.4454,784.55,153.51
18,10,3,100,30,104.4,0.4524,798.27,147.51
18,10,4,100,40,107.7,0.4495,788.99,149.77
18,10,5,100,50,111.8,0.4716,825.16,155.0
18,10,6,100,60,116.62,0.4568,782.22,148.98
18,10,7,100,70,122.07,0.4606,807.25,155.06
18,10,8,100,80,128.06,0.461,794.68,153.46
18,10,9,100,90,134.54,0.4607,765.38,153.47
18,11,-8,110,-80,136.01,0.466,773.36,151.26
18,11,-7,110,-70,130.38,0.4621,787.79,152.73
18,11,-6,110,-60,125.3,0.459,748.34,155.36
18,11,-5,110,-50,120.83,0.4598,810.05,151.93
18,11,-4,110,-40,117.05,0.462,808.49,152.21
18,11,-3,110,-30,114.02,0.4579,794.45,147.01
18,11,-2,110,-20,111.8,0.4575,779.23,149.01
18,11,-1,110,-10,110.45,0.4582,813.35,153.8
18,11,0,110,0,110.0,0.4586,799.22,154.02
18,11,1,110,10,110.45,0.4675,785.3,149.83
18,11,2,110,20,111.8,0.4603,767.77,151.29
18,11,3,110,30,114.02,0.4572,784.17,146.06
18,11,4,110,40,117.05,0.4672,781.82,150.47
18,11,5,110,50,120.83,0.4681,744.52,157.11
18,11,6,110,60,125.3,0.4769,772.96,151.67
18,11,7,110,70,130.38,0.4651,787.0,156.8
18,11,8,110,80,136.01,0.4676,792.07,165.01
18,12,-6,120,-60,134.16,0.45,800.97,158.84
18,12,-5,120,-50,130.0,0.4522,771.49,155.29
18,12,-4,120,-40,126.49,0.4496,776.39,154.02
18,12,-3,120,-30,123.69,0.453,783.81,150.33
18,12,-2,120,-20,121.66,0.4502,795.44,152.37
18,12,-1,120,-10,120.42,0.4583,799.61,153.08
18,12,0,120,0,120.0,0.4545,776.06,153.82
18,12,1,120,10,120.42,0.4733,802.25,148.01
18,12,2,120,20,121.66,0.4416,777.34,148.06
18,12,3,120,30,123.69,0.4482,751.59,153.63
18,12,4,120,40,126.49,0.4503,768.08,151.31
18,12,5,120,50,130.0,0.4559,779.54,149.58
18,12,6,120,60,134.16,0.4707,785.01,155.65
18,13,-4,130,-40,136.01,0.4601,795.73,156.16
18,13,-3,130,-30,133.42,0.464,796.29,149.28
18,13,-2,130,-20,131.53,0.4632,772.48,151.83
18,13,-1,130,-10,130.38,0.4676,803.81,157.66
18,13,0,130,0,130.0,0.4611,778.62,157.51
18,13,1,130,10,130.38,0.4533,808.69,152.68
18,13,2,130,20,131.53,0.4613,774.52,154.11
18,13,3,130,30,133.42,0.4552,775.73,154.75
18,13,4,130,40,136.01,0.4627,742.27,162.11
19,-13,-4,-130,-40,136.01,0.4625,745.43,158.01
19,-13,-3,-130,-30,133.42,0.4542,811.46,152.43
19,-13,-2,-130,-20,131.53,0.4718,784.47,158.76
19,-13,-1,-130,-10,130.38,0.4642,790.44,150.37
19,-13,0,-130,0,130.0,0.4671,797.41,154.31
19,-13,1,-130,10,130.38,0.47,789.4,157.49
19,-13,2,-130,20,131.53,0.4626,799.17,154.8
19,-13,3,-130,30,133.42,0.4789,776.28,154.01
19,-13,4,-130,40,136.01,0.4583,773.8,153.14
19,-12,-6,-120,-60,134.16,0.4793,812.21,154.05
19,-12,-5,-120,-50,130.0,0.4724,781.06,155.09
19,-12,-4,-120,-40,126.49,0.4719,782.11,150.3
19,-12,-3,-120,-30,123.69,0.4623,775.11,153.04
19,-12,-2,-120,-20,121.66,0.4604,798.59,154.75
19,-12,-1,-120,-10,120.42,0.4598,801.94,157.21
19,-12,0,-120,0,120.0,0.464,805.13,149.81
19,-12,1,-120,10,120.42,0.4591,795.35,159.51
19,-12,2,-120,20,121.66,0.4402,801.74,154.34
19,-12,3,-120,30,123.69,0.4644,766.85,153.53
19,-12,4,-120,40,126.49,0.4746,768.38,155.46
19,-12,5,-120,50,130.0,0.4564,808.69,156.31
19,-12,6,-120,60,134.16,0.4666,769.7,153.97
19,-11,-8,-110,-80,136.01,0.4607,766.5,154.24
19,-11,-7,-110,-70,130.38,0.4456,794.12,152.6
19,-11,-6,-110,-60,125.3,0.4535,764.79,154.4
19,-11,-5,-110,-50,120.83,0.4729,784.3,156.7
19,-11,-4,-110,-40,117.05,0.4608,788.44,157.98
19,-11,-3,-110,-30,114.02,0.4413,794.48,150.75
19,-11,-2,-110,-20,111.8,0.457,776.01,154.0
19,-11,-1,-110,-10,110.45,0.441,803.62,149.95
19,-11,0,-110,0,110.0,0.4576,783.57,148.86
19,-11,1,-110,10,110.45,0.4667,819.49,148.02
19,-11,2,-110,20,111.8,0.4557,804.96,151.39
19,-11,3,-110,30,114.02,0.4549,803.15,153.45
19,-11,4,-110,40,117.05,0.4525,798.71,151.34
19,-11,5,-110,50,120.83,0.4546,777.77,150.37
19,-11,6,-110,60,125.3,0.4612,763.35,148.46
19,-11,7,-110,70,130.38,0.4598,783.29,150.69
19,-11,8,-110,80,136.01,0.4776,768.43,152.73
19,-10,-9,-100,-90,134.54,0.457,794.83,159.55
19,-10,-8,-100,-80,128.06,0.4525,797.27,154.31
19,-10,-7,-100,-70,122.07,0.4518,792.09,148.77
19,-10,-6,-100,-60,116.62,0.454,776.01,151.08
19,-10,-5,-100,-50,111.8,0.455,815.77,151.75
19,-10,-4,-100,-40,107.7,0.4453,795.38,144.99
19,-10,-3,-100,-30,104.4,0.4592,784.27,156.64
19,-10,-2,-100,-20,101.98,0.4591,798.91,149.87
19,-10,-1,-100,-10,100.5,0.448,792.32,150.64
19,-10,0,-100,0,100.0,0.4481,806.27,155.04
19,-10,1,-100,10,100.5,0.4523,814.36,146.69
19,-10,2,-100,20,101.98,0.4547,798.58,146.58
19,-10,3,-100,30,104.4,0.4503,809.26,142.87
19,-10,4,-100,40,107.7,0.4516,788.34,152.02
19,-10,5,-100,50,111.8,0.4617,803.83,154.5
19,-10,6,-100,60,116.62,0.4654,785.58,144.8
19,-10,7,-100,70,122.07,0.4633,773.02,153.57
19,-10,8,-100,80,128.06,0.4489,773.54,155.25
19,-10,9,-100,90,134.54,0.4594,755.54,150.4
19,-9,-10,-90,-100,134.54,0.472,775.29,153.47
19,-9,-9,-90,-90,127.28,0.455,762.34,152.6
19,-9,-8,-90,-80,120.42,0.4672,777.37,146.86
19,-9,-7,-90,-70,114.02,0.4613,793.57,152.38
19,-9,-6,-90,-60,108.17,0.4564,768.77,150.91
19,-9,-5,-90,-50,102.96,0.454,796.31,150.68
19,-9,-4,-90,-40,98.49,0.4603,804.98,152.42
19,-9,-3,-90,-30,94.87,0.4492,760.91,149.36
19,-9,-2,-90,-20,92.2,0.4499,796.88,149.99
19,-9,-1,-90,-10,90.55,0.4517,814.22,147.58
19,-9,0,-90,0,90.0,0.4484,823.06,145.27
19,-9,1,-90,10,90.55,0.4478,767.24,149.38
19,-9,2,-90,20,92.2,0.451,772.53,150.85
19,-9,3,-90,30,94.87,0.445,815.5,151.76
19,-9,4,-90,40,98.49,0.4467,795.26,155.18
19,-9,5,-90,50,102.96,0.4511,776.77,147.4
19,-9,6,-90,60,108.17,0.4519,811.82,149.78
19,-9,7,-90,70,114.02,0.4464,792.45,152.79
19,-9,8,-90,80,120.42,0.4614,763.53,153.47
19,-9,9,-90,90,127.28,0.462,778.53,156.81
19,-9,10,-90,100,134.54,0.4666,767.73,155.87
19,-8,-11,-80,-110,136.01,0.4485,772.45,153.46
19,-8,-10,-80,-100,128.06,0.4655,830.26,152.63
19,-8,-9,-80,-90,120.42,0.469,809.41,148.53
19,-8,-8,-80,-80,113.14,0.4656,782.16,151.75
19,-8,-7,-80,-70,106.3,0.4712,803.45,149.16
19,-8,-6,-80,-60,100.0,0.4549,775.0,153.81
19,-8,-5,-80,-50,94.34,0.4452,762.53,149.23
19,-8,-4,-80,-40,89.44,0.4459,807.48,146.66
19,-8,-3,-80,-30,85.44,0.4528,789.79,149.81
19,-8,-2,-80,-20,82.46,0.4585,816.48,153.83
19,-8,-1,-80,-10,80.62,0.4439,804.46,151.02
19,-8,0,-80,0,80.0,0.46,795.08,145.53
19,-8,1,-80,10,80.62,0.4568,820.11,150.95
19,-8,2,-80,20,82.46,0.4413,832.48,150.36
19,-8,3,-80,30,85.44,0.4447,816.46,155.02
19,-8,4,-80,40,89.44,0.4371,808.06,154.01
19,-8,5,-80,50,94.34,0.4496,801.63,149.92
19,-8,6,-80,60,100.0,0.4637,781.38,149.85
19,-8,7,-80,70,106.3,0.4701,786.39,146.47
19,-8,8,-80,80,113.14,0.4548,808.93,151.61
19,-8,9,-80,90,120.42,0.4534,796.56,159.99
19,-8,10,-80,100,128.06,0.4582,815.74,154.75
19,-8,11,-80,110,136.01,0.4567,804.56,153.65
19,-7,-11,-70,-110,130.38,0.4487,787.64,152.44
19,-7,-10,-70,-100,122.07,0.4724,794.22,151.12
19,-7,-9,-70,-90,114.02,0.4621,792.35,152.79
19,-7,-8,-70,-80,106.3,0.4338,778.42,151.79
19,-7,-7,-70,-70,98.99,0.4409,789.32,153.35
19,-7,-6,-70,-60,92.2,0.4543,817.29,150.26
19,-7,-5,-70,-50,86.02,0.4445,821.18,150.17
19,-7,-4,-70,-40,80.62,0.4414,824.51,150.2
19,-7,-3,-70,-30,76.16,0.4578,804.43,152.93
19,-7,-2,-70,-20,72.8,0.4552,795.46,148.91
19,-7,-1,-70,-10,70.71,0.4557,801.73,149.98
19,-7,0,-70,0,70.0,0.4465,795.98,145.47
19,-7,1,-70,10,70.71,0.4541,790.41,150.33
19,-7,2,-70,20,72.8,0.4495,802.96,150.1
19,-7,3,-70,30,76.16,0.4536,786.83,149.78
19,-7,4,-70,40,80.62,0.4502,787.1,147.06
19,-7,5,-70,50,86.02,0.4455,802.62,146.77
19,-7,6,-70,60,92.2,0.4577,790.61,150.19
19,-7,7,-70,70,98.99,0.4565,776.12,154.66
19,-7,8,-70,80,106.3,0.4458,815.62,152.65
19,-7,9,-70,90,114.02,0.4407,790.04,149.46
19,-7,10,-70,100,122.07,0.471,791.29,146.91
19,-7,11,-70,110,130.38,0.4713,791.48,155.09
19,-6,-12,-60,-120,134.16,0.463,759.52,159.15
19,-6,-11,-60,-110,125.3,0.4572,807.89,153.18
19,-6,-10,-60,-100,116.62,0.4545,765.1,149.96
19,-6,-9,-60,-90,108.17,0.4639,805.76,152.82
19,-6,-8,-60,-80,100.0,0.4561,797.98,149.22
19,-6,-7,-60,-70,92.2,0.4437,792.92,150.64
19,-6,-6,-60,-60,84.85,0.4438,800.25,150.25
19,-6,-5,-60,-50,78.1,0.4485,775.34,146.85
19,-6,-4,-60,-40,72.11,0.4487,767.96,153.08
19,-6,-3,-60,-30,67.08,0.4604,812.78,150.85
19,-6,-2,-60,-20,63.25,0.4401,804.6,154.21
19,-6,-1,-60,-10,60.83,0.4409,838.31,152.45
19,-6,0,-60,0,60.0,0.4415,784.85,148.48
19,-6,1,-60,10,60.83,0.4496,794.35,141.6
19,-6,2,-60,20,63.25,0.4396,799.9,150.57
19,-6,3,-60,30,67.08,0.4572,790.01,150.45
19,-6,4,-60,40,72.11,0.4501,787.45,151.86
19,-6,5,-60,50,78.1,0.4539,834.76,153.2
19,-6,6,-60,60,84.85,0.4376,813.99,145.72
19,-6,7,-60,70,92.2,0.4619,795.37,151.17
19,-6,8,-60,80,100.0,0.4619,805.0,153.07
19,-6,9,-60,90,108.17,0.4482,780.97,151.33
19,-6,10,-60,100,116.62,0.4613,789.51,157.01
19,-6,11,-60,110,125.3,0.4637,781.74,152.67
19,-6,12,-60,120,134.16,0.4584,787.95,153.23
19,-5,-12,-50,-120,130.0,0.4626,806.45,155.15
19,-5,-11,-50,-110,120.83,0.457,785.51,156.54
19,-5,-10,-50,-100,111.8,0.4576,804.72,149.85
19,-5,-9,-50,-90,102.96,0.4414,816.2,154.03
19,-5,-8,-50,-80,94.34,0.4419,811.97,154.42
19,-5,-7,-50,-70,86.02,0.4469,799.32,155.78
19,-5,-6,-50,-60,78.1,0.4601,789.01,148.08
19,-5,-5,-50,-50,70.71,0.4482,803.94,151.59
19,-5,-4,-50,-40,64.03,0.44,790.87,144.39
19,-5,-3,-50,-30,58.31,0.4561,800.8,149.34
19,-5,-2,-50,-20,53.85,0.4466,797.61,151.22
19,-5,-1,-50,-10,50.99,0.4405,788.97,146.95
19,-5,0,-50,0,50.0,0.4294,826.71,152.04
19,-5,1,-50,10,50.99,0.4435,803.58,146.51
19,-5,2,-50,20,53.85,0.454,836.03,152.86
19,-5,3,-50,30,58.31,0.4342,776.98,145.54
19,-5,4,-50,40,64.03,0.4466,799.0,154.23
19,-5,5,-50,50,70.71,0.4391,800.33,142.09
19,-5,6,-50,60,78.1,0.4418,779.88,143.58
19,-5,7,-50,70,86.02,0.4561,790.2,150.57
19,-5,8,-50,80,94.34,0.4393,817.05,147.45
19,-5,9,-50,90,102.96,0.4609,813.03,151.6
19,-5,10,-50,100,111.8,0.4573,778.17,146.73
19,-5,11,-50,110,120.83,0.459,792.07,151.44
19,-5,12,-50,120,130.0,0.4544,770.53,149.35
19,-4,-13,-40,-130,136.01,0.4712,769.16,151.86
19,-4,-12,-40,-120,126.49,0.4646,777.7,151.5
19,-4,-11,-40,-110,117.05,0.4652,773.54,148.85
19,-4,-10,-40,-100,107.7,0.4381,794.75,149.44
19,-4,-9,-40,-90,98.49,0.466,789.5,152.48
19,-4,-8,-40,-80,89.44,0.443,812.24,154.48
19,-4,-7,-40,-70,80.62,0.4458,797.47,149.35
19,-4,-6,-40,-60,72.11,0.4522,814.83,148.13
19,-4,-5,-40,-50,64.03,0.4584,803.04,154.73
19,-4,-4,-40,-40,56.57,0.4527,778.93,152.14
19,-4,-3,-40,-30,50.0,0.4501,795.76,151.56
19,-4,-2,-40,-20,44.72,0.4438,797.15,148.44
19,-4,-1,-40,-10,41.23,0.4555,795.13,150.43
19,-4,0,-40,0,40.0,0.4513,807.39,148.57
19,-4,1,-40,10,41.23,0.4596,815.56,155.63
19,-4,2,-40,20,44.72,0.4428,802.74,145.24
19,-4,3,-40,30,50.0,0.441,811.17,149.65
19,-4,4,-40,40,56.57,0.4423,811.67,151.01
19,-4,5,-40,50,64.03,0.4309,816.57,150.18
19,-4,6,-40,60,72.11,0.4456,779.84,151.39
19,-4,7,-40,70,80.62,0.4461,797.78,150.16
19,-4,8,-40,80,89.44,0.4542,804.3,154.66
19,-4,9,-40,90,98.49,0.4369,789.79,153.78
19,-4,10,-40,100,107.7,0.4697,812.62,152.73
19,-4,11,-40,110,117.05,0.4631,803.5,150.41
19,-4,12,-40,120,126.49,0.4645,771.11,153.71
19,-4,13,-40,130,136.01,0.4597,786.77,153.11
19,-3,-13,-30,-130,133.42,0.4631,766.25,153.19
19,-3,-12,-30,-120,123.69,0.4678,759.38,153.11
19,-3,-11,-30,-110,114.02,0.4664,805.7,152.07
19,-3,-10,-30,-100,104.4,0.4584,785.4,153.14
19,-3,-9,-30,-90,94.87,0.4603,802.84,153.35
19,-3,-8,-30,-80,85.44,0.4419,782.61,152.37
19,-3,-7,-30,-70,76.16,0.4698,801.36,152.66
19,-3,-6,-30,-60,67.08,0.4265,809.18,148.53
19,-3,-5,-30,-50,58.31,0.466,811.62,150.25
19,-3,-4,-30,-40,50.0,0.4456,819.24,153.92
19,-3,-3,-30,-30,42.43,0.4435,817.58,153.05
19,-3,-2,-30,-20,36.06,0.4522,812.44,151.7
19,-3,-1,-30,-10,31.62,0.4417,805.38,149.62
19,-3,0,-30,0,30.0,0.4413,788.25,145.02
19,-3,1,-30,10,31.62,0.4361,791.35,153.32
19,-3,2,-30,20,36.06,0.4397,781.98,155.75
19,-3,3,-30,30,42.43,0.4424,800.45,151.5
19,-3,4,-30,40,50.0,0.4484,799.32,147.59
19,-3,5,-30,50,58.31,0.4448,804.85,146.39
19,-3,6,-30,60,67.08,0.4614,773.14,150.64
19,-3,7,-30,70,76.16,0.4415,807.08,147.09
19,-3,8,-30,80,85.44,0.4547,812.23,152.73
19,-3,9,-30,90,94.87,0.4466,821.9,150.5
19,-3,10,-30,100,104.4,0.452,804.7,146.04
19,-3,11,-30,110,114.02,0.4533,797.77,150.06
19,-3,12,-30,120,123.69,0.4582,812.32,150.53
19,-3,13,-30,130,133.42,0.4689,771.94,154.53
19,-2,-13,-20,-130,131.53,0.4659,794.89,155.13
19,-2,-12,-20,-120,121.66,0.4637,785.71,151.38
19,-2,-11,-20,-110,111.8,0.4627,765.75,150.38
19,-2,-10,-20,-100,101.98,0.4498,799.97,153.47
19,-2,-9,-20,-90,92.2,0.4518,796.52,152.72
19,-2,-8,-20,-80,82.46,0.4523,801.94,154.8
19,-2,-7,-20,-70,72.8,0.4578,839.82,144.14
19,-2,-6,-20,-60,63.25,0.4604,822.28,147.95
19,-2,-5,-20,-50,53.85,0.4491,801.3,148.65
19,-2,-4,-20,-40,44.72,0.4473,849.59,150.01
19,-2,-3,-20,-30,36.06,0.4547,805.62,150.28
19,-2,-2,-20,-20,28.28,0.441,814.47,149.86
19,-2,-1,-20,-10,22.36,0.4375,802.42,150.92
19,-2,0,-20,0,20.0,0.4593,779.78,149.65
19,-2,1,-20,10,22.36,0.4446,787.51,150.68
19,-2,2,-20,20,28.28,0.4464,807.56,147.32
19,-2,3,-20,30,36.06,0.4489,804.3,151.26
19,-2,4,-20,40,44.72,0.4515,799.37,148.27
19,-2,5,-20,50,53.85,0.4627,803.21,146.6
19,-2,6,-20,60,63.25,0.4343,817.95,146.13
19,-2,7,-20,70,72.8,0.4515,782.09,150.43
19,-2,8,-20,80,82.46,0.4525,812.01,149.73
19,-2,9,-20,90,92.2,0.4494,783.77,149.45
19,-2,10,-20,100,101.98,0.4521,797.91,150.26
19,-2,11,-20,110,111.8,0.4458,773.91,156.11
19,-2,12,-20,120,121.66,0.4625,823.75,153.88
19,-2,13,-20,130,131.53,0.467,768.94,158.41
19,-1,-13,-10,-130,130.38,0.4464,792.92,154.18
19,-1,-12,-10,-120,120.42,0.469,787.08,152.64
19,-1,-11,-10,-110,110.45,0.4386,765.57,152.57
19,-1,-10,-10,-100,100.5,0.4606,802.12,150.25
19,-1,-9,-10,-90,90.55,0.4525,802.95,152.14
19,-1,-8,-10,-80,80.62,0.4423,803.84,146.96
19,-1,-7,-10,-70,70.71,0.4588,783.58,149.33
19,-1,-6,-10,-60,60.83,0.4548,780.19,147.56
19,-1,-5,-10,-50,50.99,0.4679,814.11,151.0
19,-1,-4,-10,-40,41.23,0.4552,774.43,151.89
19,-1,-3,-10,-30,31.62,0.4656,792.59,155.47
19,-1,-2,-10,-20,22.36,0.4463,801.82,145.98
19,-1,-1,-10,-10,14.14,0.4535,802.24,149.33
19,-1,0,-10,0,10.0,0.4431,803.38,148.12
19,-1,1,-10,10,14.14,0.4589,803.89,148.54
19,-1,2,-10,20,22.36,0.458,793.54,152.92
19,-1,3,-10,30,31.62,0.4509,771.38,151.76
19,-1,4,-10,40,41.23,0.4496,808.32,150.65
19,-1,5,-10,50,50.99,0.4518,800.64,158.65
19,-1,6,-10,60,60.83,0.4542,773.48,145.48
19,-1,7,-10,70,70.71,0.4535,791.41,153.22
19,-1,8,-10,80,80.62,0.4526,805.65,147.24
19,-1,9,-10,90,90.55,0.4546,802.56,147.35
19,-1,10,-10,100,100.5,0.444,822.62,152.36
19,-1,11,-10,110,110.45,0.451,785.77,151.49
19,-1,12,-10,120,120.42,0.4596,768.83,152.15
19,-1,13,-10,130,130.38,0.4448,782.87,158.21
19,0,-13,0,-130,130.0,0.4506,781.38,153.13
19,0,-12,0,-120,120.0,0.4482,782.47,148.51
19,0,-11,0,-110,110.0,0.4462,796.61,152.58
19,0,-10,0,-100,100.0,0.4487,818.06,152.82
19,0,-9,0,-90,90.0,0.4657,798.22,146.99
19,0,-8,0,-80,80.0,0.4485,830.24,146.99
19,0,-7,0,-70,70.0,0.4568,784.56,148.9
19,0,-6,0,-60,60.0,0.446,786.24,152.34
19,0,-5,0,-50,50.0,0.4615,813.53,150.08
19,0,-4,0,-40,40.0,0.4381,801.95,151.88
19,0,-3,0,-30,30.0,0.4493,819.92,149.41
19,0,-2,0,-20,20.0,0.4452,814.81,152.6
19,0,-1,0,-10,10.0,0.462,807.84,147.59
19,0,0,0,0,0.0,0.4293,774.16,148.26
19,0,1,0,10,10.0,0.4606,818.35,148.79
19,0,2,0,20,20.0,0.4565,779.36,153.72
19,0,3,0,30,30.0,0.4478,809.71,151.61
19,0,4,0,40,40.0,0.4537,782.0,148.24
19,0,5,0,50,50.0,0.4584,807.62,146.76
19,0,6,0,60,60.0,0.453,784.31,146.21
19,0,7,0,70,70.0,0.445,798.56,146.39
19,0,8,0,80,80.0,0.4571,789.36,149.9
19,0,9,0,90,90.0,0.4536,827.69,151.92
19,0,10,0,100,100.0,0.4489,783.13,146.87
19,0,11,0,110,110.0,0.446,791.92,155.03
19,0,12,0,120,120.0,0.4561,780.86,152.82
19,0,13,0,130,130.0,0.4742,772.15,155.16
19,1,-13,10,-130,130.38,0.4583,786.25,155.76
19,1,-12,10,-120,120.42,0.4683,788.21,155.93
19,1,-11,10,-110,110.45,0.4573,774.51,150.87
19,1,-10,10,-100,100.5,0.4701,796.06,149.72
19,1,-9,10,-90,90.55,0.4475,792.99,146.03
19,1,-8,10,-80,80.62,0.4316,788.4,148.95
19,1,-7,10,-70,70.71,0.4544,794.45,150.38
19,1,-6,10,-60,60.83,0.4405,774.28,151.04
19,1,-5,10,-50,50.99,0.4552,814.73,153.61
19,1,-4,10,-40,41.23,0.4605,810.31,148.29
19,1,-3,10,-30,31.62,0.4523,795.17,149.31
19,1,-2,10,-20,22.36,0.4531,818.99,152.28
19,1,-1,10,-10,14.14,0.4499,801.48,151.08
19,1,0,10,0,10.0,0.4594,827.84,150.39
19,1,1,10,10,14.14,0.4484,802.37,153.09
19,1,2,10,20,22.36,0.4542,792.33,150.04
19,1,3,10,30,31.62,0.4501,790.3,148.02
19,1,4,10,40,41.23,0.4403,797.79,153.39
19,1,5,10,50,50.99,0.4582,799.61,155.35
19,1,6,10,60,60.83,0.4496,794.89,144.07
19,1,7,10,70,70.71,0.4516,786.57,154.36
19,1,8,10,80,80.62,0.4401,819.31,150.61
19,1,9,10,90,90.55,0.4408,775.05,151.27
19,1,10,10,100,100.5,0.4441,768.21,156.6
19,1,11,10,110,110.45,0.461,776.79,146.01
19,1,12,10,120,120.42,0.4668,768.73,152.82
19,1,13,10,130,130.38,0.4647,775.52,150.91
19,2,-13,20,-130,131.53,0.4464,789.4,161.15
19,2,-12,20,-120,121.66,0.4486,773.41,155.0
19,2,-11,20,-110,111.8,0.4349,781.5,152.21
19,2,-10,20,-100,101.98,0.4452,805.07,152.0
19,2,-9,20,-90,92.2,0.4511,788.4,148.99
19,2,-8,20,-80,82.46,0.4506,803.16,154.28
19,2,-7,20,-70,72.8,0.4558,794.35,151.69
19,2,-6,20,-60,63.25,0.4551,790.16,151.75
19,2,-5,20,-50,53.85,0.4481,804.38,153.03
19,2,-4,20,-40,44.72,0.4582,786.96,146.66
19,2,-3,20,-30,36.06,0.4642,826.74,152.2
19,2,-2,20,-20,28.28,0.4476,795.6,147.06
19,2,-1,20,-10,22.36,0.4517,798.17,149.72
19,2,0,20,0,20.0,0.4408,814.31,151.35
19,2,1,20,10,22.36,0.4537,773.21,145.45
19,2,2,20,20,28.28,0.4412,811.6,148.53
19,2,3,20,30,36.06,0.4417,809.81,149.03
19,2,4,20,40,44.72,0.453,784.73,149.92
19,2,5,20,50,53.85,0.4607,818.6,147.62
19,2,6,20,60,63.25,0.4478,812.18,150.27
19,2,7,20,70,72.8,0.4528,820.76,150.65
19,2,8,20,80,82.46,0.4452,818.84,147.53
19,2,9,20,90,92.2,0.45,791.11,146.64
19,2,10,20,100,101.98,0.451,798.2,150.01
19,2,11,20,110,111.8,0.4624,781.95,152.67
19,2,12,20,120,121.66,0.4481,824.34,150.71
19,2,13,20,130,131.53,0.4487,779.02,154.69
19,3,-13,30,-130,133.42,0.4695,797.41,156.16
19,3,-12,30,-120,123.69,0.4652,803.78,153.67
19,3,-11,30,-110,114.02,0.449,793.65,149.66
19,3,-10,30,-100,104.4,0.4608,814.46,154.73
19,3,-9,30,-90,94.87,0.4413,815.23,148.62
19,3,-8,30,-80,85.44,0.453,812.41,145.71
19,3,-7,30,-70,76.16,0.4569,776.79,149.4
19,3,-6,30,-60,67.08,0.4578,819.9,152.43
19,3,-5,30,-50,58.31,0.4455,791.0,149.57
19,3,-4,30,-40,50.0,0.4504,813.13,149.81
19,3,-3,30,-30,42.43,0.4463,794.62,153.41
19,3,-2,30,-20,36.06,0.4504,822.86,152.85
19,3,-1,30,-10,31.62,0.4458,793.26,149.68
19,3,0,30,0,30.0,0.4489,817.34,148.38
19,3,1,30,10,31.62,0.4509,805.03,152.12
19,3,2,30,20,36.06,0.4538,805.94,148.57
19,3,3,30,30,42.43,0.447,803.72,149.43
19,3,4,30,40,50.0,0.4425,793.41,150.51
19,3,5,30,50,58.31,0.4595,785.88,146.7
19,3,6,30,60,67.08,0.4561,793.87,147.46
19,3,7,30,70,76.16,0.4499,786.51,156.61
19,3,8,30,80,85.44,0.4438,802.85,151.58
19,3,9,30,90,94.87,0.4581,783.12,151.7
19,3,10,30,100,104.4,0.4392,801.07,150.77
19,3,11,30,110,114.02,0.4611,796.22,151.48
19,3,12,30,120,123.69,0.4582,765.4,150.49
19,3,13,30,130,133.42,0.4746,784.38,156.34
19,4,-13,40,-130,136.01,0.4587,792.67,153.85
19,4,-12,40,-120,126.49,0.4481,784.37,157.18
19,4,-11,40,-110,117.05,0.4396,801.85,152.61
19,4,-10,40,-100,107.7,0.474,829.56,145.92
19,4,-9,40,-90,98.49,0.4621,792.53,149.95
19,4,-8,40,-80,89.44,0.4454,789.51,154.07
19,4,-7,40,-70,80.62,0.4312,790.02,152.03
19,4,-6,40,-60,72.11,0.4337,796.55,146.37
19,4,-5,40,-50,64.03,0.4519,800.75,152.8
19,4,-4,40,-40,56.57,0.4314,806.46,147.75
19,4,-3,40,-30,50.0,0.4616,793.36,147.55
19,4,-2,40,-20,44.72,0.4456,808.49,152.09
19,4,-1,40,-10,41.23,0.4498,785.32,146.45
19,4,0,40,0,40.0,0.4554,807.86,151.23
19,4,1,40,10,41.23,0.4627,788.1,155.93
19,4,2,40,20,44.72,0.4527,792.42,149.84
19,4,3,40,30,50.0,0.4405,784.69,149.66
19,4,4,40,40,56.57,0.4562,789.44,156.45
19,4,5,40,50,64.03,0.4497,790.97,146.15
19,4,6,40,60,72.11,0.4458,821.64,155.17
19,4,7,40,70,80.62,0.4549,800.84,145.69
19,4,8,40,80,89.44,0.4294,802.83,148.92
19,4,9,40,90,98.49,0.4467,804.34,146.52
19,4,10,40,100,107.7,0.4649,823.07,153.28
19,4,11,40,110,117.05,0.4537,781.75,151.21
19,4,12,40,120,126.49,0.4622,800.74,154.65
19,4,13,40,130,136.01,0.4737,787.89,157.79
19,5,-12,50,-120,130.0,0.4608,766.24,157.65
19,5,-11,50,-110,120.83,0.4749,793.25,150.94
19,5,-10,50,-100,111.8,0.4582,788.06,151.68
19,5,-9,50,-90,102.96,0.4527,785.59,148.67
19,5,-8,50,-80,94.34,0.4498,796.44,152.02
19,5,-7,50,-70,86.02,0.4522,809.09,149.61
19,5,-6,50,-60,78.1,0.4435,784.35,152.97
19,5,-5,50,-50,70.71,0.4461,790.52,153.84
19,5,-4,50,-40,64.03,0.4469,767.3,150.66
19,5,-3,50,-30,58.31,0.4456,789.16,149.58
19,5,-2,50,-20,53.85,0.4336,772.11,148.62
19,5,-1,50,-10,50.99,0.4545,796.05,149.08
19,5,0,50,0,50.0,0.45,813.35,150.12
19,5,1,50,10,50.99,0.4496,791.65,148.83
19,5,2,50,20,53.85,0.4514,819.73,150.71
19,5,3,50,30,58.31,0.4435,795.49,153.32
19,5,4,50,40,64.03,0.4506,779.25,151.3
19,5,5,50,50,70.71,0.4448,782.76,150.25
19,5,6,50,60,78.1,0.4433,812.19,150.27
19,5,7,50,70,86.02,0.4608,805.21,148.54
19,5,8,50,80,94.34,0.4463,793.99,151.79
19,5,9,50,90,102.96,0.4405,801.05,148.07
19,5,10,50,100,111.8,0.4724,801.64,153.54
19,5,11,50,110,120.83,0.458,764.89,152.63
19,5,12,50,120,130.0,0.4641,774.91,153.56
19,6,-12,60,-120,134.16,0.4678,782.5,155.22
19,6,-11,60,-110,125.3,0.4633,804.83,150.64
19,6,-10,60,-100,116.62,0.4715,820.09,150.43
19,6,-9,60,-90,108.17,0.4588,822.27,155.57
19,6,-8,60,-80,100.0,0.4376,795.63,149.12
19,6,-7,60,-70,92.2,0.457,813.97,146.67
19,6,-6,60,-60,84.85,0.4443,776.38,149.75
19,6,-5,60,-50,78.1,0.4477,806.97,155.41
19,6,-4,60,-40,72.11,0.4521,795.51,152.41
19,6,-3,60,-30,67.08,0.4472,797.3,150.52
19,6,-2,60,-20,63.25,0.4405,795.37,147.6
19,6,-1,60,-10,60.83,0.4565,784.56,147.18
19,6,0,60,0,60.0,0.4443,788.26,155.02
19,6,1,60,10,60.83,0.4587,807.35,148.78
19,6,2,60,20,63.25,0.4495,823.69,149.07
19,6,3,60,30,67.08,0.4414,812.25,149.29
19,6,4,60,40,72.11,0.4486,796.63,149.54
19,6,5,60,50,78.1,0.454,795.43,150.93
19,6,6,60,60,84.85,0.4584,822.17,147.31
19,6,7,60,70,92.2,0.4583,816.79,154.0
19,6,8,60,80,100.0,0.4518,794.35,145.99
19,6,9,60,90,108.17,0.4542,821.68,152.19
19,6,10,60,100,116.62,0.4543,799.73,148.53
19,6,11,60,110,125.3,0.4569,798.52,154.82
19,6,12,60,120,134.16,0.4588,807.58,150.03
19,7,-11,70,-110,130.38,0.4637,795.94,157.55
19,7,-10,70,-100,122.07,0.4589,799.63,152.74
19,7,-9,70,-90,114.02,0.4685,797.16,155.29
19,7,-8,70,-80,106.3,0.4436,793.99,152.71
19,7,-7,70,-70,98.99,0.4554,789.71,144.98
19,7,-6,70,-60,92.2,0.4361,785.58,158.58
19,7,-5,70,-50,86.02,0.4257,797.49,149.15
19,7,-4,70,-40,80.62,0.4503,798.76,147.06
19,7,-3,70,-30,76.16,0.4582,775.53,155.61
19,7,-2,70,-20,72.8,0.4536,786.33,147.93
19,7,-1,70,-10,70.71,0.4592,779.87,150.15
19,7,0,70,0,70.0,0.4498,799.13,151.64
19,7,1,70,10,70.71,0.4552,806.2,153.36
19,7,2,70,20,72.8,0.4521,792.48,146.61
19,7,3,70,30,76.16,0.4505,805.85,144.7
19,7,4,70,40,80.62,0.4535,786.92,147.3
19,7,5,70,50,86.02,0.4512,768.51,154.38
19,7,6,70,60,92.2,0.4574,781.95,149.65
19,7,7,70,70,98.99,0.4524,787.01,149.07
19,7,8,70,80,106.3,0.4519,795.53,150.69
19,7,9,70,90,114.02,0.4556,797.93,150.8
19,7,10,70,100,122.07,0.4614,805.68,154.08
19,7,11,70,110,130.38,0.4751,762.2,152.09
19,8,-11,80,-110,136.01,0.4665,783.25,153.53
19,8,-10,80,-100,128.06,0.4651,787.78,157.04
19,8,-9,80,-90,120.42,0.4488,789.88,151.19
19,8,-8,80,-80,113.14,0.4617,800.92,150.28
19,8,-7,80,-70,106.3,0.4609,795.37,147.36
19,8,-6,80,-60,100.0,0.4493,832.71,150.06
19,8,-5,80,-50,94.34,0.4523,803.73,150.18
19,8,-4,80,-40,89.44,0.4623,811.0,152.08
19,8,-3,80,-30,85.44,0.4478,810.43,149.1
19,8,-2,80,-20,82.46,0.4534,830.97,154.68
19,8,-1,80,-10,80.62,0.4491,803.35,146.71
19,8,0,80,0,80.0,0.4481,766.64,152.74
19,8,1,80,10,80.62,0.444,798.56,148.64
19,8,2,80,20,82.46,0.4582,820.53,154.23
19,8,3,80,30,85.44,0.4398,809.81,147.41
19,8,4,80,40,89.44,0.4512,814.45,149.34
19,8,5,80,50,94.34,0.4522,790.13,153.59
19,8,6,80,60,100.0,0.4496,789.92,151.65
19,8,7,80,70,106.3,0.4602,774.78,152.47
19,8,8,80,80,113.14,0.4509,802.74,150.17
19,8,9,80,90,120.42,0.4504,778.39,153.02
19,8,10,80,100,128.06,0.4645,775.29,153.68
19,8,11,80,110,136.01,0.4584,774.0,153.21
19,9,-10,90,-100,134.54,0.4573,762.29,154.24
19,9,-9,90,-90,127.28,0.469,786.41,152.51
19,9,-8,90,-80,120.42,0.4638,781.66,153.1
19,9,-7,90,-70,114.02,0.4427,792.25,150.81
19,9,-6,90,-60,108.17,0.4385,788.22,144.2
19,9,-5,90,-50,102.96,0.4473,804.36,148.11
19,9,-4,90,-40,98.49,0.4454,775.58,151.4
19,9,-3,90,-30,94.87,0.4469,798.69,153.78
19,9,-2,90,-20,92.2,0.4421,818.75,149.45
19,9,-1,90,-10,90.55,0.4584,798.29,145.25
19,9,0,90,0,90.0,0.4401,796.09,145.15
19,9,1,90,10,90.55,0.4543,812.27,145.71
19,9,2,90,20,92.2,0.4479,798.39,152.28
19,9,3,90,30,94.87,0.4537,793.09,146.09
19,9,4,90,40,98.49,0.4511,796.44,148.07
19,9,5,90,50,102.96,0.469,799.55,148.88
19,9,6,90,60,108.17,0.4489,807.43,154.82
19,9,7,90,70,114.02,0.4601,807.56,148.09
19,9,8,90,80,120.42,0.4569,771.78,154.93
19,9,9,90,90,127.28,0.4671,770.28,151.61
19,9,10,90,100,134.54,0.4552,783.97,154.16
19,10,-9,100,-90,134.54,0.4632,775.69,159.96
19,10,-8,100,-80,128.06,0.4679,782.51,148.92
19,10,-7,100,-70,122.07,0.4443,763.87,154.04
19,10,-6,100,-60,116.62,0.4547,809.51,154.24
19,10,-5,100,-50,111.8,0.4366,781.03,146.55
19,10,-4,100,-40,107.7,0.45,799.79,151.44
19,10,-3,100,-30,104.4,0.4522,778.83,157.87
19,10,-2,100,-20,101.98,0.453,820.87,153.21
19,10,-1,100,-10,100.5,0.4564,806.94,148.99
19,10,0,100,0,100.0,0.4467,796.43,150.14
19,10,1,100,10,100.5,0.4319,797.54,152.37
19,10,2,100,20,101.98,0.4414,781.25,150.96
19,10,3,100,30,104.4,0.4557,793.92,151.98
19,10,4,100,40,107.7,0.4543,789.36,151.1
19,10,5,100,50,111.8,0.4542,793.69,151.14
19,10,6,100,60,116.62,0.4587,805.25,153.39
19,10,7,100,70,122.07,0.4394,767.34,154.5
19,10,8,100,80,128.06,0.4537,802.27,149.08
19,10,9,100,90,134.54,0.4695,767.47,157.83
19,11,-8,110,-80,136.01,0.4577,765.11,154.93
19,11,-7,110,-70,130.38,0.4494,769.02,156.45
19,11,-6,110,-60,125.3,0.4707,782.89,151.65
19,11,-5,110,-50,120.83,0.4453,798.34,151.25
19,11,-4,110,-40,117.05,0.4464,794.98,148.18
19,11,-3,110,-30,114.02,0.4563,786.43,152.39
19,11,-2,110,-20,111.8,0.4428,796.32,146.26
19,11,-1,110,-10,110.45,0.4562,792.62,145.84
19,11,0,110,0,110.0,0.4538,804.63,150.08
19,11,1,110,10,110.45,0.4436,787.52,144.66
19,11,2,110,20,111.8,0.457,804.63,150.18
19,11,3,110,30,114.02,0.4531,809.01,156.42
19,11,4,110,40,117.05,0.462,775.6,155.84
19,11,5,110,50,120.83,0.4624,792.38,153.5
19,11,6,110,60,125.3,0.4677,758.4,152.68
19,11,7,110,70,130.38,0.4521,789.4,151.39
19,11,8,110,80,136.01,0.4883,790.89,151.2
19,12,-6,120,-60,134.16,0.4704,774.69,154.68
19,12,-5,120,-50,130.0,0.4599,756.07,151.97
19,12,-4,120,-40,126.49,0.4506,749.4,151.71
19,12,-3,120,-30,123.69,0.4564,765.18,156.17
19,12,-2,120,-20,121.66,0.4607,789.9,154.22
19,12,-1,120,-10,120.42,0.4617,793.05,157.16
19,12,0,120,0,120.0,0.4404,797.25,151.35
19,12,1,120,10,120.42,0.4685,794.57,152.18
19,12,2,120,20,121.66,0.4693,785.62,153.93
19,12,3,120,30,123.69,0.4535,789.2,159.13
19,12,4,120,40,126.49,0.4665,791.99,149.18
19,12,5,120,50,130.0,0.4799,765.16,154.0
19,12,6,120,60,134.16,0.4665,790.3,152.29
19,13,-4,130,-40,136.01,0.469,761.2,159.67
19,13,-3,130,-30,133.42,0.4522,773.53,156.0
19,13,-2,130,-20,131.53,0.4603,805.26,157.78
19,13,-1,130,-10,130.38,0.4651,772.45,153.47
19,13,0,130,0,130.0,0.4493,770.85,153.06
19,13,1,130,10,130.38,0.4682,789.61,153.03
19,13,2,130,20,131.53,0.4556,793.98,152.28
19,13,3,130,30,133.42,0.4679,789.08,157.49
19,13,4,130,40,136.01,0.4567,772.96,154.69
20,-13,-4,-130,-40,136.01,0.4483,774.03,155.08
20,-13,-3,-130,-30,133.42,0.4565,777.32,159.48
20,-13,-2,-130,-20,131.53,0.456,758.37,153.31
20,-13,-1,-130,-10,130.38,0.4521,791.86,155.33
20,-13,0,-130,0,130.0,0.4599,789.14,150.58
20,-13,1,-130,10,130.38,0.4687,774.73,158.88
20,-13,2,-130,20,131.53,0.4591,775.76,153.42
20,-13,3,-130,30,133.42,0.4671,803.01,155.36
20,-13,4,-130,40,136.01,0.4807,767.28,154.08
20,-12,-6,-120,-60,134.16,0.4539,773.27,152.42
20,-12,-5,-120,-50,130.0,0.4493,797.5,155.56
20,-12,-4,-120,-40,126.49,0.4564,790.42,152.06
20,-12,-3,-120,-30,123.69,0.4567,794.81,152.88
20,-12,-2,-120,-20,121.66,0.4579,759.69,155.14
20,-12,-1,-120,-10,120.42,0.4677,804.44,150.92
20,-12,0,-120,0,120.0,0.465,795.75,149.88
20,-12,1,-120,10,120.42,0.4549,787.54,145.53
20,-12,2,-120,20,121.66,0.4593,771.52,149.51
20,-12,3,-120,30,123.69,0.4598,782.06,149.93
20,-12,4,-120,40,126.49,0.4608,772.72,150.71
20,-12,5,-120,50,130.0,0.4704,785.88,154.78
20,-12,6,-120,60,134.16,0.4753,777.34,152.5
20,-11,-8,-110,-80,136.01,0.4586,807.37,154.41
20,-11,-7,-110,-70,130.38,0.4537,785.24,151.97
20,-11,-6,-110,-60,125.3,0.4559,810.74,153.52
20,-11,-5,-110,-50,120.83,0.4472,782.21,147.02
20,-11,-4,-110,-40,117.05,0.4501,805.85,149.97
20,-11,-3,-110,-30,114.02,0.4763,753.12,150.48
20,-11,-2,-110,-20,111.8,0.4553,794.26,153.28
20,-11,-1,-110,-10,110.45,0.4518,812.75,147.77
20,-11,0,-110,0,110.0,0.452,777.44,149.93
20,-11,1,-110,10,110.45,0.452,803.24,148.42
20,-11,2,-110,20,111.8,0.4522,793.66,152.02
20,-11,3,-110,30,114.02,0.4462,795.81,155.31
20,-11,4,-110,40,117.05,0.4654,786.64,153.69
20,-11,5,-110,50,120.83,0.4562,804.8,154.61
20,-11,6,-110,60,125.3,0.4499,784.0,151.17
20,-11,7,-110,70,130.38,0.4604,765.95,153.49
20,-11,8,-110,80,136.01,0.4624,777.71,155.45
20,-10,-9,-100,-90,134.54,0.4506,792.29,156.98
20,-10,-8,-100,-80,128.06,0.4715,783.21,154.29
20,-10,-7,-100,-70,122.07,0.4663,777.61,154.2
20,-10,-6,-100,-60,116.62,0.4501,798.79,153.27
20,-10,-5,-100,-50,111.8,0.4473,801.01,150.27
20,-10,-4,-100,-40,107.7,0.4519,807.35,154.44
20,-10,-3,-100,-30,104.4,0.4557,796.62,153.06
20,-10,-2,-100,-20,101.98,0.4492,810.72,148.91
20,-10,-1,-100,-10,100.5,0.4497,783.84,150.41
20,-10,0,-100,0,100.0,0.4635,820.79,155.51
20,-10,1,-100,10,100.5,0.4464,838.39,154.21
20,-10,2,-100,20,101.98,0.46,801.03,146.07
20,-10,3,-100,30,104.4,0.4474,790.17,150.49
20,-10,4,-100,40,107.7,0.4498,794.72,152.64
20,-10,5,-100,50,111.8,0.455,790.35,150.81
20,-10,6,-100,60,116.62,0.4673,785.23,154.42
20,-10,7,-100,70,122.07,0.4581,760.16,159.69
20,-10,8,-100,80,128.06,0.4701,818.62,156.16
20,-10,9,-100,90,134.54,0.4634,789.21,153.03
20,-9,-10,-90,-100,134.54,0.4561,812.02,153.61
20,-9,-9,-90,-90,127.28,0.461,792.2,152.7
20,-9,-8,-90,-80,120.42,0.465,787.55,163.09
20,-9,-7,-90,-70,114.02,0.4399,782.29,155.04
20,-9,-6,-90,-60,108.17,0.4408,797.89,150.25
20,-9,-5,-90,-50,102.96,0.4511,815.12,151.27
20,-9,-4,-90,-40,98.49,0.4451,813.67,151.23
20,-9,-3,-90,-30,94.87,0.4394,789.26,150.08
20,-9,-2,-90,-20,92.2,0.4563,797.86,153.08
20,-9,-1,-90,-10,90.55,0.4506,789.81,150.33
20,-9,0,-90,0,90.0,0.4558,797.23,146.83
20,-9,1,-90,10,90.55,0.4516,786.35,154.65
20,-9,2,-90,20,92.2,0.4593,796.28,151.59
20,-9,3,-90,30,94.87,0.4498,821.85,145.51
20,-9,4,-90,40,98.49,0.4526,784.1,151.8
20,-9,5,-90,50,102.96,0.437,801.89,156.65
20,-9,6,-90,60,108.17,0.449,772.33,153.23
20,-9,7,-90,70,114.02,0.4526,806.46,155.11
20,-9,8,-90,80,120.42,0.4656,788.66,158.0
20,-9,9,-90,90,127.28,0.4663,774.28,151.45
20,-9,10,-90,100,134.54,0.4734,790.62,152.3
20,-8,-11,-80,-110,136.01,0.4607,778.65,157.15
20,-8,-10,-80,-100,128.06,0.4584,804.38,154.6
20,-8,-9,-80,-90,120.42,0.4682,771.85,157.02
20,-8,-8,-80,-80,113.14,0.4642,793.86,150.14
20,-8,-7,-80,-70,106.3,0.4633,788.82,151.08
20,-8,-6,-80,-60,100.0,0.4554,780.9,150.08
20,-8,-5,-80,-50,94.34,0.443,776.07,156.56
20,-8,-4,-80,-40,89.44,0.4448,809.36,156.4
20,-8,-3,-80,-30,85.44,0.4449,781.1,155.31
20,-8,-2,-80,-20,82.46,0.4425,793.84,148.29
20,-8,-1,-80,-10,80.62,0.4512,772.68,151.87
20,-8,0,-80,0,80.0,0.4537,812.98,152.53
20,-8,1,-80,10,80.62,0.4536,795.41,150.18
20,-8,2,-80,20,82.46,0.4448,802.9,147.63
20,-8,3,-80,30,85.44,0.4511,793.4,147.57
20,-8,4,-80,40,89.44,0.4584,811.9,150.29
20,-8,5,-80,50,94.34,0.4365,786.22,150.08
20,-8,6,-80,60,100.0,0.4552,805.28,151.32
20,-8,7,-80,70,106.3,0.4531,792.47,149.21
20,-8,8,-80,80,113.14,0.4681,808.22,153.47
20,-8,9,-80,90,120.42,0.4482,771.3,152.43
20,-8,10,-80,100,128.06,0.4561,767.57,153.83
20,-8,11,-80,110,136.01,0.4485,778.24,156.22
20,-7,-11,-70,-110,130.38,0.465,756.16,148.28
20,-7,-10,-70,-100,122.07,0.4562,778.67,149.07
20,-7,-9,-70,-90,114.02,0.4379,779.08,151.5
20,-7,-8,-70,-80,106.3,0.451,777.65,148.08
20,-7,-7,-70,-70,98.99,0.4484,785.8,151.53
20,-7,-6,-70,-60,92.2,0.4546,806.59,146.94
20,-7,-5,-70,-50,86.02,0.4527,805.39,154.49
20,-7,-4,-70,-40,80.62,0.4658,818.6,148.63
20,-7,-3,-70,-30,76.16,0.4438,796.99,148.28
20,-7,-2,-70,-20,72.8,0.4668,814.33,151.87
20,-7,-1,-70,-10,70.71,0.4564,820.57,151.85
20,-7,0,-70,0,70.0,0.4485,811.13,152.2
20,-7,1,-70,10,70.71,0.4411,836.01,148.16
20,-7,2,-70,20,72.8,0.4623,797.59,153.48
20,-7,3,-70,30,76.16,0.4504,778.35,153.21
20,-7,4,-70,40,80.62,0.4618,799.89,152.57
20,-7,5,-70,50,86.02,0.4445,800.95,153.36
20,-7,6,-70,60,92.2,0.4532,807.47,153.3
20,-7,7,-70,70,98.99,0.4647,815.21,151.56
20,-7,8,-70,80,106.3,0.4527,798.58,147.24
20,-7,9,-70,90,114.02,0.4573,775.14,150.69
20,-7,10,-70,100,122.07,0.4639,782.24,156.95
20,-7,11,-70,110,130.38,0.4609,801.3,153.01
20,-6,-12,-60,-120,134.16,0.4619,798.13,153.87
20,-6,-11,-60,-110,125.3,0.4621,779.93,146.26
20,-6,-10,-60,-100,116.62,0.4512,812.96,153.09
20,-6,-9,-60,-90,108.17,0.4605,808.89,153.59
20,-6,-8,-60,-80,100.0,0.4641,793.16,155.08
20,-6,-7,-60,-70,92.2,0.4555,806.47,144.05
20,-6,-6,-60,-60,84.85,0.4532,813.76,150.72
20,-6,-5,-60,-50,78.1,0.46,819.43,149.16
20,-6,-4,-60,-40,72.11,0.4509,796.02,148.73
20,-6,-3,-60,-30,67.08,0.4508,803.52,143.73
20,-6,-2,-60,-20,63.25,0.4497,806.07,150.39
20,-6,-1,-60,-10,60.83,0.4494,784.84,146.08
20,-6,0,-60,0,60.0,0.4457,772.82,149.87
20,-6,1,-60,10,60.83,0.4433,803.03,148.32
20,-6,2,-60,20,63.25,0.4344,785.28,150.56
20,-6,3,-60,30,67.08,0.4562,795.9,150.76
20,-6,4,-60,40,72.11,0.4485,796.76,147.57
20,-6,5,-60,50,78.1,0.4497,790.8,154.13
20,-6,6,-60,60,84.85,0.4446,802.64,146.82
20,-6,7,-60,70,92.2,0.4485,784.64,148.51
20,-6,8,-60,80,100.0,0.4592,797.26,153.11
20,-6,9,-60,90,108.17,0.4517,805.96,153.7
20,-6,10,-60,100,116.62,0.4617,805.29,153.55
20,-6,11,-60,110,125.3,0.4557,765.06,150.85
20,-6,12,-60,120,134.16,0.4659,797.52,155.87
20,-5,-12,-50,-120,130.0,0.4585,777.08,153.89
20,-5,-11,-50,-110,120.83,0.4623,789.35,151.07
20,-5,-10,-50,-100,111.8,0.4476,782.61,149.5
20,-5,-9,-50,-90,102.96,0.4515,784.82,149.15
20,-5,-8,-50,-80,94.34,0.4559,808.21,155.4
20,-5,-7,-50,-70,86.02,0.4527,778.89,145.41
20,-5,-6,-50,-60,78.1,0.451,799.28,149.25
20,-5,-5,-50,-50,70.71,0.4406,785.58,153.23
20,-5,-4,-50,-40,64.03,0.4582,803.97,151.87
20,-5,-3,-50,-30,58.31,0.4408,804.75,148.05
20,-5,-2,-50,-20,53.85,0.46,807.26,145.36
20,-5,-1,-50,-10,50.99,0.4402,798.77,147.27
20,-5,0,-50,0,50.0,0.4589,772.18,149.79
20,-5,1,-50,10,50.99,0.4373,794.33,146.28
20,-5,2,-50,20,53.85,0.4494,786.28,147.92
20,-5,3,-50,30,58.31,0.4585,793.28,141.78
20,-5,4,-50,40,64.03,0.4487,821.21,151.08
20,-5,5,-50,50,70.71,0.4574,790.84,151.91
20,-5,6,-50,60,78.1,0.4463,804.79,153.52
20,-5,7,-50,70,86.02,0.4414,773.04,148.77
20,-5,8,-50,80,94.34,0.453,824.12,150.57
20,-5,9,-50,90,102.96,0.457,786.66,148.86
20,-5,10,-50,100,111.8,0.4572,817.17,151.66
20,-5,11,-50,110,120.83,0.4596,778.59,150.88
20,-5,12,-50,120,130.0,0.47,761.64,151.5
20,-4,-13,-40,-130,136.01,0.4617,781.24,154.42
20,-4,-12,-40,-120,126.49,0.4659,829.94,150.13
20,-4,-11,-40,-110,117.05,0.4583,780.74,154.92
20,-4,-10,-40,-100,107.7,0.468,794.3,154.22
20,-4,-9,-40,-90,98.49,0.4433,817.39,155.71
20,-4,-8,-40,-80,89.44,0.449,810.06,146.38
20,-4,-7,-40,-70,80.62,0.445,808.16,157.12
20,-4,-6,-40,-60,72.11,0.4354,802.91,153.79
20,-4,-5,-40,-50,64.03,0.4646,797.0,153.89
20,-4,-4,-40,-40,56.57,0.4559,826.65,149.41
20,-4,-3,-40,-30,50.0,0.4508,790.72,149.12
20,-4,-2,-40,-20,44.72,0.4476,787.78,155.39
20,-4,-1,-40,-10,41.23,0.4505,792.8,148.8
20,-4,0,-40,0,40.0,0.4376,809.17,147.41
20,-4,1,-40,10,41.23,0.4451,817.06,148.39
20,-4,2,-40,20,44.72,0.4537,791.73,148.47
20,-4,3,-40,30,50.0,0.445,797.26,145.83
20,-4,4,-40,40,56.57,0.4561,842.14,151.79
20,-4,5,-40,50,64.03,0.4426,810.14,145.37
20,-4,6,-40,60,72.11,0.4439,793.43,153.14
20,-4,7,-40,70,80.62,0.4556,778.59,152.44
20,-4,8,-40,80,89.44,0.4456,809.12,147.84
20,-4,9,-40,90,98.49,0.4502,786.01,150.23
20,-4,10,-40,100,107.7,0.4438,782.33,149.3
20,-4,11,-40,110,117.05,0.4484,785.13,152.39
20,-4,12,-40,120,126.49,0.4702,768.81,150.18
20,-4,13,-40,130,136.01,0.4639,755.08,155.43
20,-3,-13,-30,-130,133.42,0.4626,789.49,161.0
20,-3,-12,-30,-120,123.69,0.459,779.12,155.82
20,-3,-11,-30,-110,114.02,0.455,789.85,157.17
20,-3,-10,-30,-100,104.4,0.4584,782.16,148.17
20,-3,-9,-30,-90,94.87,0.4398,782.79,153.72
20,-3,-8,-30,-80,85.44,0.4459,773.21,151.4
20,-3,-7,-30,-70,76.16,0.4514,793.27,148.09
20,-3,-6,-30,-60,67.08,0.4501,801.1,151.2
20,-3,-5,-30,-50,58.31,0.436,783.52,148.66
20,-3,-4,-30,-40,50.0,0.4393,807.16,152.03
20,-3,-3,-30,-30,42.43,0.4451,809.95,150.68
20,-3,-2,-30,-20,36.06,0.4519,756.83,149.42
20,-3,-1,-30,-10,31.62,0.4452,797.88,148.72
20,-3,0,-30,0,30.0,0.4404,794.98,148.76
20,-3,1,-30,10,31.62,0.4572,797.89,148.29
20,-3,2,-30,20,36.06,0.44,840.9,152.98
20,-3,3,-30,30,42.43,0.4513,778.72,145.45
20,-3,4,-30,40,50.0,0.4634,824.17,150.82
20,-3,5,-30,50,58.31,0.4435,791.77,147.39
20,-3,6,-30,60,67.08,0.4666,796.94,152.44
20,-3,7,-30,70,76.16,0.4576,780.73,150.24
20,-3,8,-30,80,85.44,0.4478,819.32,151.84
20,-3,9,-30,90,94.87,0.45,801.51,148.28
20,-3,10,-30,100,104.4,0.4448,785.08,152.43
20,-3,11,-30,110,114.02,0.4625,801.79,147.11
20,-3,12,-30,120,123.69,0.4611,796.43,158.04
20,-3,13,-30,130,133.42,0.4518,797.42,159.07
20,-2,-13,-20,-130,131.53,0.4529,792.27,148.93
20,-2,-12,-20,-120,121.66,0.4576,772.79,154.72
20,-2,-11,-20,-110,111.8,0.454,788.11,153.42
20,-2,-10,-20,-100,101.98,0.445,797.59,152.85
20,-2,-9,-20,-90,92.2,0.4475,801.76,149.45
20,-2,-8,-20,-80,82.46,0.4614,821.18,149.75
20,-2,-7,-20,-70,72.8,0.4491,784.84,156.77
20,-2,-6,-20,-60,63.25,0.4563,813.52,154.28
20,-2,-5,-20,-50,53.85,0.4496,795.98,154.47
20,-2,-4,-20,-40,44.72,0.4457,797.28,150.93
20,-2,-3,-20,-30,36.06,0.4413,812.02,151.65
20,-2,-2,-20,-20,28.28,0.4457,817.47,146.48
20,-2,-1,-20,-10,22.36,0.447,822.41,149.6
20,-2,0,-20,0,20.0,0.4381,803.64,149.16
20,-2,1,-20,10,22.36,0.4542,816.45,149.8
20,-2,2,-20,20,28.28,0.431,808.39,146.97
20,-2,3,-20,30,36.06,0.4541,812.98,153.19
20,-2,4,-20,40,44.72,0.4568,795.37,149.65
20,-2,5,-20,50,53.85,0.4534,812.22,147.03
20,-2,6,-20,60,63.25,0.4574,772.76,143.74
20,-2,7,-20,70,72.8,0.4368,807.81,151.87
20,-2,8,-20,80,82.46,0.4516,791.54,151.42
20,-2,9,-20,90,92.2,0.4448,794.9,147.71
20,-2,10,-20,100,101.98,0.457,788.58,151.92
20,-2,11,-20,110,111.8,0.4551,817.36,151.8
20,-2,12,-20,120,121.66,0.4677,800.5,149.3
20,-2,13,-20,130,131.53,0.4572,778.43,155.64
20,-1,-13,-10,-130,130.38,0.4674,793.04,151.46
20,-1,-12,-10,-120,120.42,0.4572,782.77,153.63
20,-1,-11,-10,-110,110.45,0.441,793.6,146.17
20,-1,-10,-10,-100,100.5,0.4428,822.26,155.74
20,-1,-9,-10,-90,90.55,0.4448,807.36,151.6
20,-1,-8,-10,-80,80.62,0.4609,803.69,146.86
20,-1,-7,-10,-70,70.71,0.4434,805.94,144.52
20,-1,-6,-10,-60,60.83,0.4363,812.68,157.93
20,-1,-5,-10,-50,50.99,0.445,797.58,149.76
20,-1,-4,-10,-40,41.23,0.452,787.17,149.69
20,-1,-3,-10,-30,31.62,0.4564,791.33,150.03
20,-1,-2,-10,-20,22.36,0.4583,799.52,145.39
20,-1,-1,-10,-10,14.14,0.4318,782.87,153.55
20,-1,0,-10,0,10.0,0.4479,805.21,153.89
20,-1,1,-10,10,14.14,0.44,839.96,149.69
20,-1,2,-10,20,22.36,0.4543,789.42,147.1
20,-1,3,-10,30,31.62,0.4502,790.85,150.27
20,-1,4,-10,40,41.23,0.433,779.39,148.45
20,-1,5,-10,50,50.99,0.4409,845.6,150.55
20,-1,6,-10,60,60.83,0.4521,783.62,147.91
20,-1,7,-10,70,70.71,0.446,817.21,145.74
20,-1,8,-10,80,80.62,0.4473,806.62,143.07
20,-1,9,-10,90,90.55,0.4367,778.92,149.6
20,-1,10,-10,100,100.5,0.4478,811.73,144.0
20,-1,11,-10,110,110.45,0.4507,811.59,146.74
20,-1,12,-10,120,120.42,0.4564,800.3,156.75
20,-1,13,-10,130,130.38,0.4511,788.82,153.96
20,0,-13,0,-130,130.0,0.4527,764.99,149.99
20,0,-12,0,-120,120.0,0.4869,806.96,152.68
20,0,-11,0,-110,110.0,0.4471,802.58,147.76
20,0,-10,0,-100,100.0,0.454,810.48,150.14
20,0,-9,0,-90,90.0,0.4452,792.27,153.04
20,0,-8,0,-80,80.0,0.4496,824.82,144.52
20,0,-7,0,-70,70.0,0.4399,801.25,151.36
20,0,-6,0,-60,60.0,0.4495,821.03,147.17
20,0,-5,0,-50,50.0,0.4501,816.26,155.35
20,0,-4,0,-40,40.0,0.4484,840.27,150.28
20,0,-3,0,-30,30.0,0.4636,794.83,149.54
20,0,-2,0,-20,20.0,0.4594,812.28,149.95
20,0,-1,0,-10,10.0,0.4417,839.39,149.18
20,0,0,0,0,0.0,0.4506,771.12,148.32
20,0,1,0,10,10.0,0.4571,797.84,157.96
20,0,2,0,20,20.0,0.4523,791.12,155.13
20,0,3,0,30,30.0,0.4696,820.22,150.41
20,0,4,0,40,40.0,0.4485,775.39,151.07
20,0,5,0,50,50.0,0.4532,782.9,150.23
20,0,6,0,60,60.0,0.459,795.77,150.98
20,0,7,0,70,70.0,0.4339,827.33,147.99
20,0,8,0,80,80.0,0.4476,803.89,149.41
20,0,9,0,90,90.0,0.4577,794.45,148.4
20,0,10,0,100,100.0,0.4588,756.96,146.8
20,0,11,0,110,110.0,0.4558,806.73,153.96
20,0,12,0,120,120.0,0.4354,782.01,155.06
20,0,13,0,130,130.0,0.4528,779.97,155.14
20,1,-13,10,-130,130.38,0.4617,790.57,153.32
20,1,-12,10,-120,120.42,0.4619,797.94,155.09
20,1,-11,10,-110,110.45,0.4604,808.73,150.01
20,1,-10,10,-100,100.5,0.4481,800.81,156.54
20,1,-9,10,-90,90.55,0.4518,825.14,154.6
20,1,-8,10,-80,80.62,0.4619,821.19,147.15
20,1,-7,10,-70,70.71,0.4414,787.09,153.36
20,1,-6,10,-60,60.83,0.4478,790.98,148.75
20,1,-5,10,-50,50.99,0.4538,789.55,148.5
20,1,-4,10,-40,41.23,0.4476,813.76,145.02
20,1,-3,10,-30,31.62,0.4501,794.64,151.82
20,1,-2,10,-20,22.36,0.4491,786.23,156.45
20,1,-1,10,-10,14.14,0.4624,803.69,151.78
20,1,0,10,0,10.0,0.444,803.13,157.97
20,1,1,10,10,14.14,0.4599,784.16,151.21
20,1,2,10,20,22.36,0.4507,807.81,155.35
20,1,3,10,30,31.62,0.4427,796.97,146.63
20,1,4,10,40,41.23,0.4517,801.62,156.25
20,1,5,10,50,50.99,0.4432,813.59,142.14
20,1,6,10,60,60.83,0.4655,800.43,150.42
20,1,7,10,70,70.71,0.4482,807.1,148.22
20,1,8,10,80,80.62,0.4512,820.23,148.83
20,1,9,10,90,90.55,0.4476,795.76,153.03
20,1,10,10,100,100.5,0.4503,791.1,151.2
20,1,11,10,110,110.45,0.4625,774.4,153.7
20,1,12,10,120,120.42,0.4601,794.99,152.58
20,1,13,10,130,130.38,0.4614,793.8,149.19
20,2,-13,20,-130,131.53,0.4552,757.19,159.44
20,2,-12,20,-120,121.66,0.4678,755.79,153.76
20,2,-11,20,-110,111.8,0.4527,802.27,152.59
20,2,-10,20,-100,101.98,0.4507,796.37,153.81
20,2,-9,20,-90,92.2,0.4454,794.02,152.16
20,2,-8,20,-80,82.46,0.4568,804.4,148.56
20,2,-7,20,-70,72.8,0.4366,775.55,149.39
20,2,-6,20,-60,63.25,0.4513,794.71,146.85
20,2,-5,20,-50,53.85,0.4404,802.44,154.07
20,2,-4,20,-40,44.72,0.444,799.63,147.87
20,2,-3,20,-30,36.06,0.4548,798.12,152.96
20,2,-2,20,-20,28.28,0.4509,801.8,147.44
20,2,-1,20,-10,22.36,0.4433,806.9,150.69
20,2,0,20,0,20.0,0.4661,783.55,152.97
20,2,1,20,10,22.36,0.451,785.39,141.98
20,2,2,20,20,28.28,0.4449,792.36,148.47
20,2,3,20,30,36.06,0.4572,793.13,150.82
20,2,4,20,40,44.72,0.4388,805.83,146.1
20,2,5,20,50,53.85,0.4554,814.5,145.5
20,2,6,20,60,63.25,0.4654,793.18,151.09
20,2,7,20,70,72.8,0.4561,789.89,147.9
20,2,8,20,80,82.46,0.4466,806.86,151.75
20,2,9,20,90,92.2,0.4613,818.44,153.91
20,2,10,20,100,101.98,0.4588,809.25,149.55
20,2,11,20,110,111.8,0.45,770.21,155.78
20,2,12,20,120,121.66,0.4581,793.38,144.24
20,2,13,20,130,131.53,0.4564,797.12,155.0
20,3,-13,30,-130,133.42,0.4572,779.55,160.23
20,3,-12,30,-120,123.69,0.4566,789.04,152.91
20,3,-11,30,-110,114.02,0.4568,810.37,159.26
20,3,-10,30,-100,104.4,0.4642,799.93,154.52
20,3,-9,30,-90,94.87,0.4385,799.03,148.24
20,3,-8,30,-80,85.44,0.4454,814.41,154.12
20,3,-7,30,-70,76.16,0.4394,797.36,148.05
20,3,-6,30,-60,67.08,0.4553,816.67,156.8
20,3,-5,30,-50,58.31,0.4596,817.18,147.0
20,3,-4,30,-40,50.0,0.4446,800.84,157.7
20,3,-3,30,-30,42.43,0.4506,821.47,148.74
20,3,-2,30,-20,36.06,0.4498,799.68,148.52
20,3,-1,30,-10,31.62,0.4555,780.59,144.52
20,3,0,30,0,30.0,0.4479,808.26,147.72
20,3,1,30,10,31.62,0.4686,799.97,150.23
20,3,2,30,20,36.06,0.442,809.43,153.08
20,3,3,30,30,42.43,0.4516,804.71,150.73
20,3,4,30,40,50.0,0.4428,821.62,149.06
20,3,5,30,50,58.31,0.4638,781.9,152.72
20,3,6,30,60,67.08,0.4515,801.38,148.23
20,3,7,30,70,76.16,0.4554,808.04,155.36
20,3,8,30,80,85.44,0.4554,793.88,148.73
20,3,9,30,90,94.87,0.4531,821.59,151.5
20,3,10,30,100,104.4,0.4606,800.87,145.31
20,3,11,30,110,114.02,0.4588,789.42,155.5
20,3,12,30,120,123.69,0.4717,814.28,152.41
20,3,13,30,130,133.42,0.4587,776.52,153.94
20,4,-13,40,-130,136.01,0.4649,765.79,154.76
20,4,-12,40,-120,126.49,0.4433,817.87,152.61
20,4,-11,40,-110,117.05,0.4527,798.99,154.65
20,4,-10,40,-100,107.7,0.437,784.84,155.48
20,4,-9,40,-90,98.49,0.4581,780.82,154.09
20,4,-8,40,-80,89.44,0.4561,787.87,150.1
20,4,-7,40,-70,80.62,0.4364,812.17,154.62
20,4,-6,40,-60,72.11,0.4473,799.91,151.27
20,4,-5,40,-50,64.03,0.4482,769.0,153.23
20,4,-4,40,-40,56.57,0.4596,810.28,154.19
20,4,-3,40,-30,50.0,0.4489,806.65,147.9
20,4,-2,40,-20,44.72,0.443,780.46,151.03
20,4,-1,40,-10,41.23,0.4507,816.48,144.78
20,4,0,40,0,40.0,0.4521,825.89,150.35
20,4,1,40,10,41.23,0.4572,835.15,154.09
20,4,2,40,20,44.72,0.4386,795.32,151.08
20,4,3,40,30,50.0,0.4495,819.7,149.94
20,4,4,40,40,56.57,0.4494,816.27,145.77
20,4,5,40,50,64.03,0.4539,790.52,152.33
20,4,6,40,60,72.11,0.4471,807.69,148.36
20,4,7,40,70,80.62,0.4342,805.41,146.1
20,4,8,40,80,89.44,0.462,808.45,152.3
20,4,9,40,90,98.49,0.4488,798.1,143.44
20,4,10,40,100,107.7,0.4564,778.01,152.16
20,4,11,40,110,117.05,0.4474,800.04,152.68
20,4,12,40,120,126.49,0.4491,805.87,152.71
20,4,13,40,130,136.01,0.4565,795.15,153.04
20,5,-12,50,-120,130.0,0.4597,806.43,154.98
20,5,-11,50,-110,120.83,0.4624,787.13,150.59
20,5,-10,50,-100,111.8,0.4518,757.89,153.6
20,5,-9,50,-90,102.96,0.4568,774.65,151.97
20,5,-8,50,-80,94.34,0.4265,831.44,148.6
20,5,-7,50,-70,86.02,0.4459,811.18,151.44
20,5,-6,50,-60,78.1,0.4378,800.7,151.28
20,5,-5,50,-50,70.71,0.4433,811.84,146.18
20,5,-4,50,-40,64.03,0.4548,777.59,148.73
20,5,-3,50,-30,58.31,0.437,812.02,153.75
20,5,-2,50,-20,53.85,0.4636,793.8,147.68
20,5,-1,50,-10,50.99,0.4581,800.91,148.08
20,5,0,50,0,50.0,0.4448,800.44,153.66
20,5,1,50,10,50.99,0.4416,819.77,149.46
20,5,2,50,20,53.85,0.4597,796.9,152.51
20,5,3,50,30,58.31,0.4434,806.35,151.96
20,5,4,50,40,64.03,0.4351,824.55,145.64
20,5,5,50,50,70.71,0.4587,792.59,152.31
20,5,6,50,60,78.1,0.4534,794.81,147.34
20,5,7,50,70,86.02,0.448,792.79,151.14
20,5,8,50,80,94.34,0.4511,787.47,146.63
20,5,9,50,90,102.96,0.4487,795.74,148.57
20,5,10,50,100,111.8,0.4575,790.03,154.54
20,5,11,50,110,120.83,0.4604,797.77,150.86
20,5,12,50,120,130.0,0.4713,787.32,157.74
20,6,-12,60,-120,134.16,0.4698,777.76,152.59
20,6,-11,60,-110,125.3,0.46,782.01,151.03
20,6,-10,60,-100,116.62,0.4475,819.9,148.02
20,6,-9,60,-90,108.17,0.438,800.73,149.08
20,6,-8,60,-80,100.0,0.449,777.38,151.85
20,6,-7,60,-70,92.2,0.4524,814.05,151.87
20,6,-6,60,-60,84.85,0.4477,775.82,147.63
20,6,-5,60,-50,78.1,0.4432,783.46,153.88
20,6,-4,60,-40,72.11,0.4611,792.31,152.43
20,6,-3,60,-30,67.08,0.4521,791.25,150.29
20,6,-2,60,-20,63.25,0.4343,776.42,151.27
20,6,-1,60,-10,60.83,0.4575,813.58,146.84
20,6,0,60,0,60.0,0.4571,809.93,151.37
20,6,1,60,10,60.83,0.4489,792.15,152.2
20,6,2,60,20,63.25,0.4564,796.87,151.29
20,6,3,60,30,67.08,0.4537,798.45,147.92
20,6,4,60,40,72.11,0.4506,812.99,147.4
20,6,5,60,50,78.1,0.4593,788.96,155.45
20,6,6,60,60,84.85,0.4564,793.38,145.96
20,6,7,60,70,92.2,0.4457,795.21,149.23
20,6,8,60,80,100.0,0.446,798.44,150.36
20,6,9,60,90,108.17,0.4471,810.8,154.62
20,6,10,60,100,116.62,0.4561,805.23,154.01
20,6,11,60,110,125.3,0.4543,792.81,150.5
20,6,12,60,120,134.16,0.4553,789.97,155.94
20,7,-11,70,-110,130.38,0.4648,785.36,148.7
20,7,-10,70,-100,122.07,0.4459,793.76,154.93
20,7,-9,70,-90,114.02,0.4494,817.75,149.89
20,7,-8,70,-80,106.3,0.4624,770.8,148.59
20,7,-7,70,-70,98.99,0.454,793.49,153.04
20,7,-6,70,-60,92.2,0.4522,821.43,148.72
20,7,-5,70,-50,86.02,0.4413,796.62,148.81
20,7,-4,70,-40,80.62,0.4446,786.97,145.7
20,7,-3,70,-30,76.16,0.4603,777.73,149.75
20,7,-2,70,-20,72.8,0.451,805.38,149.86
20,7,-1,70,-10,70.71,0.4385,788.12,149.84
20,7,0,70,0,70.0,0.4499,782.02,151.88
20,7,1,70,10,70.71,0.4428,825.09,144.22
20,7,2,70,20,72.8,0.4543,802.11,149.47
20,7,3,70,30,76.16,0.4549,789.09,149.03
20,7,4,70,40,80.62,0.4413,820.03,148.37
20,7,5,70,50,86.02,0.4454,819.61,144.91
20,7,6,70,60,92.2,0.4634,798.22,153.26
20,7,7,70,70,98.99,0.4553,768.99,152.57
20,7,8,70,80,106.3,0.4443,792.03,156.18
20,7,9,70,90,114.02,0.4506,809.1,148.92
20,7,10,70,100,122.07,0.4697,786.37,154.05
20,7,11,70,110,130.38,0.4604,783.59,149.78
20,8,-11,80,-110,136.01,0.4595,768.75,150.77
20,8,-10,80,-100,128.06,0.4608,805.7,150.84
20,8,-9,80,-90,120.42,0.4707,786.95,151.16
20,8,-8,80,-80,113.14,0.4527,826.43,152.84
20,8,-7,80,-70,106.3,0.4559,804.89,147.14
20,8,-6,80,-60,100.0,0.4602,785.49,147.78
20,8,-5,80,-50,94.34,0.4467,795.79,150.32
20,8,-4,80,-40,89.44,0.4475,791.74,148.15
20,8,-3,80,-30,85.44,0.4503,773.52,150.1
20,8,-2,80,-20,82.46,0.4602,804.63,152.22
20,8,-1,80,-10,80.62,0.461,809.39,148.26
20,8,0,80,0,80.0,0.446,801.7,146.3
20,8,1,80,10,80.62,0.4702,800.08,154.5
20,8,2,80,20,82.46,0.4487,801.06,149.86
20,8,3,80,30,85.44,0.4602,837.29,145.64
20,8,4,80,40,89.44,0.4481,806.37,144.88
20,8,5,80,50,94.34,0.4454,805.76,148.83
20,8,6,80,60,100.0,0.4516,805.44,149.06
20,8,7,80,70,106.3,0.4452,780.9,144.37
20,8,8,80,80,113.14,0.4592,790.28,155.35
20,8,9,80,90,120.42,0.4625,790.2,153.6
20,8,10,80,100,128.06,0.4464,790.06,152.89
20,8,11,80,110,136.01,0.4578,773.23,156.68
20,9,-10,90,-100,134.54,0.4584,776.96,156.18
20,9,-9,90,-90,127.28,0.4579,787.8,153.09
20,9,-8,90,-80,120.42,0.4661,791.61,147.61
20,9,-7,90,-70,114.02,0.4615,782.58,150.27
20,9,-6,90,-60,108.17,0.4517,827.98,152.82
20,9,-5,90,-50,102.96,0.4674,797.85,153.03
20,9,-4,90,-40,98.49,0.4654,810.69,151.77
20,9,-3,90,-30,94.87,0.4395,784.09,151.23
20,9,-2,90,-20,92.2,0.4582,797.75,152.24
20,9,-1,90,-10,90.55,0.4433,790.44,151.6
20,9,0,90,0,90.0,0.4505,794.3,148.54
20,9,1,90,10,90.55,0.438,799.62,145.78
20,9,2,90,20,92.2,0.4477,797.26,154.51
20,9,3,90,30,94.87,0.4421,806.49,150.86
20,9,4,90,40,98.49,0.4426,799.32,146.56
20,9,5,90,50,102.96,0.4525,793.69,153.49
20,9,6,90,60,108.17,0.4477,761.61,149.52
20,9,7,90,70,114.02,0.4601,794.52,150.09
20,9,8,90,80,120.42,0.467,784.85,154.88
20,9,9,90,90,127.28,0.4601,795.22,155.71
20,9,10,90,100,134.54,0.4737,768.87,156.17
20,10,-9,100,-90,134.54,0.4531,788.98,149.4
20,10,-8,100,-80,128.06,0.4756,789.66,154.19
20,10,-7,100,-70,122.07,0.4447,803.32,156.46
20,10,-6,100,-60,116.62,0.4542,784.49,150.96
20,10,-5,100,-50,111.8,0.4683,791.88,152.08
20,10,-4,100,-40,107.7,0.4608,758.55,150.96
20,10,-3,100,-30,104.4,0.4501,798.71,153.36
20,10,-2,100,-20,101.98,0.4596,793.76,150.33
20,10,-1,100,-10,100.5,0.4517,809.14,154.1
20,10,0,100,0,100.0,0.4401,803.56,150.03
20,10,1,100,10,100.5,0.4679,781.25,147.18
20,10,2,100,20,101.98,0.4471,806.19,152.57
20,10,3,100,30,104.4,0.448,811.68,149.63
20,10,4,100,40,107.7,0.4601,774.24,148.32
20,10,5,100,50,111.8,0.4511,792.44,149.07
20,10,6,100,60,116.62,0.4491,797.8,154.54
20,10,7,100,70,122.07,0.4517,768.01,153.02
20,10,8,100,80,128.06,0.4639,768.92,158.54
20,10,9,100,90,134.54,0.4559,776.62,153.72
20,11,-8,110,-80,136.01,0.4571,806.83,151.89
20,11,-7,110,-70,130.38,0.4751,778.73,152.94
20,11,-6,110,-60,125.3,0.4539,796.52,159.09
20,11,-5,110,-50,120.83,0.4529,784.29,156.96
20,11,-4,110,-40,117.05,0.4472,779.09,156.24
20,11,-3,110,-30,114.02,0.4585,779.34,153.67
20,11,-2,110,-20,111.8,0.4421,809.63,145.68
20,11,-1,110,-10,110.45,0.4459,799.58,147.67
20,11,0,110,0,110.0,0.454,802.65,149.2
20,11,1,110,10,110.45,0.4531,806.53,152.8
20,11,2,110,20,111.8,0.4666,780.76,148.6
20,11,3,110,30,114.02,0.4657,798.01,151.05
20,11,4,110,40,117.05,0.4515,803.02,150.98
20,11,5,110,50,120.83,0.4637,807.82,152.89
20,11,6,110,60,125.3,0.4483,794.83,156.46
20,11,7,110,70,130.38,0.4708,785.71,148.69
20,11,8,110,80,136.01,0.46,772.16,157.25
20,12,-6,120,-60,134.16,0.4661,794.32,152.36
20,12,-5,120,-50,130.0,0.4627,749.06,152.56
20,12,-4,120,-40,126.49,0.4477,811.69,154.7
20,12,-3,120,-30,123.69,0.4619,768.85,152.54
20,12,-2,120,-20,121.66,0.463,775.29,151.3
20,12,-1,120,-10,120.42,0.4662,772.96,151.23
20,12,0,120,0,120.0,0.4506,794.35,154.8
20,12,1,120,10,120.42,0.4702,794.98,156.27
20,12,2,120,20,121.66,0.4607,767.86,152.79
20,12,3,120,30,123.69,0.459,803.21,152.65
20,12,4,120,40,126.49,0.4566,772.83,152.51
20,12,5,120,50,130.0,0.4603,792.42,151.34
20,12,6,120,60,134.16,0.4815,767.26,150.57
20,13,-4,130,-40,136.01,0.4677,760.44,154.77
20,13,-3,130,-30,133.42,0.4569,791.1,154.76
20,13,-2,130,-20,131.53,0.4708,788.87,154.15
20,13,-1,130,-10,130.38,0.4628,768.71,151.74
20,13,0,130,0,130.0,0.4628,792.39,152.81
20,13,1,130,10,130.38,0.4595,777.33,154.97
20,13,2,130,20,131.53,0.4617,791.8,152.16
20,13,3,130,30,133.42,0.462,803.98,160.4
20,13,4,130,40,136.01,0.4617,799.35,158.5
21,-13,-4,-130,-40,136.01,0.469,776.17,155.0
21,-13,-3,-130,-30,133.42,0.4674,770.38,159.11
21,-13,-2,-130,-20,131.53,0.4672,787.83,152.78
21,-13,-1,-130,-10,130.38,0.4466,773.18,154.25
21,-13,0,-130,0,130.0,0.4692,799.49,155.48
21,-13,1,-130,10,130.38,0.4567,829.61,152.6
21,-13,2,-130,20,131.53,0.4728,785.66,151.98
21,-13,3,-130,30,133.42,0.4632,774.7,148.48
21,-13,4,-130,40,136.01,0.4644,770.69,148.56
21,-12,-6,-120,-60,134.16,0.441,776.1,149.59
21,-12,-5,-120,-50,130.0,0.4532,767.3,159.05
21,-12,-4,-120,-40,126.49,0.4647,781.26,152.32
21,-12,-3,-120,-30,123.69,0.4562,781.55,153.75
21,-12,-2,-120,-20,121.66,0.451,768.82,155.67
21,-12,-1,-120,-10,120.42,0.45,798.3,149.57
21,-12,0,-120,0,120.0,0.4632,782.65,151.35
21,-12,1,-120,10,120.42,0.4624,807.78,153.69
21,-12,2,-120,20,121.66,0.4587,777.07,152.52
21,-12,3,-120,30,123.69,0.4599,800.03,154.9
21,-12,4,-120,40,126.49,0.4635,764.24,157.63
21,-12,5,-120,50,130.0,0.4547,778.75,152.76
21,-12,6,-120,60,134.16,0.4596,771.4,156.09
21,-11,-8,-110,-80,136.01,0.4584,752.74,158.33
21,-11,-7,-110,-70,130.38,0.4659,774.67,150.78
21,-11,-6,-110,-60,125.3,0.4747,782.77,156.82
21,-11,-5,-110,-50,120.83,0.4544,800.68,145.9
21,-11,-4,-110,-40,117.05,0.4331,809.4,154.44
21,-11,-3,-110,-30,114.02,0.4598,789.17,158.67
21,-11,-2,-110,-20,111.8,0.4436,808.0,152.32
21,-11,-1,-110,-10,110.45,0.4458,814.31,153.3
21,-11,0,-110,0,110.0,0.4565,797.03,150.02
21,-11,1,-110,10,110.45,0.4545,797.82,157.36
21,-11,2,-110,20,111.8,0.442,771.48,150.9
21,-11,3,-110,30,114.02,0.4474,776.38,155.3
21,-11,4,-110,40,117.05,0.4589,791.31,150.17
21,-11,5,-110,50,120.83,0.4619,789.37,151.35
21,-11,6,-110,60,125.3,0.4687,810.39,156.52
21,-11,7,-110,70,130.38,0.4664,787.28,149.61
21,-11,8,-110,80,136.01,0.4668,760.8,156.73
21,-10,-9,-100,-90,134.54,0.465,766.84,156.97
21,-10,-8,-100,-80,128.06,0.4489,779.89,154.38
21,-10,-7,-100,-70,122.07,0.4584,776.54,144.83
21,-10,-6,-100,-60,116.62,0.4606,836.17,153.62
21,-10,-5,-100,-50,111.8,0.4492,799.01,153.17
21,-10,-4,-100,-40,107.7,0.4551,791.02,152.37
21,-10,-3,-100,-30,104.4,0.4528,825.39,149.9
21,-10,-2,-100,-20,101.98,0.4518,783.58,150.94
21,-10,-1,-100,-10,100.5,0.4572,795.27,153.67
21,-10,0,-100,0,100.0,0.4589,807.8,154.12
21,-10,1,-100,10,100.5,0.453,789.56,152.0
21,-10,2,-100,20,101.98,0.4409,786.88,151.71
21,-10,3,-100,30,104.4,0.4399,793.51,159.42
21,-10,4,-100,40,107.7,0.4599,792.29,149.05
21,-10,5,-100,50,111.8,0.458,781.76,156.35
21,-10,6,-100,60,116.62,0.4473,785.12,151.46
21,-10,7,-100,70,122.07,0.4661,794.33,148.93
21,-10,8,-100,80,128.06,0.4472,792.76,148.25
21,-10,9,-100,90,134.54,0.4612,776.78,153.44
21,-9,-10,-90,-100,134.54,0.4659,809.21,153.98
21,-9,-9,-90,-90,127.28,0.4582,765.04,153.67
21,-9,-8,-90,-80,120.42,0.4535,792.98,153.57
21,-9,-7,-90,-70,114.02,0.4569,768.94,151.44
21,-9,-6,-90,-60,108.17,0.4514,784.62,150.69
21,-9,-5,-90,-50,102.96,0.4545,792.54,152.9
21,-9,-4,-90,-40,98.49,0.4507,805.25,147.76
21,-9,-3,-90,-30,94.87,0.4565,810.06,148.4
21,-9,-2,-90,-20,92.2,0.4542,814.21,149.82
21,-9,-1,-90,-10,90.55,0.4344,816.2,150.25
21,-9,0,-90,0,90.0,0.4489,797.92,150.69
21,-9,1,-90,10,90.55,0.444,840.03,149.97
21,-9,2,-90,20,92.2,0.4627,804.25,149.9
21,-9,3,-90,30,94.87,0.446,800.57,150.58
21,-9,4,-90,40,98.49,0.4275,783.19,150.4
21,-9,5,-90,50,102.96,0.4521,765.32,150.5
21,-9,6,-90,60,108.17,0.4619,798.32,152.31
21,-9,7,-90,70,114.02,0.4652,814.89,150.56
21,-9,8,-90,80,120.42,0.4708,767.82,151.35
21,-9,9,-90,90,127.28,0.4745,793.3,150.78
21,-9,10,-90,100,134.54,0.4568,785.62,153.36
21,-8,-11,-80,-110,136.01,0.4746,751.32,160.31
21,-8,-10,-80,-100,128.06,0.4633,762.68,155.46
21,-8,-9,-80,-90,120.42,0.4452,769.11,151.69
21,-8,-8,-80,-80,113.14,0.4665,779.24,154.98
21,-8,-7,-80,-70,106.3,0.4686,801.45,153.74
21,-8,-6,-80,-60,100.0,0.4421,802.56,154.39
21,-8,-5,-80,-50,94.34,0.4547,792.53,151.53
21,-8,-4,-80,-40,89.44,0.4476,820.6,147.19
21,-8,-3,-80,-30,85.44,0.4498,826.43,148.8
21,-8,-2,-80,-20,82.46,0.4585,803.34,153.38
21,-8,-1,-80,-10,80.62,0.4495,791.47,148.27
21,-8,0,-80,0,80.0,0.4562,793.87,155.32
21,-8,1,-80,10,80.62,0.4555,795.02,154.9
21,-8,2,-80,20,82.46,0.449,771.65,148.94
21,-8,3,-80,30,85.44,0.4394,805.26,147.72
21,-8,4,-80,40,89.44,0.4569,795.57,158.5
21,-8,5,-80,50,94.34,0.4533,806.95,152.13
21,-8,6,-80,60,100.0,0.4537,816.99,151.67
21,-8,7,-80,70,106.3,0.4556,801.76,154.69
21,-8,8,-80,80,113.14,0.451,761.01,152.68
21,-8,9,-80,90,120.42,0.4624,774.23,149.29
21,-8,10,-80,100,128.06,0.4531,761.97,155.22
21,-8,11,-80,110,136.01,0.4729,764.04,156.24
21,-7,-11,-70,-110,130.38,0.4628,774.46,157.16
21,-7,-10,-70,-100,122.07,0.4773,768.81,153.29
21,-7,-9,-70,-90,114.02,0.4548,793.67,150.94
21,-7,-8,-70,-80,106.3,0.458,798.28,146.99
21,-7,-7,-70,-70,98.99,0.4508,802.74,154.43
21,-7,-6,-70,-60,92.2,0.447,802.34,147.61
21,-7,-5,-70,-50,86.02,0.4613,801.82,155.05
21,-7,-4,-70,-40,80.62,0.4486,797.86,150.63
21,-7,-3,-70,-30,76.16,0.4546,823.86,154.43
21,-7,-2,-70,-20,72.8,0.4438,795.89,142.6
21,-7,-1,-70,-10,70.71,0.4414,800.06,155.73
21,-7,0,-70,0,70.0,0.4378,818.57,149.49
21,-7,1,-70,10,70.71,0.4559,797.6,151.44
21,-7,2,-70,20,72.8,0.4437,772.78,151.49
21,-7,3,-70,30,76.16,0.4595,805.57,154.33
21,-7,4,-70,40,80.62,0.4417,811.28,149.13
21,-7,5,-70,50,86.02,0.4662,778.79,150.77
21,-7,6,-70,60,92.2,0.4458,784.79,154.05
21,-7,7,-70,70,98.99,0.4383,789.21,149.94
21,-7,8,-70,80,106.3,0.4492,801.76,150.61
21,-7,9,-70,90,114.02,0.4512,806.9,151.54
21,-7,10,-70,100,122.07,0.462,765.65,150.89
21,-7,11,-70,110,130.38,0.4583,802.95,156.02
21,-6,-12,-60,-120,134.16,0.4467,788.92,160.25
21,-6,-11,-60,-110,125.3,0.464,770.51,152.48
21,-6,-10,-60,-100,116.62,0.46,778.68,152.65
21,-6,-9,-60,-90,108.17,0.4639,803.05,149.65
21,-6,-8,-60,-80,100.0,0.4632,781.69,151.65
21,-6,-7,-60,-70,92.2,0.4374,782.26,148.07
21,-6,-6,-60,-60,84.85,0.4552,806.03,149.52
21,-6,-5,-60,-50,78.1,0.4583,800.65,152.68
21,-6,-4,-60,-40,72.11,0.46,789.36,148.03
21,-6,-3,-60,-30,67.08,0.4375,799.36,154.32
21,-6,-2,-60,-20,63.25,0.4534,805.6,153.02
21,-6,-1,-60,-10,60.83,0.4626,807.76,152.11
21,-6,0,-60,0,60.0,0.4497,805.75,152.95
21,-6,1,-60,10,60.83,0.4459,799.52,148.18
21,-6,2,-60,20,63.25,0.4555,798.18,151.15
21,-6,3,-60,30,67.08,0.4343,777.83,152.54
21,-6,4,-60,40,72.11,0.4433,785.27,147.39
21,-6,5,-60,50,78.1,0.4516,792.88,148.68
21,-6,6,-60,60,84.85,0.4449,811.06,148.74
21,-6,7,-60,70,92.2,0.4476,788.17,151.52
21,-6,8,-60,80,100.0,0.4655,807.05,152.46
21,-6,9,-60,90,108.17,0.4612,788.47,150.76
21,-6,10,-60,100,116.62,0.4412,798.66,152.08
21,-6,11,-60,110,125.3,0.4541,788.95,158.59
21,-6,12,-60,120,134.16,0.4631,783.79,159.84
21,-5,-12,-50,-120,130.0,0.4704,796.85,159.33
21,-5,-11,-50,-110,120.83,0.4504,819.63,155.58
21,-5,-10,-50,-100,111.8,0.4644,803.35,149.17
21,-5,-9,-50,-90,102.96,0.4375,802.91,149.04
21,-5,-8,-50,-80,94.34,0.4447,793.24,142.73
21,-5,-7,-50,-70,86.02,0.4419,777.5,146.4
21,-5,-6,-50,-60,78.1,0.4435,797.77,151.52
21,-5,-5,-50,-50,70.71,0.4647,779.58,153.5
21,-5,-4,-50,-40,64.03,0.447,767.92,147.08
21,-5,-3,-50,-30,58.31,0.4559,801.86,144.24
21,-5,-2,-50,-20,53.85,0.4528,783.59,148.28
21,-5,-1,-50,-10,50.99,0.4476,801.23,151.96
21,-5,0,-50,0,50.0,0.4525,814.78,151.31
21,-5,1,-50,10,50.99,0.4517,794.29,147.77
21,-5,2,-50,20,53.85,0.4596,791.32,155.26
21,-5,3,-50,30,58.31,0.4578,816.2,147.84
21,-5,4,-50,40,64.03,0.4578,828.53,153.43
21,-5,5,-50,50,70.71,0.4676,808.11,154.18
21,-5,6,-50,60,78.1,0.4548,779.15,153.61
21,-5,7,-50,70,86.02,0.4443,779.04,149.04
21,-5,8,-50,80,94.34,0.4538,791.29,153.8
21,-5,9,-50,90,102.96,0.445,803.26,150.45
21,-5,10,-50,100,111.8,0.4535,800.59,154.07
21,-5,11,-50,110,120.83,0.4598,802.22,153.84
21,-5,12,-50,120,130.0,0.4785,754.14,142.98
21,-4,-13,-40,-130,136.01,0.4672,758.51,155.19
21,-4,-12,-40,-120,126.49,0.4615,761.32,154.66
21,-4,-11,-40,-110,117.05,0.4613,783.18,156.16
21,-4,-10,-40,-100,107.7,0.4408,790.75,153.78
21,-4,-9,-40,-90,98.49,0.4586,807.84,149.55
21,-4,-8,-40,-80,89.44,0.4297,787.97,151.97
21,-4,-7,-40,-70,80.62,0.4604,816.83,154.69
21,-4,-6,-40,-60,72.11,0.4661,801.01,150.73
21,-4,-5,-40,-50,64.03,0.4466,790.12,147.34
21,-4,-4,-40,-40,56.57,0.4446,800.96,153.36
21,-4,-3,-40,-30,50.0,0.4525,799.79,149.82
21,-4,-2,-40,-20,44.72,0.4455,794.63,145.77
21,-4,-1,-40,-10,41.23,0.4484,797.22,148.2
21,-4,0,-40,0,40.0,0.447,822.57,149.45
21,-4,1,-40,10,41.23,0.4352,808.29,153.53
21,-4,2,-40,20,44.72,0.4639,773.59,153.31
21,-4,3,-40,30,50.0,0.4512,815.37,146.16
21,-4,4,-40,40,56.57,0.4659,788.95,147.85
21,-4,5,-40,50,64.03,0.4491,810.83,149.38
21,-4,6,-40,60,72.11,0.4588,794.14,149.83
21,-4,7,-40,70,80.62,0.4414,797.99,156.74
21,-4,8,-40,80,89.44,0.4562,849.61,154.46
21,-4,9,-40,90,98.49,0.4537,781.3,154.42
21,-4,10,-40,100,107.7,0.4464,778.66,150.68
21,-4,11,-40,110,117.05,0.4496,809.59,150.26
21,-4,12,-40,120,126.49,0.4704,790.08,152.47
21,-4,13,-40,130,136.01,0.4624,772.21,156.93
21,-3,-13,-30,-130,133.42,0.4651,765.42,151.71
21,-3,-12,-30,-120,123.69,0.4501,798.88,157.44
21,-3,-11,-30,-110,114.02,0.4647,798.68,155.57
21,-3,-10,-30,-100,104.4,0.4542,804.02,149.43
21,-3,-9,-30,-90,94.87,0.4465,801.29,155.42
21,-3,-8,-30,-80,85.44,0.4626,808.95,149.11
21,-3,-7,-30,-70,76.16,0.4425,807.44,158.69
21,-3,-6,-30,-60,67.08,0.4438,796.33,152.66
21,-3,-5,-30,-50,58.31,0.4632,811.06,149.59
21,-3,-4,-30,-40,50.0,0.4445,819.61,146.41
21,-3,-3,-30,-30,42.43,0.4293,826.44,152.88
21,-3,-2,-30,-20,36.06,0.4379,811.3,148.6
21,-3,-1,-30,-10,31.62,0.4394,803.96,147.58
21,-3,0,-30,0,30.0,0.4443,783.89,150.65
21,-3,1,-30,10,31.62,0.4589,785.09,151.36
21,-3,2,-30,20,36.06,0.4534,780.99,150.26
21,-3,3,-30,30,42.43,0.457,817.12,149.7
21,-3,4,-30,40,50.0,0.4414,802.52,150.93
21,-3,5,-30,50,58.31,0.4438,773.73,152.41
21,-3,6,-30,60,67.08,0.4521,782.46,154.96
21,-3,7,-30,70,76.16,0.4532,775.91,151.73
21,-3,8,-30,80,85.44,0.461,795.58,155.62
21,-3,9,-30,90,94.87,0.4494,816.16,143.6
21,-3,10,-30,100,104.4,0.4523,815.57,145.03
21,-3,11,-30,110,114.02,0.4679,807.26,154.45
21,-3,12,-30,120,123.69,0.4617,771.8,153.5
21,-3,13,-30,130,133.42,0.4644,749.36,152.84
21,-2,-13,-20,-130,131.53,0.4604,790.57,152.33
21,-2,-12,-20,-120,121.66,0.4541,774.3,159.82
21,-2,-11,-20,-110,111.8,0.4448,771.64,153.53
21,-2,-10,-20,-100,101.98,0.4456,776.36,150.13
21,-2,-9,-20,-90,92.2,0.4499,807.72,150.86
21,-2,-8,-20,-80,82.46,0.4507,807.44,152.52
21,-2,-7,-20,-70,72.8,0.4454,792.15,152.24
21,-2,-6,-20,-60,63.25,0.4478,788.43,147.98
21,-2,-5,-20,-50,53.85,0.4382,806.24,155.5
21,-2,-4,-20,-40,44.72,0.4577,790.25,143.77
21,-2,-3,-20,-30,36.06,0.4417,798.66,152.36
21,-2,-2,-20,-20,28.28,0.456,793.74,149.81
21,-2,-1,-20,-10,22.36,0.4451,792.55,150.74
21,-2,0,-20,0,20.0,0.4459,781.23,150.29
21,-2,1,-20,10,22.36,0.4548,792.81,157.23
21,-2,2,-20,20,28.28,0.4493,787.77,155.46
21,-2,3,-20,30,36.06,0.4614,836.13,149.9
21,-2,4,-20,40,44.72,0.4471,798.84,151.9
21,-2,5,-20,50,53.85,0.4597,815.32,150.05
21,-2,6,-20,60,63.25,0.4558,785.41,147.25
21,-2,7,-20,70,72.8,0.4511,766.73,150.01
21,-2,8,-20,80,82.46,0.4577,805.86,154.21
21,-2,9,-20,90,92.2,0.4468,777.99,147.85
21,-2,10,-20,100,101.98,0.4525,822.6,156.45
21,-2,11,-20,110,111.8,0.4384,790.07,149.29
21,-2,12,-20,120,121.66,0.4525,784.95,150.38
21,-2,13,-20,130,131.53,0.4664,807.12,158.8
21,-1,-13,-10,-130,130.38,0.4549,781.12,158.61
21,-1,-12,-10,-120,120.42,0.4612,808.31,154.42
21,-1,-11,-10,-110,110.45,0.4622,786.55,149.54
21,-1,-10,-10,-100,100.5,0.4363,780.02,149.54
21,-1,-9,-10,-90,90.55,0.4347,813.27,150.29
21,-1,-8,-10,-80,80.62,0.4477,798.08,153.4
21,-1,-7,-10,-70,70.71,0.4422,781.83,148.6
21,-1,-6,-10,-60,60.83,0.462,788.52,150.84
21,-1,-5,-10,-50,50.99,0.4454,768.31,146.74
21,-1,-4,-10,-40,41.23,0.4413,803.91,152.38
21,-1,-3,-10,-30,31.62,0.4352,798.51,149.47
21,-1,-2,-10,-20,22.36,0.4665,799.53,152.96
21,-1,-1,-10,-10,14.14,0.4381,793.77,145.27
21,-1,0,-10,0,10.0,0.4461,798.79,144.81
21,-1,1,-10,10,14.14,0.4568,808.19,152.61
21,-1,2,-10,20,22.36,0.4516,783.55,152.7
21,-1,3,-10,30,31.62,0.4425,776.74,148.53
21,-1,4,-10,40,41.23,0.4481,802.17,147.17
21,-1,5,-10,50,50.99,0.4623,807.16,152.0
21,-1,6,-10,60,60.83,0.4586,804.34,150.94
21,-1,7,-10,70,70.71,0.4485,797.71,151.83
21,-1,8,-10,80,80.62,0.4401,784.63,156.31
21,-1,9,-10,90,90.55,0.448,849.35,152.56
21,-1,10,-10,100,100.5,0.4559,785.68,149.79
21,-1,11,-10,110,110.45,0.4389,795.37,149.04
21,-1,12,-10,120,120.42,0.4535,780.54,149.19
21,-1,13,-10,130,130.38,0.4388,781.3,153.36
21,0,-13,0,-130,130.0,0.4473,774.82,152.64
21,0,-12,0,-120,120.0,0.4603,779.26,153.62
21,0,-11,0,-110,110.0,0.4612,780.9,147.95
21,0,-10,0,-100,100.0,0.4414,805.29,149.58
21,0,-9,0,-90,90.0,0.4467,801.92,144.47
21,0,-8,0,-80,80.0,0.4541,792.54,147.88
21,0,-7,0,-70,70.0,0.4479,805.09,148.68
21,0,-6,0,-60,60.0,0.4429,815.91,147.37
21,0,-5,0,-50,50.0,0.44,792.66,149.96
21,0,-4,0,-40,40.0,0.4407,798.29,151.8
21,0,-3,0,-30,30.0,0.4585,777.01,151.69
21,0,-2,0,-20,20.0,0.4466,802.08,147.36
21,0,-1,0,-10,10.0,0.4433,794.91,148.13
21,0,0,0,0,0.0,0.4434,784.6,150.09
21,0,1,0,10,10.0,0.4467,777.84,147.21
21,0,2,0,20,20.0,0.4564,779.71,152.5
21,0,3,0,30,30.0,0.4457,813.6,148.4
21,0,4,0,40,40.0,0.4577,821.5,150.72
21,0,5,0,50,50.0,0.4503,814.36,149.83
21,0,6,0,60,60.0,0.4421,782.41,150.62
21,0,7,0,70,70.0,0.4465,804.53,150.5
21,0,8,0,80,80.0,0.4427,805.75,153.35
21,0,9,0,90,90.0,0.4494,791.18,147.26
21,0,10,0,100,100.0,0.4586,785.15,155.37
21,0,11,0,110,110.0,0.4538,802.08,150.17
21,0,12,0,120,120.0,0.4648,776.53,155.99
21,0,13,0,130,130.0,0.4544,775.18,152.78
21,1,-13,10,-130,130.38,0.4789,775.62,153.36
21,1,-12,10,-120,120.42,0.4676,805.56,155.93
21,1,-11,10,-110,110.45,0.4438,788.97,153.95
21,1,-10,10,-100,100.5,0.4575,804.97,147.16
21,1,-9,10,-90,90.55,0.4483,780.33,150.43
21,1,-8,10,-80,80.62,0.4497,796.63,151.26
21,1,-7,10,-70,70.71,0.4495,795.78,149.03
21,1,-6,10,-60,60.83,0.4535,806.26,148.17
21,1,-5,10,-50,50.99,0.4402,803.57,152.14
21,1,-4,10,-40,41.23,0.4528,805.66,147.78
21,1,-3,10,-30,31.62,0.4502,793.08,150.11
21,1,-2,10,-20,22.36,0.4436,794.39,147.46
21,1,-1,10,-10,14.14,0.4487,793.55,149.73
21,1,0,10,0,10.0,0.4427,775.58,152.41
21,1,1,10,10,14.14,0.4377,813.24,148.02
21,1,2,10,20,22.36,0.4583,810.04,148.66
21,1,3,10,30,31.62,0.4419,809.7,147.19
21,1,4,10,40,41.23,0.4411,803.79,153.97
21,1,5,10,50,50.99,0.4328,796.2,147.65
21,1,6,10,60,60.83,0.4354,798.08,151.57
21,1,7,10,70,70.71,0.4532,795.67,156.77
21,1,8,10,80,80.62,0.4525,810.54,149.55
21,1,9,10,90,90.55,0.4647,803.65,148.96
21,1,10,10,100,100.5,0.4483,780.55,153.43
21,1,11,10,110,110.45,0.4541,804.46,153.55
21,1,12,10,120,120.42,0.4405,795.14,151.7
21,1,13,10,130,130.38,0.4587,791.01,153.65
21,2,-13,20,-130,131.53,0.4696,786.9,152.23
21,2,-12,20,-120,121.66,0.4464,784.56,153.08
21,2,-11,20,-110,111.8,0.4583,768.19,149.87
21,2,-10,20,-100,101.98,0.466,800.88,153.88
21,2,-9,20,-90,92.2,0.4398,812.56,149.45
21,2,-8,20,-80,82.46,0.4492,784.55,150.41
21,2,-7,20,-70,72.8,0.4581,778.56,147.75
21,2,-6,20,-60,63.25,0.4494,826.41,149.1
21,2,-5,20,-50,53.85,0.444,813.57,150.95
21,2,-4,20,-40,44.72,0.4433,812.92,152.24
21,2,-3,20,-30,36.06,0.4428,826.54,150.56
21,2,-2,20,-20,28.28,0.4421,826.41,153.09
21,2,-1,20,-10,22.36,0.4491,811.37,148.32
21,2,0,20,0,20.0,0.4471,798.99,147.61
21,2,1,20,10,22.36,0.4397,824.24,143.5
21,2,2,20,20,28.28,0.4591,811.89,145.91
21,2,3,20,30,36.06,0.4481,804.05,152.23
21,2,4,20,40,44.72,0.4424,798.1,151.18
21,2,5,20,50,53.85,0.4413,778.9,149.91
21,2,6,20,60,63.25,0.4397,781.91,150.46
21,2,7,20,70,72.8,0.4447,790.71,154.64
21,2,8,20,80,82.46,0.4562,815.66,147.71
21,2,9,20,90,92.2,0.4505,813.17,150.91
21,2,10,20,100,101.98,0.4578,787.94,148.42
21,2,11,20,110,111.8,0.4432,800.27,153.42
21,2,12,20,120,121.66,0.4628,778.21,154.06
21,2,13,20,130,131.53,0.4727,798.96,157.57
21,3,-13,30,-130,133.42,0.4469,800.69,151.48
21,3,-12,30,-120,123.69,0.4616,785.14,150.33
21,3,-11,30,-110,114.02,0.448,802.96,152.43
21,3,-10,30,-100,104.4,0.4473,770.67,146.26
21,3,-9,30,-90,94.87,0.439,826.36,152.72
21,3,-8,30,-80,85.44,0.46,793.74,145.29
21,3,-7,30,-70,76.16,0.4549,805.67,149.69
21,3,-6,30,-60,67.08,0.4501,837.76,150.64
21,3,-5,30,-50,58.31,0.437,797.3,147.74
21,3,-4,30,-40,50.0,0.4484,815.99,151.26
21,3,-3,30,-30,42.43,0.4448,811.54,153.87
21,3,-2,30,-20,36.06,0.4504,812.31,147.17
21,3,-1,30,-10,31.62,0.4575,820.02,151.67
21,3,0,30,0,30.0,0.4575,809.0,145.28
21,3,1,30,10,31.62,0.4444,812.77,148.11
21,3,2,30,20,36.06,0.447,806.79,152.06
21,3,3,30,30,42.43,0.4483,784.39,151.01
21,3,4,30,40,50.0,0.4409,815.3,150.83
21,3,5,30,50,58.31,0.4581,798.47,150.08
21,3,6,30,60,67.08,0.4432,757.03,147.03
21,3,7,30,70,76.16,0.4403,787.68,149.87
21,3,8,30,80,85.44,0.4516,799.25,146.02
21,3,9,30,90,94.87,0.4588,804.41,144.07
21,3,10,30,100,104.4,0.4481,787.51,153.27
21,3,11,30,110,114.02,0.4471,760.55,153.93
21,3,12,30,120,123.69,0.4591,780.42,156.42
21,3,13,30,130,133.42,0.4518,797.73,157.91
21,4,-13,40,-130,136.01,0.4761,789.21,151.97
21,4,-12,40,-120,126.49,0.4572,791.34,157.16
21,4,-11,40,-110,117.05,0.4526,777.97,153.83
21,4,-10,40,-100,107.7,0.455,800.51,154.13
21,4,-9,40,-90,98.49,0.4545,793.45,153.67
21,4,-8,40,-80,89.44,0.4515,807.63,153.88
21,4,-7,40,-70,80.62,0.4478,801.11,153.73
21,4,-6,40,-60,72.11,0.4485,811.57,147.56
21,4,-5,40,-50,64.03,0.4553,819.43,149.63
21,4,-4,40,-40,56.57,0.4576,808.98,146.55
21,4,-3,40,-30,50.0,0.4512,807.51,153.41
21,4,-2,40,-20,44.72,0.4513,813.12,149.21
21,4,-1,40,-10,41.23,0.4418,772.82,148.13
21,4,0,40,0,40.0,0.4349,780.34,141.58
21,4,1,40,10,41.23,0.4436,777.55,148.92
21,4,2,40,20,44.72,0.4503,776.13,154.22
21,4,3,40,30,50.0,0.4609,797.59,151.53
21,4,4,40,40,56.57,0.4516,791.28,145.68
21,4,5,40,50,64.03,0.4451,791.97,153.63
21,4,6,40,60,72.11,0.4603,782.35,149.92
21,4,7,40,70,80.62,0.4531,842.01,145.24
21,4,8,40,80,89.44,0.467,797.53,147.8
21,4,9,40,90,98.49,0.442,784.77,154.3
21,4,10,40,100,107.7,0.4628,796.15,151.92
21,4,11,40,110,117.05,0.4586,762.88,148.6
21,4,12,40,120,126.49,0.4738,802.22,154.74
21,4,13,40,130,136.01,0.4549,786.1,155.22
21,5,-12,50,-120,130.0,0.4605,799.47,152.45
21,5,-11,50,-110,120.83,0.4583,779.93,154.04
21,5,-10,50,-100,111.8,0.4458,788.84,153.37
21,5,-9,50,-90,102.96,0.4477,795.22,156.48
21,5,-8,50,-80,94.34,0.4614,810.58,150.95
21,5,-7,50,-70,86.02,0.4495,786.54,146.98
21,5,-6,50,-60,78.1,0.4435,807.2,149.46
21,5,-5,50,-50,70.71,0.4475,797.2,145.33
21,5,-4,50,-40,64.03,0.4452,793.94,144.62
21,5,-3,50,-30,58.31,0.4534,805.92,153.74
21,5,-2,50,-20,53.85,0.4495,792.23,147.78
21,5,-1,50,-10,50.99,0.4563,811.33,151.15
21,5,0,50,0,50.0,0.4476,825.38,149.61
21,5,1,50,10,50.99,0.4459,809.56,148.54
21,5,2,50,20,53.85,0.4391,832.23,152.34
21,5,3,50,30,58.31,0.4507,802.17,146.53
21,5,4,50,40,64.03,0.4507,796.19,148.39
21,5,5,50,50,70.71,0.4406,782.97,149.98
21,5,6,50,60,78.1,0.4495,802.76,148.38
21,5,7,50,70,86.02,0.4441,811.74,150.86
21,5,8,50,80,94.34,0.4553,820.77,149.98
21,5,9,50,90,102.96,0.4426,783.49,148.51
21,5,10,50,100,111.8,0.4498,789.31,154.41
21,5,11,50,110,120.83,0.4498,784.24,153.63
21,5,12,50,120,130.0,0.4634,782.36,156.19
21,6,-12,60,-120,134.16,0.4658,823.66,149.62
21,6,-11,60,-110,125.3,0.461,762.65,154.66
21,6,-10,60,-100,116.62,0.4658,795.82,158.46
21,6,-9,60,-90,108.17,0.445,799.73,151.48
21,6,-8,60,-80,100.0,0.4549,802.72,152.96
21,6,-7,60,-70,92.2,0.4397,816.1,148.72
21,6,-6,60,-60,84.85,0.4571,812.91,147.22
21,6,-5,60,-50,78.1,0.4469,786.09,148.49
21,6,-4,60,-40,72.11,0.4561,811.78,152.45
21,6,-3,60,-30,67.08,0.4484,772.54,149.98
21,6,-2,60,-20,63.25,0.4608,816.47,147.5
21,6,-1,60,-10,60.83,0.4622,784.96,150.12
21,6,0,60,0,60.0,0.4433,835.18,149.9
21,6,1,60,10,60.83,0.4389,819.57,146.15
21,6,2,60,20,63.25,0.447,819.19,148.9
21,6,3,60,30,67.08,0.453,784.93,155.79
21,6,4,60,40,72.11,0.4395,791.08,149.23
21,6,5,60,50,78.1,0.4373,802.78,153.65
21,6,6,60,60,84.85,0.4636,808.65,147.47
21,6,7,60,70,92.2,0.4383,844.83,153.66
21,6,8,60,80,100.0,0.4638,802.58,154.22
21,6,9,60,90,108.17,0.452,776.13,147.48
21,6,10,60,100,116.62,0.4555,793.53,152.77
21,6,11,60,110,125.3,0.4483,790.21,144.57
21,6,12,60,120,134.16,0.4646,768.25,153.08
21,7,-11,70,-110,130.38,0.4726,785.92,153.28
21,7,-10,70,-100,122.07,0.459,807.17,155.81
21,7,-9,70,-90,114.02,0.4712,777.27,150.9
21,7,-8,70,-80,106.3,0.4606,812.87,152.06
21,7,-7,70,-70,98.99,0.4593,796.69,148.96
21,7,-6,70,-60,92.2,0.4519,786.58,151.08
21,7,-5,70,-50,86.02,0.4476,776.38,152.72
21,7,-4,70,-40,80.62,0.4514,797.18,151.76
21,7,-3,70,-30,76.16,0.4556,813.41,147.73
21,7,-2,70,-20,72.8,0.4413,787.1,157.89
21,7,-1,70,-10,70.71,0.4422,816.04,146.73
21,7,0,70,0,70.0,0.4406,775.51,145.65
21,7,1,70,10,70.71,0.4476,803.28,151.19
21,7,2,70,20,72.8,0.4533,809.42,148.94
21,7,3,70,30,76.16,0.4325,798.23,148.01
21,7,4,70,40,80.62,0.4551,811.54,147.89
21,7,5,70,50,86.02,0.457,798.62,147.27
21,7,6,70,60,92.2,0.4687,794.34,152.45
21,7,7,70,70,98.99,0.4616,806.51,149.2
21,7,8,70,80,106.3,0.4506,763.41,148.32
21,7,9,70,90,114.02,0.4615,790.25,153.38
21,7,10,70,100,122.07,0.4483,784.14,153.95
21,7,11,70,110,130.38,0.4607,809.67,152.08
21,8,-11,80,-110,136.01,0.464,782.79,151.89
21,8,-10,80,-100,128.06,0.4499,788.87,155.94
21,8,-9,80,-90,120.42,0.4619,799.89,150.9
21,8,-8,80,-80,113.14,0.4483,789.14,155.7
21,8,-7,80,-70,106.3,0.4585,776.58,152.66
21,8,-6,80,-60,100.0,0.4715,815.61,148.62
21,8,-5,80,-50,94.34,0.4589,802.44,148.44
21,8,-4,80,-40,89.44,0.4533,819.77,148.01
21,8,-3,80,-30,85.44,0.4532,787.65,146.6
21,8,-2,80,-20,82.46,0.4441,786.92,150.29
21,8,-1,80,-10,80.62,0.4437,824.86,147.63
21,8,0,80,0,80.0,0.4515,821.56,149.07
21,8,1,80,10,80.62,0.4527,827.25,151.12
21,8,2,80,20,82.46,0.4398,809.5,155.65
21,8,3,80,30,85.44,0.4447,820.28,151.84
21,8,4,80,40,89.44,0.4489,806.16,145.47
21,8,5,80,50,94.34,0.444,801.05,150.59
21,8,6,80,60,100.0,0.4525,807.52,153.6
21,8,7,80,70,106.3,0.4494,779.79,151.51
21,8,8,80,80,113.14,0.447,785.51,155.94
21,8,9,80,90,120.42,0.4472,790.57,154.5
21,8,10,80,100,128.06,0.4523,791.28,158.61
21,8,11,80,110,136.01,0.4617,791.15,157.53
21,9,-10,90,-100,134.54,0.4705,799.77,154.03
21,9,-9,90,-90,127.28,0.4782,792.1,153.65
21,9,-8,90,-80,120.42,0.4557,799.63,153.31
21,9,-7,90,-70,114.02,0.4527,787.1,145.35
21,9,-6,90,-60,108.17,0.4512,809.64,153.79
21,9,-5,90,-50,102.96,0.4494,807.01,147.48
21,9,-4,90,-40,98.49,0.4499,790.41,148.14
21,9,-3,90,-30,94.87,0.4665,815.44,148.85
21,9,-2,90,-20,92.2,0.4505,758.43,153.73
21,9,-1,90,-10,90.55,0.4519,802.32,153.91
21,9,0,90,0,90.0,0.4577,821.19,144.97
21,9,1,90,10,90.55,0.4536,800.64,147.4
21,9,2,90,20,92.2,0.4578,801.19,153.21
21,9,3,90,30,94.87,0.4529,794.68,147.86
21,9,4,90,40,98.49,0.4515,794.22,143.19
21,9,5,90,50,102.96,0.4444,781.43,152.02
21,9,6,90,60,108.17,0.4478,793.88,150.81
21,9,7,90,70,114.02,0.4531,770.72,149.74
21,9,8,90,80,120.42,0.4651,806.85,151.52
21,9,9,90,90,127.28,0.4515,772.05,154.56
21,9,10,90,100,134.54,0.4695,768.2,157.74
21,10,-9,100,-90,134.54,0.4606,772.4,150.15
21,10,-8,100,-80,128.06,0.4575,782.04,152.13
21,10,-7,100,-70,122.07,0.4695,788.25,151.1
21,10,-6,100,-60,116.62,0.4596,807.61,151.81
21,10,-5,100,-50,111.8,0.4543,783.56,155.46
21,10,-4,100,-40,107.7,0.4533,780.87,151.19
21,10,-3,100,-30,104.4,0.4575,823.32,145.5
21,10,-2,100,-20,101.98,0.4496,793.52,144.74
21,10,-1,100,-10,100.5,0.4552,796.39,148.63
21,10,0,100,0,100.0,0.4484,809.56,141.2
21,10,1,100,10,100.5,0.4623,791.35,144.83
21,10,2,100,20,101.98,0.4513,811.47,150.66
21,10,3,100,30,104.4,0.4555,809.92,154.32
21,10,4,100,40,107.7,0.4665,803.7,147.2
21,10,5,100,50,111.8,0.4652,822.76,149.62
21,10,6,100,60,116.62,0.4555,781.45,154.21
21,10,7,100,70,122.07,0.4464,771.33,152.17
21,10,8,100,80,128.06,0.4642,783.5,153.35
21,10,9,100,90,134.54,0.468,796.5,155.0
21,11,-8,110,-80,136.01,0.4758,746.42,153.42
21,11,-7,110,-70,130.38,0.4426,787.52,155.27
21,11,-6,110,-60,125.3,0.4529,777.85,148.38
21,11,-5,110,-50,120.83,0.4638,765.83,157.46
21,11,-4,110,-40,117.05,0.4508,791.6,155.87
21,11,-3,110,-30,114.02,0.4544,790.78,154.53
21,11,-2,110,-20,111.8,0.4461,785.85,152.84
21,11,-1,110,-10,110.45,0.453,770.68,148.23
21,11,0,110,0,110.0,0.4688,794.54,151.99
21,11,1,110,10,110.45,0.4584,815.4,147.82
21,11,2,110,20,111.8,0.4537,787.31,152.98
21,11,3,110,30,114.02,0.4461,804.14,151.28
21,11,4,110,40,117.05,0.4567,799.1,149.68
21,11,5,110,50,120.83,0.4679,820.54,155.83
21,11,6,110,60,125.3,0.4741,787.22,154.79
21,11,7,110,70,130.38,0.4566,792.45,157.42
21,11,8,110,80,136.01,0.4534,768.8,155.37
21,12,-6,120,-60,134.16,0.475,783.68,150.13
21,12,-5,120,-50,130.0,0.4559,770.55,154.37
21,12,-4,120,-40,126.49,0.4581,766.58,153.16
21,12,-3,120,-30,123.69,0.4595,783.77,156.77
21,12,-2,120,-20,121.66,0.4575,805.24,157.73
21,12,-1,120,-10,120.42,0.4544,787.74,152.98
21,12,0,120,0,120.0,0.472,775.14,148.31
21,12,1,120,10,120.42,0.4618,801.41,149.71
21,12,2,120,20,121.66,0.4511,777.31,155.43
21,12,3,120,30,123.69,0.4744,820.44,153.31
21,12,4,120,40,126.49,0.4441,770.31,152.65
21,12,5,120,50,130.0,0.4622,794.17,156.63
21,12,6,120,60,134.16,0.4719,758.63,149.97
21,13,-4,130,-40,136.01,0.4647,775.69,151.54
21,13,-3,130,-30,133.42,0.4558,792.15,154.96
21,13,-2,130,-20,131.53,0.4701,785.33,149.94
21,13,-1,130,-10,130.38,0.4556,773.77,154.7
21,13,0,130,0,130.0,0.452,795.07,148.22
21,13,1,130,10,130.38,0.4455,783.26,151.48
21,13,2,130,20,131.53,0.4584,800.24,149.7
21,13,3,130,30,133.42,0.4711,785.51,152.58
21,13,4,130,40,136.01,0.4599,787.73,156.3
22,-13,-4,-130,-40,136.01,0.4557,796.76,149.83
22,-13,-3,-130,-30,133.42,0.4603,783.63,155.12
22,-13,-2,-130,-20,131.53,0.4542,783.79,153.17
22,-13,-1,-130,-10,130.38,0.4544,775.8,152.42
22,-13,0,-130,0,130.0,0.4758,801.04,154.66
22,-13,1,-130,10,130.38,0.4477,804.37,147.76
22,-13,2,-130,20,131.53,0.4514,759.73,151.19
22,-13,3,-130,30,133.42,0.4759,793.02,155.06
22,-13,4,-130,40,136.01,0.4637,765.55,157.15
22,-12,-6,-120,-60,134.16,0.4744,794.32,156.27
22,-12,-5,-120,-50,130.0,0.4691,784.49,147.82
22,-12,-4,-120,-40,126.49,0.4687,769.93,153.38
22,-12,-3,-120,-30,123.69,0.473,786.87,157.84
22,-12,-2,-120,-20,121.66,0.459,775.82,152.44
22,-12,-1,-120,-10,120.42,0.453,805.39,151.98
22,-12,0,-120,0,120.0,0.4629,795.12,146.95
22,-12,1,-120,10,120.42,0.4514,789.75,151.46
22,-12,2,-120,20,121.66,0.459,796.79,155.92
22,-12,3,-120,30,123.69,0.4612,789.02,154.73
22,-12,4,-120,40,126.49,0.4547,789.12,154.56
22,-12,5,-120,50,130.0,0.4618,783.22,155.84
22,-12,6,-120,60,134.16,0.4549,768.29,153.78
22,-11,-8,-110,-80,136.01,0.4722,758.31,157.73
22,-11,-7,-110,-70,130.38,0.4725,786.47,150.69
22,-11,-6,-110,-60,125.3,0.4459,817.95,149.51
22,-11,-5,-110,-50,120.83,0.4534,761.38,146.37
22,-11,-4,-110,-40,117.05,0.4616,782.06,154.69
22,-11,-3,-110,-30,114.02,0.4524,810.59,150.83
22,-11,-2,-110,-20,111.8,0.4621,778.44,149.23
22,-11,-1,-110,-10,110.45,0.4464,784.56,146.51
22,-11,0,-110,0,110.0,0.4458,779.48,157.22
22,-11,1,-110,10,110.45,0.4529,787.94,153.69
22,-11,2,-110,20,111.8,0.4508,797.85,153.56
22,-11,3,-110,30,114.02,0.46,791.8,152.12
22,-11,4,-110,40,117.05,0.459,798.74,153.16
22,-11,5,-110,50,120.83,0.4587,774.7,154.25
22,-11,6,-110,60,125.3,0.4494,786.69,153.57
22,-11,7,-110,70,130.38,0.4495,772.25,157.69
22,-11,8,-110,80,136.01,0.457,788.32,151.11
22,-10,-9,-100,-90,134.54,0.4518,791.81,157.81
22,-10,-8,-100,-80,128.06,0.4603,790.52,157.53
22,-10,-7,-100,-70,122.07,0.4563,789.24,152.04
22,-10,-6,-100,-60,116.62,0.45,768.32,149.47
22,-10,-5,-100,-50,111.8,0.4637,817.75,148.35
22,-10,-4,-100,-40,107.7,0.4592,791.53,155.78
22,-10,-3,-100,-30,104.4,0.4521,786.46,151.55
22,-10,-2,-100,-20,101.98,0.4399,799.48,149.85
22,-10,-1,-100,-10,100.5,0.4491,788.31,148.29
22,-10,0,-100,0,100.0,0.4537,799.1,149.99
22,-10,1,-100,10,100.5,0.4544,796.37,149.93
22,-10,2,-100,20,101.98,0.4463,813.44,157.57
22,-10,3,-100,30,104.4,0.4332,792.74,150.42
22,-10,4,-100,40,107.7,0.4545,836.82,151.38
22,-10,5,-100,50,111.8,0.4517,802.52,154.08
22,-10,6,-100,60,116.62,0.4511,789.72,151.96
22,-10,7,-100,70,122.07,0.4708,790.22,154.08
22,-10,8,-100,80,128.06,0.4554,791.57,153.06
22,-10,9,-100,90,134.54,0.4609,771.92,155.1
22,-9,-10,-90,-100,134.54,0.4617,766.1,151.73
22,-9,-9,-90,-90,127.28,0.4616,786.55,155.29
22,-9,-8,-90,-80,120.42,0.4583,772.63,154.24
22,-9,-7,-90,-70,114.02,0.4482,807.81,154.69
22,-9,-6,-90,-60,108.17,0.4486,782.48,147.65
22,-9,-5,-90,-50,102.96,0.4416,821.38,148.42
22,-9,-4,-90,-40,98.49,0.4479,835.57,153.99
22,-9,-3,-90,-30,94.87,0.4587,809.33,153.46
22,-9,-2,-90,-20,92.2,0.4313,797.83,148.16
22,-9,-1,-90,-10,90.55,0.4375,778.03,149.67
22,-9,0,-90,0,90.0,0.4388,796.64,148.78
22,-9,1,-90,10,90.55,0.463,809.69,152.75
22,-9,2,-90,20,92.2,0.4415,819.0,152.0
22,-9,3,-90,30,94.87,0.4497,777.57,151.51
22,-9,4,-90,40,98.49,0.4486,788.22,151.25
22,-9,5,-90,50,102.96,0.449,795.29,147.15
22,-9,6,-90,60,108.17,0.4409,816.78,147.63
22,-9,7,-90,70,114.02,0.4458,783.13,154.33
22,-9,8,-90,80,120.42,0.452,786.63,149.78
22,-9,9,-90,90,127.28,0.4691,753.57,154.09
22,-9,10,-90,100,134.54,0.4783,776.38,151.69
22,-8,-11,-80,-110,136.01,0.4462,784.93,157.45
22,-8,-10,-80,-100,128.06,0.4692,806.79,155.82
22,-8,-9,-80,-90,120.42,0.4443,807.14,149.99
22,-8,-8,-80,-80,113.14,0.4516,803.55,152.74
22,-8,-7,-80,-70,106.3,0.446,801.24,142.93
22,-8,-6,-80,-60,100.0,0.4584,790.75,156.58
22,-8,-5,-80,-50,94.34,0.4477,817.79,153.05
22,-8,-4,-80,-40,89.44,0.4563,812.01,151.61
22,-8,-3,-80,-30,85.44,0.4552,811.13,149.24
22,-8,-2,-80,-20,82.46,0.4448,792.67,149.07
22,-8,-1,-80,-10,80.62,0.4516,811.4,150.23
22,-8,0,-80,0,80.0,0.4576,800.21,156.54
22,-8,1,-80,10,80.62,0.4506,799.24,148.0
22,-8,2,-80,20,82.46,0.4591,815.85,154.77
22,-8,3,-80,30,85.44,0.4605,800.69,146.5
22,-8,4,-80,40,89.44,0.4515,815.7,149.9
22,-8,5,-80,50,94.34,0.447,794.84,154.14
22,-8,6,-80,60,100.0,0.4486,808.26,153.35
22,-8,7,-80,70,106.3,0.4576,786.11,150.27
22,-8,8,-80,80,113.14,0.4421,787.04,146.52
22,-8,9,-80,90,120.42,0.4656,769.8,149.32
22,-8,10,-80,100,128.06,0.4579,776.64,159.36
22,-8,11,-80,110,136.01,0.473,776.03,159.38
22,-7,-11,-70,-110,130.38,0.4647,782.76,151.09
22,-7,-10,-70,-100,122.07,0.4531,820.91,154.14
22,-7,-9,-70,-90,114.02,0.4532,793.47,152.22
22,-7,-8,-70,-80,106.3,0.4525,758.82,153.64
22,-7,-7,-70,-70,98.99,0.4654,802.54,151.92
22,-7,-6,-70,-60,92.2,0.4436,794.05,151.36
22,-7,-5,-70,-50,86.02,0.4514,797.38,153.19
22,-7,-4,-70,-40,80.62,0.4514,808.52,148.42
22,-7,-3,-70,-30,76.16,0.4569,784.47,150.0
22,-7,-2,-70,-20,72.8,0.453,793.75,150.13
22,-7,-1,-70,-10,70.71,0.4555,810.49,149.93
22,-7,0,-70,0,70.0,0.4467,806.36,156.31
22,-7,1,-70,10,70.71,0.4546,825.44,150.66
22,-7,2,-70,20,72.8,0.4526,766.28,149.5
22,-7,3,-70,30,76.16,0.4579,804.15,149.75
22,-7,4,-70,40,80.62,0.4504,826.27,148.11
22,-7,5,-70,50,86.02,0.4583,824.42,152.1
22,-7,6,-70,60,92.2,0.4431,809.19,151.84
22,-7,7,-70,70,98.99,0.4635,795.91,144.13
22,-7,8,-70,80,106.3,0.4451,792.91,151.14
22,-7,9,-70,90,114.02,0.4616,790.89,150.19
22,-7,10,-70,100,122.07,0.4514,785.79,153.26
22,-7,11,-70,110,130.38,0.4632,793.47,154.7
22,-6,-12,-60,-120,134.16,0.4508,760.86,153.23
22,-6,-11,-60,-110,125.3,0.4563,807.76,150.53
22,-6,-10,-60,-100,116.62,0.4603,815.18,154.16
22,-6,-9,-60,-90,108.17,0.4611,816.96,152.56
22,-6,-8,-60,-80,100.0,0.458,799.27,156.3
22,-6,-7,-60,-70,92.2,0.4532,789.18,147.74
22,-6,-6,-60,-60,84.85,0.4461,776.92,154.47
22,-6,-5,-60,-50,78.1,0.4619,813.9,150.19
22,-6,-4,-60,-40,72.11,0.4417,791.55,151.54
22,-6,-3,-60,-30,67.08,0.4469,799.97,146.14
22,-6,-2,-60,-20,63.25,0.4421,791.69,153.34
22,-6,-1,-60,-10,60.83,0.4518,788.75,148.93
22,-6,0,-60,0,60.0,0.4612,810.77,147.0
22,-6,1,-60,10,60.83,0.4512,802.11,152.3
22,-6,2,-60,20,63.25,0.4408,793.1,153.08
22,-6,3,-60,30,67.08,0.4562,791.18,151.4
22,-6,4,-60,40,72.11,0.4464,805.76,152.35
22,-6,5,-60,50,78.1,0.4443,794.59,150.3
22,-6,6,-60,60,84.85,0.4461,790.86,151.09
22,-6,7,-60,70,92.2,0.4588,791.08,147.97
22,-6,8,-60,80,100.0,0.4447,796.57,154.66
22,-6,9,-60,90,108.17,0.4502,814.8,149.8
22,-6,10,-60,100,116.62,0.4455,816.64,151.66
22,-6,11,-60,110,125.3,0.4667,798.63,155.07
22,-6,12,-60,120,134.16,0.461,787.22,153.68
22,-5,-12,-50,-120,130.0,0.4499,778.02,156.19
22,-5,-11,-50,-110,120.83,0.466,804.85,152.53
22,-5,-10,-50,-100,111.8,0.4646,778.7,159.57
22,-5,-9,-50,-90,102.96,0.4518,798.36,147.23
22,-5,-8,-50,-80,94.34,0.4466,810.06,151.86
22,-5,-7,-50,-70,86.02,0.4385,804.67,145.03
22,-5,-6,-50,-60,78.1,0.4598,818.65,146.91
22,-5,-5,-50,-50,70.71,0.4517,778.82,148.66
22,-5,-4,-50,-40,64.03,0.452,801.57,150.93
22,-5,-3,-50,-30,58.31,0.4514,805.46,148.13
22,-5,-2,-50,-20,53.85,0.4486,800.6,149.47
22,-5,-1,-50,-10,50.99,0.4717,801.39,145.86
22,-5,0,-50,0,50.0,0.4413,803.69,149.64
22,-5,1,-50,10,50.99,0.4486,776.59,145.89
22,-5,2,-50,20,53.85,0.441,785.3,145.99
22,-5,3,-50,30,58.31,0.4556,802.61,152.56
22,-5,4,-50,40,64.03,0.4607,803.59,147.65
22,-5,5,-50,50,70.71,0.4564,779.91,148.34
22,-5,6,-50,60,78.1,0.4482,802.82,153.55
22,-5,7,-50,70,86.02,0.443,779.75,154.64
22,-5,8,-50,80,94.34,0.4585,844.49,145.7
22,-5,9,-50,90,102.96,0.4533,775.04,155.77
22,-5,10,-50,100,111.8,0.4396,779.02,152.47
22,-5,11,-50,110,120.83,0.4586,788.26,153.93
22,-5,12,-50,120,130.0,0.4694,789.89,152.57
22,-4,-13,-40,-130,136.01,0.4569,784.12,156.04
22,-4,-12,-40,-120,126.49,0.4644,781.07,148.15
22,-4,-11,-40,-110,117.05,0.4611,783.09,152.59
22,-4,-10,-40,-100,107.7,0.4538,774.95,151.13
22,-4,-9,-40,-90,98.49,0.4538,810.52,144.88
22,-4,-8,-40,-80,89.44,0.4377,791.48,149.18
22,-4,-7,-40,-70,80.62,0.4366,790.23,146.12
22,-4,-6,-40,-60,72.11,0.4408,800.67,148.29
22,-4,-5,-40,-50,64.03,0.4404,811.47,147.7
22,-4,-4,-40,-40,56.57,0.4608,772.47,151.93
22,-4,-3,-40,-30,50.0,0.4497,795.4,149.29
22,-4,-2,-40,-20,44.72,0.4496,802.22,153.82
22,-4,-1,-40,-10,41.23,0.4488,818.26,149.06
22,-4,0,-40,0,40.0,0.4506,796.48,144.75
22,-4,1,-40,10,41.23,0.4436,823.51,147.41
22,-4,2,-40,20,44.72,0.4564,767.45,148.79
22,-4,3,-40,30,50.0,0.4534,799.12,151.11
22,-4,4,-40,40,56.57,0.43,784.55,148.11
22,-4,5,-40,50,64.03,0.4418,798.08,144.55
22,-4,6,-40,60,72.11,0.4472,829.06,148.89
22,-4,7,-40,70,80.62,0.4368,815.05,148.21
22,-4,8,-40,80,89.44,0.4376,796.94,148.46
22,-4,9,-40,90,98.49,0.452,798.73,152.06
22,-4,10,-40,100,107.7,0.4545,829.06,149.14
22,-4,11,-40,110,117.05,0.4451,776.66,155.5
22,-4,12,-40,120,126.49,0.4461,799.76,159.69
22,-4,13,-40,130,136.01,0.4745,772.87,156.66
22,-3,-13,-30,-130,133.42,0.4695,774.72,151.0
22,-3,-12,-30,-120,123.69,0.4579,800.41,156.91
22,-3,-11,-30,-110,114.02,0.4559,789.08,151.44
22,-3,-10,-30,-100,104.4,0.4677,799.23,153.08
22,-3,-9,-30,-90,94.87,0.4597,795.41,148.41
22,-3,-8,-30,-80,85.44,0.4515,788.39,148.5
22,-3,-7,-30,-70,76.16,0.4335,815.31,147.34
22,-3,-6,-30,-60,67.08,0.4598,785.65,145.91
22,-3,-5,-30,-50,58.31,0.4361,766.61,154.66
22,-3,-4,-30,-40,50.0,0.4562,802.53,154.16
22,-3,-3,-30,-30,42.43,0.4427,784.89,150.46
22,-3,-2,-30,-20,36.06,0.4456,818.59,159.24
22,-3,-1,-30,-10,31.62,0.4588,804.84,150.17
22,-3,0,-30,0,30.0,0.4633,801.17,151.72
22,-3,1,-30,10,31.62,0.442,792.41,151.5
22,-3,2,-30,20,36.06,0.4595,797.17,151.45
22,-3,3,-30,30,42.43,0.4418,806.36,153.3
22,-3,4,-30,40,50.0,0.4504,797.75,148.63
22,-3,5,-30,50,58.31,0.4464,820.34,148.38
22,-3,6,-30,60,67.08,0.4498,786.06,149.86
22,-3,7,-30,70,76.16,0.458,783.18,147.14
22,-3,8,-30,80,85.44,0.462,792.02,152.57
22,-3,9,-30,90,94.87,0.4467,787.9,157.08
22,-3,10,-30,100,104.4,0.4508,806.43,150.58
22,-3,11,-30,110,114.02,0.4536,811.19,150.69
22,-3,12,-30,120,123.69,0.4508,783.0,153.1
22,-3,13,-30,130,133.42,0.4587,771.54,150.51
22,-2,-13,-20,-130,131.53,0.4574,760.72,151.1
22,-2,-12,-20,-120,121.66,0.464,804.28,152.8
22,-2,-11,-20,-110,111.8,0.4424,786.14,155.02
22,-2,-10,-20,-100,101.98,0.4554,779.58,153.19
22,-2,-9,-20,-90,92.2,0.4471,790.41,151.2
22,-2,-8,-20,-80,82.46,0.4493,826.28,152.11
22,-2,-7,-20,-70,72.8,0.4494,809.46,147.3
22,-2,-6,-20,-60,63.25,0.4625,805.82,156.82
22,-2,-5,-20,-50,53.85,0.4442,769.16,149.31
22,-2,-4,-20,-40,44.72,0.4328,834.56,149.81
22,-2,-3,-20,-30,36.06,0.4396,791.06,145.11
22,-2,-2,-20,-20,28.28,0.4425,824.86,151.5
22,-2,-1,-20,-10,22.36,0.4547,804.83,150.05
22,-2,0,-20,0,20.0,0.4384,804.36,157.0
22,-2,1,-20,10,22.36,0.4576,805.65,149.29
22,-2,2,-20,20,28.28,0.4439,850.99,152.35
22,-2,3,-20,30,36.06,0.4503,796.69,147.37
22,-2,4,-20,40,44.72,0.4625,803.86,151.77
22,-2,5,-20,50,53.85,0.4403,808.04,149.92
22,-2,6,-20,60,63.25,0.453,795.45,149.67
22,-2,7,-20,70,72.8,0.454,785.9,147.04
22,-2,8,-20,80,82.46,0.4359,802.06,151.28
22,-2,9,-20,90,92.2,0.4423,780.64,149.98
22,-2,10,-20,100,101.98,0.457,772.09,149.36
22,-2,11,-20,110,111.8,0.4634,781.7,149.84
22,-2,12,-20,120,121.66,0.4635,785.77,153.93
22,-2,13,-20,130,131.53,0.4684,804.81,157.38
22,-1,-13,-10,-130,130.38,0.4761,812.69,155.7
22,-1,-12,-10,-120,120.42,0.4585,785.52,150.43
22,-1,-11,-10,-110,110.45,0.4402,786.38,154.94
22,-1,-10,-10,-100,100.5,0.4452,818.94,150.57
22,-1,-9,-10,-90,90.55,0.4589,815.87,148.2
22,-1,-8,-10,-80,80.62,0.4641,828.45,151.73
22,-1,-7,-10,-70,70.71,0.4322,787.36,145.4
22,-1,-6,-10,-60,60.83,0.4488,790.44,151.33
22,-1,-5,-10,-50,50.99,0.4401,764.58,152.92
22,-1,-4,-10,-40,41.23,0.4584,765.37,148.38
22,-1,-3,-10,-30,31.62,0.4467,791.0,153.84
22,-1,-2,-10,-20,22.36,0.4512,773.32,152.15
22,-1,-1,-10,-10,14.14,0.451,801.01,151.98
22,-1,0,-10,0,10.0,0.4346,799.65,151.53
22,-1,1,-10,10,14.14,0.4453,793.18,148.65
22,-1,2,-10,20,22.36,0.4571,783.6,149.39
22,-1,3,-10,30,31.62,0.4461,821.52,150.36
22,-1,4,-10,40,41.23,0.4498,768.54,145.91
22,-1,5,-10,50,50.99,0.4558,797.07,151.82
22,-1,6,-10,60,60.83,0.4564,817.85,146.61
22,-1,7,-10,70,70.71,0.464,805.12,151.32
22,-1,8,-10,80,80.62,0.4354,809.35,147.48
22,-1,9,-10,90,90.55,0.451,827.8,151.32
22,-1,10,-10,100,100.5,0.4532,803.9,148.42
22,-1,11,-10,110,110.45,0.4416,803.19,151.81
22,-1,12,-10,120,120.42,0.4677,775.36,148.68
22,-1,13,-10,130,130.38,0.4669,773.37,149.19
22,0,-13,0,-130,130.0,0.4564,767.82,149.19
22,0,-12,0,-120,120.0,0.4606,797.87,151.55
22,0,-11,0,-110,110.0,0.4687,790.41,153.34
22,0,-10,0,-100,100.0,0.4391,780.66,153.85
22,0,-9,0,-90,90.0,0.4595,796.77,151.98
22,0,-8,0,-80,80.0,0.4525,808.31,146.98
22,0,-7,0,-70,70.0,0.4706,848.9,148.15
22,0,-6,0,-60,60.0,0.449,811.87,152.87
22,0,-5,0,-50,50.0,0.446,810.95,149.51
22,0,-4,0,-40,40.0,0.4408,795.34,150.91
22,0,-3,0,-30,30.0,0.4533,787.72,149.18
22,0,-2,0,-20,20.0,0.4567,808.93,149.97
22,0,-1,0,-10,10.0,0.4494,818.1,153.55
22,0,0,0,0,0.0,0.4466,756.33,144.99
22,0,1,0,10,10.0,0.4382,798.16,151.77
22,0,2,0,20,20.0,0.4558,786.4,148.27
22,0,3,0,30,30.0,0.4491,798.17,148.53
22,0,4,0,40,40.0,0.4705,804.71,146.72
22,0,5,0,50,50.0,0.45,793.51,149.17
22,0,6,0,60,60.0,0.4429,787.35,144.2
22,0,7,0,70,70.0,0.4481,800.38,148.27
22,0,8,0,80,80.0,0.4572,799.35,150.13
22,0,9,0,90,90.0,0.4519,799.49,150.3
22,0,10,0,100,100.0,0.4402,814.71,146.57
22,0,11,0,110,110.0,0.4612,799.3,149.78
22,0,12,0,120,120.0,0.4603,784.91,155.43
22,0,13,0,130,130.0,0.4553,783.24,151.56
22,1,-13,10,-130,130.38,0.4534,781.52,158.03
22,1,-12,10,-120,120.42,0.4612,786.83,152.19
22,1,-11,10,-110,110.45,0.4413,781.17,149.14
22,1,-10,10,-100,100.5,0.4528,812.44,150.19
22,1,-9,10,-90,90.55,0.4517,800.53,150.59
22,1,-8,10,-80,80.62,0.4501,805.87,147.88
22,1,-7,10,-70,70.71,0.4571,784.0,145.29
22,1,-6,10,-60,60.83,0.4515,798.89,149.02
22,1,-5,10,-50,50.99,0.4468,809.87,147.48
22,1,-4,10,-40,41.23,0.442,807.79,152.4
22,1,-3,10,-30,31.62,0.4436,819.01,149.2
22,1,-2,10,-20,22.36,0.4472,802.73,150.25
22,1,-1,10,-10,14.14,0.4565,835.6,146.93
22,1,0,10,0,10.0,0.4471,794.78,155.79
22,1,1,10,10,14.14,0.4366,797.42,151.58
22,1,2,10,20,22.36,0.4587,795.12,153.81
22,1,3,10,30,31.62,0.4433,793.07,144.68
22,1,4,10,40,41.23,0.4566,786.53,149.39
22,1,5,10,50,50.99,0.4617,785.46,153.51
22,1,6,10,60,60.83,0.4584,798.3,149.83
22,1,7,10,70,70.71,0.4451,798.53,148.07
22,1,8,10,80,80.62,0.463,802.02,153.04
22,1,9,10,90,90.55,0.4444,820.35,152.78
22,1,10,10,100,100.5,0.4552,806.9,150.82
22,1,11,10,110,110.45,0.46,805.44,153.25
22,1,12,10,120,120.42,0.4622,791.92,147.92
22,1,13,10,130,130.38,0.46,771.27,149.85
22,2,-13,20,-130,131.53,0.4648,807.28,147.22
22,2,-12,20,-120,121.66,0.4504,788.07,154.14
22,2,-11,20,-110,111.8,0.4519,801.42,155.28
22,2,-10,20,-100,101.98,0.454,803.33,146.05
22,2,-9,20,-90,92.2,0.4322,790.88,150.4
22,2,-8,20,-80,82.46,0.4519,803.37,148.28
22,2,-7,20,-70,72.8,0.4528,799.16,150.32
22,2,-6,20,-60,63.25,0.4513,791.41,148.8
22,2,-5,20,-50,53.85,0.4653,811.51,149.27
22,2,-4,20,-40,44.72,0.4509,795.06,150.51
22,2,-3,20,-30,36.06,0.4514,790.57,151.1
22,2,-2,20,-20,28.28,0.4515,791.77,152.46
22,2,-1,20,-10,22.36,0.445,785.42,152.42
22,2,0,20,0,20.0,0.4424,808.13,155.39
22,2,1,20,10,22.36,0.4587,792.23,148.06
22,2,2,20,20,28.28,0.4576,803.42,145.11
22,2,3,20,30,36.06,0.4553,796.66,150.36
22,2,4,20,40,44.72,0.4515,804.93,156.37
22,2,5,20,50,53.85,0.4624,778.05,151.46
22,2,6,20,60,63.25,0.4375,819.96,153.41
22,2,7,20,70,72.8,0.4442,798.01,152.62
22,2,8,20,80,82.46,0.4486,791.64,150.13
22,2,9,20,90,92.2,0.4613,776.91,147.67
22,2,10,20,100,101.98,0.447,825.25,154.82
22,2,11,20,110,111.8,0.4473,792.01,154.21
22,2,12,20,120,121.66,0.4643,790.45,152.79
22,2,13,20,130,131.53,0.4774,780.45,149.24
22,3,-13,30,-130,133.42,0.4638,785.83,153.98
22,3,-12,30,-120,123.69,0.4485,792.94,150.02
22,3,-11,30,-110,114.02,0.4551,785.2,154.81
22,3,-10,30,-100,104.4,0.4399,779.01,151.14
22,3,-9,30,-90,94.87,0.4505,795.8,151.37
22,3,-8,30,-80,85.44,0.4515,813.41,150.49
22,3,-7,30,-70,76.16,0.464,783.71,154.85
22,3,-6,30,-60,67.08,0.4502,772.67,142.76
22,3,-5,30,-50,58.31,0.4455,810.27,152.73
22,3,-4,30,-40,50.0,0.4428,790.53,153.6
22,3,-3,30,-30,42.43,0.4373,788.24,151.98
22,3,-2,30,-20,36.06,0.4439,804.97,149.13
22,3,-1,30,-10,31.62,0.4453,785.46,148.37
22,3,0,30,0,30.0,0.4683,790.48,150.62
22,3,1,30,10,31.62,0.4535,840.22,154.65
22,3,2,30,20,36.06,0.4365,808.88,152.36
22,3,3,30,30,42.43,0.46,777.63,149.82
22,3,4,30,40,50.0,0.4471,806.35,148.78
22,3,5,30,50,58.31,0.4472,778.87,152.25
22,3,6,30,60,67.08,0.4488,795.64,149.08
22,3,7,30,70,76.16,0.4467,813.56,151.52
22,3,8,30,80,85.44,0.4339,777.5,144.46
22,3,9,30,90,94.87,0.431,816.29,152.43
22,3,10,30,100,104.4,0.4647,791.3,153.75
22,3,11,30,110,114.02,0.4593,762.88,155.17
22,3,12,30,120,123.69,0.4547,793.7,151.46
22,3,13,30,130,133.42,0.4502,786.16,159.12
22,4,-13,40,-130,136.01,0.4538,782.79,158.46
22,4,-12,40,-120,126.49,0.4394,770.52,153.29
22,4,-11,40,-110,117.05,0.4525,781.15,148.42
22,4,-10,40,-100,107.7,0.4539,781.52,147.4
22,4,-9,40,-90,98.49,0.4414,816.83,148.08
22,4,-8,40,-80,89.44,0.4537,791.14,145.13
22,4,-7,40,-70,80.62,0.4437,791.25,150.13
22,4,-6,40,-60,72.11,0.4511,781.53,154.06
22,4,-5,40,-50,64.03,0.4614,800.67,150.93
22,4,-4,40,-40,56.57,0.4433,776.78,149.83
22,4,-3,40,-30,50.0,0.4468,823.95,157.25
22,4,-2,40,-20,44.72,0.4433,801.87,152.54
22,4,-1,40,-10,41.23,0.4536,805.98,153.87
22,4,0,40,0,40.0,0.4611,805.21,156.72
22,4,1,40,10,41.23,0.4569,789.3,152.95
22,4,2,40,20,44.72,0.4443,802.18,152.49
22,4,3,40,30,50.0,0.445,811.95,150.69
22,4,4,40,40,56.57,0.4406,773.24,144.78
22,4,5,40,50,64.03,0.4474,790.87,155.04
22,4,6,40,60,72.11,0.4485,790.35,150.58
22,4,7,40,70,80.62,0.4507,791.46,150.1
22,4,8,40,80,89.44,0.448,792.78,148.64
22,4,9,40,90,98.49,0.4554,789.02,146.09
22,4,10,40,100,107.7,0.4522,793.78,149.09
22,4,11,40,110,117.05,0.4757,802.14,151.46
22,4,12,40,120,126.49,0.4537,766.09,149.74
22,4,13,40,130,136.01,0.4612,792.05,157.27
22,5,-12,50,-120,130.0,0.4635,793.82,154.55
22,5,-11,50,-110,120.83,0.4621,787.95,150.36
22,5,-10,50,-100,111.8,0.454,784.31,152.52
22,5,-9,50,-90,102.96,0.4436,797.09,155.65
22,5,-8,50,-80,94.34,0.4666,813.81,154.02
22,5,-7,50,-70,86.02,0.443,791.36,151.28
22,5,-6,50,-60,78.1,0.4658,822.59,147.05
22,5,-5,50,-50,70.71,0.4516,813.28,154.25
22,5,-4,50,-40,64.03,0.4481,798.22,150.84
22,5,-3,50,-30,58.31,0.4409,798.6,151.94
22,5,-2,50,-20,53.85,0.4472,826.7,151.54
22,5,-1,50,-10,50.99,0.4389,791.64,144.21
22,5,0,50,0,50.0,0.4486,785.85,150.14
22,5,1,50,10,50.99,0.4483,806.01,154.25
22,5,2,50,20,53.85,0.4603,824.54,149.68
22,5,3,50,30,58.31,0.4476,788.54,148.13
22,5,4,50,40,64.03,0.4534,780.46,148.89
22,5,5,50,50,70.71,0.4398,800.45,146.93
22,5,6,50,60,78.1,0.439,798.13,145.35
22,5,7,50,70,86.02,0.4521,792.34,150.34
22,5,8,50,80,94.34,0.4355,819.4,146.83
22,5,9,50,90,102.96,0.4663,790.45,154.74
22,5,10,50,100,111.8,0.4621,786.59,153.66
22,5,11,50,110,120.83,0.4549,785.35,154.8
22,5,12,50,120,130.0,0.4486,774.61,155.16
22,6,-12,60,-120,134.16,0.47,783.41,152.38
22,6,-11,60,-110,125.3,0.4629,781.33,159.75
22,6,-10,60,-100,116.62,0.4574,766.27,150.63
22,6,-9,60,-90,108.17,0.4462,774.12,147.68
22,6,-8,60,-80,100.0,0.45,785.43,151.44
22,6,-7,60,-70,92.2,0.4523,796.48,150.11
22,6,-6,60,-60,84.85,0.4645,822.62,150.56
22,6,-5,60,-50,78.1,0.4515,807.68,151.18
22,6,-4,60,-40,72.11,0.4533,776.57,150.16
22,6,-3,60,-30,67.08,0.456,796.83,147.41
22,6,-2,60,-20,63.25,0.4491,801.01,145.82
22,6,-1,60,-10,60.83,0.4456,810.75,151.2
22,6,0,60,0,60.0,0.4523,823.01,150.45
22,6,1,60,10,60.83,0.4512,817.56,149.96
22,6,2,60,20,63.25,0.4539,772.87,151.53
22,6,3,60,30,67.08,0.4472,798.79,154.44
22,6,4,60,40,72.11,0.453,806.04,148.55
22,6,5,60,50,78.1,0.4485,820.41,151.32
22,6,6,60,60,84.85,0.4633,786.96,145.49
22,6,7,60,70,92.2,0.4483,814.34,150.95
22,6,8,60,80,100.0,0.4414,790.65,152.43
22,6,9,60,90,108.17,0.4612,784.39,155.18
22,6,10,60,100,116.62,0.4616,780.63,157.66
22,6,11,60,110,125.3,0.4548,780.94,155.7
22,6,12,60,120,134.16,0.4606,803.89,157.79
22,7,-11,70,-110,130.38,0.4644,795.83,152.34
22,7,-10,70,-100,122.07,0.455,767.71,153.85
22,7,-9,70,-90,114.02,0.4725,783.6,146.17
22,7,-8,70,-80,106.3,0.4587,800.6,152.74
22,7,-7,70,-70,98.99,0.4484,772.13,147.74
22,7,-6,70,-60,92.2,0.4347,813.58,151.92
22,7,-5,70,-50,86.02,0.4476,783.49,149.14
22,7,-4,70,-40,80.62,0.4362,791.73,156.68
22,7,-3,70,-30,76.16,0.4516,835.72,144.53
22,7,-2,70,-20,72.8,0.4485,783.63,148.25
22,7,-1,70,-10,70.71,0.4499,793.2,146.68
22,7,0,70,0,70.0,0.4457,785.48,150.89
22,7,1,70,10,70.71,0.4572,817.86,150.51
22,7,2,70,20,72.8,0.4497,777.21,149.75
22,7,3,70,30,76.16,0.4518,795.11,146.49
22,7,4,70,40,80.62,0.4561,787.66,152.65
22,7,5,70,50,86.02,0.4565,768.16,152.55
22,7,6,70,60,92.2,0.4486,774.96,148.4
22,7,7,70,70,98.99,0.459,798.3,148.62
22,7,8,70,80,106.3,0.4537,793.58,147.47
22,7,9,70,90,114.02,0.4453,795.44,153.7
22,7,10,70,100,122.07,0.4547,791.77,150.38
22,7,11,70,110,130.38,0.4761,782.96,148.34
22,8,-11,80,-110,136.01,0.4554,774.98,157.8
22,8,-10,80,-100,128.06,0.4654,774.75,148.78
22,8,-9,80,-90,120.42,0.4555,778.8,151.91
22,8,-8,80,-80,113.14,0.4543,796.75,151.28
22,8,-7,80,-70,106.3,0.4356,799.54,152.38
22,8,-6,80,-60,100.0,0.4467,776.97,152.22
22,8,-5,80,-50,94.34,0.4481,787.08,150.64
22,8,-4,80,-40,89.44,0.4584,792.35,149.34
22,8,-3,80,-30,85.44,0.4474,781.26,149.74
22,8,-2,80,-20,82.46,0.463,773.32,149.3
22,8,-1,80,-10,80.62,0.4564,782.52,150.56
22,8,0,80,0,80.0,0.457,777.33,154.64
22,8,1,80,10,80.62,0.449,793.49,145.42
22,8,2,80,20,82.46,0.4448,773.77,143.69
22,8,3,80,30,85.44,0.4513,801.68,144.98
22,8,4,80,40,89.44,0.4515,780.36,150.56
22,8,5,80,50,94.34,0.4544,767.63,150.18
22,8,6,80,60,100.0,0.4564,780.54,149.56
22,8,7,80,70,106.3,0.4593,789.99,154.16
22,8,8,80,80,113.14,0.4662,813.23,150.11
22,8,9,80,90,120.42,0.4487,798.11,152.07
22,8,10,80,100,128.06,0.4593,813.49,153.01
22,8,11,80,110,136.01,0.4578,730.86,151.39
22,9,-10,90,-100,134.54,0.4604,794.02,158.62
22,9,-9,90,-90,127.28,0.4606,778.94,151.82
22,9,-8,90,-80,120.42,0.4602,777.24,155.11
22,9,-7,90,-70,114.02,0.4644,810.65,147.43
22,9,-6,90,-60,108.17,0.4561,791.77,145.96
22,9,-5,90,-50,102.96,0.4515,791.1,149.44
22,9,-4,90,-40,98.49,0.4639,775.45,150.32
22,9,-3,90,-30,94.87,0.4519,759.61,150.5
22,9,-2,90,-20,92.2,0.4519,812.28,141.86
22,9,-1,90,-10,90.55,0.4496,792.56,151.2
22,9,0,90,0,90.0,0.4527,803.85,150.51
22,9,1,90,10,90.55,0.4494,801.81,144.6
22,9,2,90,20,92.2,0.4746,809.57,155.22
22,9,3,90,30,94.87,0.4505,807.5,145.5
22,9,4,90,40,98.49,0.4644,818.57,147.69
22,9,5,90,50,102.96,0.4472,794.29,152.03
22,9,6,90,60,108.17,0.4516,805.34,151.98
22,9,7,90,70,114.02,0.4573,792.8,155.95
22,9,8,90,80,120.42,0.4641,783.52,155.28
22,9,9,90,90,127.28,0.453,777.03,156.05
22,9,10,90,100,134.54,0.4675,784.46,155.88
22,10,-9,100,-90,134.54,0.4761,779.77,154.47
22,10,-8,100,-80,128.06,0.4712,768.85,152.12
22,10,-7,100,-70,122.07,0.4633,778.7,152.88
22,10,-6,100,-60,116.62,0.4466,794.98,147.32
22,10,-5,100,-50,111.8,0.4439,797.9,154.22
22,10,-4,100,-40,107.7,0.4536,815.88,152.43
22,10,-3,100,-30,104.4,0.4479,816.4,152.6
22,10,-2,100,-20,101.98,0.4557,818.28,149.65
22,10,-1,100,-10,100.5,0.4568,790.38,150.66
22,10,0,100,0,100.0,0.443,802.17,152.9
22,10,1,100,10,100.5,0.4508,803.03,144.0
22,10,2,100,20,101.98,0.4554,777.6,153.86
22,10,3,100,30,104.4,0.4598,783.12,149.32
22,10,4,100,40,107.7,0.4643,815.25,152.54
22,10,5,100,50,111.8,0.4503,765.92,153.81
22,10,6,100,60,116.62,0.4513,800.69,154.56
22,10,7,100,70,122.07,0.4562,791.35,156.67
22,10,8,100,80,128.06,0.4584,776.11,154.74
22,10,9,100,90,134.54,0.4613,782.39,157.55
22,11,-8,110,-80,136.01,0.4543,788.24,152.83
22,11,-7,110,-70,130.38,0.4586,783.95,153.48
22,11,-6,110,-60,125.3,0.4457,807.03,156.54
22,11,-5,110,-50,120.83,0.4563,802.83,151.38
22,11,-4,110,-40,117.05,0.4483,791.63,148.63
22,11,-3,110,-30,114.02,0.46,781.77,147.01
22,11,-2,110,-20,111.8,0.4254,791.44,152.55
22,11,-1,110,-10,110.45,0.4647,767.93,154.49
22,11,0,110,0,110.0,0.45,793.23,151.43
22,11,1,110,10,110.45,0.4539,763.46,153.61
22,11,2,110,20,111.8,0.4611,807.7,153.05
22,11,3,110,30,114.02,0.4535,770.29,153.16
22,11,4,110,40,117.05,0.4564,790.78,153.46
22,11,5,110,50,120.83,0.4571,782.16,149.03
22,11,6,110,60,125.3,0.4591,808.4,149.83
22,11,7,110,70,130.38,0.4692,793.95,148.71
22,11,8,110,80,136.01,0.4685,779.88,154.44
22,12,-6,120,-60,134.16,0.4788,794.95,151.62
22,12,-5,120,-50,130.0,0.4661,769.72,151.16
22,12,-4,120,-40,126.49,0.4609,803.21,148.84
22,12,-3,120,-30,123.69,0.4545,804.86,150.11
22,12,-2,120,-20,121.66,0.458,783.71,156.5
22,12,-1,120,-10,120.42,0.4599,784.56,150.01
22,12,0,120,0,120.0,0.474,788.13,151.8
22,12,1,120,10,120.42,0.4613,799.83,148.32
22,12,2,120,20,121.66,0.4562,772.28,150.98
22,12,3,120,30,123.69,0.4687,804.53,154.7
22,12,4,120,40,126.49,0.4484,788.4,151.57
22,12,5,120,50,130.0,0.469,775.02,151.3
22,12,6,120,60,134.16,0.4657,799.03,157.61
22,13,-4,130,-40,136.01,0.474,799.24,159.59
22,13,-3,130,-30,133.42,0.4639,774.64,151.81
22,13,-2,130,-20,131.53,0.4712,779.93,151.28
22,13,-1,130,-10,130.38,0.4654,761.53,150.6
22,13,0,130,0,130.0,0.4628,796.71,152.79
22,13,1,130,10,130.38,0.4593,795.04,156.33
22,13,2,130,20,131.53,0.4451,804.77,153.03
22,13,3,130,30,133.42,0.4565,774.29,150.2
22,13,4,130,40,136.01,0.484,760.03,150.2
23,-13,-4,-130,-40,136.01,0.4533,779.49,154.34
23,-13,-3,-130,-30,133.42,0.4572,762.88,153.2
23,-13,-2,-130,-20,131.53,0.4691,773.92,150.32
23,-13,-1,-130,-10,130.38,0.4619,752.96,154.74
23,-13,0,-130,0,130.0,0.4659,776.58,156.21
23,-13,1,-130,10,130.38,0.4605,779.2,150.74
23,-13,2,-130,20,131.53,0.4693,775.37,153.22
23,-13,3,-130,30,133.42,0.4678,768.65,152.01
23,-13,4,-130,40,136.01,0.4637,755.56,155.82
23,-12,-6,-120,-60,134.16,0.4625,755.8,147.93
23,-12,-5,-120,-50,130.0,0.4566,777.41,157.53
23,-12,-4,-120,-40,126.49,0.4764,772.89,150.74
23,-12,-3,-120,-30,123.69,0.4699,792.87,163.58
23,-12,-2,-120,-20,121.66,0.456,803.13,159.75
23,-12,-1,-120,-10,120.42,0.4475,774.6,153.78
23,-12,0,-120,0,120.0,0.4568,791.61,150.18
23,-12,1,-120,10,120.42,0.457,783.56,154.14
23,-12,2,-120,20,121.66,0.4653,765.82,156.48
23,-12,3,-120,30,123.69,0.4587,801.45,152.41
23,-12,4,-120,40,126.49,0.4683,798.73,154.54
23,-12,5,-120,50,130.0,0.4614,791.25,159.58
23,-12,6,-120,60,134.16,0.4716,790.69,152.75
23,-11,-8,-110,-80,136.01,0.4586,768.48,150.99
23,-11,-7,-110,-70,130.38,0.4679,785.27,154.9
23,-11,-6,-110,-60,125.3,0.4462,774.95,152.76
23,-11,-5,-110,-50,120.83,0.448,771.31,149.69
23,-11,-4,-110,-40,117.05,0.4602,752.91,151.63
23,-11,-3,-110,-30,114.02,0.4673,808.24,155.18
23,-11,-2,-110,-20,111.8,0.4516,822.56,149.88
23,-11,-1,-110,-10,110.45,0.4576,801.87,148.17
23,-11,0,-110,0,110.0,0.4382,807.38,148.65
23,-11,1,-110,10,110.45,0.4533,799.94,151.39
23,-11,2,-110,20,111.8,0.4598,800.34,153.21
23,-11,3,-110,30,114.02,0.4581,770.49,151.89
23,-11,4,-110,40,117.05,0.46,825.2,153.35
23,-11,5,-110,50,120.83,0.4561,798.89,150.54
23,-11,6,-110,60,125.3,0.4705,785.03,152.44
23,-11,7,-110,70,130.38,0.4497,776.22,153.59
23,-11,8,-110,80,136.01,0.4774,773.61,154.47
23,-10,-9,-100,-90,134.54,0.4685,768.12,153.02
23,-10,-8,-100,-80,128.06,0.4706,762.02,151.44
23,-10,-7,-100,-70,122.07,0.4608,794.04,160.62
23,-10,-6,-100,-60,116.62,0.4573,782.09,150.81
23,-10,-5,-100,-50,111.8,0.4635,783.08,151.01
23,-10,-4,-100,-40,107.7,0.4606,790.53,152.99
23,-10,-3,-100,-30,104.4,0.4402,781.43,149.29
23,-10,-2,-100,-20,101.98,0.4403,780.36,148.83
23,-10,-1,-100,-10,100.5,0.4684,803.71,153.14
23,-10,0,-100,0,100.0,0.4568,763.82,151.01
23,-10,1,-100,10,100.5,0.4473,774.05,152.03
23,-10,2,-100,20,101.98,0.4371,797.05,149.85
23,-10,3,-100,30,104.4,0.4453,810.88,150.36
23,-10,4,-100,40,107.7,0.455,805.31,153.66
23,-10,5,-100,50,111.8,0.4553,779.88,151.29
23,-10,6,-100,60,116.62,0.462,781.87,153.49
23,-10,7,-100,70,122.07,0.4527,800.38,152.48
23,-10,8,-100,80,128.06,0.4518,823.75,153.93
23,-10,9,-100,90,134.54,0.4428,766.7,158.55
23,-9,-10,-90,-100,134.54,0.4696,798.84,153.44
23,-9,-9,-90,-90,127.28,0.4663,781.05,154.46
23,-9,-8,-90,-80,120.42,0.447,785.02,144.85
23,-9,-7,-90,-70,114.02,0.4542,779.28,152.4
23,-9,-6,-90,-60,108.17,0.4445,793.55,160.63
23,-9,-5,-90,-50,102.96,0.4505,787.82,151.17
23,-9,-4,-90,-40,98.49,0.4268,792.45,150.34
23,-9,-3,-90,-30,94.87,0.452,815.2,151.52
23,-9,-2,-90,-20,92.2,0.441,771.55,153.23
23,-9,-1,-90,-10,90.55,0.4451,804.32,154.66
23,-9,0,-90,0,90.0,0.4522,776.75,151.12
23,-9,1,-90,10,90.55,0.4481,778.94,153.06
23,-9,2,-90,20,92.2,0.4529,828.41,150.31
23,-9,3,-90,30,94.87,0.4448,804.63,149.48
23,-9,4,-90,40,98.49,0.4614,799.91,148.58
23,-9,5,-90,50,102.96,0.4536,801.7,151.5
23,-9,6,-90,60,108.17,0.4511,796.34,149.56
23,-9,7,-90,70,114.02,0.4571,778.49,149.46
23,-9,8,-90,80,120.42,0.473,781.23,153.72
23,-9,9,-90,90,127.28,0.4469,779.95,156.07
23,-9,10,-90,100,134.54,0.4661,756.0,152.52
23,-8,-11,-80,-110,136.01,0.4711,762.38,156.2
23,-8,-10,-80,-100,128.06,0.4622,760.07,155.65
23,-8,-9,-80,-90,120.42,0.4635,787.69,153.33
23,-8,-8,-80,-80,113.14,0.449,788.84,152.34
23,-8,-7,-80,-70,106.3,0.4612,802.58,149.89
23,-8,-6,-80,-60,100.0,0.4488,799.77,149.93
23,-8,-5,-80,-50,94.34,0.4502,759.61,147.69
23,-8,-4,-80,-40,89.44,0.4639,806.59,151.68
23,-8,-3,-80,-30,85.44,0.4536,805.37,150.47
23,-8,-2,-80,-20,82.46,0.4595,807.68,144.81
23,-8,-1,-80,-10,80.62,0.4444,791.07,157.1
23,-8,0,-80,0,80.0,0.4509,820.47,149.35
23,-8,1,-80,10,80.62,0.4527,800.9,148.44
23,-8,2,-80,20,82.46,0.4427,799.98,147.66
23,-8,3,-80,30,85.44,0.4512,793.53,152.51
23,-8,4,-80,40,89.44,0.4435,798.46,149.25
23,-8,5,-80,50,94.34,0.4475,811.45,145.09
23,-8,6,-80,60,100.0,0.4363,793.11,156.43
23,-8,7,-80,70,106.3,0.4557,817.55,154.31
23,-8,8,-80,80,113.14,0.4436,792.48,149.09
23,-8,9,-80,90,120.42,0.449,763.66,149.73
23,-8,10,-80,100,128.06,0.4641,794.29,154.56
23,-8,11,-80,110,136.01,0.4566,772.95,151.63
23,-7,-11,-70,-110,130.38,0.472,792.78,149.15
23,-7,-10,-70,-100,122.07,0.4602,772.01,153.87
23,-7,-9,-70,-90,114.02,0.4612,748.47,158.52
23,-7,-8,-70,-80,106.3,0.4617,784.06,150.96
23,-7,-7,-70,-70,98.99,0.4571,768.01,151.8
23,-7,-6,-70,-60,92.2,0.4539,813.14,147.41
23,-7,-5,-70,-50,86.02,0.4524,814.46,147.19
23,-7,-4,-70,-40,80.62,0.4551,785.63,148.38
23,-7,-3,-70,-30,76.16,0.4361,763.37,152.51
23,-7,-2,-70,-20,72.8,0.4586,806.21,146.87
23,-7,-1,-70,-10,70.71,0.4563,803.56,151.53
23,-7,0,-70,0,70.0,0.4533,790.16,150.29
23,-7,1,-70,10,70.71,0.4471,802.0,152.27
23,-7,2,-70,20,72.8,0.4452,811.07,150.16
23,-7,3,-70,30,76.16,0.4489,797.93,152.23
23,-7,4,-70,40,80.62,0.4486,798.33,154.83
23,-7,5,-70,50,86.02,0.4567,817.79,154.96
23,-7,6,-70,60,92.2,0.4522,835.23,151.68
23,-7,7,-70,70,98.99,0.4406,790.41,145.75
23,-7,8,-70,80,106.3,0.4622,798.99,149.61
23,-7,9,-70,90,114.02,0.4566,789.56,149.2
23,-7,10,-70,100,122.07,0.4755,790.4,152.99
23,-7,11,-70,110,130.38,0.4604,765.72,148.63
23,-6,-12,-60,-120,134.16,0.4729,773.88,147.73
23,-6,-11,-60,-110,125.3,0.4474,795.24,155.22
23,-6,-10,-60,-100,116.62,0.4523,807.97,147.89
23,-6,-9,-60,-90,108.17,0.4662,770.01,152.86
23,-6,-8,-60,-80,100.0,0.4533,810.3,145.34
23,-6,-7,-60,-70,92.2,0.4479,815.52,146.95
23,-6,-6,-60,-60,84.85,0.4615,770.11,144.9
23,-6,-5,-60,-50,78.1,0.4431,809.58,154.23
23,-6,-4,-60,-40,72.11,0.4446,803.33,153.76
23,-6,-3,-60,-30,67.08,0.4549,831.99,148.07
23,-6,-2,-60,-20,63.25,0.4603,788.64,151.05
23,-6,-1,-60,-10,60.83,0.4506,805.32,146.67
23,-6,0,-60,0,60.0,0.4457,785.9,148.09
23,-6,1,-60,10,60.83,0.4492,785.11,147.79
23,-6,2,-60,20,63.25,0.4547,804.84,155.11
23,-6,3,-60,30,67.08,0.4512,826.34,145.46
23,-6,4,-60,40,72.11,0.435,794.51,148.64
23,-6,5,-60,50,78.1,0.4439,793.62,152.22
23,-6,6,-60,60,84.85,0.4465,810.38,153.74
23,-6,7,-60,70,92.2,0.4562,796.59,148.93
23,-6,8,-60,80,100.0,0.4618,822.94,151.56
23,-6,9,-60,90,108.17,0.4598,804.25,149.3
23,-6,10,-60,100,116.62,0.4569,796.43,156.2
23,-6,11,-60,110,125.3,0.4579,768.61,152.7
23,-6,12,-60,120,134.16,0.4613,769.57,157.45
23,-5,-12,-50,-120,130.0,0.4698,746.0,157.61
23,-5,-11,-50,-110,120.83,0.4599,790.4,154.08
23,-5,-10,-50,-100,111.8,0.4405,786.21,153.64
23,-5,-9,-50,-90,102.96,0.4563,791.85,151.0
23,-5,-8,-50,-80,94.34,0.4515,805.4,156.84
23,-5,-7,-50,-70,86.02,0.438,787.35,150.05
23,-5,-6,-50,-60,78.1,0.4537,800.66,147.1
23,-5,-5,-50,-50,70.71,0.4539,804.94,150.73
23,-5,-4,-50,-40,64.03,0.4454,807.16,153.57
23,-5,-3,-50,-30,58.31,0.4567,782.97,147.12
23,-5,-2,-50,-20,53.85,0.456,790.95,146.28
23,-5,-1,-50,-10,50.99,0.4453,789.72,149.19
23,-5,0,-50,0,50.0,0.4485,773.34,150.7
23,-5,1,-50,10,50.99,0.4538,802.16,151.69
23,-5,2,-50,20,53.85,0.4542,781.37,149.93
23,-5,3,-50,30,58.31,0.4525,804.59,154.24
23,-5,4,-50,40,64.03,0.4533,801.03,152.59
23,-5,5,-50,50,70.71,0.4573,800.96,153.95
23,-5,6,-50,60,78.1,0.4515,792.35,152.79
23,-5,7,-50,70,86.02,0.4443,821.8,148.61
23,-5,8,-50,80,94.34,0.4425,787.94,152.65
23,-5,9,-50,90,102.96,0.4469,785.43,149.75
23,-5,10,-50,100,111.8,0.4332,812.17,147.24
23,-5,11,-50,110,120.83,0.4666,806.41,154.35
23,-5,12,-50,120,130.0,0.4612,782.24,158.67
23,-4,-13,-40,-130,136.01,0.4819,750.43,156.88
23,-4,-12,-40,-120,126.49,0.4573,818.51,154.1
23,-4,-11,-40,-110,117.05,0.4504,777.9,151.96
23,-4,-10,-40,-100,107.7,0.4361,777.85,146.87
23,-4,-9,-40,-90,98.49,0.43,808.02,152.73
23,-4,-8,-40,-80,89.44,0.4573,784.0,151.54
23,-4,-7,-40,-70,80.62,0.4498,784.39,148.79
23,-4,-6,-40,-60,72.11,0.4393,773.59,147.45
23,-4,-5,-40,-50,64.03,0.445,812.55,147.89
23,-4,-4,-40,-40,56.57,0.4581,817.14,150.51
23,-4,-3,-40,-30,50.0,0.4464,784.87,147.37
23,-4,-2,-40,-20,44.72,0.4554,812.48,148.99
23,-4,-1,-40,-10,41.23,0.4513,777.36,148.34
23,-4,0,-40,0,40.0,0.4531,790.19,146.31
23,-4,1,-40,10,41.23,0.4428,778.17,146.84
23,-4,2,-40,20,44.72,0.4564,821.29,155.08
23,-4,3,-40,30,50.0,0.4484,798.14,152.28
23,-4,4,-40,40,56.57,0.4399,787.93,147.94
23,-4,5,-40,50,64.03,0.4609,792.57,153.62
23,-4,6,-40,60,72.11,0.4444,784.13,155.1
23,-4,7,-40,70,80.62,0.4515,789.54,144.86
23,-4,8,-40,80,89.44,0.4453,827.5,149.02
23,-4,9,-40,90,98.49,0.4308,792.19,152.93
23,-4,10,-40,100,107.7,0.451,803.56,152.43
23,-4,11,-40,110,117.05,0.4541,779.48,150.52
23,-4,12,-40,120,126.49,0.4558,761.75,154.72
23,-4,13,-40,130,136.01,0.4581,796.34,158.56
23,-3,-13,-30,-130,133.42,0.4591,780.77,152.67
23,-3,-12,-30,-120,123.69,0.4462,778.48,152.92
23,-3,-11,-30,-110,114.02,0.4595,819.43,149.94
23,-3,-10,-30,-100,104.4,0.4454,809.76,142.69
23,-3,-9,-30,-90,94.87,0.4425,816.11,147.48
23,-3,-8,-30,-80,85.44,0.4457,799.86,152.05
23,-3,-7,-30,-70,76.16,0.4496,799.12,148.96
23,-3,-6,-30,-60,67.08,0.4477,787.35,146.88
23,-3,-5,-30,-50,58.31,0.46,789.92,149.35
23,-3,-4,-30,-40,50.0,0.4577,768.92,145.49
23,-3,-3,-30,-30,42.43,0.4497,799.95,145.28
23,-3,-2,-30,-20,36.06,0.4352,777.48,150.87
23,-3,-1,-30,-10,31.62,0.4562,802.72,144.55
23,-3,0,-30,0,30.0,0.4397,796.79,149.96
23,-3,1,-30,10,31.62,0.4453,794.38,150.88
23,-3,2,-30,20,36.06,0.4661,815.33,148.89
23,-3,3,-30,30,42.43,0.4486,798.26,148.27
23,-3,4,-30,40,50.0,0.4602,818.66,150.65
23,-3,5,-30,50,58.31,0.4621,791.67,151.53
23,-3,6,-30,60,67.08,0.46,809.04,154.97
23,-3,7,-30,70,76.16,0.4542,797.33,146.65
23,-3,8,-30,80,85.44,0.4464,812.88,153.07
23,-3,9,-30,90,94.87,0.4343,790.98,151.73
23,-3,10,-30,100,104.4,0.4539,784.9,155.48
23,-3,11,-30,110,114.02,0.4623,825.21,150.76
23,-3,12,-30,120,123.69,0.446,789.36,158.97
23,-3,13,-30,130,133.42,0.464,790.35,155.74
23,-2,-13,-20,-130,131.53,0.4512,768.2,152.32
23,-2,-12,-20,-120,121.66,0.4556,803.18,150.37
23,-2,-11,-20,-110,111.8,0.4348,780.34,150.21
23,-2,-10,-20,-100,101.98,0.4625,785.04,140.82
23,-2,-9,-20,-90,92.2,0.4425,800.01,143.19
23,-2,-8,-20,-80,82.46,0.4547,806.82,150.05
23,-2,-7,-20,-70,72.8,0.454,793.0,148.01
23,-2,-6,-20,-60,63.25,0.445,795.16,156.04
23,-2,-5,-20,-50,53.85,0.4439,811.43,147.08
23,-2,-4,-20,-40,44.72,0.4498,798.91,139.81
23,-2,-3,-20,-30,36.06,0.4509,789.35,144.77
23,-2,-2,-20,-20,28.28,0.4518,816.0,150.04
23,-2,-1,-20,-10,22.36,0.4583,832.08,149.85
23,-2,0,-20,0,20.0,0.4518,804.82,152.51
23,-2,1,-20,10,22.36,0.4443,815.78,153.2
23,-2,2,-20,20,28.28,0.4527,822.36,153.19
23,-2,3,-20,30,36.06,0.4413,800.48,152.5
23,-2,4,-20,40,44.72,0.4585,761.61,149.68
23,-2,5,-20,50,53.85,0.4599,815.51,145.43
23,-2,6,-20,60,63.25,0.4426,806.18,149.66
23,-2,7,-20,70,72.8,0.4482,800.6,149.28
23,-2,8,-20,80,82.46,0.4473,808.87,152.39
23,-2,9,-20,90,92.2,0.4508,819.33,148.47
23,-2,10,-20,100,101.98,0.4524,794.26,146.36
23,-2,11,-20,110,111.8,0.4589,810.57,154.11
23,-2,12,-20,120,121.66,0.4598,765.45,154.74
23,-2,13,-20,130,131.53,0.4763,780.86,154.37
23,-1,-13,-10,-130,130.38,0.4713,784.64,153.31
23,-1,-12,-10,-120,120.42,0.4573,800.95,155.3
23,-1,-11,-10,-110,110.45,0.437,804.1,151.93
23,-1,-10,-10,-100,100.5,0.4452,819.24,152.62
23,-1,-9,-10,-90,90.55,0.4396,811.07,153.67
23,-1,-8,-10,-80,80.62,0.4438,803.24,149.75
23,-1,-7,-10,-70,70.71,0.4501,795.22,148.67
23,-1,-6,-10,-60,60.83,0.455,801.7,152.32
23,-1,-5,-10,-50,50.99,0.4586,824.14,147.72
23,-1,-4,-10,-40,41.23,0.4605,806.92,150.56
23,-1,-3,-10,-30,31.62,0.4526,798.02,145.21
23,-1,-2,-10,-20,22.36,0.4566,808.74,150.93
23,-1,-1,-10,-10,14.14,0.4383,802.64,151.35
23,-1,0,-10,0,10.0,0.4649,805.76,144.77
23,-1,1,-10,10,14.14,0.4541,817.64,149.01
23,-1,2,-10,20,22.36,0.4377,828.12,150.36
23,-1,3,-10,30,31.62,0.4457,811.97,147.2
23,-1,4,-10,40,41.23,0.4425,794.29,150.72
23,-1,5,-10,50,50.99,0.4451,808.39,152.07
23,-1,6,-10,60,60.83,0.4498,797.03,152.54
23,-1,7,-10,70,70.71,0.4548,783.93,153.67
23,-1,8,-10,80,80.62,0.4562,791.94,145.07
23,-1,9,-10,90,90.55,0.4523,803.39,150.95
23,-1,10,-10,100,100.5,0.4625,797.34,151.82
23,-1,11,-10,110,110.45,0.4585,787.28,153.79
23,-1,12,-10,120,120.42,0.4682,782.83,147.05
23,-1,13,-10,130,130.38,0.4548,784.22,149.12
23,0,-13,0,-130,130.0,0.4568,783.95,155.71
23,0,-12,0,-120,120.0,0.465,794.54,151.96
23,0,-11,0,-110,110.0,0.4507,793.34,153.82
23,0,-10,0,-100,100.0,0.4556,798.37,154.59
23,0,-9,0,-90,90.0,0.4474,816.34,148.82
23,0,-8,0,-80,80.0,0.4411,801.13,144.58
23,0,-7,0,-70,70.0,0.4476,812.09,152.37
23,0,-6,0,-60,60.0,0.4607,789.44,146.79
23,0,-5,0,-50,50.0,0.4552,788.83,150.65
23,0,-4,0,-40,40.0,0.4418,793.19,148.52
23,0,-3,0,-30,30.0,0.4499,798.29,150.67
23,0,-2,0,-20,20.0,0.4518,807.09,148.98
23,0,-1,0,-10,10.0,0.4539,815.47,146.51
23,0,0,0,0,0.0,0.442,810.59,152.37
23,0,1,0,10,10.0,0.4474,809.05,148.85
23,0,2,0,20,20.0,0.4498,799.67,150.36
23,0,3,0,30,30.0,0.4611,837.19,145.9
23,0,4,0,40,40.0,0.4455,789.59,154.14
23,0,5,0,50,50.0,0.4595,813.36,148.82
23,0,6,0,60,60.0,0.4517,776.18,152.19
23,0,7,0,70,70.0,0.4531,793.05,152.34
23,0,8,0,80,80.0,0.4484,772.26,153.83
23,0,9,0,90,90.0,0.4639,779.51,150.94
23,0,10,0,100,100.0,0.4633,778.1,144.26
23,0,11,0,110,110.0,0.452,795.49,155.28
23,0,12,0,120,120.0,0.4754,799.38,147.23
23,0,13,0,130,130.0,0.4646,781.36,156.66
23,1,-13,10,-130,130.38,0.4461,797.13,158.59
23,1,-12,10,-120,120.42,0.4591,806.56,154.88
23,1,-11,10,-110,110.45,0.4367,796.4,152.47
23,1,-10,10,-100,100.5,0.443,802.5,145.73
23,1,-9,10,-90,90.55,0.4502,806.66,157.48
23,1,-8,10,-80,80.62,0.4428,811.1,146.35
23,1,-7,10,-70,70.71,0.4592,799.23,151.72
23,1,-6,10,-60,60.83,0.4428,808.08,148.23
23,1,-5,10,-50,50.99,0.449,783.34,148.94
23,1,-4,10,-40,41.23,0.4522,799.73,153.71
23,1,-3,10,-30,31.62,0.4454,823.95,148.98
23,1,-2,10,-20,22.36,0.4631,804.98,156.19
23,1,-1,10,-10,14.14,0.4513,776.54,149.29
23,1,0,10,0,10.0,0.4499,824.46,144.72
23,1,1,10,10,14.14,0.4428,803.29,150.94
23,1,2,10,20,22.36,0.46,770.53,147.86
23,1,3,10,30,31.62,0.4567,799.07,152.13
23,1,4,10,40,41.23,0.449,815.56,148.01
23,1,5,10,50,50.99,0.448,799.19,147.83
23,1,6,10,60,60.83,0.4509,793.45,150.95
23,1,7,10,70,70.71,0.4521,788.84,151.65
23,1,8,10,80,80.62,0.4519,791.16,152.63
23,1,9,10,90,90.55,0.4509,816.07,154.41
23,1,10,10,100,100.5,0.4427,823.07,152.32
23,1,11,10,110,110.45,0.4565,783.67,152.48
23,1,12,10,120,120.42,0.4395,772.5,146.94
23,1,13,10,130,130.38,0.4601,803.62,154.62
23,2,-13,20,-130,131.53,0.4664,779.04,154.04
23,2,-12,20,-120,121.66,0.4434,804.17,154.21
23,2,-11,20,-110,111.8,0.4607,798.51,150.21
23,2,-10,20,-100,101.98,0.4559,792.83,150.52
23,2,-9,20,-90,92.2,0.4592,814.92,148.78
23,2,-8,20,-80,82.46,0.453,816.16,145.58
23,2,-7,20,-70,72.8,0.4509,801.74,144.94
23,2,-6,20,-60,63.25,0.4423,781.63,149.61
23,2,-5,20,-50,53.85,0.4517,778.73,147.85
23,2,-4,20,-40,44.72,0.4485,827.58,148.31
23,2,-3,20,-30,36.06,0.4495,804.75,155.21
23,2,-2,20,-20,28.28,0.4512,826.72,145.47
23,2,-1,20,-10,22.36,0.4558,787.9,149.25
23,2,0,20,0,20.0,0.4464,783.93,153.3
23,2,1,20,10,22.36,0.4421,790.21,149.29
23,2,2,20,20,28.28,0.4446,804.37,144.33
23,2,3,20,30,36.06,0.4428,788.6,147.4
23,2,4,20,40,44.72,0.461,793.45,148.54
23,2,5,20,50,53.85,0.4514,815.27,148.06
23,2,6,20,60,63.25,0.452,780.79,150.96
23,2,7,20,70,72.8,0.4497,784.2,144.83
23,2,8,20,80,82.46,0.4595,813.7,151.58
23,2,9,20,90,92.2,0.4605,807.84,147.4
23,2,10,20,100,101.98,0.4534,820.15,149.14
23,2,11,20,110,111.8,0.452,799.1,156.13
23,2,12,20,120,121.66,0.4631,775.55,153.0
23,2,13,20,130,131.53,0.4625,792.29,149.88
23,3,-13,30,-130,133.42,0.4517,779.7,154.23
23,3,-12,30,-120,123.69,0.4517,788.32,153.0
23,3,-11,30,-110,114.02,0.4698,786.37,148.31
23,3,-10,30,-100,104.4,0.464,788.16,152.2
23,3,-9,30,-90,94.87,0.4595,824.65,150.79
23,3,-8,30,-80,85.44,0.4407,806.16,149.67
23,3,-7,30,-70,76.16,0.4415,814.33,152.58
23,3,-6,30,-60,67.08,0.4609,803.24,145.03
23,3,-5,30,-50,58.31,0.465,778.91,147.33
23,3,-4,30,-40,50.0,0.4458,808.98,149.1
23,3,-3,30,-30,42.43,0.455,783.09,149.29
23,3,-2,30,-20,36.06,0.4572,816.79,152.4
23,3,-1,30,-10,31.62,0.4537,790.15,147.59
23,3,0,30,0,30.0,0.4562,801.28,147.34
23,3,1,30,10,31.62,0.4571,791.23,154.2
23,3,2,30,20,36.06,0.4461,790.18,148.23
23,3,3,30,30,42.43,0.4475,809.2,149.59
23,3,4,30,40,50.0,0.463,798.72,146.9
23,3,5,30,50,58.31,0.4517,830.41,149.96
23,3,6,30,60,67.08,0.4361,787.06,150.99
23,3,7,30,70,76.16,0.4349,824.29,148.78
23,3,8,30,80,85.44,0.4268,836.9,154.44
23,3,9,30,90,94.87,0.4457,785.87,150.05
23,3,10,30,100,104.4,0.4655,796.63,146.68
23,3,11,30,110,114.02,0.4655,799.82,147.64
23,3,12,30,120,123.69,0.453,784.66,152.46
23,3,13,30,130,133.42,0.4699,797.81,155.42
23,4,-13,40,-130,136.01,0.4723,786.64,151.66
23,4,-12,40,-120,126.49,0.46,777.83,156.77
23,4,-11,40,-110,117.05,0.4506,795.97,150.23
23,4,-10,40,-100,107.7,0.4403,796.45,152.1
23,4,-9,40,-90,98.49,0.4593,809.1,146.87
23,4,-8,40,-80,89.44,0.4498,783.98,147.67
23,4,-7,40,-70,80.62,0.4524,807.72,145.27
23,4,-6,40,-60,72.11,0.4526,804.48,146.62
23,4,-5,40,-50,64.03,0.4489,783.98,144.51
23,4,-4,40,-40,56.57,0.4583,813.56,149.47
23,4,-3,40,-30,50.0,0.4536,783.19,152.58
23,4,-2,40,-20,44.72,0.4514,781.33,150.94
23,4,-1,40,-10,41.23,0.453,792.43,145.44
23,4,0,40,0,40.0,0.4461,816.97,152.07
23,4,1,40,10,41.23,0.4525,789.62,148.27
23,4,2,40,20,44.72,0.4427,802.56,150.65
23,4,3,40,30,50.0,0.4591,777.61,149.33
23,4,4,40,40,56.57,0.4447,800.72,152.0
23,4,5,40,50,64.03,0.4445,810.76,151.73
23,4,6,40,60,72.11,0.4475,814.16,151.46
23,4,7,40,70,80.62,0.4445,788.66,152.58
23,4,8,40,80,89.44,0.4456,809.98,146.8
23,4,9,40,90,98.49,0.459,774.57,145.77
23,4,10,40,100,107.7,0.4495,814.1,154.39
23,4,11,40,110,117.05,0.4616,799.03,149.99
23,4,12,40,120,126.49,0.4478,805.48,156.73
23,4,13,40,130,136.01,0.4558,782.67,154.11
23,5,-12,50,-120,130.0,0.4528,762.31,154.62
23,5,-11,50,-110,120.83,0.4562,782.03,152.26
23,5,-10,50,-100,111.8,0.4539,798.12,155.25
23,5,-9,50,-90,102.96,0.4595,808.87,149.44
23,5,-8,50,-80,94.34,0.4448,789.22,152.96
23,5,-7,50,-70,86.02,0.4561,774.37,153.04
23,5,-6,50,-60,78.1,0.4521,800.32,153.31
23,5,-5,50,-50,70.71,0.4522,786.69,147.73
23,5,-4,50,-40,64.03,0.4518,802.73,151.85
23,5,-3,50,-30,58.31,0.4685,818.82,147.32
23,5,-2,50,-20,53.85,0.4505,795.64,150.8
23,5,-1,50,-10,50.99,0.442,778.39,145.95
23,5,0,50,0,50.0,0.4302,789.0,156.36
23,5,1,50,10,50.99,0.4463,804.55,146.72
23,5,2,50,20,53.85,0.4436,785.01,148.13
23,5,3,50,30,58.31,0.4498,816.39,154.08
23,5,4,50,40,64.03,0.4553,811.03,148.85
23,5,5,50,50,70.71,0.4666,788.58,149.8
23,5,6,50,60,78.1,0.4468,815.08,148.67
23,5,7,50,70,86.02,0.4513,814.06,146.84
23,5,8,50,80,94.34,0.4552,804.56,147.87
23,5,9,50,90,102.96,0.4475,795.22,151.47
23,5,10,50,100,111.8,0.4659,820.29,149.34
23,5,11,50,110,120.83,0.4779,781.97,158.08
23,5,12,50,120,130.0,0.4725,768.37,149.57
23,6,-12,60,-120,134.16,0.4637,794.41,154.49
23,6,-11,60,-110,125.3,0.4595,792.96,148.45
23,6,-10,60,-100,116.62,0.4569,778.9,150.99
23,6,-9,60,-90,108.17,0.4432,775.28,152.23
23,6,-8,60,-80,100.0,0.4503,822.6,149.49
23,6,-7,60,-70,92.2,0.4561,817.5,150.75
23,6,-6,60,-60,84.85,0.452,818.45,154.01
23,6,-5,60,-50,78.1,0.4548,820.92,150.59
23,6,-4,60,-40,72.11,0.4413,804.74,148.0
23,6,-3,60,-30,67.08,0.46,795.96,152.7
23,6,-2,60,-20,63.25,0.4436,784.31,149.36
23,6,-1,60,-10,60.83,0.4395,811.8,153.66
23,6,0,60,0,60.0,0.4547,820.98,152.07
23,6,1,60,10,60.83,0.4467,801.68,150.39
23,6,2,60,20,63.25,0.4595,801.31,146.73
23,6,3,60,30,67.08,0.4394,797.24,150.17
23,6,4,60,40,72.11,0.4394,816.8,149.41
23,6,5,60,50,78.1,0.4572,787.28,152.78
23,6,6,60,60,84.85,0.4419,791.72,148.77
23,6,7,60,70,92.2,0.4479,816.06,151.34
23,6,8,60,80,100.0,0.4435,781.77,151.1
23,6,9,60,90,108.17,0.4515,798.02,146.31
23,6,10,60,100,116.62,0.4738,765.41,151.45
23,6,11,60,110,125.3,0.4532,767.79,155.02
23,6,12,60,120,134.16,0.4612,763.53,153.03
23,7,-11,70,-110,130.38,0.4665,797.9,158.58
23,7,-10,70,-100,122.07,0.4605,780.52,150.83
23,7,-9,70,-90,114.02,0.4592,812.11,145.89
23,7,-8,70,-80,106.3,0.4527,776.7,151.32
23,7,-7,70,-70,98.99,0.465,771.61,145.58
23,7,-6,70,-60,92.2,0.4623,804.7,150.16
23,7,-5,70,-50,86.02,0.4573,826.36,150.85
23,7,-4,70,-40,80.62,0.4499,771.7,147.33
23,7,-3,70,-30,76.16,0.4351,800.47,154.26
23,7,-2,70,-20,72.8,0.4467,806.83,152.63
23,7,-1,70,-10,70.71,0.4532,798.67,145.92
23,7,0,70,0,70.0,0.4557,817.91,150.08
23,7,1,70,10,70.71,0.4473,812.2,151.04
23,7,2,70,20,72.8,0.4629,793.16,152.25
23,7,3,70,30,76.16,0.4534,800.73,148.22
23,7,4,70,40,80.62,0.456,823.97,144.01
23,7,5,70,50,86.02,0.4513,808.8,147.5
23,7,6,70,60,92.2,0.4537,805.18,152.39
23,7,7,70,70,98.99,0.4485,778.46,150.64
23,7,8,70,80,106.3,0.4633,808.97,147.16
23,7,9,70,90,114.02,0.4538,790.66,153.59
23,7,10,70,100,122.07,0.4571,785.64,150.98
23,7,11,70,110,130.38,0.4805,756.63,153.93
23,8,-11,80,-110,136.01,0.4646,789.37,153.48
23,8,-10,80,-100,128.06,0.4568,792.65,152.4
23,8,-9,80,-90,120.42,0.4519,805.64,149.46
23,8,-8,80,-80,113.14,0.4491,798.05,153.92
23,8,-7,80,-70,106.3,0.451,802.75,151.71
23,8,-6,80,-60,100.0,0.4491,783.29,153.59
23,8,-5,80,-50,94.34,0.4425,839.66,148.75
23,8,-4,80,-40,89.44,0.4628,816.4,149.25
23,8,-3,80,-30,85.44,0.4583,814.63,149.02
23,8,-2,80,-20,82.46,0.4363,777.33,151.78
23,8,-1,80,-10,80.62,0.4498,802.76,153.02
23,8,0,80,0,80.0,0.447,811.25,148.12
23,8,1,80,10,80.62,0.4507,802.76,146.8
23,8,2,80,20,82.46,0.4499,812.81,151.53
23,8,3,80,30,85.44,0.4616,792.98,154.56
23,8,4,80,40,89.44,0.4518,792.86,150.61
23,8,5,80,50,94.34,0.4447,804.07,145.39
23,8,6,80,60,100.0,0.4613,788.29,150.74
23,8,7,80,70,106.3,0.4625,786.29,153.12
23,8,8,80,80,113.14,0.4641,794.85,152.89
23,8,9,80,90,120.42,0.4678,771.71,156.11
23,8,10,80,100,128.06,0.4471,776.86,159.46
23,8,11,80,110,136.01,0.4713,779.86,160.87
23,9,-10,90,-100,134.54,0.4541,788.48,154.15
23,9,-9,90,-90,127.28,0.4601,796.43,155.33
23,9,-8,90,-80,120.42,0.4582,800.38,156.65
23,9,-7,90,-70,114.02,0.4579,804.64,152.47
23,9,-6,90,-60,108.17,0.4496,795.7,153.32
23,9,-5,90,-50,102.96,0.438,801.55,152.91
23,9,-4,90,-40,98.49,0.4519,784.02,152.67
23,9,-3,90,-30,94.87,0.4454,824.88,153.52
23,9,-2,90,-20,92.2,0.4522,795.81,145.85
23,9,-1,90,-10,90.55,0.4646,791.07,155.13
23,9,0,90,0,90.0,0.4323,798.94,148.42
23,9,1,90,10,90.55,0.4422,804.83,155.06
23,9,2,90,20,92.2,0.447,803.12,147.94
23,9,3,90,30,94.87,0.4432,766.92,148.28
23,9,4,90,40,98.49,0.4492,776.87,156.17
23,9,5,90,50,102.96,0.456,807.86,146.39
23,9,6,90,60,108.17,0.457,817.89,151.01
23,9,7,90,70,114.02,0.4579,788.54,153.14
23,9,8,90,80,120.42,0.4574,784.81,153.74
23,9,9,90,90,127.28,0.4599,790.19,153.19
23,9,10,90,100,134.54,0.4717,808.89,155.25
23,10,-9,100,-90,134.54,0.4671,774.52,156.39
23,10,-8,100,-80,128.06,0.4477,792.57,150.74
23,10,-7,100,-70,122.07,0.4689,800.68,152.31
23,10,-6,100,-60,116.62,0.4609,819.66,151.81
23,10,-5,100,-50,111.8,0.4571,800.82,153.31
23,10,-4,100,-40,107.7,0.4508,807.79,151.26
23,10,-3,100,-30,104.4,0.4539,788.08,154.14
23,10,-2,100,-20,101.98,0.4448,775.26,144.51
23,10,-1,100,-10,100.5,0.458,790.51,148.85
23,10,0,100,0,100.0,0.4516,779.68,151.74
23,10,1,100,10,100.5,0.4696,808.65,151.87
23,10,2,100,20,101.98,0.459,834.39,149.59
23,10,3,100,30,104.4,0.4493,788.16,146.5
23,10,4,100,40,107.7,0.4545,795.6,152.15
23,10,5,100,50,111.8,0.4462,764.85,145.7
23,10,6,100,60,116.62,0.4585,796.47,157.31
23,10,7,100,70,122.07,0.4673,768.25,149.44
23,10,8,100,80,128.06,0.4644,785.19,156.46
23,10,9,100,90,134.54,0.4739,786.32,154.65
23,11,-8,110,-80,136.01,0.4555,764.93,156.63
23,11,-7,110,-70,130.38,0.4514,777.57,150.39
23,11,-6,110,-60,125.3,0.4512,783.58,152.28
23,11,-5,110,-50,120.83,0.4622,807.56,151.85
23,11,-4,110,-40,117.05,0.4464,785.79,155.0
23,11,-3,110,-30,114.02,0.4472,776.31,147.51
23,11,-2,110,-20,111.8,0.4657,759.22,148.33
23,11,-1,110,-10,110.45,0.4452,788.24,149.55
23,11,0,110,0,110.0,0.455,786.06,148.42
23,11,1,110,10,110.45,0.4503,775.57,154.54
23,11,2,110,20,111.8,0.4652,765.71,152.98
23,11,3,110,30,114.02,0.4559,793.69,150.28
23,11,4,110,40,117.05,0.4505,804.92,155.01
23,11,5,110,50,120.83,0.4584,764.94,152.77
23,11,6,110,60,125.3,0.4559,785.34,153.52
23,11,7,110,70,130.38,0.4603,798.03,151.85
23,11,8,110,80,136.01,0.4714,774.35,157.11
23,12,-6,120,-60,134.16,0.47,787.11,152.64
23,12,-5,120,-50,130.0,0.4465,790.58,152.51
23,12,-4,120,-40,126.49,0.4604,800.18,151.21
23,12,-3,120,-30,123.69,0.4596,762.86,154.03
23,12,-2,120,-20,121.66,0.4529,753.97,153.95
23,12,-1,120,-10,120.42,0.4783,788.54,149.32
23,12,0,120,0,120.0,0.4622,783.63,153.83
23,12,1,120,10,120.42,0.4494,766.01,153.52
23,12,2,120,20,121.66,0.4532,778.05,155.57
23,12,3,120,30,123.69,0.4548,793.77,151.25
23,12,4,120,40,126.49,0.4692,811.83,155.34
23,12,5,120,50,130.0,0.4534,795.8,153.77
23,12,6,120,60,134.16,0.4663,775.76,153.18
23,13,-4,130,-40,136.01,0.4656,807.95,155.58
23,13,-3,130,-30,133.42,0.4607,771.09,153.25
23,13,-2,130,-20,131.53,0.4741,775.07,152.75
23,13,-1,130,-10,130.38,0.4521,794.32,155.58
23,13,0,130,0,130.0,0.4718,794.79,153.4
23,13,1,130,10,130.38,0.4732,802.94,154.24
23,13,2,130,20,131.53,0.4649,757.93,154.88
23,13,3,130,30,133.42,0.4633,780.28,155.69
23,13,4,130,40,136.01,0.4562,814.36,156.96
24,-13,-4,-130,-40,136.01,0.4494,799.09,152.45
24,-13,-3,-130,-30,133.42,0.4559,781.58,152.91
24,-13,-2,-130,-20,131.53,0.4603,777.71,145.95
24,-13,-1,-130,-10,130.38,0.4588,780.86,155.14
24,-13,0,-130,0,130.0,0.4605,765.83,150.4
24,-13,1,-130,10,130.38,0.4626,765.98,147.0
24,-13,2,-130,20,131.53,0.4674,780.13,156.28
24,-13,3,-130,30,133.42,0.464,765.07,150.8
24,-13,4,-130,40,136.01,0.4712,792.24,153.68
24,-12,-6,-120,-60,134.16,0.4541,791.35,149.31
24,-12,-5,-120,-50,130.0,0.4583,802.16,153.49
24,-12,-4,-120,-40,126.49,0.4556,773.98,153.41
24,-12,-3,-120,-30,123.69,0.4679,789.09,154.77
24,-12,-2,-120,-20,121.66,0.464,810.4,149.99
24,-12,-1,-120,-10,120.42,0.4646,804.22,147.59
24,-12,0,-120,0,120.0,0.4541,796.95,152.28
24,-12,1,-120,10,120.42,0.4619,798.87,152.24
24,-12,2,-120,20,121.66,0.4527,784.47,148.99
24,-12,3,-120,30,123.69,0.4471,796.79,155.61
24,-12,4,-120,40,126.49,0.45,792.68,154.07
24,-12,5,-120,50,130.0,0.4492,812.59,153.05
24,-12,6,-120,60,134.16,0.466,785.65,154.58
24,-11,-8,-110,-80,136.01,0.4677,802.45,160.76
24,-11,-7,-110,-70,130.38,0.463,788.12,159.84
24,-11,-6,-110,-60,125.3,0.4589,773.17,151.6
24,-11,-5,-110,-50,120.83,0.4566,780.38,156.57
24,-11,-4,-110,-40,117.05,0.4509,771.4,152.17
24,-11,-3,-110,-30,114.02,0.4615,803.35,150.95
24,-11,-2,-110,-20,111.8,0.4537,793.68,148.31
24,-11,-1,-110,-10,110.45,0.4516,777.28,147.06
24,-11,0,-110,0,110.0,0.4664,785.07,151.94
24,-11,1,-110,10,110.45,0.4561,798.76,154.15
24,-11,2,-110,20,111.8,0.4478,799.04,152.59
24,-11,3,-110,30,114.02,0.4588,791.33,152.78
24,-11,4,-110,40,117.05,0.461,798.73,152.59
24,-11,5,-110,50,120.83,0.4755,771.3,151.4
24,-11,6,-110,60,125.3,0.4596,777.49,151.55
24,-11,7,-110,70,130.38,0.4505,770.34,152.26
24,-11,8,-110,80,136.01,0.4618,779.95,151.07
24,-10,-9,-100,-90,134.54,0.4555,780.9,155.31
24,-10,-8,-100,-80,128.06,0.4607,767.9,152.44
24,-10,-7,-100,-70,122.07,0.458,790.76,154.22
24,-10,-6,-100,-60,116.62,0.4533,788.07,151.38
24,-10,-5,-100,-50,111.8,0.4568,796.14,149.38
24,-10,-4,-100,-40,107.7,0.4523,814.99,153.08
24,-10,-3,-100,-30,104.4,0.4333,805.18,150.01
24,-10,-2,-100,-20,101.98,0.4678,813.54,151.78
24,-10,-1,-100,-10,100.5,0.4569,825.14,151.48
24,-10,0,-100,0,100.0,0.4394,802.83,151.49
24,-10,1,-100,10,100.5,0.4543,786.74,152.54
24,-10,2,-100,20,101.98,0.4562,779.11,149.0
24,-10,3,-100,30,104.4,0.4529,795.75,146.81
24,-10,4,-100,40,107.7,0.454,792.86,148.9
24,-10,5,-100,50,111.8,0.4515,779.58,151.97
24,-10,6,-100,60,116.62,0.4472,792.13,153.41
24,-10,7,-100,70,122.07,0.4496,774.1,155.33
24,-10,8,-100,80,128.06,0.4634,808.43,153.9
24,-10,9,-100,90,134.54,0.4642,790.22,151.63
24,-9,-10,-90,-100,134.54,0.4614,793.01,155.81
24,-9,-9,-90,-90,127.28,0.4498,779.99,155.87
24,-9,-8,-90,-80,120.42,0.46,797.95,145.64
24,-9,-7,-90,-70,114.02,0.4618,781.34,150.78
24,-9,-6,-90,-60,108.17,0.445,785.89,148.63
24,-9,-5,-90,-50,102.96,0.4561,823.15,155.85
24,-9,-4,-90,-40,98.49,0.4418,794.53,143.11
24,-9,-3,-90,-30,94.87,0.453,792.23,153.46
24,-9,-2,-90,-20,92.2,0.4521,775.18,148.49
24,-9,-1,-90,-10,90.55,0.4534,792.15,151.75
24,-9,0,-90,0,90.0,0.4367,792.76,153.28
24,-9,1,-90,10,90.55,0.4411,796.79,153.84
24,-9,2,-90,20,92.2,0.4477,804.41,152.85
24,-9,3,-90,30,94.87,0.4389,796.92,154.44
24,-9,4,-90,40,98.49,0.4495,813.14,148.67
24,-9,5,-90,50,102.96,0.4511,830.09,153.55
24,-9,6,-90,60,108.17,0.46,804.08,150.82
24,-9,7,-90,70,114.02,0.4584,785.77,146.51
24,-9,8,-90,80,120.42,0.4607,829.54,147.41
24,-9,9,-90,90,127.28,0.4486,770.32,157.06
24,-9,10,-90,100,134.54,0.4613,773.87,155.14
24,-8,-11,-80,-110,136.01,0.4628,787.2,155.2
24,-8,-10,-80,-100,128.06,0.44,793.11,150.67
24,-8,-9,-80,-90,120.42,0.4492,785.44,147.05
24,-8,-8,-80,-80,113.14,0.4567,800.11,155.01
24,-8,-7,-80,-70,106.3,0.4519,782.2,147.69
24,-8,-6,-80,-60,100.0,0.4558,790.93,143.13
24,-8,-5,-80,-50,94.34,0.4472,815.95,154.21
24,-8,-4,-80,-40,89.44,0.4431,789.32,149.27
24,-8,-3,-80,-30,85.44,0.4455,818.59,150.04
24,-8,-2,-80,-20,82.46,0.4526,786.25,149.11
24,-8,-1,-80,-10,80.62,0.4373,805.41,150.46
24,-8,0,-80,0,80.0,0.4527,821.57,148.64
24,-8,1,-80,10,80.62,0.4566,798.95,153.01
24,-8,2,-80,20,82.46,0.4461,786.08,146.22
24,-8,3,-80,30,85.44,0.4551,792.64,145.2
24,-8,4,-80,40,89.44,0.4516,792.0,144.68
24,-8,5,-80,50,94.34,0.4349,808.59,150.75
24,-8,6,-80,60,100.0,0.449,800.62,155.28
24,-8,7,-80,70,106.3,0.4661,788.11,154.98
24,-8,8,-80,80,113.14,0.4569,784.07,147.91
24,-8,9,-80,90,120.42,0.4578,797.18,147.75
24,-8,10,-80,100,128.06,0.4622,765.48,153.43
24,-8,11,-80,110,136.01,0.4685,785.31,153.39
24,-7,-11,-70,-110,130.38,0.4637,753.13,156.62
24,-7,-10,-70,-100,122.07,0.4663,778.83,156.32
24,-7,-9,-70,-90,114.02,0.4546,808.3,145.01
24,-7,-8,-70,-80,106.3,0.4455,771.07,147.67
24,-7,-7,-70,-70,98.99,0.459,793.6,149.26
24,-7,-6,-70,-60,92.2,0.4423,807.55,148.27
24,-7,-5,-70,-50,86.02,0.4457,786.83,155.14
24,-7,-4,-70,-40,80.62,0.4498,800.58,151.18
24,-7,-3,-70,-30,76.16,0.4375,786.17,149.95
24,-7,-2,-70,-20,72.8,0.4617,809.79,148.13
24,-7,-1,-70,-10,70.71,0.4438,823.41,146.81
24,-7,0,-70,0,70.0,0.4391,800.5,149.96
24,-7,1,-70,10,70.71,0.4418,798.56,150.71
24,-7,2,-70,20,72.8,0.4525,795.04,148.24
24,-7,3,-70,30,76.16,0.4474,783.47,148.36
24,-7,4,-70,40,80.62,0.451,804.66,148.59
24,-7,5,-70,50,86.02,0.4523,803.64,156.17
24,-7,6,-70,60,92.2,0.4595,750.63,148.1
24,-7,7,-70,70,98.99,0.4529,791.98,158.36
24,-7,8,-70,80,106.3,0.4595,764.29,148.24
24,-7,9,-70,90,114.02,0.4522,810.9,154.14
24,-7,10,-70,100,122.07,0.4554,788.43,153.1
24,-7,11,-70,110,130.38,0.4592,792.43,153.81
24,-6,-12,-60,-120,134.16,0.4665,781.72,152.59
24,-6,-11,-60,-110,125.3,0.4451,806.17,157.66
24,-6,-10,-60,-100,116.62,0.456,788.72,147.79
24,-6,-9,-60,-90,108.17,0.4511,807.81,153.36
24,-6,-8,-60,-80,100.0,0.4402,824.12,147.85
24,-6,-7,-60,-70,92.2,0.4469,818.75,152.15
24,-6,-6,-60,-60,84.85,0.4475,785.9,155.02
24,-6,-5,-60,-50,78.1,0.4452,796.71,148.91
24,-6,-4,-60,-40,72.11,0.4525,801.48,152.47
24,-6,-3,-60,-30,67.08,0.4573,789.36,146.65
24,-6,-2,-60,-20,63.25,0.4579,787.14,149.79
24,-6,-1,-60,-10,60.83,0.4467,792.13,151.21
24,-6,0,-60,0,60.0,0.4504,807.07,151.26
24,-6,1,-60,10,60.83,0.4455,831.67,146.61
24,-6,2,-60,20,63.25,0.449,831.41,150.35
24,-6,3,-60,30,67.08,0.4454,814.26,154.58
24,-6,4,-60,40,72.11,0.4429,812.11,151.88
24,-6,5,-60,50,78.1,0.4477,814.98,151.42
24,-6,6,-60,60,84.85,0.4494,809.82,144.86
24,-6,7,-60,70,92.2,0.4559,797.27,153.91
24,-6,8,-60,80,100.0,0.4555,823.37,146.97
24,-6,9,-60,90,108.17,0.4543,786.58,152.87
24,-6,10,-60,100,116.62,0.448,781.01,154.08
24,-6,11,-60,110,125.3,0.4546,785.54,150.96
24,-6,12,-60,120,134.16,0.4673,782.64,158.35
24,-5,-12,-50,-120,130.0,0.4688,751.25,156.02
24,-5,-11,-50,-110,120.83,0.4682,774.24,156.95
24,-5,-10,-50,-100,111.8,0.4455,825.15,156.98
24,-5,-9,-50,-90,102.96,0.4437,787.84,154.52
24,-5,-8,-50,-80,94.34,0.4524,808.68,152.41
24,-5,-7,-50,-70,86.02,0.4542,785.79,147.89
24,-5,-6,-50,-60,78.1,0.4409,786.92,153.16
24,-5,-5,-50,-50,70.71,0.4619,815.99,149.5
24,-5,-4,-50,-40,64.03,0.4395,764.8,151.59
24,-5,-3,-50,-30,58.31,0.4596,825.81,152.11
24,-5,-2,-50,-20,53.85,0.4522,804.68,148.95
24,-5,-1,-50,-10,50.99,0.4575,803.78,153.48
24,-5,0,-50,0,50.0,0.4423,807.43,146.31
24,-5,1,-50,10,50.99,0.4636,788.79,148.7
24,-5,2,-50,20,53.85,0.4668,824.37,154.21
24,-5,3,-50,30,58.31,0.445,797.45,148.99
24,-5,4,-50,40,64.03,0.4483,835.47,144.47
24,-5,5,-50,50,70.71,0.4542,813.02,154.44
24,-5,6,-50,60,78.1,0.4645,814.14,149.8
24,-5,7,-50,70,86.02,0.4387,808.34,147.74
24,-5,8,-50,80,94.34,0.4616,828.86,152.96
24,-5,9,-50,90,102.96,0.4618,780.76,148.27
24,-5,10,-50,100,111.8,0.4443,802.76,147.78
24,-5,11,-50,110,120.83,0.4479,788.29,151.99
24,-5,12,-50,120,130.0,0.4621,795.82,145.62
24,-4,-13,-40,-130,136.01,0.4623,787.24,156.53
24,-4,-12,-40,-120,126.49,0.4751,783.86,153.57
24,-4,-11,-40,-110,117.05,0.46,806.45,153.05
24,-4,-10,-40,-100,107.7,0.4493,786.29,150.51
24,-4,-9,-40,-90,98.49,0.4409,794.86,149.46
24,-4,-8,-40,-80,89.44,0.4416,781.23,148.48
24,-4,-7,-40,-70,80.62,0.4409,795.28,149.95
24,-4,-6,-40,-60,72.11,0.4526,781.72,154.13
24,-4,-5,-40,-50,64.03,0.4467,796.37,150.98
24,-4,-4,-40,-40,56.57,0.4616,809.42,146.74
24,-4,-3,-40,-30,50.0,0.4439,789.81,149.95
24,-4,-2,-40,-20,44.72,0.4587,823.29,150.55
24,-4,-1,-40,-10,41.23,0.4372,798.09,152.1
24,-4,0,-40,0,40.0,0.4537,817.64,151.57
24,-4,1,-40,10,41.23,0.4499,792.72,148.08
24,-4,2,-40,20,44.72,0.449,795.09,145.81
24,-4,3,-40,30,50.0,0.4422,823.46,152.79
24,-4,4,-40,40,56.57,0.4595,791.39,152.88
24,-4,5,-40,50,64.03,0.437,791.5,149.68
24,-4,6,-40,60,72.11,0.4608,805.14,150.39
24,-4,7,-40,70,80.62,0.4475,765.87,150.46
24,-4,8,-40,80,89.44,0.4446,814.28,145.39
24,-4,9,-40,90,98.49,0.4459,793.46,153.3
24,-4,10,-40,100,107.7,0.4488,788.43,149.9
24,-4,11,-40,110,117.05,0.4517,801.93,153.58
24,-4,12,-40,120,126.49,0.4436,804.41,152.4
24,-4,13,-40,130,136.01,0.4769,788.62,153.39
24,-3,-13,-30,-130,133.42,0.4642,793.12,150.36
24,-3,-12,-30,-120,123.69,0.4597,781.89,156.55
24,-3,-11,-30,-110,114.02,0.4608,773.13,151.43
24,-3,-10,-30,-100,104.4,0.4593,770.63,148.38
24,-3,-9,-30,-90,94.87,0.4573,768.49,148.1
24,-3,-8,-30,-80,85.44,0.4337,794.96,149.88
24,-3,-7,-30,-70,76.16,0.4402,807.68,152.19
24,-3,-6,-30,-60,67.08,0.4432,793.98,149.47
24,-3,-5,-30,-50,58.31,0.4551,772.39,148.0
24,-3,-4,-30,-40,50.0,0.4465,808.27,147.63
24,-3,-3,-30,-30,42.43,0.4565,808.79,149.34
24,-3,-2,-30,-20,36.06,0.4622,813.97,146.6
24,-3,-1,-30,-10,31.62,0.4535,807.14,156.06
24,-3,0,-30,0,30.0,0.4379,816.85,150.31
24,-3,1,-30,10,31.62,0.4509,794.25,152.88
24,-3,2,-30,20,36.06,0.4615,793.07,148.93
24,-3,3,-30,30,42.43,0.4284,813.89,149.83
24,-3,4,-30,40,50.0,0.452,790.78,148.83
24,-3,5,-30,50,58.31,0.4372,799.68,149.56
24,-3,6,-30,60,67.08,0.4527,829.05,151.25
24,-3,7,-30,70,76.16,0.4577,808.65,152.37
24,-3,8,-30,80,85.44,0.4546,805.21,154.88
24,-3,9,-30,90,94.87,0.4587,809.29,150.5
24,-3,10,-30,100,104.4,0.4428,810.72,149.6
24,-3,11,-30,110,114.02,0.4627,789.25,152.48
24,-3,12,-30,120,123.69,0.4594,766.63,154.37
24,-3,13,-30,130,133.42,0.4613,779.94,159.81
24,-2,-13,-20,-130,131.53,0.456,771.18,153.12
24,-2,-12,-20,-120,121.66,0.4685,777.79,156.9
24,-2,-11,-20,-110,111.8,0.4773,821.13,147.69
24,-2,-10,-20,-100,101.98,0.4427,802.78,150.21
24,-2,-9,-20,-90,92.2,0.4483,793.02,149.59
24,-2,-8,-20,-80,82.46,0.4549,794.15,148.89
24,-2,-7,-20,-70,72.8,0.4634,789.26,145.92
24,-2,-6,-20,-60,63.25,0.4588,776.45,148.6
24,-2,-5,-20,-50,53.85,0.4398,794.18,148.21
24,-2,-4,-20,-40,44.72,0.4611,819.16,145.54
24,-2,-3,-20,-30,36.06,0.4454,776.75,150.28
24,-2,-2,-20,-20,28.28,0.45,775.3,156.7
24,-2,-1,-20,-10,22.36,0.4449,780.72,149.46
24,-2,0,-20,0,20.0,0.4615,783.52,153.7
24,-2,1,-20,10,22.36,0.4511,778.91,147.58
24,-2,2,-20,20,28.28,0.4476,785.19,144.67
24,-2,3,-20,30,36.06,0.4458,823.92,150.66
24,-2,4,-20,40,44.72,0.4554,796.71,150.83
24,-2,5,-20,50,53.85,0.443,818.22,153.06
24,-2,6,-20,60,63.25,0.4398,810.02,148.3
24,-2,7,-20,70,72.8,0.443,825.43,147.39
24,-2,8,-20,80,82.46,0.4608,774.14,150.35
24,-2,9,-20,90,92.2,0.4378,783.34,145.88
24,-2,10,-20,100,101.98,0.4521,806.0,149.2
24,-2,11,-20,110,111.8,0.4485,776.45,157.94
24,-2,12,-20,120,121.66,0.4569,768.34,152.69
24,-2,13,-20,130,131.53,0.4782,769.14,152.47
24,-1,-13,-10,-130,130.38,0.4556,761.71,154.31
24,-1,-12,-10,-120,120.42,0.4586,776.0,157.31
24,-1,-11,-10,-110,110.45,0.4614,786.67,153.33
24,-1,-10,-10,-100,100.5,0.4554,807.33,152.97
24,-1,-9,-10,-90,90.55,0.4546,807.76,156.37
24,-1,-8,-10,-80,80.62,0.4474,797.76,149.57
24,-1,-7,-10,-70,70.71,0.4428,802.2,149.96
24,-1,-6,-10,-60,60.83,0.4564,789.68,145.66
24,-1,-5,-10,-50,50.99,0.4589,799.77,148.15
24,-1,-4,-10,-40,41.23,0.4642,820.84,153.23
24,-1,-3,-10,-30,31.62,0.4422,782.7,153.23
24,-1,-2,-10,-20,22.36,0.4572,812.77,149.22
24,-1,-1,-10,-10,14.14,0.4595,813.85,153.86
24,-1,0,-10,0,10.0,0.4479,803.52,148.99
24,-1,1,-10,10,14.14,0.4617,792.69,146.65
24,-1,2,-10,20,22.36,0.4506,806.14,147.83
24,-1,3,-10,30,31.62,0.4378,779.14,152.09
24,-1,4,-10,40,41.23,0.4599,801.49,151.01
24,-1,5,-10,50,50.99,0.4633,792.35,151.99
24,-1,6,-10,60,60.83,0.4472,812.61,148.02
24,-1,7,-10,70,70.71,0.4415,803.52,151.19
24,-1,8,-10,80,80.62,0.4495,777.71,147.74
24,-1,9,-10,90,90.55,0.4427,803.09,148.48
24,-1,10,-10,100,100.5,0.4678,803.93,153.56
24,-1,11,-10,110,110.45,0.4513,802.42,151.57
24,-1,12,-10,120,120.42,0.4587,807.76,157.63
24,-1,13,-10,130,130.38,0.4668,783.68,151.34
24,0,-13,0,-130,130.0,0.4653,769.04,155.01
24,0,-12,0,-120,120.0,0.4532,772.43,153.49
24,0,-11,0,-110,110.0,0.4458,788.91,150.52
24,0,-10,0,-100,100.0,0.4531,826.97,155.6
24,0,-9,0,-90,90.0,0.4453,788.22,151.06
24,0,-8,0,-80,80.0,0.4517,789.64,144.37
24,0,-7,0,-70,70.0,0.4451,803.44,147.36
24,0,-6,0,-60,60.0,0.4516,791.16,151.17
24,0,-5,0,-50,50.0,0.4647,795.65,152.44
24,0,-4,0,-40,40.0,0.4571,783.16,148.09
24,0,-3,0,-30,30.0,0.4518,809.67,144.77
24,0,-2,0,-20,20.0,0.4521,778.57,146.43
24,0,-1,0,-10,10.0,0.4455,798.79,153.67
24,0,0,0,0,0.0,0.4506,807.0,146.4
24,0,1,0,10,10.0,0.445,795.54,149.15
24,0,2,0,20,20.0,0.457,809.75,153.51
24,0,3,0,30,30.0,0.4466,781.29,156.02
24,0,4,0,40,40.0,0.4442,780.46,148.73
24,0,5,0,50,50.0,0.4544,811.38,151.55
24,0,6,0,60,60.0,0.4549,817.03,148.35
24,0,7,0,70,70.0,0.4492,817.62,150.06
24,0,8,0,80,80.0,0.4526,846.79,152.34
24,0,9,0,90,90.0,0.4442,821.02,150.46
24,0,10,0,100,100.0,0.4585,774.78,149.35
24,0,11,0,110,110.0,0.4654,776.17,151.62
24,0,12,0,120,120.0,0.4603,761.08,153.52
24,0,13,0,130,130.0,0.4626,794.2,151.46
24,1,-13,10,-130,130.38,0.4681,778.68,151.55
24,1,-12,10,-120,120.42,0.4675,797.6,150.5
24,1,-11,10,-110,110.45,0.4454,789.16,154.25
24,1,-10,10,-100,100.5,0.4601,780.59,147.11
24,1,-9,10,-90,90.55,0.4542,829.54,149.06
24,1,-8,10,-80,80.62,0.4631,807.84,143.84
24,1,-7,10,-70,70.71,0.4408,797.29,153.01
24,1,-6,10,-60,60.83,0.4534,816.75,147.83
24,1,-5,10,-50,50.99,0.4456,802.22,148.76
24,1,-4,10,-40,41.23,0.4544,795.48,151.35
24,1,-3,10,-30,31.62,0.4558,810.15,150.55
24,1,-2,10,-20,22.36,0.4462,810.38,140.9
24,1,-1,10,-10,14.14,0.4449,782.27,150.43
24,1,0,10,0,10.0,0.4485,817.79,147.89
24,1,1,10,10,14.14,0.4604,792.66,151.75
24,1,2,10,20,22.36,0.4533,806.66,148.12
24,1,3,10,30,31.62,0.456,800.72,146.32
24,1,4,10,40,41.23,0.4484,828.04,146.58
24,1,5,10,50,50.99,0.4309,797.65,151.03
24,1,6,10,60,60.83,0.4718,799.99,148.45
24,1,7,10,70,70.71,0.446,797.11,149.41
24,1,8,10,80,80.62,0.4552,812.72,153.58
24,1,9,10,90,90.55,0.4476,817.89,154.57
24,1,10,10,100,100.5,0.4476,832.06,150.66
24,1,11,10,110,110.45,0.4518,818.65,153.43
24,1,12,10,120,120.42,0.4667,792.72,156.3
24,1,13,10,130,130.38,0.4665,765.81,152.21
24,2,-13,20,-130,131.53,0.455,772.45,159.6
24,2,-12,20,-120,121.66,0.4659,783.1,154.87
24,2,-11,20,-110,111.8,0.4584,788.92,152.39
24,2,-10,20,-100,101.98,0.4535,807.46,149.39
24,2,-9,20,-90,92.2,0.4422,771.12,151.37
24,2,-8,20,-80,82.46,0.451,834.26,152.55
24,2,-7,20,-70,72.8,0.4484,804.57,153.16
24,2,-6,20,-60,63.25,0.4496,788.19,146.14
24,2,-5,20,-50,53.85,0.4592,818.89,148.45
24,2,-4,20,-40,44.72,0.452,792.75,157.43
24,2,-3,20,-30,36.06,0.4466,805.61,153.03
24,2,-2,20,-20,28.28,0.4562,810.09,148.59
24,2,-1,20,-10,22.36,0.4564,816.11,151.52
24,2,0,20,0,20.0,0.4383,774.14,150.58
24,2,1,20,10,22.36,0.4389,797.58,153.9
24,2,2,20,20,28.28,0.4525,781.23,146.24
24,2,3,20,30,36.06,0.4593,800.01,153.18
24,2,4,20,40,44.72,0.4493,769.55,155.87
24,2,5,20,50,53.85,0.4485,782.55,152.57
24,2,6,20,60,63.25,0.4592,822.69,148.96
24,2,7,20,70,72.8,0.4375,809.77,151.2
24,2,8,20,80,82.46,0.4431,792.53,148.32
24,2,9,20,90,92.2,0.4542,802.99,152.11
24,2,10,20,100,101.98,0.4407,802.54,151.16
24,2,11,20,110,111.8,0.4717,785.85,150.8
24,2,12,20,120,121.66,0.4628,791.07,144.31
24,2,13,20,130,131.53,0.4555,789.87,152.15
24,3,-13,30,-130,133.42,0.4647,803.7,149.87
24,3,-12,30,-120,123.69,0.4618,774.15,154.62
24,3,-11,30,-110,114.02,0.4757,769.28,145.06
24,3,-10,30,-100,104.4,0.438,824.34,145.86
24,3,-9,30,-90,94.87,0.4458,811.12,151.46
24,3,-8,30,-80,85.44,0.4464,802.64,152.38
24,3,-7,30,-70,76.16,0.4473,795.22,151.1
24,3,-6,30,-60,67.08,0.4622,793.03,148.08
24,3,-5,30,-50,58.31,0.4524,794.73,150.21
24,3,-4,30,-40,50.0,0.4523,766.4,144.84
24,3,-3,30,-30,42.43,0.4374,799.05,147.03
24,3,-2,30,-20,36.06,0.454,813.7,150.59
24,3,-1,30,-10,31.62,0.4705,809.5,149.89
24,3,0,30,0,30.0,0.4542,796.63,151.6
24,3,1,30,10,31.62,0.4503,758.66,151.51
24,3,2,30,20,36.06,0.4516,805.9,154.73
24,3,3,30,30,42.43,0.4585,793.92,147.77
24,3,4,30,40,50.0,0.448,805.5,146.06
24,3,5,30,50,58.31,0.4467,800.65,144.86
24,3,6,30,60,67.08,0.4381,801.42,148.71
24,3,7,30,70,76.16,0.4573,812.44,149.24
24,3,8,30,80,85.44,0.4386,794.77,150.78
24,3,9,30,90,94.87,0.4455,807.51,148.63
24,3,10,30,100,104.4,0.4526,811.11,148.71
24,3,11,30,110,114.02,0.4563,802.07,152.56
24,3,12,30,120,123.69,0.4666,779.15,152.51
24,3,13,30,130,133.42,0.4548,771.42,151.24
24,4,-13,40,-130,136.01,0.4571,781.14,149.34
24,4,-12,40,-120,126.49,0.4541,790.04,154.41
24,4,-11,40,-110,117.05,0.4547,796.09,153.53
24,4,-10,40,-100,107.7,0.4569,795.15,148.13
24,4,-9,40,-90,98.49,0.4526,830.5,153.28
24,4,-8,40,-80,89.44,0.4551,825.58,149.99
24,4,-7,40,-70,80.62,0.4473,783.63,148.4
24,4,-6,40,-60,72.11,0.4463,820.44,142.69
24,4,-5,40,-50,64.03,0.4465,784.17,147.48
24,4,-4,40,-40,56.57,0.4513,783.01,147.4
24,4,-3,40,-30,50.0,0.4437,807.79,143.82
24,4,-2,40,-20,44.72,0.4494,800.77,153.36
24,4,-1,40,-10,41.23,0.4535,811.28,151.79
24,4,0,40,0,40.0,0.4423,779.92,151.15
24,4,1,40,10,41.23,0.4499,804.5,153.59
24,4,2,40,20,44.72,0.4502,789.95,150.64
24,4,3,40,30,50.0,0.4478,828.98,156.68
24,4,4,40,40,56.57,0.4503,796.4,152.23
24,4,5,40,50,64.03,0.4585,804.51,147.65
24,4,6,40,60,72.11,0.4469,797.14,149.35
24,4,7,40,70,80.62,0.4377,814.97,154.4
24,4,8,40,80,89.44,0.4524,811.83,150.72
24,4,9,40,90,98.49,0.4455,798.05,146.91
24,4,10,40,100,107.7,0.4609,824.06,147.7
24,4,11,40,110,117.05,0.4598,817.72,152.14
24,4,12,40,120,126.49,0.4718,808.25,151.79
24,4,13,40,130,136.01,0.4487,785.59,156.02
24,5,-12,50,-120,130.0,0.4568,808.45,158.66
24,5,-11,50,-110,120.83,0.4751,792.44,151.89
24,5,-10,50,-100,111.8,0.459,811.81,153.35
24,5,-9,50,-90,102.96,0.4573,784.51,154.06
24,5,-8,50,-80,94.34,0.4474,815.0,147.0
24,5,-7,50,-70,86.02,0.4633,801.06,149.41
24,5,-6,50,-60,78.1,0.4514,786.65,147.39
24,5,-5,50,-50,70.71,0.4383,804.55,153.72
24,5,-4,50,-40,64.03,0.452,806.54,147.0
24,5,-3,50,-30,58.31,0.4511,798.01,151.71
24,5,-2,50,-20,53.85,0.4387,794.29,150.47
24,5,-1,50,-10,50.99,0.4396,811.96,151.32
24,5,0,50,0,50.0,0.4274,781.54,150.37
24,5,1,50,10,50.99,0.4678,808.61,140.8
24,5,2,50,20,53.85,0.4436,806.13,145.77
24,5,3,50,30,58.31,0.4561,801.28,154.28
24,5,4,50,40,64.03,0.4425,809.77,151.9
24,5,5,50,50,70.71,0.4659,815.72,150.39
24,5,6,50,60,78.1,0.4381,788.1,151.71
24,5,7,50,70,86.02,0.4503,816.5,146.91
24,5,8,50,80,94.34,0.4475,820.78,151.2
24,5,9,50,90,102.96,0.4517,767.21,149.17
24,5,10,50,100,111.8,0.4485,816.83,155.61
24,5,11,50,110,120.83,0.4566,790.78,153.57
24,5,12,50,120,130.0,0.4633,785.84,155.96
24,6,-12,60,-120,134.16,0.4622,757.91,152.03
24,6,-11,60,-110,125.3,0.4602,812.2,157.15
24,6,-10,60,-100,116.62,0.4418,786.48,149.48
24,6,-9,60,-90,108.17,0.4569,797.29,150.58
24,6,-8,60,-80,100.0,0.4535,802.61,149.64
24,6,-7,60,-70,92.2,0.4547,820.3,154.91
24,6,-6,60,-60,84.85,0.446,824.54,154.41
24,6,-5,60,-50,78.1,0.4445,816.51,150.01
24,6,-4,60,-40,72.11,0.4631,800.21,154.06
24,6,-3,60,-30,67.08,0.4538,795.54,147.61
24,6,-2,60,-20,63.25,0.4433,795.68,149.12
24,6,-1,60,-10,60.83,0.454,798.88,154.59
24,6,0,60,0,60.0,0.4526,808.31,149.75
24,6,1,60,10,60.83,0.463,790.06,143.01
24,6,2,60,20,63.25,0.4443,799.75,149.05
24,6,3,60,30,67.08,0.4453,789.6,149.58
24,6,4,60,40,72.11,0.4708,790.39,151.82
24,6,5,60,50,78.1,0.4565,809.94,151.41
24,6,6,60,60,84.85,0.4508,804.79,148.14
24,6,7,60,70,92.2,0.4394,804.03,155.56
24,6,8,60,80,100.0,0.448,793.32,156.94
24,6,9,60,90,108.17,0.4559,772.86,158.26
24,6,10,60,100,116.62,0.4565,785.93,146.65
24,6,11,60,110,125.3,0.4605,795.93,156.1
24,6,12,60,120,134.16,0.4628,787.98,154.95
24,7,-11,70,-110,130.38,0.4611,742.79,154.13
24,7,-10,70,-100,122.07,0.4603,775.7,153.7
24,7,-9,70,-90,114.02,0.4553,774.53,151.12
24,7,-8,70,-80,106.3,0.4599,786.14,147.01
24,7,-7,70,-70,98.99,0.444,790.41,151.39
24,7,-6,70,-60,92.2,0.4558,810.27,146.9
24,7,-5,70,-50,86.02,0.4543,792.18,150.03
24,7,-4,70,-40,80.62,0.4566,782.4,146.9
24,7,-3,70,-30,76.16,0.4467,803.91,148.84
24,7,-2,70,-20,72.8,0.4436,819.44,147.28
24,7,-1,70,-10,70.71,0.4468,799.27,155.49
24,7,0,70,0,70.0,0.4455,812.09,149.16
24,7,1,70,10,70.71,0.4331,811.17,151.28
24,7,2,70,20,72.8,0.4548,793.56,148.45
24,7,3,70,30,76.16,0.4559,787.75,150.02
24,7,4,70,40,80.62,0.4471,786.06,150.82
24,7,5,70,50,86.02,0.4555,808.0,150.4
24,7,6,70,60,92.2,0.4392,797.09,144.94
24,7,7,70,70,98.99,0.4371,787.24,153.17
24,7,8,70,80,106.3,0.4334,807.04,148.32
24,7,9,70,90,114.02,0.4543,822.1,154.67
24,7,10,70,100,122.07,0.4568,777.47,155.34
24,7,11,70,110,130.38,0.4541,783.99,156.17
24,8,-11,80,-110,136.01,0.4702,749.49,155.71
24,8,-10,80,-100,128.06,0.4571,778.09,153.64
24,8,-9,80,-90,120.42,0.4763,788.3,151.5
24,8,-8,80,-80,113.14,0.4465,791.08,146.36
24,8,-7,80,-70,106.3,0.4612,794.58,150.07
24,8,-6,80,-60,100.0,0.456,788.99,151.81
24,8,-5,80,-50,94.34,0.4391,778.24,142.07
24,8,-4,80,-40,89.44,0.4553,815.04,150.9
24,8,-3,80,-30,85.44,0.4595,810.81,151.84
24,8,-2,80,-20,82.46,0.4489,817.01,147.91
24,8,-1,80,-10,80.62,0.4543,814.24,148.25
24,8,0,80,0,80.0,0.4534,802.26,147.06
24,8,1,80,10,80.62,0.4572,794.06,152.06
24,8,2,80,20,82.46,0.4409,789.99,148.45
24,8,3,80,30,85.44,0.4451,786.58,146.86
24,8,4,80,40,89.44,0.4504,795.4,150.83
24,8,5,80,50,94.34,0.4531,778.12,151.15
24,8,6,80,60,100.0,0.4556,786.71,153.06
24,8,7,80,70,106.3,0.4489,808.62,141.27
24,8,8,80,80,113.14,0.4646,813.3,151.58
24,8,9,80,90,120.42,0.4668,784.82,151.62
24,8,10,80,100,128.06,0.4724,777.95,157.22
24,8,11,80,110,136.01,0.4562,783.19,149.24
24,9,-10,90,-100,134.54,0.4638,802.87,154.23
24,9,-9,90,-90,127.28,0.4671,775.59,154.39
24,9,-8,90,-80,120.42,0.4596,781.64,152.98
24,9,-7,90,-70,114.02,0.462,789.52,149.18
24,9,-6,90,-60,108.17,0.4461,798.64,151.38
24,9,-5,90,-50,102.96,0.4623,807.31,151.94
24,9,-4,90,-40,98.49,0.4415,797.61,146.89
24,9,-3,90,-30,94.87,0.4628,792.54,148.38
24,9,-2,90,-20,92.2,0.4485,805.96,143.13
24,9,-1,90,-10,90.55,0.4443,827.45,151.35
24,9,0,90,0,90.0,0.4525,807.63,146.28
24,9,1,90,10,90.55,0.4706,811.81,148.82
24,9,2,90,20,92.2,0.4563,815.74,147.27
24,9,3,90,30,94.87,0.4706,801.53,148.57
24,9,4,90,40,98.49,0.4613,786.19,145.36
24,9,5,90,50,102.96,0.4413,769.67,148.93
24,9,6,90,60,108.17,0.4583,799.27,150.33
24,9,7,90,70,114.02,0.4486,789.35,150.92
24,9,8,90,80,120.42,0.4574,762.63,158.77
24,9,9,90,90,127.28,0.4495,769.91,153.53
24,9,10,90,100,134.54,0.4733,795.45,150.99
24,10,-9,100,-90,134.54,0.4498,794.12,152.63
24,10,-8,100,-80,128.06,0.4625,788.12,150.27
24,10,-7,100,-70,122.07,0.4574,800.96,153.07
24,10,-6,100,-60,116.62,0.4469,792.59,154.05
24,10,-5,100,-50,111.8,0.4553,794.92,152.14
24,10,-4,100,-40,107.7,0.4418,784.88,150.76
24,10,-3,100,-30,104.4,0.4498,789.95,149.1
24,10,-2,100,-20,101.98,0.4546,802.05,155.19
24,10,-1,100,-10,100.5,0.4504,819.03,142.81
24,10,0,100,0,100.0,0.4566,779.87,155.4
24,10,1,100,10,100.5,0.4356,792.44,149.47
24,10,2,100,20,101.98,0.438,783.85,150.31
24,10,3,100,30,104.4,0.4465,789.47,151.24
24,10,4,100,40,107.7,0.4371,813.54,151.96
24,10,5,100,50,111.8,0.4432,792.47,153.39
24,10,6,100,60,116.62,0.4556,797.47,154.33
24,10,7,100,70,122.07,0.4454,777.73,158.72
24,10,8,100,80,128.06,0.4561,794.05,157.36
24,10,9,100,90,134.54,0.4644,771.76,156.42
24,11,-8,110,-80,136.01,0.4674,773.17,154.52
24,11,-7,110,-70,130.38,0.4582,767.23,154.07
24,11,-6,110,-60,125.3,0.475,799.76,158.85
24,11,-5,110,-50,120.83,0.4621,802.75,151.98
24,11,-4,110,-40,117.05,0.4514,781.84,155.06
24,11,-3,110,-30,114.02,0.4616,796.36,152.58
24,11,-2,110,-20,111.8,0.4648,771.17,151.82
24,11,-1,110,-10,110.45,0.4672,806.09,147.28
24,11,0,110,0,110.0,0.4585,795.86,154.76
24,11,1,110,10,110.45,0.4506,805.96,147.51
24,11,2,110,20,111.8,0.4743,821.34,151.99
24,11,3,110,30,114.02,0.4467,809.39,154.83
24,11,4,110,40,117.05,0.4706,786.94,152.19
24,11,5,110,50,120.83,0.4552,786.65,148.61
24,11,6,110,60,125.3,0.4709,778.72,151.61
24,11,7,110,70,130.38,0.4454,768.33,155.4
24,11,8,110,80,136.01,0.4575,758.66,156.29
24,12,-6,120,-60,134.16,0.4741,780.24,158.25
24,12,-5,120,-50,130.0,0.4607,788.14,153.93
24,12,-4,120,-40,126.49,0.4732,789.4,151.3
24,12,-3,120,-30,123.69,0.453,768.99,151.07
24,12,-2,120,-20,121.66,0.4744,786.77,148.66
24,12,-1,120,-10,120.42,0.4592,791.06,152.07
24,12,0,120,0,120.0,0.4514,800.89,158.59
24,12,1,120,10,120.42,0.4592,782.61,158.13
24,12,2,120,20,121.66,0.4393,750.27,148.96
24,12,3,120,30,123.69,0.4783,807.24,152.73
24,12,4,120,40,126.49,0.4581,764.1,154.74
24,12,5,120,50,130.0,0.4761,774.67,152.89
24,12,6,120,60,134.16,0.4727,795.45,154.79
24,13,-4,130,-40,136.01,0.4616,780.23,155.36
24,13,-3,130,-30,133.42,0.4627,786.47,157.89
24,13,-2,130,-20,131.53,0.4705,795.41,156.28
24,13,-1,130,-10,130.38,0.4732,788.6,154.17
24,13,0,130,0,130.0,0.4476,779.27,150.03
24,13,1,130,10,130.38,0.4585,782.07,156.77
24,13,2,130,20,131.53,0.4532,794.46,153.74
24,13,3,130,30,133.42,0.4545,746.7,153.98
24,13,4,130,40,136.01,0.4642,779.46,157.12
25,-13,-4,-130,-40,136.01,0.4608,761.03,152.61
25,-13,-3,-130,-30,133.42,0.4779,778.26,157.83
25,-13,-2,-130,-20,131.53,0.4682,772.31,151.43
25,-13,-1,-130,-10,130.38,0.4608,781.17,156.51
25,-13,0,-130,0,130.0,0.4588,796.72,151.78
25,-13,1,-130,10,130.38,0.4614,768.34,148.73
25,-13,2,-130,20,131.53,0.4543,790.09,158.1
25,-13,3,-130,30,133.42,0.4613,788.22,153.31
25,-13,4,-130,40,136.01,0.4598,796.26,158.59
25,-12,-6,-120,-60,134.16,0.4741,793.43,153.46
25,-12,-5,-120,-50,130.0,0.4563,758.54,159.59
25,-12,-4,-120,-40,126.49,0.4477,786.18,148.49
25,-12,-3,-120,-30,123.69,0.4671,792.98,156.89
25,-12,-2,-120,-20,121.66,0.4595,798.86,153.73
25,-12,-1,-120,-10,120.42,0.4675,794.33,155.5
25,-12,0,-120,0,120.0,0.4733,777.21,150.27
25,-12,1,-120,10,120.42,0.4673,792.77,153.34
25,-12,2,-120,20,121.66,0.463,791.96,147.91
25,-12,3,-120,30,123.69,0.4606,770.82,154.56
25,-12,4,-120,40,126.49,0.4633,790.45,152.93
25,-12,5,-120,50,130.0,0.4778,817.18,148.42
25,-12,6,-120,60,134.16,0.459,806.65,157.44
25,-11,-8,-110,-80,136.01,0.4615,797.83,152.36
25,-11,-7,-110,-70,130.38,0.4555,783.45,155.33
25,-11,-6,-110,-60,125.3,0.4627,790.4,153.62
25,-11,-5,-110,-50,120.83,0.4561,782.92,152.58
25,-11,-4,-110,-40,117.05,0.4588,778.84,148.04
25,-11,-3,-110,-30,114.02,0.4558,794.99,150.77
25,-11,-2,-110,-20,111.8,0.4502,795.9,151.44
25,-11,-1,-110,-10,110.45,0.4535,823.45,145.97
25,-11,0,-110,0,110.0,0.4437,791.65,153.54
25,-11,1,-110,10,110.45,0.4484,776.16,150.93
25,-11,2,-110,20,111.8,0.453,767.6,152.85
25,-11,3,-110,30,114.02,0.4539,799.95,153.16
25,-11,4,-110,40,117.05,0.4381,790.27,151.8
25,-11,5,-110,50,120.83,0.4537,793.01,151.56
25,-11,6,-110,60,125.3,0.4535,782.63,150.66
25,-11,7,-110,70,130.38,0.4619,774.86,152.91
25,-11,8,-110,80,136.01,0.4517,762.59,155.78
25,-10,-9,-100,-90,134.54,0.473,780.61,159.48
25,-10,-8,-100,-80,128.06,0.4647,780.9,158.09
25,-10,-7,-100,-70,122.07,0.4515,793.59,153.33
25,-10,-6,-100,-60,116.62,0.4368,786.87,157.3
25,-10,-5,-100,-50,111.8,0.4506,785.6,153.2
25,-10,-4,-100,-40,107.7,0.4353,806.85,150.01
25,-10,-3,-100,-30,104.4,0.444,809.97,152.23
25,-10,-2,-100,-20,101.98,0.4637,802.9,151.23
25,-10,-1,-100,-10,100.5,0.4533,795.66,147.79
25,-10,0,-100,0,100.0,0.4567,796.04,153.22
25,-10,1,-100,10,100.5,0.4461,785.14,150.96
25,-10,2,-100,20,101.98,0.4522,800.45,150.36
25,-10,3,-100,30,104.4,0.4615,769.67,149.26
25,-10,4,-100,40,107.7,0.454,796.5,150.41
25,-10,5,-100,50,111.8,0.4467,751.63,153.98
25,-10,6,-100,60,116.62,0.4573,804.73,146.05
25,-10,7,-100,70,122.07,0.45,785.23,148.18
25,-10,8,-100,80,128.06,0.4573,797.87,151.03
25,-10,9,-100,90,134.54,0.4728,768.5,156.78
25,-9,-10,-90,-100,134.54,0.4565,801.01,155.49
25,-9,-9,-90,-90,127.28,0.4635,770.49,151.37
25,-9,-8,-90,-80,120.42,0.4606,797.84,149.6
25,-9,-7,-90,-70,114.02,0.4653,794.86,153.37
25,-9,-6,-90,-60,108.17,0.4561,774.83,155.86
25,-9,-5,-90,-50,102.96,0.4638,792.32,156.75
25,-9,-4,-90,-40,98.49,0.4524,801.36,149.95
25,-9,-3,-90,-30,94.87,0.4492,828.19,152.88
25,-9,-2,-90,-20,92.2,0.4513,792.68,148.83
25,-9,-1,-90,-10,90.55,0.4484,784.72,150.81
25,-9,0,-90,0,90.0,0.4619,818.73,144.38
25,-9,1,-90,10,90.55,0.4509,767.03,152.71
25,-9,2,-90,20,92.2,0.4497,830.89,151.53
25,-9,3,-90,30,94.87,0.4429,778.36,150.53
25,-9,4,-90,40,98.49,0.4534,792.04,149.94
25,-9,5,-90,50,102.96,0.446,799.85,149.47
25,-9,6,-90,60,108.17,0.4491,777.36,156.37
25,-9,7,-90,70,114.02,0.4481,803.17,151.08
25,-9,8,-90,80,120.42,0.4599,788.26,151.02
25,-9,9,-90,90,127.28,0.4583,769.96,158.59
25,-9,10,-90,100,134.54,0.4606,789.95,156.61
25,-8,-11,-80,-110,136.01,0.4676,787.22,151.04
25,-8,-10,-80,-100,128.06,0.4466,757.02,150.49
25,-8,-9,-80,-90,120.42,0.4611,828.64,158.15
25,-8,-8,-80,-80,113.14,0.4662,776.24,154.84
25,-8,-7,-80,-70,106.3,0.4539,775.16,156.22
25,-8,-6,-80,-60,100.0,0.447,824.61,152.54
25,-8,-5,-80,-50,94.34,0.4462,778.64,151.2
25,-8,-4,-80,-40,89.44,0.4598,801.71,153.2
25,-8,-3,-80,-30,85.44,0.4499,792.92,149.18
25,-8,-2,-80,-20,82.46,0.4537,793.23,148.41
25,-8,-1,-80,-10,80.62,0.4381,802.63,148.64
25,-8,0,-80,0,80.0,0.4393,793.62,150.18
25,-8,1,-80,10,80.62,0.4529,809.27,150.45
25,-8,2,-80,20,82.46,0.4434,805.95,147.63
25,-8,3,-80,30,85.44,0.4452,789.55,148.6
25,-8,4,-80,40,89.44,0.4569,807.48,152.06
25,-8,5,-80,50,94.34,0.4597,782.78,150.37
25,-8,6,-80,60,100.0,0.4502,802.79,151.55
25,-8,7,-80,70,106.3,0.4406,814.28,149.49
25,-8,8,-80,80,113.14,0.4564,799.07,151.65
25,-8,9,-80,90,120.42,0.4482,791.07,152.43
25,-8,10,-80,100,128.06,0.4599,781.21,155.53
25,-8,11,-80,110,136.01,0.4765,806.18,156.97
25,-7,-11,-70,-110,130.38,0.4666,760.12,154.25
25,-7,-10,-70,-100,122.07,0.4616,756.97,158.46
25,-7,-9,-70,-90,114.02,0.4545,779.36,148.71
25,-7,-8,-70,-80,106.3,0.4549,801.95,155.1
25,-7,-7,-70,-70,98.99,0.4442,797.45,150.05
25,-7,-6,-70,-60,92.2,0.4466,788.57,156.09
25,-7,-5,-70,-50,86.02,0.457,801.49,151.3
25,-7,-4,-70,-40,80.62,0.4578,789.52,147.21
25,-7,-3,-70,-30,76.16,0.4478,814.12,156.68
25,-7,-2,-70,-20,72.8,0.4484,783.31,150.82
25,-7,-1,-70,-10,70.71,0.4491,818.19,150.33
25,-7,0,-70,0,70.0,0.454,793.89,150.64
25,-7,1,-70,10,70.71,0.4399,795.38,147.8
25,-7,2,-70,20,72.8,0.4519,796.27,146.26
25,-7,3,-70,30,76.16,0.4536,805.78,152.88
25,-7,4,-70,40,80.62,0.4482,792.19,147.62
25,-7,5,-70,50,86.02,0.4531,806.04,148.51
25,-7,6,-70,60,92.2,0.4487,804.46,150.13
25,-7,7,-70,70,98.99,0.4516,819.42,146.75
25,-7,8,-70,80,106.3,0.4502,818.25,151.9
25,-7,9,-70,90,114.02,0.4484,796.9,152.75
25,-7,10,-70,100,122.07,0.4656,800.36,150.7
25,-7,11,-70,110,130.38,0.4621,791.88,151.49
25,-6,-12,-60,-120,134.16,0.4632,755.87,154.89
25,-6,-11,-60,-110,125.3,0.4608,779.82,155.73
25,-6,-10,-60,-100,116.62,0.4642,776.65,155.38
25,-6,-9,-60,-90,108.17,0.4539,783.16,155.06
25,-6,-8,-60,-80,100.0,0.4522,782.61,148.62
25,-6,-7,-60,-70,92.2,0.451,806.36,153.35
25,-6,-6,-60,-60,84.85,0.4532,782.14,148.31
25,-6,-5,-60,-50,78.1,0.4679,828.96,150.76
25,-6,-4,-60,-40,72.11,0.456,806.65,154.06
25,-6,-3,-60,-30,67.08,0.4555,803.11,154.02
25,-6,-2,-60,-20,63.25,0.4534,794.2,152.33
25,-6,-1,-60,-10,60.83,0.4559,793.33,153.85
25,-6,0,-60,0,60.0,0.4549,799.57,151.27
25,-6,1,-60,10,60.83,0.4595,801.88,149.16
25,-6,2,-60,20,63.25,0.4432,766.44,148.15
25,-6,3,-60,30,67.08,0.4458,827.84,145.19
25,-6,4,-60,40,72.11,0.4481,777.99,148.5
25,-6,5,-60,50,78.1,0.4707,772.66,149.17
25,-6,6,-60,60,84.85,0.4367,804.91,152.96
25,-6,7,-60,70,92.2,0.4369,813.35,154.26
25,-6,8,-60,80,100.0,0.4593,802.6,146.5
25,-6,9,-60,90,108.17,0.4669,791.17,149.66
25,-6,10,-60,100,116.62,0.4626,787.98,149.69
25,-6,11,-60,110,125.3,0.4563,784.26,157.25
25,-6,12,-60,120,134.16,0.4645,797.94,152.98
25,-5,-12,-50,-120,130.0,0.4538,799.03,153.01
25,-5,-11,-50,-110,120.83,0.4565,804.3,149.98
25,-5,-10,-50,-100,111.8,0.4573,791.3,152.73
25,-5,-9,-50,-90,102.96,0.4578,827.36,145.56
25,-5,-8,-50,-80,94.34,0.4459,801.27,149.8
25,-5,-7,-50,-70,86.02,0.4456,772.2,148.13
25,-5,-6,-50,-60,78.1,0.4525,813.12,149.67
25,-5,-5,-50,-50,70.71,0.4529,800.04,151.17
25,-5,-4,-50,-40,64.03,0.44,808.09,148.3
25,-5,-3,-50,-30,58.31,0.4459,798.79,149.44
25,-5,-2,-50,-20,53.85,0.4451,816.63,150.79
25,-5,-1,-50,-10,50.99,0.4455,793.22,150.08
25,-5,0,-50,0,50.0,0.4469,787.15,150.19
25,-5,1,-50,10,50.99,0.4497,797.78,154.11
25,-5,2,-50,20,53.85,0.4498,786.24,151.34
25,-5,3,-50,30,58.31,0.4401,819.94,149.32
25,-5,4,-50,40,64.03,0.4443,795.33,151.16
25,-5,5,-50,50,70.71,0.4325,798.15,151.27
25,-5,6,-50,60,78.1,0.4603,778.55,144.02
25,-5,7,-50,70,86.02,0.448,805.97,148.13
25,-5,8,-50,80,94.34,0.4501,803.07,152.63
25,-5,9,-50,90,102.96,0.4588,781.18,148.73
25,-5,10,-50,100,111.8,0.4426,812.59,149.29
25,-5,11,-50,110,120.83,0.4549,780.31,155.61
25,-5,12,-50,120,130.0,0.4535,806.17,149.38
25,-4,-13,-40,-130,136.01,0.4496,769.0,160.83
25,-4,-12,-40,-120,126.49,0.4444,791.54,153.13
25,-4,-11,-40,-110,117.05,0.4563,817.56,150.38
25,-4,-10,-40,-100,107.7,0.4567,795.31,149.64
25,-4,-9,-40,-90,98.49,0.446,803.06,149.43
25,-4,-8,-40,-80,89.44,0.4472,785.05,148.2
25,-4,-7,-40,-70,80.62,0.454,791.83,151.54
25,-4,-6,-40,-60,72.11,0.4564,808.8,153.48
25,-4,-5,-40,-50,64.03,0.4579,813.28,149.21
25,-4,-4,-40,-40,56.57,0.433,780.6,149.45
25,-4,-3,-40,-30,50.0,0.4536,814.71,148.04
25,-4,-2,-40,-20,44.72,0.4555,800.52,150.55
25,-4,-1,-40,-10,41.23,0.4548,813.57,147.98
25,-4,0,-40,0,40.0,0.4472,827.26,144.7
25,-4,1,-40,10,41.23,0.4614,791.92,150.93
25,-4,2,-40,20,44.72,0.4581,828.04,149.65
25,-4,3,-40,30,50.0,0.4653,781.74,146.03
25,-4,4,-40,40,56.57,0.4505,777.77,148.1
25,-4,5,-40,50,64.03,0.445,807.59,150.53
25,-4,6,-40,60,72.11,0.4482,810.36,149.29
25,-4,7,-40,70,80.62,0.464,800.96,154.37
25,-4,8,-40,80,89.44,0.4522,808.06,140.71
25,-4,9,-40,90,98.49,0.4466,801.64,148.86
25,-4,10,-40,100,107.7,0.4566,770.79,149.26
25,-4,11,-40,110,117.05,0.4444,790.25,154.52
25,-4,12,-40,120,126.49,0.4716,806.82,155.81
25,-4,13,-40,130,136.01,0.4662,758.46,160.58
25,-3,-13,-30,-130,133.42,0.4683,785.01,154.81
25,-3,-12,-30,-120,123.69,0.4689,769.16,151.72
25,-3,-11,-30,-110,114.02,0.4372,774.37,157.45
25,-3,-10,-30,-100,104.4,0.4536,783.84,151.05
25,-3,-9,-30,-90,94.87,0.4586,801.76,152.86
25,-3,-8,-30,-80,85.44,0.4403,816.86,155.47
25,-3,-7,-30,-70,76.16,0.4389,809.92,152.69
25,-3,-6,-30,-60,67.08,0.4533,802.16,146.19
25,-3,-5,-30,-50,58.31,0.4477,802.03,157.58
25,-3,-4,-30,-40,50.0,0.4405,818.21,151.71
25,-3,-3,-30,-30,42.43,0.4352,810.93,149.14
25,-3,-2,-30,-20,36.06,0.46,799.03,153.09
25,-3,-1,-30,-10,31.62,0.4417,803.49,150.88
25,-3,0,-30,0,30.0,0.4447,796.55,148.91
25,-3,1,-30,10,31.62,0.4581,796.95,150.12
25,-3,2,-30,20,36.06,0.4589,808.0,150.51
25,-3,3,-30,30,42.43,0.4425,799.23,151.58
25,-3,4,-30,40,50.0,0.4638,765.44,148.83
25,-3,5,-30,50,58.31,0.4456,788.44,144.84
25,-3,6,-30,60,67.08,0.4574,810.62,151.91
25,-3,7,-30,70,76.16,0.4482,792.1,147.11
25,-3,8,-30,80,85.44,0.4533,787.07,152.08
25,-3,9,-30,90,94.87,0.4419,822.31,150.04
25,-3,10,-30,100,104.4,0.4489,788.62,154.53
25,-3,11,-30,110,114.02,0.4584,822.97,155.07
25,-3,12,-30,120,123.69,0.4517,785.95,153.4
25,-3,13,-30,130,133.42,0.464,801.48,153.32
25,-2,-13,-20,-130,131.53,0.4549,792.14,155.54
25,-2,-12,-20,-120,121.66,0.453,761.35,158.71
25,-2,-11,-20,-110,111.8,0.4657,780.76,151.16
25,-2,-10,-20,-100,101.98,0.4516,806.45,149.91
25,-2,-9,-20,-90,92.2,0.4469,798.03,147.43
25,-2,-8,-20,-80,82.46,0.4576,809.26,147.03
25,-2,-7,-20,-70,72.8,0.4527,790.41,150.42
25,-2,-6,-20,-60,63.25,0.434,796.41,153.92
25,-2,-5,-20,-50,53.85,0.4415,794.66,153.77
25,-2,-4,-20,-40,44.72,0.4637,811.49,154.67
25,-2,-3,-20,-30,36.06,0.4594,774.37,151.69
25,-2,-2,-20,-20,28.28,0.4519,784.49,144.89
25,-2,-1,-20,-10,22.36,0.4566,798.24,150.41
25,-2,0,-20,0,20.0,0.455,825.71,148.08
25,-2,1,-20,10,22.36,0.4472,795.2,148.02
25,-2,2,-20,20,28.28,0.4648,814.69,151.96
25,-2,3,-20,30,36.06,0.4546,798.45,143.08
25,-2,4,-20,40,44.72,0.4672,795.56,152.6
25,-2,5,-20,50,53.85,0.4582,798.21,156.49
25,-2,6,-20,60,63.25,0.459,789.76,152.81
25,-2,7,-20,70,72.8,0.4597,800.08,152.06
25,-2,8,-20,80,82.46,0.4488,793.53,150.52
25,-2,9,-20,90,92.2,0.4515,796.62,144.04
25,-2,10,-20,100,101.98,0.4646,817.21,148.36
25,-2,11,-20,110,111.8,0.4523,778.99,146.96
25,-2,12,-20,120,121.66,0.4498,790.44,153.91
25,-2,13,-20,130,131.53,0.4542,778.69,154.92
25,-1,-13,-10,-130,130.38,0.4563,791.06,151.05
25,-1,-12,-10,-120,120.42,0.4737,780.22,151.62
25,-1,-11,-10,-110,110.45,0.4457,763.52,152.69
25,-1,-10,-10,-100,100.5,0.4418,801.32,148.98
25,-1,-9,-10,-90,90.55,0.4598,799.54,145.56
25,-1,-8,-10,-80,80.62,0.4511,837.63,149.42
25,-1,-7,-10,-70,70.71,0.446,809.38,148.2
25,-1,-6,-10,-60,60.83,0.4506,802.94,146.98
25,-1,-5,-10,-50,50.99,0.4567,816.76,147.71
25,-1,-4,-10,-40,41.23,0.4561,812.89,149.97
25,-1,-3,-10,-30,31.62,0.462,824.64,148.3
25,-1,-2,-10,-20,22.36,0.4538,807.97,152.69
25,-1,-1,-10,-10,14.14,0.4543,814.3,151.03
25,-1,0,-10,0,10.0,0.469,800.6,147.31
25,-1,1,-10,10,14.14,0.4571,796.12,148.56
25,-1,2,-10,20,22.36,0.45,806.29,148.14
25,-1,3,-10,30,31.62,0.4562,793.34,152.5
25,-1,4,-10,40,41.23,0.4505,806.35,146.62
25,-1,5,-10,50,50.99,0.4375,807.97,156.1
25,-1,6,-10,60,60.83,0.4445,827.71,151.51
25,-1,7,-10,70,70.71,0.4466,795.73,151.51
25,-1,8,-10,80,80.62,0.4625,808.16,150.06
25,-1,9,-10,90,90.55,0.4534,785.37,148.32
25,-1,10,-10,100,100.5,0.4544,801.41,150.65
25,-1,11,-10,110,110.45,0.4558,791.5,148.18
25,-1,12,-10,120,120.42,0.4503,798.6,157.58
25,-1,13,-10,130,130.38,0.4649,770.06,157.01
25,0,-13,0,-130,130.0,0.4616,794.79,154.16
25,0,-12,0,-120,120.0,0.466,801.62,148.73
25,0,-11,0,-110,110.0,0.4609,796.28,151.14
25,0,-10,0,-100,100.0,0.4567,805.34,148.94
25,0,-9,0,-90,90.0,0.4536,778.16,152.86
25,0,-8,0,-80,80.0,0.4535,807.72,148.65
25,0,-7,0,-70,70.0,0.4749,816.39,149.5
25,0,-6,0,-60,60.0,0.4549,808.53,151.3
25,0,-5,0,-50,50.0,0.4238,804.71,153.14
25,0,-4,0,-40,40.0,0.4463,777.41,148.49
25,0,-3,0,-30,30.0,0.4511,826.72,150.7
25,0,-2,0,-20,20.0,0.4456,816.38,149.17
25,0,-1,0,-10,10.0,0.4393,788.83,151.96
25,0,0,0,0,0.0,0.4435,815.3,155.63
25,0,1,0,10,10.0,0.4614,793.03,146.42
25,0,2,0,20,20.0,0.4326,794.15,143.83
25,0,3,0,30,30.0,0.4531,823.61,151.1
25,0,4,0,40,40.0,0.4461,819.43,148.33
25,0,5,0,50,50.0,0.4473,797.94,147.46
25,0,6,0,60,60.0,0.4497,816.46,150.14
25,0,7,0,70,70.0,0.4392,802.31,151.39
25,0,8,0,80,80.0,0.4473,798.09,153.6
25,0,9,0,90,90.0,0.4477,805.22,150.88
25,0,10,0,100,100.0,0.4388,780.81,150.28
25,0,11,0,110,110.0,0.4592,819.91,146.71
25,0,12,0,120,120.0,0.4455,788.09,154.26
25,0,13,0,130,130.0,0.4536,788.89,156.39
25,1,-13,10,-130,130.38,0.4677,816.82,152.02
25,1,-12,10,-120,120.42,0.4384,778.58,155.55
25,1,-11,10,-110,110.45,0.4631,769.52,155.92
25,1,-10,10,-100,100.5,0.4388,792.53,152.25
25,1,-9,10,-90,90.55,0.4469,807.78,148.88
25,1,-8,10,-80,80.62,0.4514,780.43,154.75
25,1,-7,10,-70,70.71,0.4488,795.27,151.49
25,1,-6,10,-60,60.83,0.4395,797.21,146.33
25,1,-5,10,-50,50.99,0.4439,799.0,151.46
25,1,-4,10,-40,41.23,0.4459,795.51,152.2
25,1,-3,10,-30,31.62,0.4478,788.98,151.28
25,1,-2,10,-20,22.36,0.4502,798.44,153.47
25,1,-1,10,-10,14.14,0.4465,810.11,143.32
25,1,0,10,0,10.0,0.4476,800.83,149.54
25,1,1,10,10,14.14,0.4441,777.07,148.2
25,1,2,10,20,22.36,0.4459,802.95,153.0
25,1,3,10,30,31.62,0.4413,804.74,148.23
25,1,4,10,40,41.23,0.4555,814.92,152.0
25,1,5,10,50,50.99,0.4542,766.7,148.5
25,1,6,10,60,60.83,0.4572,827.08,152.63
25,1,7,10,70,70.71,0.4547,801.38,148.65
25,1,8,10,80,80.62,0.4621,807.88,149.39
25,1,9,10,90,90.55,0.4524,803.99,151.41
25,1,10,10,100,100.5,0.4575,779.69,147.08
25,1,11,10,110,110.45,0.4636,782.82,150.8
25,1,12,10,120,120.42,0.4606,789.38,152.96
25,1,13,10,130,130.38,0.4565,808.44,155.95
25,2,-13,20,-130,131.53,0.462,819.29,152.15
25,2,-12,20,-120,121.66,0.4618,791.23,153.82
25,2,-11,20,-110,111.8,0.4568,834.85,152.75
25,2,-10,20,-100,101.98,0.4555,784.38,149.5
25,2,-9,20,-90,92.2,0.4541,795.45,152.2
25,2,-8,20,-80,82.46,0.4486,790.28,144.99
25,2,-7,20,-70,72.8,0.4604,795.34,149.33
25,2,-6,20,-60,63.25,0.4569,791.07,154.97
25,2,-5,20,-50,53.85,0.4535,818.04,152.77
25,2,-4,20,-40,44.72,0.4563,792.91,146.82
25,2,-3,20,-30,36.06,0.4578,776.79,146.15
25,2,-2,20,-20,28.28,0.448,795.96,146.31
25,2,-1,20,-10,22.36,0.4485,798.37,148.88
25,2,0,20,0,20.0,0.4514,764.97,152.65
25,2,1,20,10,22.36,0.4642,797.28,150.24
25,2,2,20,20,28.28,0.4476,807.65,152.51
25,2,3,20,30,36.06,0.4409,792.83,147.34
25,2,4,20,40,44.72,0.4611,799.93,149.09
25,2,5,20,50,53.85,0.4552,794.33,148.08
25,2,6,20,60,63.25,0.4374,819.09,151.2
25,2,7,20,70,72.8,0.4463,834.26,151.76
25,2,8,20,80,82.46,0.4442,828.68,149.52
25,2,9,20,90,92.2,0.4473,799.15,151.51
25,2,10,20,100,101.98,0.4486,824.41,150.02
25,2,11,20,110,111.8,0.4514,776.88,151.94
25,2,12,20,120,121.66,0.4418,773.06,153.73
25,2,13,20,130,131.53,0.4629,786.71,153.74
25,3,-13,30,-130,133.42,0.4568,734.9,154.43
25,3,-12,30,-120,123.69,0.4436,768.89,153.99
25,3,-11,30,-110,114.02,0.4586,800.66,149.97
25,3,-10,30,-100,104.4,0.45,798.21,151.21
25,3,-9,30,-90,94.87,0.4505,784.05,148.57
25,3,-8,30,-80,85.44,0.4529,809.77,150.73
25,3,-7,30,-70,76.16,0.4519,830.58,154.14
25,3,-6,30,-60,67.08,0.4464,829.01,152.59
25,3,-5,30,-50,58.31,0.4634,810.27,147.91
25,3,-4,30,-40,50.0,0.455,793.66,152.48
25,3,-3,30,-30,42.43,0.4382,805.64,151.17
25,3,-2,30,-20,36.06,0.459,814.43,148.78
25,3,-1,30,-10,31.62,0.4457,790.33,149.23
25,3,0,30,0,30.0,0.4483,814.52,144.26
25,3,1,30,10,31.62,0.4382,778.88,149.63
25,3,2,30,20,36.06,0.4547,805.32,147.1
25,3,3,30,30,42.43,0.4575,816.94,152.27
25,3,4,30,40,50.0,0.4463,799.85,153.03
25,3,5,30,50,58.31,0.4497,802.1,151.16
25,3,6,30,60,67.08,0.4485,792.68,151.26
25,3,7,30,70,76.16,0.4556,781.28,149.9
25,3,8,30,80,85.44,0.4428,799.46,153.97
25,3,9,30,90,94.87,0.4548,796.76,156.55
25,3,10,30,100,104.4,0.4389,788.21,151.41
25,3,11,30,110,114.02,0.4472,770.81,154.86
25,3,12,30,120,123.69,0.4713,777.98,159.76
25,3,13,30,130,133.42,0.4433,783.05,150.9
25,4,-13,40,-130,136.01,0.4634,780.66,154.4
25,4,-12,40,-120,126.49,0.4494,787.51,153.31
25,4,-11,40,-110,117.05,0.4579,768.86,156.23
25,4,-10,40,-100,107.7,0.4476,800.55,152.75
25,4,-9,40,-90,98.49,0.4553,781.93,144.61
25,4,-8,40,-80,89.44,0.4636,817.19,155.18
25,4,-7,40,-70,80.62,0.4502,812.74,147.12
25,4,-6,40,-60,72.11,0.4528,800.2,150.86
25,4,-5,40,-50,64.03,0.4497,815.2,147.17
25,4,-4,40,-40,56.57,0.4467,800.61,152.34
25,4,-3,40,-30,50.0,0.4543,819.44,155.17
25,4,-2,40,-20,44.72,0.4556,803.75,146.57
25,4,-1,40,-10,41.23,0.4376,778.18,146.91
25,4,0,40,0,40.0,0.455,779.02,154.12
25,4,1,40,10,41.23,0.4502,782.59,154.69
25,4,2,40,20,44.72,0.4604,814.19,150.31
25,4,3,40,30,50.0,0.4549,773.5,148.02
25,4,4,40,40,56.57,0.4452,773.41,149.56
25,4,5,40,50,64.03,0.4522,786.6,149.33
25,4,6,40,60,72.11,0.4459,781.06,151.69
25,4,7,40,70,80.62,0.4576,812.18,149.98
25,4,8,40,80,89.44,0.4423,794.5,152.57
25,4,9,40,90,98.49,0.4539,781.21,150.91
25,4,10,40,100,107.7,0.453,789.97,151.27
25,4,11,40,110,117.05,0.4494,805.11,152.87
25,4,12,40,120,126.49,0.4679,764.97,153.5
25,4,13,40,130,136.01,0.4777,769.81,157.85
25,5,-12,50,-120,130.0,0.4622,799.7,152.3
25,5,-11,50,-110,120.83,0.4681,797.22,149.7
25,5,-10,50,-100,111.8,0.4612,810.45,155.45
25,5,-9,50,-90,102.96,0.4417,800.1,157.56
25,5,-8,50,-80,94.34,0.4532,769.95,152.12
25,5,-7,50,-70,86.02,0.4576,820.82,148.22
25,5,-6,50,-60,78.1,0.4394,817.7,149.71
25,5,-5,50,-50,70.71,0.4483,786.84,150.83
25,5,-4,50,-40,64.03,0.4449,775.63,147.84
25,5,-3,50,-30,58.31,0.4445,774.92,149.31
25,5,-2,50,-20,53.85,0.4412,795.96,151.37
25,5,-1,50,-10,50.99,0.4548,776.77,152.85
25,5,0,50,0,50.0,0.4636,807.52,154.84
25,5,1,50,10,50.99,0.4534,799.28,148.49
25,5,2,50,20,53.85,0.4557,780.3,151.87
25,5,3,50,30,58.31,0.463,807.46,144.36
25,5,4,50,40,64.03,0.4474,813.35,148.82
25,5,5,50,50,70.71,0.4555,778.61,144.03
25,5,6,50,60,78.1,0.4502,767.39,153.64
25,5,7,50,70,86.02,0.4439,805.25,153.83
25,5,8,50,80,94.34,0.4507,786.86,148.26
25,5,9,50,90,102.96,0.4543,783.75,150.35
25,5,10,50,100,111.8,0.4549,787.39,145.47
25,5,11,50,110,120.83,0.4597,797.12,149.78
25,5,12,50,120,130.0,0.4636,775.93,148.54
25,6,-12,60,-120,134.16,0.4583,754.01,154.96
25,6,-11,60,-110,125.3,0.465,828.72,157.28
25,6,-10,60,-100,116.62,0.4657,764.64,152.98
25,6,-9,60,-90,108.17,0.4571,787.28,146.8
25,6,-8,60,-80,100.0,0.4549,770.3,149.61
25,6,-7,60,-70,92.2,0.4544,804.64,151.05
25,6,-6,60,-60,84.85,0.4483,788.91,148.47
25,6,-5,60,-50,78.1,0.4286,783.16,152.36
25,6,-4,60,-40,72.11,0.4494,818.09,148.87
25,6,-3,60,-30,67.08,0.4662,797.42,153.9
25,6,-2,60,-20,63.25,0.4571,807.54,154.06
25,6,-1,60,-10,60.83,0.4603,796.94,149.53
25,6,0,60,0,60.0,0.4537,824.51,151.69
25,6,1,60,10,60.83,0.4627,805.6,148.0
25,6,2,60,20,63.25,0.4388,809.54,148.38
25,6,3,60,30,67.08,0.4559,803.01,148.66
25,6,4,60,40,72.11,0.4425,792.76,146.74
25,6,5,60,50,78.1,0.4424,761.66,143.24
25,6,6,60,60,84.85,0.4511,830.28,150.72
25,6,7,60,70,92.2,0.4517,817.41,150.74
25,6,8,60,80,100.0,0.4526,777.37,150.56
25,6,9,60,90,108.17,0.4486,792.91,149.69
25,6,10,60,100,116.62,0.4519,787.9,152.57
25,6,11,60,110,125.3,0.4515,782.15,152.82
25,6,12,60,120,134.16,0.464,798.3,157.55
25,7,-11,70,-110,130.38,0.4699,794.47,162.26
25,7,-10,70,-100,122.07,0.4592,772.99,158.18
25,7,-9,70,-90,114.02,0.4564,817.83,151.32
25,7,-8,70,-80,106.3,0.4655,832.11,146.81
25,7,-7,70,-70,98.99,0.4443,809.84,153.5
25,7,-6,70,-60,92.2,0.4512,802.65,147.91
25,7,-5,70,-50,86.02,0.4599,818.71,152.09
25,7,-4,70,-40,80.62,0.4391,803.56,149.65
25,7,-3,70,-30,76.16,0.4495,776.39,148.34
25,7,-2,70,-20,72.8,0.4514,802.39,149.81
25,7,-1,70,-10,70.71,0.4457,802.15,147.2
25,7,0,70,0,70.0,0.4536,808.05,147.6
25,7,1,70,10,70.71,0.4571,788.93,150.64
25,7,2,70,20,72.8,0.4567,799.51,148.42
25,7,3,70,30,76.16,0.4501,810.9,151.16
25,7,4,70,40,80.62,0.4464,794.03,149.93
25,7,5,70,50,86.02,0.457,805.42,149.47
25,7,6,70,60,92.2,0.4474,779.76,156.98
25,7,7,70,70,98.99,0.4487,788.42,154.53
25,7,8,70,80,106.3,0.4493,800.31,150.72
25,7,9,70,90,114.02,0.4529,800.01,152.98
25,7,10,70,100,122.07,0.45,784.61,154.74
25,7,11,70,110,130.38,0.4651,780.53,151.03
25,8,-11,80,-110,136.01,0.4739,790.42,162.5
25,8,-10,80,-100,128.06,0.4608,793.88,154.44
25,8,-9,80,-90,120.42,0.4456,793.33,147.0
25,8,-8,80,-80,113.14,0.4485,797.16,151.66
25,8,-7,80,-70,106.3,0.43,798.77,147.64
25,8,-6,80,-60,100.0,0.4568,796.68,154.24
25,8,-5,80,-50,94.34,0.4377,771.95,153.65
25,8,-4,80,-40,89.44,0.4604,838.13,151.07
25,8,-3,80,-30,85.44,0.4522,804.85,152.31
25,8,-2,80,-20,82.46,0.4503,771.52,148.82
25,8,-1,80,-10,80.62,0.4464,791.58,152.33
25,8,0,80,0,80.0,0.4643,799.02,146.71
25,8,1,80,10,80.62,0.4476,783.37,149.78
25,8,2,80,20,82.46,0.437,793.73,152.25
25,8,3,80,30,85.44,0.45,807.1,151.55
25,8,4,80,40,89.44,0.4421,799.04,153.45
25,8,5,80,50,94.34,0.4524,804.81,149.52
25,8,6,80,60,100.0,0.4442,795.85,151.41
25,8,7,80,70,106.3,0.4527,793.05,150.76
25,8,8,80,80,113.14,0.4601,789.9,148.95
25,8,9,80,90,120.42,0.4531,804.19,153.08
25,8,10,80,100,128.06,0.4514,790.1,151.16
25,8,11,80,110,136.01,0.4641,795.0,152.46
25,9,-10,90,-100,134.54,0.4543,787.16,154.12
25,9,-9,90,-90,127.28,0.4611,801.98,151.49
25,9,-8,90,-80,120.42,0.4596,792.19,148.58
25,9,-7,90,-70,114.02,0.4604,799.17,151.26
25,9,-6,90,-60,108.17,0.4611,767.1,149.77
25,9,-5,90,-50,102.96,0.4573,787.42,147.97
25,9,-4,90,-40,98.49,0.454,784.4,152.37
25,9,-3,90,-30,94.87,0.4578,796.26,149.81
25,9,-2,90,-20,92.2,0.4454,799.1,149.0
25,9,-1,90,-10,90.55,0.4601,819.93,149.78
25,9,0,90,0,90.0,0.457,807.17,147.45
25,9,1,90,10,90.55,0.4409,793.95,147.56
25,9,2,90,20,92.2,0.4524,807.13,148.07
25,9,3,90,30,94.87,0.4573,823.81,148.86
25,9,4,90,40,98.49,0.4543,805.92,150.58
25,9,5,90,50,102.96,0.4649,807.66,153.02
25,9,6,90,60,108.17,0.4501,808.88,150.41
25,9,7,90,70,114.02,0.4606,768.23,153.81
25,9,8,90,80,120.42,0.4626,793.31,145.64
25,9,9,90,90,127.28,0.4672,802.73,149.82
25,9,10,90,100,134.54,0.4706,764.05,152.64
25,10,-9,100,-90,134.54,0.4613,795.3,156.21
25,10,-8,100,-80,128.06,0.4599,781.25,154.8
25,10,-7,100,-70,122.07,0.4589,802.89,150.13
25,10,-6,100,-60,116.62,0.4711,804.52,146.38
25,10,-5,100,-50,111.8,0.4558,775.22,151.28
25,10,-4,100,-40,107.7,0.4345,774.55,151.02
25,10,-3,100,-30,104.4,0.4483,811.99,149.71
25,10,-2,100,-20,101.98,0.4554,815.97,146.64
25,10,-1,100,-10,100.5,0.4426,787.97,150.43
25,10,0,100,0,100.0,0.4569,776.42,146.9
25,10,1,100,10,100.5,0.4519,775.77,148.58
25,10,2,100,20,101.98,0.4456,791.63,155.41
25,10,3,100,30,104.4,0.4468,781.75,149.12
25,10,4,100,40,107.7,0.4475,804.57,152.53
25,10,5,100,50,111.8,0.449,791.16,149.55
25,10,6,100,60,116.62,0.4573,807.29,155.23
25,10,7,100,70,122.07,0.4614,779.45,150.59
25,10,8,100,80,128.06,0.4489,783.06,151.47
25,10,9,100,90,134.54,0.4708,759.57,156.69
25,11,-8,110,-80,136.01,0.4521,764.22,152.37
25,11,-7,110,-70,130.38,0.4543,799.56,153.64
25,11,-6,110,-60,125.3,0.4684,787.18,150.76
25,11,-5,110,-50,120.83,0.4463,783.22,150.7
25,11,-4,110,-40,117.05,0.4601,805.7,156.32
25,11,-3,110,-30,114.02,0.4588,777.93,153.84
25,11,-2,110,-20,111.8,0.4599,780.95,152.22
25,11,-1,110,-10,110.45,0.4498,780.97,154.34
25,11,0,110,0,110.0,0.4549,809.22,150.93
25,11,1,110,10,110.45,0.4491,765.61,156.59
25,11,2,110,20,111.8,0.4631,780.63,144.76
25,11,3,110,30,114.02,0.4635,797.35,154.3
25,11,4,110,40,117.05,0.4401,771.74,152.47
25,11,5,110,50,120.83,0.4521,781.32,146.58
25,11,6,110,60,125.3,0.4557,789.4,155.15
25,11,7,110,70,130.38,0.4644,776.71,156.23
25,11,8,110,80,136.01,0.4603,808.15,155.75
25,12,-6,120,-60,134.16,0.4623,781.23,151.81
25,12,-5,120,-50,130.0,0.4671,771.91,156.96
25,12,-4,120,-40,126.49,0.4613,773.45,154.53
25,12,-3,120,-30,123.69,0.4532,775.93,153.49
25,12,-2,120,-20,121.66,0.4602,781.62,151.26
25,12,-1,120,-10,120.42,0.4542,797.78,154.48
25,12,0,120,0,120.0,0.4616,779.52,158.87
25,12,1,120,10,120.42,0.4392,775.2,154.05
25,12,2,120,20,121.66,0.4699,793.24,151.72
25,12,3,120,30,123.69,0.4679,779.82,150.48
25,12,4,120,40,126.49,0.466,807.44,148.57
25,12,5,120,50,130.0,0.4743,797.06,156.26
25,12,6,120,60,134.16,0.4697,790.58,155.76
25,13,-4,130,-40,136.01,0.4616,760.74,151.98
25,13,-3,130,-30,133.42,0.4646,782.72,151.99
25,13,-2,130,-20,131.53,0.4568,781.86,152.06
25,13,-1,130,-10,130.38,0.4552,795.45,150.77
25,13,0,130,0,130.0,0.4608,790.97,154.04
25,13,1,130,10,130.38,0.4582,807.01,156.46
25,13,2,130,20,131.53,0.4765,775.29,154.52
25,13,3,130,30,133.42,0.4706,810.57,157.36
25,13,4,130,40,136.01,0.4605,780.25,154.67
